Unnamed: 0.1,Unnamed: 0,Carbon concentration (weight%),Silicon concentration (weight%),Manganese concentration (weight%),Sulphur concentration (weight%),Phosphorus concentration (weight%),Nickel concentration (weight%),Chromium concentration (weight%),Molybdenum concentration (weight%),Vanadium concentration (weight%),Copper concentration (weight%),Cobalt concentration (weight%),Tungsten concentration (weight%),Oxygen concentration (ppm by weight),Titanium concentration (ppm by weight),Nitrogen concentration (ppm by weight),Aluminium concentration (ppm by weight),Boron concentration (ppm by weight),Niobium concentration (ppm by weight),Tin concentration (ppm by weight),Arsenic concentration (ppm by weight),Antimony concentration (ppm by weight),Current (A),Voltage (V),AC or DC,Electrode polarity (positive or negative),Heat input (kJmm-1),Interpass temperature (°C),Post weld heat treatment temperature (°C),Post weld heat treatment time (hours),Yield strength (MPa),Ultimate tensile strength (MPa),Elongation (%),Reduction of Area (%),Charpy temperature (°C),Charpy impact toughness (J),mech_count,weld_type_FCA,weld_type_GMAA,weld_type_GTAA,weld_type_MMA,weld_type_NGGMA,weld_type_NGSAW,weld_type_SA,weld_type_SAA,weld_type_ShMA,weld_type_TSA
0,0,0.04,0.3,0.65,0.01,0.01,0.0,0.0,0.0,0.0,0.0,0.0,0.0,0,0.0,0,0.0,0.0,0.0,0.0,0.0,0.0,170.0,21.0,1,1,1.0,200,250,14.0,392.0,466.0,31.9,80.6,,144.82321166992188,4,False,False,False,True,False,False,False,False,False,False
1,1,0.04,0.3,0.65,0.01,0.01,0.0,0.0,0.0,0.0,0.0,0.0,0.0,0,0.0,0,0.0,0.0,0.0,0.0,0.0,0.0,170.0,21.0,1,1,1.0,200,0,0.0,389.6217041015625,469.34149169921875,33.847198486328125,80.177001953125,245.15,100.0,0,False,False,False,True,False,False,False,False,False,False
2,2,0.04,0.3,0.65,0.01,0.01,0.0,0.0,0.0,0.0,0.0,0.0,0.0,0,0.0,0,0.0,0.0,0.0,0.0,0.0,0.0,170.0,21.0,1,1,1.0,200,580,2.0,370.0,456.0,35.2,80.6,235.15,100.0,4,False,False,False,True,False,False,False,False,False,False
3,3,0.04,0.31,1.03,0.01,0.01,0.0,0.0,0.0,0.0,0.0,0.0,0.0,0,0.0,0,0.0,0.0,0.0,0.0,0.0,0.0,170.0,21.0,1,1,1.0,200,250,14.0,413.0,498.0,31.2,80.6,,151.0963134765625,4,False,False,False,True,False,False,False,False,False,False
4,4,0.04,0.31,1.03,0.01,0.01,0.0,0.0,0.0,0.0,0.0,0.0,0.0,0,0.0,0,0.0,0.0,0.0,0.0,0.0,0.0,170.0,21.0,1,1,1.0,200,0,0.0,416.17681884765625,493.1879577636719,32.91132354736328,80.04510498046875,225.15,100.0,0,False,False,False,True,False,False,False,False,False,False
5,5,0.04,0.31,1.03,0.01,0.01,0.0,0.0,0.0,0.0,0.0,0.0,0.0,0,0.0,0,0.0,0.0,0.0,0.0,0.0,0.0,170.0,21.0,1,1,1.0,200,580,2.0,402.0,490.0,31.0,80.6,229.15,100.0,4,False,False,False,True,False,False,False,False,False,False
6,6,0.04,0.35,1.43,0.01,0.01,0.0,0.0,0.0,0.0,0.0,0.0,0.0,0,0.0,0,0.0,0.0,0.0,0.0,0.0,0.0,170.0,21.0,1,1,1.0,200,250,14.0,468.0,551.0,29.4,78.7,,136.80947875976562,4,False,False,False,True,False,False,False,False,False,False
7,7,0.04,0.35,1.43,0.01,0.01,0.0,0.0,0.0,0.0,0.0,0.0,0.0,0,0.0,0,0.0,0.0,0.0,0.0,0.0,0.0,170.0,21.0,1,1,1.0,200,0,0.0,456.88446044921875,536.173828125,31.148860931396484,79.21931457519531,220.15,100.0,0,False,False,False,True,False,False,False,False,False,False
8,8,0.04,0.35,1.43,0.01,0.01,0.0,0.0,0.0,0.0,0.0,0.0,0.0,0,0.0,0,0.0,0.0,0.0,0.0,0.0,0.0,170.0,21.0,1,1,1.0,200,580,2.0,436.0,529.0,31.6,78.8,215.15,100.0,4,False,False,False,True,False,False,False,False,False,False
9,9,0.04,0.33,1.85,0.01,0.02,0.0,0.0,0.0,0.0,0.0,0.0,0.0,0,0.0,0,0.0,0.0,0.0,0.0,0.0,0.0,170.0,21.0,1,1,1.0,200,250,14.0,514.0,588.0,28.0,76.8,,134.74246215820312,4,False,False,False,True,False,False,False,False,False,False
10,10,0.04,0.33,1.85,0.01,0.02,0.0,0.0,0.0,0.0,0.0,0.0,0.0,0,0.0,0,0.0,0.0,0.0,0.0,0.0,0.0,170.0,21.0,1,1,1.0,200,0,0.0,503.25384521484375,580.19384765625,27.995098114013672,76.69515228271484,235.15,100.0,0,False,False,False,True,False,False,False,False,False,False
11,11,0.04,0.33,1.85,0.01,0.02,0.0,0.0,0.0,0.0,0.0,0.0,0.0,0,0.0,0,0.0,0.0,0.0,0.0,0.0,0.0,170.0,21.0,1,1,1.0,200,580,2.0,479.0,576.0,27.4,76.9,233.15,100.0,4,False,False,False,True,False,False,False,False,False,False
12,12,0.04,0.32,0.66,0.01,0.01,0.53,0.0,0.0,0.0,0.0,0.0,0.0,0,0.0,0,0.0,0.0,0.0,0.0,0.0,0.0,170.0,21.0,1,1,1.0,200,250,14.0,411.0,484.0,32.6,79.3,,131.45462036132812,4,False,False,False,True,False,False,False,False,False,False
13,13,0.04,0.32,0.66,0.01,0.01,0.53,0.0,0.0,0.0,0.0,0.0,0.0,0,0.0,0,0.0,0.0,0.0,0.0,0.0,0.0,170.0,21.0,1,1,1.0,200,580,2.0,401.0,475.0,34.2,80.6,,129.73300170898438,4,False,False,False,True,False,False,False,False,False,False
14,14,0.04,0.33,1.01,0.01,0.01,0.49,0.0,0.0,0.0,0.0,0.0,0.0,0,0.0,0,0.0,0.0,0.0,0.0,0.0,0.0,170.0,21.0,1,1,1.0,200,250,14.0,464.0,522.0,29.6,77.8,,133.45529174804688,4,False,False,False,True,False,False,False,False,False,False
15,15,0.04,0.33,1.01,0.01,0.01,0.49,0.0,0.0,0.0,0.0,0.0,0.0,0,0.0,0,0.0,0.0,0.0,0.0,0.0,0.0,170.0,21.0,1,1,1.0,200,0,0.0,437.1951599121094,521.1585693359375,31.469974517822266,78.80426788330078,,125.90094757080078,0,False,False,False,True,False,False,False,False,False,False
16,16,0.04,0.33,1.01,0.01,0.01,0.49,0.0,0.0,0.0,0.0,0.0,0.0,0,0.0,0,0.0,0.0,0.0,0.0,0.0,0.0,170.0,21.0,1,1,1.0,200,580,2.0,426.0,506.0,31.6,79.7,,131.92030334472656,4,False,False,False,True,False,False,False,False,False,False
17,17,0.05,0.32,1.4,0.01,0.01,0.47,0.0,0.0,0.0,0.0,0.0,0.0,0,0.0,0,0.0,0.0,0.0,0.0,0.0,0.0,170.0,21.0,1,1,1.0,200,250,14.0,509.0,568.0,28.6,76.9,,109.9027328491211,4,False,False,False,True,False,False,False,False,False,False
18,18,0.05,0.32,1.4,0.01,0.01,0.47,0.0,0.0,0.0,0.0,0.0,0.0,0,0.0,0,0.0,0.0,0.0,0.0,0.0,0.0,170.0,21.0,1,1,1.0,200,580,2.0,450.0,536.0,28.2,78.8,,103.52628326416016,4,False,False,False,True,False,False,False,False,False,False
19,19,0.05,0.33,1.85,0.01,0.01,0.51,0.0,0.0,0.0,0.0,0.0,0.0,0,0.0,0,0.0,0.0,0.0,0.0,0.0,0.0,170.0,21.0,1,1,1.0,200,250,14.0,547.0,618.0,26.0,74.9,,107.5369873046875,4,False,False,False,True,False,False,False,False,False,False
20,20,0.05,0.33,1.85,0.01,0.01,0.51,0.0,0.0,0.0,0.0,0.0,0.0,0,0.0,0,0.0,0.0,0.0,0.0,0.0,0.0,170.0,21.0,1,1,1.0,200,0,0.0,531.439697265625,614.3411254882812,26.787824630737305,75.04582214355469,,100.66859436035156,0,False,False,False,True,False,False,False,False,False,False
21,21,0.05,0.33,1.85,0.01,0.01,0.51,0.0,0.0,0.0,0.0,0.0,0.0,0,0.0,0,0.0,0.0,0.0,0.0,0.0,0.0,170.0,21.0,1,1,1.0,200,580,2.0,526.0,612.0,26.8,72.9,,100.49662780761719,4,False,False,False,True,False,False,False,False,False,False
22,22,0.04,0.31,0.63,0.01,0.01,1.09,0.0,0.0,0.0,0.0,0.0,0.0,0,0.0,0,0.0,0.0,0.0,0.0,0.0,0.0,170.0,21.0,1,1,1.0,200,250,14.0,423.0,497.0,30.6,78.8,,131.47145080566406,4,False,False,False,True,False,False,False,False,False,False
23,23,0.04,0.31,0.63,0.01,0.01,1.09,0.0,0.0,0.0,0.0,0.0,0.0,0,0.0,0,0.0,0.0,0.0,0.0,0.0,0.0,170.0,21.0,1,1,1.0,200,0,0.0,415.65216064453125,493.9034118652344,32.977420806884766,79.0919418334961,235.15,100.0,0,False,False,False,True,False,False,False,False,False,False
24,24,0.04,0.31,0.63,0.01,0.01,1.09,0.0,0.0,0.0,0.0,0.0,0.0,0,0.0,0,0.0,0.0,0.0,0.0,0.0,0.0,170.0,21.0,1,1,1.0,200,580,2.0,411.0,493.0,33.6,79.7,233.15,100.0,4,False,False,False,True,False,False,False,False,False,False
25,25,0.04,0.33,1.0,0.01,0.01,1.1,0.0,0.0,0.0,0.0,0.0,0.0,0,0.0,0,0.0,0.0,0.0,0.0,0.0,0.0,170.0,21.0,1,1,1.0,200,250,14.0,475.0,541.0,29.6,77.9,,134.45370483398438,4,False,False,False,True,False,False,False,False,False,False
26,26,0.04,0.33,1.0,0.01,0.01,1.1,0.0,0.0,0.0,0.0,0.0,0.0,0,0.0,0,0.0,0.0,0.0,0.0,0.0,0.0,170.0,21.0,1,1,1.0,200,0,0.0,440.9767150878906,524.9201049804688,31.76854705810547,78.32976531982422,218.15,100.0,0,False,False,False,True,False,False,False,False,False,False
27,27,0.04,0.33,1.0,0.01,0.01,1.1,0.0,0.0,0.0,0.0,0.0,0.0,0,0.0,0,0.0,0.0,0.0,0.0,0.0,0.0,170.0,21.0,1,1,1.0,200,580,2.0,443.0,521.0,31.8,77.8,222.15,100.0,4,False,False,False,True,False,False,False,False,False,False
28,28,0.05,0.35,1.37,0.01,0.01,1.06,0.0,0.0,0.0,0.0,0.0,0.0,0,0.0,0,0.0,0.0,0.0,0.0,0.0,0.0,170.0,21.0,1,1,1.0,200,250,14.0,498.0,569.0,28.4,78.8,,112.36766052246094,4,False,False,False,True,False,False,False,False,False,False
29,29,0.05,0.35,1.37,0.01,0.01,1.06,0.0,0.0,0.0,0.0,0.0,0.0,0,0.0,0,0.0,0.0,0.0,0.0,0.0,0.0,170.0,21.0,1,1,1.0,200,0,0.0,474.3239440917969,554.1952514648438,30.429895401000977,77.787109375,215.15,100.0,0,False,False,False,True,False,False,False,False,False,False
30,30,0.05,0.35,1.37,0.01,0.01,1.06,0.0,0.0,0.0,0.0,0.0,0.0,0,0.0,0,0.0,0.0,0.0,0.0,0.0,0.0,170.0,21.0,1,1,1.0,200,580,2.0,470.0,557.0,30.2,76.0,253.15,100.0,4,False,False,False,True,False,False,False,False,False,False
31,31,0.05,0.35,1.83,0.01,0.01,1.06,0.0,0.0,0.0,0.0,0.0,0.0,0,0.0,0,0.0,0.0,0.0,0.0,0.0,0.0,170.0,21.0,1,1,1.0,200,250,14.0,566.0,641.0,26.4,76.0,,106.51250457763672,4,False,False,False,True,False,False,False,False,False,False
32,32,0.05,0.35,1.83,0.01,0.01,1.06,0.0,0.0,0.0,0.0,0.0,0.0,0,0.0,0,0.0,0.0,0.0,0.0,0.0,0.0,170.0,21.0,1,1,1.0,200,0,0.0,535.9959716796875,629.0389404296875,27.142141342163086,75.53651428222656,234.15,100.0,0,False,False,False,True,False,False,False,False,False,False
33,33,0.05,0.35,1.83,0.01,0.01,1.06,0.0,0.0,0.0,0.0,0.0,0.0,0,0.0,0,0.0,0.0,0.0,0.0,0.0,0.0,170.0,21.0,1,1,1.0,200,580,2.0,521.0,612.0,26.0,74.0,274.15,100.0,4,False,False,False,True,False,False,False,False,False,False
34,34,0.04,0.3,0.62,0.01,0.01,2.38,0.0,0.0,0.0,0.0,0.0,0.0,0,0.0,0,0.0,0.0,0.0,0.0,0.0,0.0,170.0,21.0,1,1,1.0,200,250,14.0,466.0,538.0,30.6,77.8,,134.22596740722656,4,False,False,False,True,False,False,False,False,False,False
35,35,0.04,0.3,0.62,0.01,0.01,2.38,0.0,0.0,0.0,0.0,0.0,0.0,0,0.0,0,0.0,0.0,0.0,0.0,0.0,0.0,170.0,21.0,1,1,1.0,200,0,0.0,447.09930419921875,531.5385131835938,32.081512451171875,77.1361312866211,223.15,100.0,0,False,False,False,True,False,False,False,False,False,False
36,36,0.04,0.3,0.62,0.01,0.01,2.38,0.0,0.0,0.0,0.0,0.0,0.0,0,0.0,0,0.0,0.0,0.0,0.0,0.0,0.0,170.0,21.0,1,1,1.0,200,580,2.0,431.0,518.0,32.2,76.9,232.15,100.0,4,False,False,False,True,False,False,False,False,False,False
37,37,0.04,0.31,0.96,0.01,0.01,2.38,0.0,0.0,0.0,0.0,0.0,0.0,0,0.0,0,0.0,0.0,0.0,0.0,0.0,0.0,170.0,21.0,1,1,1.0,200,250,14.0,489.0,567.0,30.6,76.9,,136.08343505859375,4,False,False,False,True,False,False,False,False,False,False
38,38,0.04,0.31,0.96,0.01,0.01,2.38,0.0,0.0,0.0,0.0,0.0,0.0,0,0.0,0,0.0,0.0,0.0,0.0,0.0,0.0,170.0,21.0,1,1,1.0,200,0,0.0,475.2404479980469,559.0221557617188,30.528404235839844,76.38317108154297,214.15,100.0,0,False,False,False,True,False,False,False,False,False,False
39,39,0.04,0.31,0.96,0.01,0.01,2.38,0.0,0.0,0.0,0.0,0.0,0.0,0,0.0,0,0.0,0.0,0.0,0.0,0.0,0.0,170.0,21.0,1,1,1.0,200,580,2.0,481.0,561.0,29.1,76.9,229.15,100.0,4,False,False,False,True,False,False,False,False,False,False
40,40,0.05,0.32,1.41,0.01,0.01,2.32,0.0,0.0,0.0,0.0,0.0,0.0,0,0.0,0,0.0,0.0,0.0,0.0,0.0,0.0,170.0,21.0,1,1,1.0,200,250,14.0,567.0,635.0,23.6,72.7,,109.0931625366211,4,False,False,False,True,False,False,False,False,False,False
41,41,0.05,0.32,1.41,0.01,0.01,2.32,0.0,0.0,0.0,0.0,0.0,0.0,0,0.0,0,0.0,0.0,0.0,0.0,0.0,0.0,170.0,21.0,1,1,1.0,200,0,0.0,557.22998046875,631.9540405273438,25.831878662109375,74.16055297851562,235.15,100.0,0,False,False,False,True,False,False,False,False,False,False
42,42,0.05,0.32,1.41,0.01,0.01,2.32,0.0,0.0,0.0,0.0,0.0,0.0,0,0.0,0,0.0,0.0,0.0,0.0,0.0,0.0,170.0,21.0,1,1,1.0,200,580,2.0,530.0,615.0,26.6,73.0,253.15,100.0,4,False,False,False,True,False,False,False,False,False,False
43,43,0.05,0.32,1.81,0.01,0.02,2.33,0.0,0.0,0.0,0.0,0.0,0.0,0,0.0,0,0.0,0.0,0.0,0.0,0.0,0.0,170.0,21.0,1,1,1.0,200,250,14.0,621.0,684.0,23.5,73.9,,109.77782440185547,4,False,False,False,True,False,False,False,False,False,False
44,44,0.05,0.32,1.81,0.01,0.02,2.33,0.0,0.0,0.0,0.0,0.0,0.0,0,0.0,0,0.0,0.0,0.0,0.0,0.0,0.0,170.0,21.0,1,1,1.0,200,0,0.0,565.6067504882812,649.0499877929688,24.66618537902832,72.78585815429688,243.15,100.0,0,False,False,False,True,False,False,False,False,False,False
45,45,0.05,0.32,1.81,0.01,0.02,2.33,0.0,0.0,0.0,0.0,0.0,0.0,0,0.0,0,0.0,0.0,0.0,0.0,0.0,0.0,170.0,21.0,1,1,1.0,200,580,2.0,574.0,665.0,26.4,70.7,,102.8870620727539,4,False,False,False,True,False,False,False,False,False,False
46,46,0.04,0.3,0.65,0.01,0.01,3.5,0.0,0.0,0.0,0.0,0.0,0.0,0,0.0,0,0.0,0.0,0.0,0.0,0.0,0.0,170.0,21.0,1,1,1.0,200,250,14.0,479.0,561.0,30.4,76.6,,140.700439453125,4,False,False,False,True,False,False,False,False,False,False
47,47,0.04,0.3,0.65,0.01,0.01,3.5,0.0,0.0,0.0,0.0,0.0,0.0,0,0.0,0,0.0,0.0,0.0,0.0,0.0,0.0,170.0,21.0,1,1,1.0,200,0,0.0,479.6186218261719,560.1082763671875,31.07806968688965,71.9964599609375,247.15,100.0,0,False,False,False,True,False,False,False,False,False,False
48,48,0.04,0.3,0.65,0.01,0.01,3.5,0.0,0.0,0.0,0.0,0.0,0.0,0,0.0,0,0.0,0.0,0.0,0.0,0.0,0.0,170.0,21.0,1,1,1.0,200,580,2.0,482.0,560.0,31.4,48.8,210.15,100.0,4,False,False,False,True,False,False,False,False,False,False
49,49,0.04,0.31,0.98,0.01,0.01,3.46,0.0,0.0,0.0,0.0,0.0,0.0,0,0.0,0,0.0,0.0,0.0,0.0,0.0,0.0,170.0,21.0,1,1,1.0,200,250,14.0,525.0,605.0,27.6,76.0,,137.6780242919922,4,False,False,False,True,False,False,False,False,False,False
50,50,0.04,0.31,0.98,0.01,0.01,3.46,0.0,0.0,0.0,0.0,0.0,0.0,0,0.0,0,0.0,0.0,0.0,0.0,0.0,0.0,170.0,21.0,1,1,1.0,200,0,0.0,507.84918212890625,594.1049194335938,29.197092056274414,75.20075225830078,225.15,100.0,0,False,False,False,True,False,False,False,False,False,False
51,51,0.04,0.31,0.98,0.01,0.01,3.46,0.0,0.0,0.0,0.0,0.0,0.0,0,0.0,0,0.0,0.0,0.0,0.0,0.0,0.0,170.0,21.0,1,1,1.0,200,580,2.0,521.0,599.0,28.4,74.0,235.15,100.0,4,False,False,False,True,False,False,False,False,False,False
52,52,0.05,0.33,1.4,0.01,0.01,3.47,0.0,0.0,0.0,0.0,0.0,0.0,0,0.0,0,0.0,0.0,0.0,0.0,0.0,0.0,170.0,21.0,1,1,1.0,200,250,14.0,621.0,682.0,25.4,72.9,,107.39222717285156,4,False,False,False,True,False,False,False,False,False,False
53,53,0.05,0.33,1.4,0.01,0.01,3.47,0.0,0.0,0.0,0.0,0.0,0.0,0,0.0,0,0.0,0.0,0.0,0.0,0.0,0.0,170.0,21.0,1,1,1.0,200,0,0.0,606.592041015625,687.9412231445312,26.09957504272461,71.63807678222656,255.15,100.0,0,False,False,False,True,False,False,False,False,False,False
54,54,0.05,0.33,1.4,0.01,0.01,3.47,0.0,0.0,0.0,0.0,0.0,0.0,0,0.0,0,0.0,0.0,0.0,0.0,0.0,0.0,170.0,21.0,1,1,1.0,200,580,2.0,584.0,677.0,26.6,70.8,329.15,100.0,4,False,False,False,True,False,False,False,False,False,False
55,55,0.05,0.36,1.79,0.01,0.01,3.42,0.0,0.0,0.0,0.0,0.0,0.0,0,0.0,0,0.0,0.0,0.0,0.0,0.0,0.0,170.0,21.0,1,1,1.0,200,250,14.0,692.0,753.0,22.2,69.7,,105.47711181640625,4,False,False,False,True,False,False,False,False,False,False
56,56,0.05,0.36,1.79,0.01,0.01,3.42,0.0,0.0,0.0,0.0,0.0,0.0,0,0.0,0,0.0,0.0,0.0,0.0,0.0,0.0,170.0,21.0,1,1,1.0,200,0,0.0,650.9491577148438,750.6629638671875,22.894210815429688,69.79718017578125,297.15,100.0,0,False,False,False,True,False,False,False,False,False,False
57,57,0.05,0.36,1.79,0.01,0.01,3.42,0.0,0.0,0.0,0.0,0.0,0.0,0,0.0,0,0.0,0.0,0.0,0.0,0.0,0.0,170.0,21.0,1,1,1.0,200,580,2.0,662.0,745.0,24.0,67.5,,98.74838256835938,4,False,False,False,True,False,False,False,False,False,False
58,58,0.07,0.36,1.51,0.01,0.01,0.0,0.0,0.0,0.0,0.02,0.0,0.0,400,40.0,0,0.0,0.0,0.0,0.0,0.0,0.0,170.0,21.0,1,1,1.0,150,0,0.0,484.0,560.0,26.0,78.8,,120.70083618164062,4,False,False,False,True,False,False,False,False,False,False
59,59,0.07,0.36,1.51,0.01,0.01,0.0,0.0,0.0,0.0,0.02,0.0,0.0,400,40.0,0,0.0,0.0,0.0,0.0,0.0,0.0,170.0,21.0,1,1,1.0,150,580,2.0,471.0,563.0,31.2,77.0,,131.4027099609375,4,False,False,False,True,False,False,False,False,False,False
60,60,0.08,0.36,1.48,0.01,0.01,0.0,0.0,0.0,0.0,0.11,0.0,0.0,390,40.0,0,0.0,0.0,0.0,0.0,0.0,0.0,170.0,21.0,1,1,1.0,150,0,0.0,502.0,578.0,27.6,77.0,,121.24928283691406,4,False,False,False,True,False,False,False,False,False,False
61,61,0.08,0.36,1.48,0.01,0.01,0.0,0.0,0.0,0.0,0.11,0.0,0.0,390,40.0,0,0.0,0.0,0.0,0.0,0.0,0.0,170.0,21.0,1,1,1.0,150,580,2.0,462.0,548.0,29.8,77.9,,130.8133087158203,4,False,False,False,True,False,False,False,False,False,False
62,62,0.07,0.32,1.42,0.01,0.01,0.0,0.0,0.0,0.0,0.19,0.0,0.0,380,40.0,0,0.0,0.0,0.0,0.0,0.0,0.0,170.0,21.0,1,1,1.0,150,0,0.0,488.0,566.0,28.2,77.0,,119.26422882080078,4,False,False,False,True,False,False,False,False,False,False
63,63,0.07,0.32,1.42,0.01,0.01,0.0,0.0,0.0,0.0,0.19,0.0,0.0,380,40.0,0,0.0,0.0,0.0,0.0,0.0,0.0,170.0,21.0,1,1,1.0,150,580,2.0,453.0,549.0,31.2,78.8,,130.30618286132812,4,False,False,False,True,False,False,False,False,False,False
64,64,0.08,0.33,1.48,0.01,0.01,0.0,0.0,0.0,0.0,0.35,0.0,0.0,400,40.0,0,0.0,0.0,0.0,0.0,0.0,0.0,170.0,21.0,1,1,1.0,150,0,0.0,504.0,586.0,27.6,77.0,,120.0632553100586,4,False,False,False,True,False,False,False,False,False,False
65,65,0.08,0.33,1.48,0.01,0.01,0.0,0.0,0.0,0.0,0.35,0.0,0.0,400,40.0,0,0.0,0.0,0.0,0.0,0.0,0.0,170.0,21.0,1,1,1.0,150,580,2.0,482.0,572.0,28.2,77.9,,130.61802673339844,4,False,False,False,True,False,False,False,False,False,False
66,66,0.07,0.32,1.49,0.01,0.01,0.0,0.0,0.0,0.0,0.66,0.0,0.0,390,40.0,0,0.0,0.0,0.0,0.0,0.0,0.0,170.0,21.0,1,1,1.0,150,0,0.0,513.0,593.0,28.6,77.0,,120.13285064697266,4,False,False,False,True,False,False,False,False,False,False
67,67,0.07,0.32,1.49,0.01,0.01,0.0,0.0,0.0,0.0,0.66,0.0,0.0,390,40.0,0,0.0,0.0,0.0,0.0,0.0,0.0,170.0,21.0,1,1,1.0,150,580,2.0,499.0,607.0,28.6,74.0,,131.08934020996094,4,False,False,False,True,False,False,False,False,False,False
68,68,0.08,0.36,1.49,0.01,0.01,0.0,0.0,0.0,0.0,1.4,0.0,0.0,410,40.0,0,0.0,0.0,0.0,0.0,0.0,0.0,170.0,21.0,1,1,1.0,150,0,0.0,568.0,647.0,27.4,73.0,,120.9547119140625,4,False,False,False,True,False,False,False,False,False,False
69,69,0.08,0.36,1.49,0.01,0.01,0.0,0.0,0.0,0.0,1.4,0.0,0.0,410,40.0,0,0.0,0.0,0.0,0.0,0.0,0.0,170.0,21.0,1,1,1.0,150,580,2.0,583.0,673.0,24.2,73.0,,130.59986877441406,4,False,False,False,True,False,False,False,False,False,False
70,70,0.07,0.29,1.49,0.01,0.01,0.0,0.0,0.0,0.0,0.0,0.0,0.0,471,5.0,72,6.0,0.0,0.0,0.0,0.0,0.0,170.0,21.0,1,1,1.0,200,250,14.0,431.0,527.0,29.6,78.0,,108.09452819824219,4,False,False,False,True,False,False,False,False,False,False
71,71,0.07,0.29,1.49,0.01,0.01,0.0,0.0,0.0,0.0,0.0,0.0,0.0,471,5.0,72,6.0,0.0,0.0,0.0,0.0,0.0,170.0,21.0,1,1,1.0,200,0,0.0,449.8576354980469,544.7838134765625,28.49805450439453,77.60615539550781,232.15,28.0,0,False,False,False,True,False,False,False,False,False,False
72,72,0.07,0.29,1.49,0.01,0.01,0.0,0.0,0.0,0.0,0.0,0.0,0.0,471,5.0,72,6.0,0.0,0.0,0.0,0.0,0.0,170.0,21.0,1,1,1.0,200,0,0.0,453.3870849609375,547.5650024414062,28.345624923706055,76.80753326416016,254.15,100.0,0,False,False,False,True,False,False,False,False,False,False
73,73,0.07,0.29,1.49,0.01,0.01,0.0,0.0,0.0,0.0,0.0,0.0,0.0,471,5.0,72,6.0,0.0,0.0,0.0,0.0,0.0,170.0,21.0,1,1,1.0,200,0,0.0,452.1038513183594,546.598388671875,28.450380325317383,77.5396499633789,,107.5532455444336,0,False,False,False,True,False,False,False,False,False,False
74,74,0.08,0.29,1.43,0.01,0.01,0.0,0.0,0.0,0.0,0.0,0.0,0.0,461,5.0,54,60.0,0.0,0.0,0.0,0.0,0.0,170.0,21.0,1,1,1.0,200,250,14.0,444.0,542.0,27.6,72.9,,98.90602111816406,4,False,False,False,True,False,False,False,False,False,False
75,75,0.08,0.29,1.43,0.01,0.01,0.0,0.0,0.0,0.0,0.0,0.0,0.0,461,5.0,54,60.0,0.0,0.0,0.0,0.0,0.0,170.0,21.0,1,1,1.0,200,0,0.0,457.3616027832031,542.28564453125,28.01277732849121,76.89431762695312,234.15,28.0,0,False,False,False,True,False,False,False,False,False,False
76,76,0.08,0.29,1.43,0.01,0.01,0.0,0.0,0.0,0.0,0.0,0.0,0.0,461,5.0,54,60.0,0.0,0.0,0.0,0.0,0.0,170.0,21.0,1,1,1.0,200,0,0.0,460.4659118652344,543.3135375976562,27.736961364746094,76.00921630859375,258.15,100.0,0,False,False,False,True,False,False,False,False,False,False
77,77,0.08,0.29,1.43,0.01,0.01,0.0,0.0,0.0,0.0,0.0,0.0,0.0,461,5.0,54,60.0,0.0,0.0,0.0,0.0,0.0,170.0,21.0,1,1,1.0,200,0,0.0,454.6017761230469,538.0601196289062,27.87235450744629,76.84654998779297,,95.49946594238281,0,False,False,False,True,False,False,False,False,False,False
78,78,0.08,0.34,1.36,0.0,0.01,0.0,0.0,0.0,0.0,0.0,0.0,0.0,476,5.0,57,150.0,0.0,0.0,0.0,0.0,0.0,170.0,21.0,1,1,1.0,200,250,14.0,437.0,527.0,24.6,78.9,,106.83634948730469,4,False,False,False,True,False,False,False,False,False,False
79,79,0.08,0.34,1.36,0.0,0.01,0.0,0.0,0.0,0.0,0.0,0.0,0.0,476,5.0,57,150.0,0.0,0.0,0.0,0.0,0.0,170.0,21.0,1,1,1.0,200,0,0.0,428.0246276855469,518.1051025390625,30.10518455505371,78.14215850830078,215.15,28.0,0,False,False,False,True,False,False,False,False,False,False
80,80,0.08,0.34,1.36,0.0,0.01,0.0,0.0,0.0,0.0,0.0,0.0,0.0,476,5.0,57,150.0,0.0,0.0,0.0,0.0,0.0,170.0,21.0,1,1,1.0,200,0,0.0,449.0099792480469,540.1083374023438,29.456634521484375,77.04012298583984,253.15,100.0,0,False,False,False,True,False,False,False,False,False,False
81,81,0.08,0.34,1.36,0.0,0.01,0.0,0.0,0.0,0.0,0.0,0.0,0.0,476,5.0,57,150.0,0.0,0.0,0.0,0.0,0.0,170.0,21.0,1,1,1.0,200,0,0.0,443.1458435058594,534.8549194335938,29.565223693847656,77.91746520996094,,104.72650909423828,0,False,False,False,True,False,False,False,False,False,False
82,82,0.08,0.39,1.37,0.0,0.01,0.0,0.0,0.0,0.0,0.0,0.0,0.0,446,5.0,47,250.0,0.0,0.0,0.0,0.0,0.0,170.0,21.0,1,1,1.0,200,250,14.0,437.0,538.0,25.2,78.9,,106.78740692138672,4,False,False,False,True,False,False,False,False,False,False
83,83,0.08,0.39,1.37,0.0,0.01,0.0,0.0,0.0,0.0,0.0,0.0,0.0,446,5.0,47,250.0,0.0,0.0,0.0,0.0,0.0,170.0,21.0,1,1,1.0,200,0,0.0,435.46527099609375,528.7095336914062,28.08523941040039,78.47724914550781,217.15,28.0,0,False,False,False,True,False,False,False,False,False,False
84,84,0.08,0.39,1.37,0.0,0.01,0.0,0.0,0.0,0.0,0.0,0.0,0.0,446,5.0,47,250.0,0.0,0.0,0.0,0.0,0.0,170.0,21.0,1,1,1.0,200,0,0.0,454.2325134277344,549.3268432617188,27.20902442932129,77.61162567138672,248.15,100.0,0,False,False,False,True,False,False,False,False,False,False
85,85,0.08,0.39,1.37,0.0,0.01,0.0,0.0,0.0,0.0,0.0,0.0,0.0,446,5.0,47,250.0,0.0,0.0,0.0,0.0,0.0,170.0,21.0,1,1,1.0,200,0,0.0,450.50164794921875,546.491455078125,27.08576202392578,78.0528335571289,,103.58512878417969,0,False,False,False,True,False,False,False,False,False,False
86,86,0.08,0.44,1.4,0.0,0.01,0.0,0.0,0.0,0.0,0.0,0.0,0.0,436,5.0,44,420.0,0.0,0.0,0.0,0.0,0.0,170.0,21.0,1,1,1.0,200,250,14.0,469.0,545.0,24.4,77.0,,104.1444091796875,4,False,False,False,True,False,False,False,False,False,False
87,87,0.08,0.44,1.4,0.0,0.01,0.0,0.0,0.0,0.0,0.0,0.0,0.0,436,5.0,44,420.0,0.0,0.0,0.0,0.0,0.0,170.0,21.0,1,1,1.0,200,0,0.0,452.7383728027344,541.8693237304688,27.754486083984375,77.88674926757812,211.15,28.0,0,False,False,False,True,False,False,False,False,False,False
88,88,0.08,0.44,1.4,0.0,0.01,0.0,0.0,0.0,0.0,0.0,0.0,0.0,436,5.0,44,420.0,0.0,0.0,0.0,0.0,0.0,170.0,21.0,1,1,1.0,200,0,0.0,472.8874206542969,557.5941162109375,26.823925018310547,77.42943572998047,243.15,100.0,0,False,False,False,True,False,False,False,False,False,False
89,89,0.08,0.44,1.4,0.0,0.01,0.0,0.0,0.0,0.0,0.0,0.0,0.0,436,5.0,44,420.0,0.0,0.0,0.0,0.0,0.0,170.0,21.0,1,1,1.0,200,0,0.0,470.23291015625,556.0751342773438,26.639236450195312,77.71730041503906,,100.94355773925781,0,False,False,False,True,False,False,False,False,False,False
90,90,0.08,0.48,1.42,0.0,0.01,0.0,0.0,0.0,0.0,0.0,0.0,0.0,444,4.0,46,660.0,0.0,0.0,0.0,0.0,0.0,170.0,21.0,1,1,1.0,200,250,14.0,466.0,551.0,26.2,78.9,,101.86894226074219,4,False,False,False,True,False,False,False,False,False,False
91,91,0.08,0.48,1.42,0.0,0.01,0.0,0.0,0.0,0.0,0.0,0.0,0.0,444,4.0,46,660.0,0.0,0.0,0.0,0.0,0.0,170.0,21.0,1,1,1.0,200,0,0.0,450.38555908203125,543.5888061523438,27.03591537475586,77.69837188720703,197.15,28.0,0,False,False,False,True,False,False,False,False,False,False
92,92,0.08,0.48,1.42,0.0,0.01,0.0,0.0,0.0,0.0,0.0,0.0,0.0,444,4.0,46,660.0,0.0,0.0,0.0,0.0,0.0,170.0,21.0,1,1,1.0,200,0,0.0,472.7530212402344,562.2937622070312,26.276081085205078,77.2962417602539,244.15,100.0,0,False,False,False,True,False,False,False,False,False,False
93,93,0.08,0.48,1.42,0.0,0.01,0.0,0.0,0.0,0.0,0.0,0.0,0.0,444,4.0,46,660.0,0.0,0.0,0.0,0.0,0.0,170.0,21.0,1,1,1.0,200,0,0.0,469.02215576171875,559.751708984375,25.954757690429688,77.71031188964844,,100.79751586914062,0,False,False,False,True,False,False,False,False,False,False
94,94,0.07,0.3,1.36,0.01,0.01,0.0,0.0,0.0,0.0,0.0,0.0,0.0,432,37.0,68,5.0,0.0,0.0,0.0,0.0,0.0,170.0,21.0,1,1,1.0,200,250,14.0,468.0,529.0,32.6,80.7,,114.65692138671875,4,False,False,False,True,False,False,False,False,False,False
95,95,0.07,0.3,1.36,0.01,0.01,0.0,0.0,0.0,0.0,0.0,0.0,0.0,432,37.0,68,5.0,0.0,0.0,0.0,0.0,0.0,170.0,21.0,1,1,1.0,200,0,0.0,441.0042724609375,519.5743408203125,31.965312957763672,78.7872314453125,174.14999999999998,28.0,0,False,False,False,True,False,False,False,False,False,False
96,96,0.07,0.3,1.36,0.01,0.01,0.0,0.0,0.0,0.0,0.0,0.0,0.0,432,37.0,68,5.0,0.0,0.0,0.0,0.0,0.0,170.0,21.0,1,1,1.0,200,0,0.0,441.8073425292969,519.5743408203125,31.93260955810547,78.85991668701172,201.15,100.0,0,False,False,False,True,False,False,False,False,False,False
97,97,0.07,0.3,1.36,0.01,0.01,0.0,0.0,0.0,0.0,0.0,0.0,0.0,432,37.0,68,5.0,0.0,0.0,0.0,0.0,0.0,170.0,21.0,1,1,1.0,200,0,0.0,459.5007629394531,541.902587890625,30.633056640625,78.9390640258789,,114.25249481201172,0,False,False,False,True,False,False,False,False,False,False
98,98,0.08,0.33,1.41,0.01,0.01,0.0,0.0,0.0,0.0,0.0,0.0,0.0,432,43.0,55,78.0,0.0,0.0,0.0,0.0,0.0,170.0,21.0,1,1,1.0,200,250,14.0,478.0,540.0,31.2,80.7,,111.96298217773438,4,False,False,False,True,False,False,False,False,False,False
99,99,0.08,0.33,1.41,0.01,0.01,0.0,0.0,0.0,0.0,0.0,0.0,0.0,432,43.0,55,78.0,0.0,0.0,0.0,0.0,0.0,170.0,21.0,1,1,1.0,200,0,0.0,452.5967102050781,531.9823608398438,30.376022338867188,78.8298568725586,196.15,28.0,0,False,False,False,True,False,False,False,False,False,False
100,100,0.08,0.33,1.41,0.01,0.01,0.0,0.0,0.0,0.0,0.0,0.0,0.0,432,43.0,55,78.0,0.0,0.0,0.0,0.0,0.0,170.0,21.0,1,1,1.0,200,0,0.0,453.90924072265625,533.6658935546875,30.177738189697266,79.22160339355469,218.15,100.0,0,False,False,False,True,False,False,False,False,False,False
101,101,0.08,0.33,1.41,0.01,0.01,0.0,0.0,0.0,0.0,0.0,0.0,0.0,432,43.0,55,78.0,0.0,0.0,0.0,0.0,0.0,170.0,21.0,1,1,1.0,200,0,0.0,470.5980529785156,548.524658203125,29.378841400146484,78.82807922363281,,110.35454559326172,0,False,False,False,True,False,False,False,False,False,False
102,102,0.08,0.37,1.36,0.0,0.01,0.0,0.0,0.0,0.0,0.0,0.0,0.0,422,36.0,53,190.0,0.0,0.0,0.0,0.0,0.0,170.0,21.0,1,1,1.0,200,250,14.0,485.0,549.0,31.4,79.8,,113.59437561035156,4,False,False,False,True,False,False,False,False,False,False
103,103,0.08,0.37,1.36,0.0,0.01,0.0,0.0,0.0,0.0,0.0,0.0,0.0,422,36.0,53,190.0,0.0,0.0,0.0,0.0,0.0,170.0,21.0,1,1,1.0,200,0,0.0,442.17742919921875,530.3839111328125,30.738056182861328,78.48077392578125,187.15,28.0,0,False,False,False,True,False,False,False,False,False,False
104,104,0.08,0.37,1.36,0.0,0.01,0.0,0.0,0.0,0.0,0.0,0.0,0.0,422,36.0,53,190.0,0.0,0.0,0.0,0.0,0.0,170.0,21.0,1,1,1.0,200,0,0.0,444.55181884765625,532.4165649414062,30.549043655395508,78.8791732788086,215.15,100.0,0,False,False,False,True,False,False,False,False,False,False
105,105,0.08,0.37,1.36,0.0,0.01,0.0,0.0,0.0,0.0,0.0,0.0,0.0,422,36.0,53,190.0,0.0,0.0,0.0,0.0,0.0,170.0,21.0,1,1,1.0,200,0,0.0,458.66253662109375,550.4622192382812,29.515127182006836,78.63687896728516,,111.79124450683594,0,False,False,False,True,False,False,False,False,False,False
106,106,0.08,0.44,1.31,0.0,0.01,0.0,0.0,0.0,0.0,0.0,0.0,0.0,431,36.0,50,340.0,0.0,0.0,0.0,0.0,0.0,170.0,21.0,1,1,1.0,200,250,14.0,491.0,564.0,28.2,78.9,,111.53256225585938,4,False,False,False,True,False,False,False,False,False,False
107,107,0.08,0.44,1.31,0.0,0.01,0.0,0.0,0.0,0.0,0.0,0.0,0.0,431,36.0,50,340.0,0.0,0.0,0.0,0.0,0.0,170.0,21.0,1,1,1.0,200,0,0.0,424.3938293457031,529.55810546875,29.64835548400879,78.5625991821289,185.15,28.0,0,False,False,False,True,False,False,False,False,False,False
108,108,0.08,0.44,1.31,0.0,0.01,0.0,0.0,0.0,0.0,0.0,0.0,0.0,431,36.0,50,340.0,0.0,0.0,0.0,0.0,0.0,170.0,21.0,1,1,1.0,200,0,0.0,428.6725769042969,531.6227416992188,29.64835548400879,78.4777603149414,210.15,100.0,0,False,False,False,True,False,False,False,False,False,False
109,109,0.08,0.44,1.31,0.0,0.01,0.0,0.0,0.0,0.0,0.0,0.0,0.0,431,36.0,50,340.0,0.0,0.0,0.0,0.0,0.0,170.0,21.0,1,1,1.0,200,0,0.0,460.8079528808594,559.008056640625,27.830110549926758,78.59021759033203,,109.70780181884766,0,False,False,False,True,False,False,False,False,False,False
110,110,0.08,0.51,1.3,0.0,0.01,0.0,0.0,0.0,0.0,0.0,0.0,0.0,423,43.0,48,490.0,0.0,0.0,0.0,0.0,0.0,170.0,21.0,1,1,1.0,200,250,14.0,485.0,560.0,25.2,78.9,,106.74153900146484,4,False,False,False,True,False,False,False,False,False,False
111,111,0.08,0.51,1.3,0.0,0.01,0.0,0.0,0.0,0.0,0.0,0.0,0.0,423,43.0,48,490.0,0.0,0.0,0.0,0.0,0.0,170.0,21.0,1,1,1.0,200,0,0.0,426.6733093261719,531.9939575195312,27.649539947509766,78.15577697753906,183.15,28.0,0,False,False,False,True,False,False,False,False,False,False
112,112,0.08,0.51,1.3,0.0,0.01,0.0,0.0,0.0,0.0,0.0,0.0,0.0,423,43.0,48,490.0,0.0,0.0,0.0,0.0,0.0,170.0,21.0,1,1,1.0,200,0,0.0,430.39874267578125,533.7848510742188,27.692760467529297,78.57401275634766,218.15,100.0,0,False,False,False,True,False,False,False,False,False,False
113,113,0.08,0.51,1.3,0.0,0.01,0.0,0.0,0.0,0.0,0.0,0.0,0.0,423,43.0,48,490.0,0.0,0.0,0.0,0.0,0.0,170.0,21.0,1,1,1.0,200,0,0.0,463.0874328613281,561.22021484375,25.66122817993164,78.21016693115234,,105.43310546875,0,False,False,False,True,False,False,False,False,False,False
114,114,0.08,0.57,1.32,0.0,0.01,0.0,0.0,0.0,0.0,0.0,0.0,0.0,422,38.0,52,610.0,0.0,0.0,0.0,0.0,0.0,170.0,21.0,1,1,1.0,200,250,14.0,491.0,570.0,29.2,77.0,,103.08915710449219,4,False,False,False,True,False,False,False,False,False,False
115,115,0.08,0.57,1.32,0.0,0.01,0.0,0.0,0.0,0.0,0.0,0.0,0.0,422,38.0,52,610.0,0.0,0.0,0.0,0.0,0.0,170.0,21.0,1,1,1.0,200,0,0.0,448.2254333496094,544.2122192382812,29.40243911743164,76.73912048339844,199.15,28.0,0,False,False,False,True,False,False,False,False,False,False
116,116,0.08,0.57,1.32,0.0,0.01,0.0,0.0,0.0,0.0,0.0,0.0,0.0,422,38.0,52,610.0,0.0,0.0,0.0,0.0,0.0,170.0,21.0,1,1,1.0,200,0,0.0,478.93316650390625,570.7705688476562,27.806116104125977,76.83844757080078,235.15,100.0,0,False,False,False,True,False,False,False,False,False,False
117,117,0.08,0.57,1.32,0.0,0.01,0.0,0.0,0.0,0.0,0.0,0.0,0.0,422,38.0,52,610.0,0.0,0.0,0.0,0.0,0.0,170.0,21.0,1,1,1.0,200,0,0.0,480.77435302734375,575.3883666992188,27.693679809570312,76.75852966308594,,100.82013702392578,0,False,False,False,True,False,False,False,False,False,False
118,118,0.07,0.32,1.5,0.01,0.01,0.0,0.0,0.0,0.0,0.0,0.0,0.0,375,99.0,89,8.0,0.0,0.0,0.0,0.0,0.0,170.0,21.0,1,1,1.0,200,250,14.0,484.0,547.0,29.4,79.8,,111.6463851928711,4,False,False,False,True,False,False,False,False,False,False
119,119,0.07,0.32,1.5,0.01,0.01,0.0,0.0,0.0,0.0,0.0,0.0,0.0,375,99.0,89,8.0,0.0,0.0,0.0,0.0,0.0,170.0,21.0,1,1,1.0,200,0,0.0,468.2388916015625,543.0494384765625,29.26285743713379,78.72991943359375,199.15,28.0,0,False,False,False,True,False,False,False,False,False,False
120,120,0.07,0.32,1.5,0.01,0.01,0.0,0.0,0.0,0.0,0.0,0.0,0.0,375,99.0,89,8.0,0.0,0.0,0.0,0.0,0.0,170.0,21.0,1,1,1.0,200,0,0.0,470.3106689453125,546.2288818359375,28.98524284362793,79.15361785888672,221.15,100.0,0,False,False,False,True,False,False,False,False,False,False
121,121,0.07,0.27,1.41,0.01,0.01,0.0,0.0,0.0,0.0,0.0,0.0,0.0,407,88.0,70,47.0,0.0,0.0,0.0,0.0,0.0,170.0,21.0,1,1,1.0,200,250,14.0,442.0,514.0,32.2,81.6,,106.30641174316406,4,False,False,False,True,False,False,False,False,False,False
122,122,0.07,0.27,1.41,0.01,0.01,0.0,0.0,0.0,0.0,0.0,0.0,0.0,407,88.0,70,47.0,0.0,0.0,0.0,0.0,0.0,170.0,21.0,1,1,1.0,200,0,0.0,453.8796081542969,530.1641235351562,29.734050750732422,79.11236572265625,216.15,28.0,0,False,False,False,True,False,False,False,False,False,False
123,123,0.07,0.27,1.41,0.01,0.01,0.0,0.0,0.0,0.0,0.0,0.0,0.0,407,88.0,70,47.0,0.0,0.0,0.0,0.0,0.0,170.0,21.0,1,1,1.0,200,0,0.0,475.9648132324219,551.6342163085938,28.210866928100586,78.81908416748047,242.15,100.0,0,False,False,False,True,False,False,False,False,False,False
124,124,0.07,0.39,1.36,0.0,0.01,0.0,0.0,0.0,0.0,0.0,0.0,0.0,381,92.0,52,160.0,0.0,0.0,0.0,0.0,0.0,170.0,21.0,1,1,1.0,200,250,14.0,481.0,545.0,30.6,81.4,,116.6707763671875,4,False,False,False,True,False,False,False,False,False,False
125,125,0.07,0.39,1.36,0.0,0.01,0.0,0.0,0.0,0.0,0.0,0.0,0.0,381,92.0,52,160.0,0.0,0.0,0.0,0.0,0.0,170.0,21.0,1,1,1.0,200,0,0.0,448.5673828125,532.9383544921875,30.332435607910156,79.48760986328125,205.15,28.0,0,False,False,False,True,False,False,False,False,False,False
126,126,0.07,0.39,1.36,0.0,0.01,0.0,0.0,0.0,0.0,0.0,0.0,0.0,381,92.0,52,160.0,0.0,0.0,0.0,0.0,0.0,170.0,21.0,1,1,1.0,200,0,0.0,448.61334228515625,532.9598388671875,30.27649688720703,80.03206634521484,217.15,100.0,0,False,False,False,True,False,False,False,False,False,False
127,127,0.07,0.45,1.36,0.0,0.01,0.0,0.0,0.0,0.0,0.0,0.0,0.0,374,63.0,44,280.0,0.0,0.0,0.0,0.0,0.0,170.0,21.0,1,1,1.0,200,250,14.0,474.0,540.0,28.0,80.7,,111.0917739868164,4,False,False,False,True,False,False,False,False,False,False
128,128,0.07,0.45,1.36,0.0,0.01,0.0,0.0,0.0,0.0,0.0,0.0,0.0,374,63.0,44,280.0,0.0,0.0,0.0,0.0,0.0,170.0,21.0,1,1,1.0,200,0,0.0,459.5248107910156,535.3150024414062,28.92898941040039,79.09115600585938,205.15,28.0,0,False,False,False,True,False,False,False,False,False,False
129,129,0.07,0.45,1.36,0.0,0.01,0.0,0.0,0.0,0.0,0.0,0.0,0.0,374,63.0,44,280.0,0.0,0.0,0.0,0.0,0.0,170.0,21.0,1,1,1.0,200,0,0.0,460.12408447265625,535.6456909179688,29.002918243408203,79.39476776123047,212.15,100.0,0,False,False,False,True,False,False,False,False,False,False
130,130,0.07,0.51,1.39,0.0,0.01,0.0,0.0,0.0,0.0,0.0,0.0,0.0,379,69.0,41,480.0,0.0,0.0,0.0,0.0,0.0,170.0,21.0,1,1,1.0,200,250,14.0,466.0,533.0,27.2,77.0,,106.26942443847656,4,False,False,False,True,False,False,False,False,False,False
131,131,0.07,0.51,1.39,0.0,0.01,0.0,0.0,0.0,0.0,0.0,0.0,0.0,379,69.0,41,480.0,0.0,0.0,0.0,0.0,0.0,170.0,21.0,1,1,1.0,200,0,0.0,455.7335510253906,537.3846435546875,28.490467071533203,77.43578338623047,203.15,28.0,0,False,False,False,True,False,False,False,False,False,False
132,132,0.07,0.51,1.39,0.0,0.01,0.0,0.0,0.0,0.0,0.0,0.0,0.0,379,69.0,41,480.0,0.0,0.0,0.0,0.0,0.0,170.0,21.0,1,1,1.0,200,0,0.0,456.1982116699219,537.665283203125,28.41098976135254,77.90143585205078,219.15,100.0,0,False,False,False,True,False,False,False,False,False,False
133,133,0.07,0.57,1.4,0.0,0.01,0.0,0.0,0.0,0.0,0.0,0.0,0.0,360,80.0,38,640.0,0.0,0.0,0.0,0.0,0.0,170.0,21.0,1,1,1.0,200,250,14.0,486.0,555.0,26.6,78.0,,102.04215240478516,4,False,False,False,True,False,False,False,False,False,False
134,134,0.07,0.57,1.4,0.0,0.01,0.0,0.0,0.0,0.0,0.0,0.0,0.0,360,80.0,38,640.0,0.0,0.0,0.0,0.0,0.0,170.0,21.0,1,1,1.0,200,0,0.0,478.4468688964844,570.9727783203125,28.25257110595703,76.56155395507812,205.15,28.0,0,False,False,False,True,False,False,False,False,False,False
135,135,0.07,0.57,1.4,0.0,0.01,0.0,0.0,0.0,0.0,0.0,0.0,0.0,360,80.0,38,640.0,0.0,0.0,0.0,0.0,0.0,170.0,21.0,1,1,1.0,200,0,0.0,490.3677978515625,584.9087524414062,26.991342544555664,76.70158386230469,232.15,100.0,0,False,False,False,True,False,False,False,False,False,False
136,136,0.08,0.34,1.54,0.01,0.01,0.0,0.0,0.0,0.0,0.0,0.0,0.0,312,180.0,80,3.0,0.0,0.0,0.0,0.0,0.0,170.0,21.0,1,1,1.0,200,250,14.0,502.0,555.0,26.6,78.9,,113.17877197265625,4,False,False,False,True,False,False,False,False,False,False
137,137,0.08,0.34,1.54,0.01,0.01,0.0,0.0,0.0,0.0,0.0,0.0,0.0,312,180.0,80,3.0,0.0,0.0,0.0,0.0,0.0,170.0,21.0,1,1,1.0,200,0,0.0,482.6354064941406,555.5985107421875,28.471017837524414,77.68513488769531,206.15,28.0,0,False,False,False,True,False,False,False,False,False,False
138,138,0.08,0.34,1.54,0.01,0.01,0.0,0.0,0.0,0.0,0.0,0.0,0.0,312,180.0,80,3.0,0.0,0.0,0.0,0.0,0.0,170.0,21.0,1,1,1.0,200,0,0.0,481.58111572265625,555.080078125,28.217681884765625,78.0434341430664,221.15,100.0,0,False,False,False,True,False,False,False,False,False,False
139,139,0.08,0.34,1.54,0.01,0.01,0.0,0.0,0.0,0.0,0.0,0.0,0.0,312,180.0,80,3.0,0.0,0.0,0.0,0.0,0.0,170.0,21.0,1,1,1.0,200,0,0.0,493.4100341796875,567.1292724609375,26.711729049682617,77.28913116455078,,111.87495422363281,0,False,False,False,True,False,False,False,False,False,False
140,140,0.07,0.24,1.32,0.01,0.01,0.0,0.0,0.0,0.0,0.0,0.0,0.0,397,180.0,68,47.0,0.0,0.0,0.0,0.0,0.0,170.0,21.0,1,1,1.0,200,250,14.0,452.0,535.0,30.7,78.9,,107.99577331542969,4,False,False,False,True,False,False,False,False,False,False
141,141,0.07,0.24,1.32,0.01,0.01,0.0,0.0,0.0,0.0,0.0,0.0,0.0,397,180.0,68,47.0,0.0,0.0,0.0,0.0,0.0,170.0,21.0,1,1,1.0,200,0,0.0,421.3528137207031,517.612060546875,30.28977394104004,79.02111053466797,219.15,28.0,0,False,False,False,True,False,False,False,False,False,False
142,142,0.07,0.24,1.32,0.01,0.01,0.0,0.0,0.0,0.0,0.0,0.0,0.0,397,180.0,68,47.0,0.0,0.0,0.0,0.0,0.0,170.0,21.0,1,1,1.0,200,0,0.0,448.2624206542969,541.0035400390625,28.656930923461914,78.88813018798828,238.15,100.0,0,False,False,False,True,False,False,False,False,False,False
143,143,0.07,0.24,1.32,0.01,0.01,0.0,0.0,0.0,0.0,0.0,0.0,0.0,397,180.0,68,47.0,0.0,0.0,0.0,0.0,0.0,170.0,21.0,1,1,1.0,200,0,0.0,449.0827941894531,541.4872436523438,28.666608810424805,78.89221954345703,,106.83792114257812,0,False,False,False,True,False,False,False,False,False,False
144,144,0.07,0.34,1.33,0.01,0.01,0.0,0.0,0.0,0.0,0.0,0.0,0.0,427,190.0,57,150.0,0.0,0.0,0.0,0.0,0.0,170.0,21.0,1,1,1.0,200,250,14.0,467.0,522.0,29.2,77.0,,115.35539245605469,4,False,False,False,True,False,False,False,False,False,False
145,145,0.07,0.34,1.33,0.01,0.01,0.0,0.0,0.0,0.0,0.0,0.0,0.0,427,190.0,57,150.0,0.0,0.0,0.0,0.0,0.0,170.0,21.0,1,1,1.0,200,0,0.0,423.91644287109375,522.35107421875,30.286705017089844,78.63745880126953,209.15,28.0,0,False,False,False,True,False,False,False,False,False,False
146,146,0.07,0.34,1.33,0.01,0.01,0.0,0.0,0.0,0.0,0.0,0.0,0.0,427,190.0,57,150.0,0.0,0.0,0.0,0.0,0.0,170.0,21.0,1,1,1.0,200,0,0.0,435.17987060546875,521.9298095703125,30.289997100830078,78.93128204345703,221.15,100.0,0,False,False,False,True,False,False,False,False,False,False
147,147,0.07,0.34,1.33,0.01,0.01,0.0,0.0,0.0,0.0,0.0,0.0,0.0,427,190.0,57,150.0,0.0,0.0,0.0,0.0,0.0,170.0,21.0,1,1,1.0,200,0,0.0,451.1108093261719,544.9563598632812,28.714218139648438,78.62759399414062,,114.2512435913086,0,False,False,False,True,False,False,False,False,False,False
148,148,0.07,0.41,1.36,0.0,0.0,0.0,0.0,0.0,0.0,0.0,0.0,0.0,418,260.0,49,320.0,0.0,0.0,0.0,0.0,0.0,170.0,21.0,1,1,1.0,200,250,14.0,514.0,570.0,23.6,77.0,,114.20268249511719,4,False,False,False,True,False,False,False,False,False,False
149,149,0.07,0.41,1.36,0.0,0.0,0.0,0.0,0.0,0.0,0.0,0.0,0.0,418,260.0,49,320.0,0.0,0.0,0.0,0.0,0.0,170.0,21.0,1,1,1.0,200,0,0.0,475.8567199707031,554.5537109375,26.460447311401367,77.2079849243164,210.15,28.0,0,False,False,False,True,False,False,False,False,False,False
150,150,0.07,0.41,1.36,0.0,0.0,0.0,0.0,0.0,0.0,0.0,0.0,0.0,418,260.0,49,320.0,0.0,0.0,0.0,0.0,0.0,170.0,21.0,1,1,1.0,200,0,0.0,480.376953125,558.9281005859375,26.187339782714844,77.49073028564453,226.15,100.0,0,False,False,False,True,False,False,False,False,False,False
151,151,0.07,0.41,1.36,0.0,0.0,0.0,0.0,0.0,0.0,0.0,0.0,0.0,418,260.0,49,320.0,0.0,0.0,0.0,0.0,0.0,170.0,21.0,1,1,1.0,200,0,0.0,491.9717712402344,570.9723510742188,24.411914825439453,77.23818969726562,,113.6032485961914,0,False,False,False,True,False,False,False,False,False,False
152,152,0.07,0.46,1.41,0.0,0.01,0.0,0.0,0.0,0.0,0.0,0.0,0.0,407,240.0,49,440.0,0.0,0.0,0.0,0.0,0.0,170.0,21.0,1,1,1.0,200,250,14.0,522.0,580.0,24.0,76.0,,105.77814483642578,4,False,False,False,True,False,False,False,False,False,False
153,153,0.07,0.46,1.41,0.0,0.01,0.0,0.0,0.0,0.0,0.0,0.0,0.0,407,240.0,49,440.0,0.0,0.0,0.0,0.0,0.0,170.0,21.0,1,1,1.0,200,0,0.0,486.0574645996094,571.7240600585938,25.886648178100586,76.28299713134766,205.15,28.0,0,False,False,False,True,False,False,False,False,False,False
154,154,0.07,0.46,1.41,0.0,0.01,0.0,0.0,0.0,0.0,0.0,0.0,0.0,407,240.0,49,440.0,0.0,0.0,0.0,0.0,0.0,170.0,21.0,1,1,1.0,200,0,0.0,505.8873596191406,578.3955078125,24.72348976135254,76.4476089477539,231.15,100.0,0,False,False,False,True,False,False,False,False,False,False
155,155,0.07,0.46,1.41,0.0,0.01,0.0,0.0,0.0,0.0,0.0,0.0,0.0,407,240.0,49,440.0,0.0,0.0,0.0,0.0,0.0,170.0,21.0,1,1,1.0,200,0,0.0,506.1291198730469,584.9473266601562,23.98786163330078,76.3210678100586,,104.26446533203125,0,False,False,False,True,False,False,False,False,False,False
156,156,0.07,0.44,1.33,0.0,0.01,0.0,0.0,0.0,0.0,0.0,0.0,0.0,454,240.0,49,680.0,0.0,0.0,0.0,0.0,0.0,170.0,21.0,1,1,1.0,200,250,14.0,522.0,591.0,23.8,71.9,,114.1440658569336,4,False,False,False,True,False,False,False,False,False,False
157,157,0.07,0.44,1.33,0.0,0.01,0.0,0.0,0.0,0.0,0.0,0.0,0.0,454,240.0,49,680.0,0.0,0.0,0.0,0.0,0.0,170.0,21.0,1,1,1.0,200,0,0.0,446.5804748535156,550.0787353515625,26.280197143554688,73.57325744628906,197.15,28.0,0,False,False,False,True,False,False,False,False,False,False
158,158,0.07,0.44,1.33,0.0,0.01,0.0,0.0,0.0,0.0,0.0,0.0,0.0,454,240.0,49,680.0,0.0,0.0,0.0,0.0,0.0,170.0,21.0,1,1,1.0,200,0,0.0,476.6700134277344,564.9483032226562,24.986928939819336,73.6668930053711,231.15,100.0,0,False,False,False,True,False,False,False,False,False,False
159,159,0.07,0.44,1.33,0.0,0.01,0.0,0.0,0.0,0.0,0.0,0.0,0.0,454,240.0,49,680.0,0.0,0.0,0.0,0.0,0.0,170.0,21.0,1,1,1.0,200,0,0.0,482.65325927734375,576.0414428710938,24.35075569152832,73.45099639892578,,111.94721984863281,0,False,False,False,True,False,False,False,False,False,False
160,160,0.07,0.43,1.49,0.0,0.0,0.0,0.0,0.0,0.0,0.0,0.0,0.0,294,460.0,77,1.0,0.0,0.0,0.0,0.0,0.0,170.0,21.0,1,1,1.0,200,250,14.0,535.0,594.0,26.0,79.8,,119.37618255615234,4,False,False,False,True,False,False,False,False,False,False
161,161,0.07,0.43,1.49,0.0,0.0,0.0,0.0,0.0,0.0,0.0,0.0,0.0,294,460.0,77,1.0,0.0,0.0,0.0,0.0,0.0,170.0,21.0,1,1,1.0,200,0,0.0,499.45013427734375,573.1138305664062,27.72860336303711,78.56307983398438,195.15,28.0,0,False,False,False,True,False,False,False,False,False,False
162,162,0.07,0.43,1.49,0.0,0.0,0.0,0.0,0.0,0.0,0.0,0.0,0.0,294,460.0,77,1.0,0.0,0.0,0.0,0.0,0.0,170.0,21.0,1,1,1.0,200,0,0.0,501.6064147949219,575.0469360351562,27.675228118896484,78.9482192993164,213.15,100.0,0,False,False,False,True,False,False,False,False,False,False
163,163,0.07,0.43,1.49,0.0,0.0,0.0,0.0,0.0,0.0,0.0,0.0,0.0,294,460.0,77,1.0,0.0,0.0,0.0,0.0,0.0,170.0,21.0,1,1,1.0,200,0,0.0,516.7299194335938,586.1435546875,25.771743774414062,78.57887268066406,,119.5218276977539,0,False,False,False,True,False,False,False,False,False,False
164,164,0.07,0.36,1.44,0.01,0.0,0.0,0.0,0.0,0.0,0.0,0.0,0.0,373,460.0,94,67.0,0.0,0.0,0.0,0.0,0.0,170.0,21.0,1,1,1.0,200,250,14.0,522.0,583.0,22.0,78.9,,110.85401916503906,4,False,False,False,True,False,False,False,False,False,False
165,165,0.07,0.36,1.44,0.01,0.0,0.0,0.0,0.0,0.0,0.0,0.0,0.0,373,460.0,94,67.0,0.0,0.0,0.0,0.0,0.0,170.0,21.0,1,1,1.0,200,0,0.0,479.85833740234375,562.4151611328125,27.714628219604492,77.911376953125,204.15,28.0,0,False,False,False,True,False,False,False,False,False,False
166,166,0.07,0.36,1.44,0.01,0.0,0.0,0.0,0.0,0.0,0.0,0.0,0.0,373,460.0,94,67.0,0.0,0.0,0.0,0.0,0.0,170.0,21.0,1,1,1.0,200,0,0.0,490.33575439453125,566.5511474609375,27.510164260864258,78.34679412841797,225.15,100.0,0,False,False,False,True,False,False,False,False,False,False
167,167,0.07,0.36,1.44,0.01,0.0,0.0,0.0,0.0,0.0,0.0,0.0,0.0,373,460.0,94,67.0,0.0,0.0,0.0,0.0,0.0,170.0,21.0,1,1,1.0,200,0,0.0,508.1583251953125,576.1704711914062,25.985713958740234,77.87306213378906,,109.20098876953125,0,False,False,False,True,False,False,False,False,False,False
168,168,0.07,0.42,1.39,0.01,0.0,0.0,0.0,0.0,0.0,0.0,0.0,0.0,446,420.0,65,150.0,0.0,0.0,0.0,0.0,0.0,170.0,21.0,1,1,1.0,200,250,14.0,531.0,587.0,25.2,78.0,,114.90130615234375,4,False,False,False,True,False,False,False,False,False,False
169,169,0.07,0.42,1.39,0.01,0.0,0.0,0.0,0.0,0.0,0.0,0.0,0.0,446,420.0,65,150.0,0.0,0.0,0.0,0.0,0.0,170.0,21.0,1,1,1.0,200,0,0.0,467.7538757324219,542.1314086914062,27.917495727539062,78.37672424316406,199.15,28.0,0,False,False,False,True,False,False,False,False,False,False
170,170,0.07,0.42,1.39,0.01,0.0,0.0,0.0,0.0,0.0,0.0,0.0,0.0,446,420.0,65,150.0,0.0,0.0,0.0,0.0,0.0,170.0,21.0,1,1,1.0,200,0,0.0,470.92327880859375,543.1400146484375,27.777202606201172,78.75961303710938,217.15,100.0,0,False,False,False,True,False,False,False,False,False,False
171,171,0.07,0.42,1.39,0.01,0.0,0.0,0.0,0.0,0.0,0.0,0.0,0.0,446,420.0,65,150.0,0.0,0.0,0.0,0.0,0.0,170.0,21.0,1,1,1.0,200,0,0.0,488.2491760253906,558.68408203125,26.63583755493164,78.20775604248047,,114.29065704345703,0,False,False,False,True,False,False,False,False,False,False
172,172,0.07,0.52,1.44,0.0,0.0,0.0,0.0,0.0,0.0,0.0,0.0,0.0,466,460.0,67,300.0,0.0,0.0,0.0,0.0,0.0,170.0,21.0,1,1,1.0,200,250,14.0,538.0,604.0,23.2,77.0,,108.76557922363281,4,False,False,False,True,False,False,False,False,False,False
173,173,0.07,0.52,1.44,0.0,0.0,0.0,0.0,0.0,0.0,0.0,0.0,0.0,466,460.0,67,300.0,0.0,0.0,0.0,0.0,0.0,170.0,21.0,1,1,1.0,200,0,0.0,497.1988525390625,574.732177734375,25.53270149230957,77.33171081542969,208.15,28.0,0,False,False,False,True,False,False,False,False,False,False
174,174,0.07,0.52,1.44,0.0,0.0,0.0,0.0,0.0,0.0,0.0,0.0,0.0,466,460.0,67,300.0,0.0,0.0,0.0,0.0,0.0,170.0,21.0,1,1,1.0,200,0,0.0,498.1966247558594,575.7006225585938,25.333972930908203,77.60626983642578,224.15,100.0,0,False,False,False,True,False,False,False,False,False,False
175,175,0.07,0.52,1.44,0.0,0.0,0.0,0.0,0.0,0.0,0.0,0.0,0.0,466,460.0,67,300.0,0.0,0.0,0.0,0.0,0.0,170.0,21.0,1,1,1.0,200,0,0.0,516.889404296875,587.8727416992188,23.946205139160156,77.28795623779297,,108.70050048828125,0,False,False,False,True,False,False,False,False,False,False
176,176,0.07,0.54,1.41,0.0,0.0,0.0,0.0,0.0,0.0,0.0,0.0,0.0,439,460.0,58,420.0,0.0,0.0,0.0,0.0,0.0,170.0,21.0,1,1,1.0,200,250,14.0,561.0,622.0,26.0,77.0,,108.51617431640625,4,False,False,False,True,False,False,False,False,False,False
177,177,0.07,0.54,1.41,0.0,0.0,0.0,0.0,0.0,0.0,0.0,0.0,0.0,439,460.0,58,420.0,0.0,0.0,0.0,0.0,0.0,170.0,21.0,1,1,1.0,200,0,0.0,512.7543334960938,595.22705078125,26.71288299560547,77.24498748779297,210.15,28.0,0,False,False,False,True,False,False,False,False,False,False
178,178,0.07,0.54,1.41,0.0,0.0,0.0,0.0,0.0,0.0,0.0,0.0,0.0,439,460.0,58,420.0,0.0,0.0,0.0,0.0,0.0,170.0,21.0,1,1,1.0,200,0,0.0,528.6790771484375,602.2888793945312,25.937843322753906,77.42509460449219,230.15,100.0,0,False,False,False,True,False,False,False,False,False,False
179,179,0.07,0.54,1.41,0.0,0.0,0.0,0.0,0.0,0.0,0.0,0.0,0.0,439,460.0,58,420.0,0.0,0.0,0.0,0.0,0.0,170.0,21.0,1,1,1.0,200,0,0.0,531.3631591796875,608.7811889648438,25.33349609375,77.1999282836914,,108.02507019042969,0,False,False,False,True,False,False,False,False,False,False
180,180,0.07,0.57,1.4,0.0,0.0,0.0,0.0,0.0,0.0,0.0,0.0,0.0,451,450.0,60,500.0,0.0,0.0,0.0,0.0,0.0,170.0,21.0,1,1,1.0,200,250,14.0,547.0,616.0,22.6,75.0,,106.62178039550781,4,False,False,False,True,False,False,False,False,False,False
181,181,0.07,0.57,1.4,0.0,0.0,0.0,0.0,0.0,0.0,0.0,0.0,0.0,451,450.0,60,500.0,0.0,0.0,0.0,0.0,0.0,170.0,21.0,1,1,1.0,200,0,0.0,506.7225036621094,592.9550170898438,26.292760848999023,76.2940673828125,197.15,28.0,0,False,False,False,True,False,False,False,False,False,False
182,182,0.07,0.57,1.4,0.0,0.0,0.0,0.0,0.0,0.0,0.0,0.0,0.0,451,450.0,60,500.0,0.0,0.0,0.0,0.0,0.0,170.0,21.0,1,1,1.0,200,0,0.0,517.6748657226562,600.0306396484375,25.409420013427734,76.43820190429688,229.15,100.0,0,False,False,False,True,False,False,False,False,False,False
183,183,0.07,0.57,1.4,0.0,0.0,0.0,0.0,0.0,0.0,0.0,0.0,0.0,451,450.0,60,500.0,0.0,0.0,0.0,0.0,0.0,170.0,21.0,1,1,1.0,200,0,0.0,529.0538940429688,610.0966186523438,24.8021183013916,76.12335205078125,,105.7728271484375,0,False,False,False,True,False,False,False,False,False,False
184,184,0.09,0.18,0.98,0.01,0.01,0.0,8.9,1.0,0.22,0.0,0.0,0.0,642,0.0,460,0.0,3.0,520.0,0.0,0.0,0.0,180.0,34.0,1,1,1.0,175,750,8.0,542.0,697.0,18.8,65.3,,114.56596374511719,4,False,False,False,True,False,False,False,False,False,False
185,185,0.09,0.18,0.98,0.01,0.01,0.0,8.9,1.0,0.22,0.0,0.0,0.0,642,0.0,460,0.0,3.0,520.0,0.0,0.0,0.0,180.0,34.0,1,1,1.0,175,750,8.0,546.7640380859375,706.541259765625,18.170352935791016,64.84174346923828,249.15,28.0,0,False,False,False,True,False,False,False,False,False,False
186,186,0.09,0.18,0.98,0.01,0.01,0.0,8.9,1.0,0.22,0.0,0.0,0.0,642,0.0,460,0.0,3.0,520.0,0.0,0.0,0.0,180.0,34.0,1,1,1.0,175,750,8.0,546.7640380859375,705.5056762695312,18.207429885864258,64.80980682373047,260.15,50.0,0,False,False,False,True,False,False,False,False,False,False
187,187,0.09,0.18,0.98,0.01,0.01,0.0,8.9,1.0,0.22,0.0,0.0,0.0,642,0.0,460,0.0,3.0,520.0,0.0,0.0,0.0,180.0,34.0,1,1,1.0,175,750,8.0,546.7640380859375,705.5056762695312,18.121259689331055,64.75679016113281,285.15,100.0,0,False,False,False,True,False,False,False,False,False,False
188,188,0.09,0.17,1.03,0.01,0.01,0.0,9.1,1.01,0.23,0.0,0.0,0.0,604,0.0,460,0.0,17.0,530.0,0.0,0.0,0.0,180.0,34.0,1,1,1.0,175,750,8.0,574.0,723.0,17.1,59.1,,111.29693603515625,4,False,False,False,True,False,False,False,False,False,False
189,189,0.09,0.17,1.03,0.01,0.01,0.0,9.1,1.01,0.23,0.0,0.0,0.0,604,0.0,460,0.0,17.0,530.0,0.0,0.0,0.0,180.0,34.0,1,1,1.0,175,750,8.0,573.391845703125,724.0109252929688,16.943342208862305,59.32392501831055,243.15,28.0,0,False,False,False,True,False,False,False,False,False,False
190,190,0.09,0.17,1.03,0.01,0.01,0.0,9.1,1.01,0.23,0.0,0.0,0.0,604,0.0,460,0.0,17.0,530.0,0.0,0.0,0.0,180.0,34.0,1,1,1.0,175,750,8.0,573.391845703125,723.4071044921875,16.957914352416992,59.2919921875,256.15,50.0,0,False,False,False,True,False,False,False,False,False,False
191,191,0.09,0.17,1.03,0.01,0.01,0.0,9.1,1.01,0.23,0.0,0.0,0.0,604,0.0,460,0.0,17.0,530.0,0.0,0.0,0.0,180.0,34.0,1,1,1.0,175,750,8.0,573.9503784179688,722.9934692382812,16.87174415588379,59.30342483520508,285.15,100.0,0,False,False,False,True,False,False,False,False,False,False
192,192,0.09,0.2,1.04,0.01,0.01,0.0,9.02,1.01,0.24,0.0,0.0,0.0,591,0.0,480,0.0,32.0,620.0,0.0,0.0,0.0,180.0,34.0,1,1,1.0,175,750,8.0,642.0,778.0,16.8,59.8,,97.82292175292969,4,False,False,False,True,False,False,False,False,False,False
193,193,0.09,0.2,1.04,0.01,0.01,0.0,9.02,1.01,0.24,0.0,0.0,0.0,591,0.0,480,0.0,32.0,620.0,0.0,0.0,0.0,180.0,34.0,1,1,1.0,175,750,8.0,603.24267578125,745.3360595703125,16.804431915283203,59.800140380859375,260.15,28.0,0,False,False,False,True,False,False,False,False,False,False
194,194,0.09,0.2,1.04,0.01,0.01,0.0,9.02,1.01,0.24,0.0,0.0,0.0,591,0.0,480,0.0,32.0,620.0,0.0,0.0,0.0,180.0,34.0,1,1,1.0,175,750,8.0,603.24267578125,745.3360595703125,16.71826171875,59.81157302856445,283.15,50.0,0,False,False,False,True,False,False,False,False,False,False
195,195,0.09,0.2,1.04,0.01,0.01,0.0,9.02,1.01,0.24,0.0,0.0,0.0,591,0.0,480,0.0,32.0,620.0,0.0,0.0,0.0,180.0,34.0,1,1,1.0,175,750,8.0,603.24267578125,745.3360595703125,16.67374038696289,59.385990142822266,326.15,100.0,0,False,False,False,True,False,False,False,False,False,False
196,196,0.09,0.22,1.05,0.01,0.01,0.0,9.0,1.04,0.23,0.0,0.0,0.0,592,0.0,460,0.0,64.0,700.0,0.0,0.0,0.0,180.0,34.0,1,1,1.0,175,750,8.0,643.0,777.0,15.7,60.2,,89.53903198242188,4,False,False,False,True,False,False,False,False,False,False
197,197,0.09,0.22,1.05,0.01,0.01,0.0,9.0,1.04,0.23,0.0,0.0,0.0,592,0.0,460,0.0,64.0,700.0,0.0,0.0,0.0,180.0,34.0,1,1,1.0,175,750,8.0,638.494384765625,770.3500366210938,16.21275520324707,60.117069244384766,273.15,28.0,0,False,False,False,True,False,False,False,False,False,False
198,198,0.09,0.22,1.05,0.01,0.01,0.0,9.0,1.04,0.23,0.0,0.0,0.0,592,0.0,460,0.0,64.0,700.0,0.0,0.0,0.0,180.0,34.0,1,1,1.0,175,750,8.0,637.7045288085938,770.3500366210938,16.21275520324707,60.16740417480469,294.15,50.0,0,False,False,False,True,False,False,False,False,False,False
199,199,0.09,0.22,1.05,0.01,0.01,0.0,9.0,1.04,0.23,0.0,0.0,0.0,592,0.0,460,0.0,64.0,700.0,0.0,0.0,0.0,180.0,34.0,1,1,1.0,175,750,8.0,637.7045288085938,770.3500366210938,16.16823387145996,58.508636474609375,332.15,100.0,0,False,False,False,True,False,False,False,False,False,False
200,200,0.09,0.17,1.0,0.01,0.01,0.0,8.99,1.03,0.21,0.0,0.0,0.0,636,0.0,160,0.0,3.0,520.0,0.0,0.0,0.0,180.0,34.0,1,1,1.0,175,750,8.0,558.0,705.0,20.8,64.5,,107.24420166015625,4,False,False,False,True,False,False,False,False,False,False
201,201,0.09,0.17,1.0,0.01,0.01,0.0,8.99,1.03,0.21,0.0,0.0,0.0,636,0.0,160,0.0,3.0,520.0,0.0,0.0,0.0,180.0,34.0,1,1,1.0,175,750,8.0,551.0986938476562,714.9257202148438,17.786083221435547,63.55857849121094,259.15,28.0,0,False,False,False,True,False,False,False,False,False,False
202,202,0.09,0.17,1.0,0.01,0.01,0.0,8.99,1.03,0.21,0.0,0.0,0.0,636,0.0,160,0.0,3.0,520.0,0.0,0.0,0.0,180.0,34.0,1,1,1.0,175,750,8.0,551.0986938476562,714.9257202148438,17.699913024902344,63.570011138916016,273.15,50.0,0,False,False,False,True,False,False,False,False,False,False
203,203,0.09,0.17,1.0,0.01,0.01,0.0,8.99,1.03,0.21,0.0,0.0,0.0,636,0.0,160,0.0,3.0,520.0,0.0,0.0,0.0,180.0,34.0,1,1,1.0,175,750,8.0,551.0986938476562,714.9257202148438,17.699913024902344,63.618896484375,304.15,100.0,0,False,False,False,True,False,False,False,False,False,False
204,204,0.09,0.2,1.01,0.01,0.01,0.0,8.9,1.01,0.21,0.0,0.0,0.0,596,0.0,160,0.0,19.0,510.0,0.0,0.0,0.0,180.0,34.0,1,1,1.0,175,750,8.0,569.0,709.0,17.4,62.7,,106.81224060058594,4,False,False,False,True,False,False,False,False,False,False
205,205,0.09,0.2,1.01,0.01,0.01,0.0,8.9,1.01,0.21,0.0,0.0,0.0,596,0.0,160,0.0,19.0,510.0,0.0,0.0,0.0,180.0,34.0,1,1,1.0,175,750,8.0,569.22265625,712.3099365234375,17.072763442993164,62.95661926269531,251.15,28.0,0,False,False,False,True,False,False,False,False,False,False
206,206,0.09,0.2,1.01,0.01,0.01,0.0,8.9,1.01,0.21,0.0,0.0,0.0,596,0.0,160,0.0,19.0,510.0,0.0,0.0,0.0,180.0,34.0,1,1,1.0,175,750,8.0,569.7811889648438,711.1346435546875,17.04936981201172,62.924686431884766,264.15,50.0,0,False,False,False,True,False,False,False,False,False,False
207,207,0.09,0.2,1.01,0.01,0.01,0.0,8.9,1.01,0.21,0.0,0.0,0.0,596,0.0,160,0.0,19.0,510.0,0.0,0.0,0.0,180.0,34.0,1,1,1.0,175,750,8.0,569.7811889648438,711.1346435546875,17.039033889770508,62.87165832519531,297.15,100.0,0,False,False,False,True,False,False,False,False,False,False
208,208,0.09,0.2,1.04,0.01,0.01,0.0,8.98,1.01,0.22,0.0,0.0,0.0,567,0.0,160,0.0,36.0,560.0,0.0,0.0,0.0,180.0,34.0,1,1,1.0,175,750,8.0,609.0,743.0,16.9,61.9,,92.83208465576172,4,False,False,False,True,False,False,False,False,False,False
209,209,0.09,0.2,1.04,0.01,0.01,0.0,8.98,1.01,0.22,0.0,0.0,0.0,567,0.0,160,0.0,36.0,560.0,0.0,0.0,0.0,180.0,34.0,1,1,1.0,175,750,8.0,603.6261596679688,741.513916015625,16.922527313232422,61.485103607177734,254.15,28.0,0,False,False,False,True,False,False,False,False,False,False
210,210,0.09,0.2,1.04,0.01,0.01,0.0,8.98,1.01,0.22,0.0,0.0,0.0,567,0.0,160,0.0,36.0,560.0,0.0,0.0,0.0,180.0,34.0,1,1,1.0,175,750,8.0,604.1846923828125,740.8856811523438,16.888896942138672,61.49653625488281,272.15,50.0,0,False,False,False,True,False,False,False,False,False,False
211,211,0.09,0.2,1.04,0.01,0.01,0.0,8.98,1.01,0.22,0.0,0.0,0.0,567,0.0,160,0.0,36.0,560.0,0.0,0.0,0.0,180.0,34.0,1,1,1.0,175,750,8.0,604.1846923828125,740.8856811523438,16.844375610351562,61.066856384277344,311.15,100.0,0,False,False,False,True,False,False,False,False,False,False
212,212,0.09,0.24,1.06,0.01,0.01,0.0,9.08,1.0,0.23,0.0,0.0,0.0,538,0.0,155,0.0,69.0,560.0,0.0,0.0,0.0,180.0,34.0,1,1,1.0,175,750,8.0,620.0,753.0,16.8,58.8,,78.85105895996094,4,False,False,False,True,False,False,False,False,False,False
213,213,0.09,0.24,1.06,0.01,0.01,0.0,9.08,1.0,0.23,0.0,0.0,0.0,538,0.0,155,0.0,69.0,560.0,0.0,0.0,0.0,180.0,34.0,1,1,1.0,175,750,8.0,622.9261474609375,751.0895385742188,16.87759780883789,59.28535461425781,281.15,28.0,0,False,False,False,True,False,False,False,False,False,False
214,214,0.09,0.24,1.06,0.01,0.01,0.0,9.08,1.0,0.23,0.0,0.0,0.0,538,0.0,155,0.0,69.0,560.0,0.0,0.0,0.0,180.0,34.0,1,1,1.0,175,750,8.0,622.9261474609375,751.0895385742188,16.864286422729492,59.41852569580078,305.15,50.0,0,False,False,False,True,False,False,False,False,False,False
215,215,0.09,0.24,1.06,0.01,0.01,0.0,9.08,1.0,0.23,0.0,0.0,0.0,538,0.0,155,0.0,69.0,560.0,0.0,0.0,0.0,180.0,34.0,1,1,1.0,175,750,8.0,621.9701538085938,753.2872314453125,17.217586517333984,59.1534309387207,203.15,100.0,0,False,False,False,True,False,False,False,False,False,False
216,216,0.04,0.3,0.65,0.01,0.01,0.0,0.0,0.0,0.0,0.0,0.0,0.0,0,0.0,0,0.0,0.0,0.0,0.0,0.0,0.0,170.0,21.0,1,1,1.0,200,250,14.0,392.0,466.0,31.9,80.6,,144.82321166992188,4,False,False,False,True,False,False,False,False,False,False
217,217,0.04,0.3,0.65,0.01,0.01,0.0,0.0,0.0,0.0,0.0,0.0,0.0,0,0.0,0,0.0,0.0,0.0,0.0,0.0,0.0,170.0,21.0,1,1,1.0,200,580,2.0,370.0,456.0,35.2,80.6,243.15,100.0,4,False,False,False,True,False,False,False,False,False,False
218,218,0.04,0.3,0.65,0.01,0.01,0.0,0.0,0.0,0.0,0.0,0.0,0.0,0,0.0,0,0.0,0.0,0.0,0.0,0.0,0.0,170.0,21.0,1,1,1.0,200,0,0.0,396.1140441894531,479.4187927246094,33.30521011352539,80.177001953125,247.15,100.0,0,False,False,False,True,False,False,False,False,False,False
219,219,0.04,0.31,1.03,0.01,0.01,0.0,0.0,0.0,0.0,0.0,0.0,0.0,0,0.0,0,0.0,0.0,0.0,0.0,0.0,0.0,170.0,21.0,1,1,1.0,200,250,14.0,413.0,498.0,31.2,80.6,,151.0963134765625,4,False,False,False,True,False,False,False,False,False,False
220,220,0.04,0.31,1.03,0.01,0.01,0.0,0.0,0.0,0.0,0.0,0.0,0.0,0,0.0,0,0.0,0.0,0.0,0.0,0.0,0.0,170.0,21.0,1,1,1.0,200,580,2.0,402.0,490.0,31.0,80.6,229.15,100.0,4,False,False,False,True,False,False,False,False,False,False
221,221,0.04,0.31,1.03,0.01,0.01,0.0,0.0,0.0,0.0,0.0,0.0,0.0,0,0.0,0,0.0,0.0,0.0,0.0,0.0,0.0,170.0,21.0,1,1,1.0,200,0,0.0,416.17681884765625,493.1879577636719,32.77775192260742,80.07215881347656,226.15,100.0,0,False,False,False,True,False,False,False,False,False,False
222,222,0.04,0.35,1.43,0.01,0.01,0.0,0.0,0.0,0.0,0.0,0.0,0.0,0,0.0,0,0.0,0.0,0.0,0.0,0.0,0.0,170.0,21.0,1,1,1.0,200,250,14.0,468.0,551.0,29.4,78.7,,136.80947875976562,4,False,False,False,True,False,False,False,False,False,False
223,223,0.04,0.35,1.43,0.01,0.01,0.0,0.0,0.0,0.0,0.0,0.0,0.0,0,0.0,0,0.0,0.0,0.0,0.0,0.0,0.0,170.0,21.0,1,1,1.0,200,580,2.0,436.0,529.0,31.6,78.8,224.15,100.0,4,False,False,False,True,False,False,False,False,False,False
224,224,0.04,0.35,1.43,0.01,0.01,0.0,0.0,0.0,0.0,0.0,0.0,0.0,0,0.0,0,0.0,0.0,0.0,0.0,0.0,0.0,170.0,21.0,1,1,1.0,200,0,0.0,456.88446044921875,536.173828125,31.148860931396484,79.16970825195312,221.15,100.0,0,False,False,False,True,False,False,False,False,False,False
225,225,0.04,0.33,1.85,0.01,0.02,0.0,0.0,0.0,0.0,0.0,0.0,0.0,0,0.0,0,0.0,0.0,0.0,0.0,0.0,0.0,170.0,21.0,1,1,1.0,200,250,14.0,514.0,588.0,28.0,76.8,,134.74246215820312,4,False,False,False,True,False,False,False,False,False,False
226,226,0.04,0.33,1.85,0.01,0.02,0.0,0.0,0.0,0.0,0.0,0.0,0.0,0,0.0,0,0.0,0.0,0.0,0.0,0.0,0.0,170.0,21.0,1,1,1.0,200,580,2.0,479.0,576.0,27.4,76.9,235.15,100.0,4,False,False,False,True,False,False,False,False,False,False
227,227,0.04,0.33,1.85,0.01,0.02,0.0,0.0,0.0,0.0,0.0,0.0,0.0,0,0.0,0,0.0,0.0,0.0,0.0,0.0,0.0,170.0,21.0,1,1,1.0,200,0,0.0,503.8560791015625,572.5548095703125,29.105247497558594,76.82504272460938,228.15,100.0,0,False,False,False,True,False,False,False,False,False,False
228,228,0.04,0.3,0.65,0.01,0.01,0.0,0.22,0.0,0.0,0.0,0.0,0.0,0,0.0,0,0.0,0.0,0.0,0.0,0.0,0.0,170.0,21.0,1,1,1.0,200,250,14.0,422.0,496.0,30.4,78.8,,121.39584350585938,4,False,False,False,True,False,False,False,False,False,False
229,229,0.04,0.3,0.65,0.01,0.01,0.0,0.22,0.0,0.0,0.0,0.0,0.0,0,0.0,0,0.0,0.0,0.0,0.0,0.0,0.0,170.0,21.0,1,1,1.0,200,580,2.0,410.0,496.0,31.0,79.7,,116.18020629882812,4,False,False,False,True,False,False,False,False,False,False
230,230,0.04,0.32,1.01,0.01,0.01,0.0,0.24,0.0,0.0,0.0,0.0,0.0,0,0.0,0,0.0,0.0,0.0,0.0,0.0,0.0,170.0,21.0,1,1,1.0,200,250,14.0,463.0,532.0,30.0,77.8,,125.7721176147461,4,False,False,False,True,False,False,False,False,False,False
231,231,0.04,0.32,1.01,0.01,0.01,0.0,0.24,0.0,0.0,0.0,0.0,0.0,0,0.0,0,0.0,0.0,0.0,0.0,0.0,0.0,170.0,21.0,1,1,1.0,200,580,2.0,426.0,519.0,29.8,78.8,,120.9866943359375,4,False,False,False,True,False,False,False,False,False,False
232,232,0.04,0.32,1.01,0.01,0.01,0.0,0.24,0.0,0.0,0.0,0.0,0.0,0,0.0,0,0.0,0.0,0.0,0.0,0.0,0.0,170.0,21.0,1,1,1.0,200,0,0.0,453.94915771484375,527.3792724609375,29.55877685546875,78.20259094238281,,116.83605194091797,0,False,False,False,True,False,False,False,False,False,False
233,233,0.04,0.32,1.45,0.01,0.01,0.0,0.24,0.0,0.0,0.0,0.0,0.0,0,0.0,0,0.0,0.0,0.0,0.0,0.0,0.0,170.0,21.0,1,1,1.0,200,250,14.0,500.0,575.0,28.0,78.8,,119.12991333007812,4,False,False,False,True,False,False,False,False,False,False
234,234,0.04,0.32,1.45,0.01,0.01,0.0,0.24,0.0,0.0,0.0,0.0,0.0,0,0.0,0,0.0,0.0,0.0,0.0,0.0,0.0,170.0,21.0,1,1,1.0,200,580,2.0,468.0,559.0,28.0,76.9,,113.88025665283203,4,False,False,False,True,False,False,False,False,False,False
235,235,0.05,0.33,1.85,0.01,0.01,0.0,0.26,0.0,0.0,0.0,0.0,0.0,0,0.0,0,0.0,0.0,0.0,0.0,0.0,0.0,170.0,21.0,1,1,1.0,200,250,14.0,567.0,622.0,26.0,75.0,,108.562744140625,4,False,False,False,True,False,False,False,False,False,False
236,236,0.05,0.33,1.85,0.01,0.01,0.0,0.26,0.0,0.0,0.0,0.0,0.0,0,0.0,0,0.0,0.0,0.0,0.0,0.0,0.0,170.0,21.0,1,1,1.0,200,580,2.0,535.0,620.0,27.0,74.0,,103.83399200439453,4,False,False,False,True,False,False,False,False,False,False
237,237,0.05,0.33,1.85,0.01,0.01,0.0,0.26,0.0,0.0,0.0,0.0,0.0,0,0.0,0,0.0,0.0,0.0,0.0,0.0,0.0,170.0,21.0,1,1,1.0,200,0,0.0,554.258056640625,646.7467651367188,26.202449798583984,74.05184173583984,,100.41997528076172,0,False,False,False,True,False,False,False,False,False,False
238,238,0.04,0.33,0.6,0.01,0.01,0.0,0.51,0.0,0.0,0.0,0.0,0.0,0,0.0,0,0.0,0.0,0.0,0.0,0.0,0.0,170.0,21.0,1,1,1.0,200,250,14.0,446.0,510.0,32.2,78.8,,118.3208999633789,4,False,False,False,True,False,False,False,False,False,False
239,239,0.04,0.33,0.6,0.01,0.01,0.0,0.51,0.0,0.0,0.0,0.0,0.0,0,0.0,0,0.0,0.0,0.0,0.0,0.0,0.0,170.0,21.0,1,1,1.0,200,580,2.0,417.0,496.0,29.0,78.8,256.15,100.0,4,False,False,False,True,False,False,False,False,False,False
240,240,0.04,0.33,0.6,0.01,0.01,0.0,0.51,0.0,0.0,0.0,0.0,0.0,0,0.0,0,0.0,0.0,0.0,0.0,0.0,0.0,170.0,21.0,1,1,1.0,200,0,0.0,439.4439392089844,507.8335266113281,29.92793083190918,78.34877014160156,256.15,100.0,0,False,False,False,True,False,False,False,False,False,False
241,241,0.04,0.31,0.95,0.01,0.01,0.0,0.53,0.0,0.0,0.0,0.0,0.0,0,0.0,0,0.0,0.0,0.0,0.0,0.0,0.0,170.0,21.0,1,1,1.0,200,250,14.0,494.0,545.0,29.6,77.0,,125.24126434326172,4,False,False,False,True,False,False,False,False,False,False
242,242,0.04,0.31,0.95,0.01,0.01,0.0,0.53,0.0,0.0,0.0,0.0,0.0,0,0.0,0,0.0,0.0,0.0,0.0,0.0,0.0,170.0,21.0,1,1,1.0,200,580,2.0,460.0,536.0,28.8,77.0,238.15,100.0,4,False,False,False,True,False,False,False,False,False,False
243,243,0.04,0.31,0.95,0.01,0.01,0.0,0.53,0.0,0.0,0.0,0.0,0.0,0,0.0,0,0.0,0.0,0.0,0.0,0.0,0.0,170.0,21.0,1,1,1.0,200,0,0.0,467.0537414550781,523.6155395507812,28.586782455444336,77.47712707519531,228.15,100.0,0,False,False,False,True,False,False,False,False,False,False
244,244,0.05,0.33,1.42,0.01,0.01,0.0,0.53,0.0,0.0,0.0,0.0,0.0,0,0.0,0,0.0,0.0,0.0,0.0,0.0,0.0,170.0,21.0,1,1,1.0,200,250,14.0,543.0,603.0,28.2,77.0,,109.75127410888672,4,False,False,False,True,False,False,False,False,False,False
245,245,0.05,0.33,1.42,0.01,0.01,0.0,0.53,0.0,0.0,0.0,0.0,0.0,0,0.0,0,0.0,0.0,0.0,0.0,0.0,0.0,170.0,21.0,1,1,1.0,200,580,2.0,514.0,600.0,25.8,76.0,238.15,100.0,4,False,False,False,True,False,False,False,False,False,False
246,246,0.05,0.33,1.42,0.01,0.01,0.0,0.53,0.0,0.0,0.0,0.0,0.0,0,0.0,0,0.0,0.0,0.0,0.0,0.0,0.0,170.0,21.0,1,1,1.0,200,0,0.0,523.3897094726562,593.96923828125,27.129623413085938,76.01671600341797,229.15,100.0,0,False,False,False,True,False,False,False,False,False,False
247,247,0.05,0.33,1.83,0.01,0.01,0.0,0.52,0.0,0.0,0.0,0.0,0.0,0,0.0,0,0.0,0.0,0.0,0.0,0.0,0.0,170.0,21.0,1,1,1.0,200,250,14.0,617.0,674.0,23.0,70.2,,108.72515869140625,4,False,False,False,True,False,False,False,False,False,False
248,248,0.05,0.33,1.83,0.01,0.01,0.0,0.52,0.0,0.0,0.0,0.0,0.0,0,0.0,0,0.0,0.0,0.0,0.0,0.0,0.0,170.0,21.0,1,1,1.0,200,580,2.0,570.0,650.0,24.0,68.7,271.15,100.0,4,False,False,False,True,False,False,False,False,False,False
249,249,0.05,0.33,1.83,0.01,0.01,0.0,0.52,0.0,0.0,0.0,0.0,0.0,0,0.0,0,0.0,0.0,0.0,0.0,0.0,0.0,170.0,21.0,1,1,1.0,200,0,0.0,573.4118041992188,656.6719970703125,25.23788833618164,71.75444030761719,238.15,100.0,0,False,False,False,True,False,False,False,False,False,False
250,250,0.04,0.3,0.59,0.01,0.01,0.0,1.0,0.0,0.0,0.0,0.0,0.0,0,0.0,0,0.0,0.0,0.0,0.0,0.0,0.0,170.0,21.0,1,1,1.0,200,250,14.0,472.0,531.0,25.8,77.8,,120.10440063476562,4,False,False,False,True,False,False,False,False,False,False
251,251,0.04,0.3,0.59,0.01,0.01,0.0,1.0,0.0,0.0,0.0,0.0,0.0,0,0.0,0,0.0,0.0,0.0,0.0,0.0,0.0,170.0,21.0,1,1,1.0,200,580,2.0,427.0,514.0,29.2,77.9,261.15,100.0,4,False,False,False,True,False,False,False,False,False,False
252,252,0.04,0.3,0.59,0.01,0.01,0.0,1.0,0.0,0.0,0.0,0.0,0.0,0,0.0,0,0.0,0.0,0.0,0.0,0.0,0.0,170.0,21.0,1,1,1.0,200,0,0.0,455.3433837890625,524.2625122070312,27.439584732055664,77.6964111328125,263.15,100.0,0,False,False,False,True,False,False,False,False,False,False
253,253,0.04,0.32,0.97,0.01,0.01,0.0,1.04,0.0,0.0,0.0,0.0,0.0,0,0.0,0,0.0,0.0,0.0,0.0,0.0,0.0,170.0,21.0,1,1,1.0,200,250,14.0,531.0,592.0,24.6,76.0,,123.83932495117188,4,False,False,False,True,False,False,False,False,False,False
254,254,0.04,0.32,0.97,0.01,0.01,0.0,1.04,0.0,0.0,0.0,0.0,0.0,0,0.0,0,0.0,0.0,0.0,0.0,0.0,0.0,170.0,21.0,1,1,1.0,200,580,2.0,471.0,568.0,26.2,77.0,242.15,100.0,4,False,False,False,True,False,False,False,False,False,False
255,255,0.04,0.32,0.97,0.01,0.01,0.0,1.04,0.0,0.0,0.0,0.0,0.0,0,0.0,0,0.0,0.0,0.0,0.0,0.0,0.0,170.0,21.0,1,1,1.0,200,0,0.0,490.71417236328125,566.178955078125,26.55739402770996,76.88285064697266,231.15,100.0,0,False,False,False,True,False,False,False,False,False,False
256,256,0.05,0.33,1.37,0.01,0.01,0.0,1.08,0.0,0.0,0.0,0.0,0.0,0,0.0,0,0.0,0.0,0.0,0.0,0.0,0.0,170.0,21.0,1,1,1.0,200,250,14.0,626.0,676.0,24.4,70.9,,111.44158172607422,4,False,False,False,True,False,False,False,False,False,False
257,257,0.05,0.33,1.37,0.01,0.01,0.0,1.08,0.0,0.0,0.0,0.0,0.0,0,0.0,0,0.0,0.0,0.0,0.0,0.0,0.0,170.0,21.0,1,1,1.0,200,580,2.0,548.0,630.0,26.0,72.0,256.15,100.0,4,False,False,False,True,False,False,False,False,False,False
258,258,0.05,0.33,1.37,0.01,0.01,0.0,1.08,0.0,0.0,0.0,0.0,0.0,0,0.0,0,0.0,0.0,0.0,0.0,0.0,0.0,170.0,21.0,1,1,1.0,200,0,0.0,538.275390625,635.475830078125,24.762239456176758,72.91871643066406,233.15,100.0,0,False,False,False,True,False,False,False,False,False,False
259,259,0.05,0.33,1.81,0.01,0.01,0.0,1.1,0.0,0.0,0.0,0.0,0.0,0,0.0,0,0.0,0.0,0.0,0.0,0.0,0.0,170.0,21.0,1,1,1.0,200,250,14.0,692.0,723.0,21.6,70.9,,109.58969116210938,4,False,False,False,True,False,False,False,False,False,False
260,260,0.05,0.33,1.81,0.01,0.01,0.0,1.1,0.0,0.0,0.0,0.0,0.0,0,0.0,0,0.0,0.0,0.0,0.0,0.0,0.0,170.0,21.0,1,1,1.0,200,580,2.0,592.0,671.0,22.8,72.0,301.15,100.0,4,False,False,False,True,False,False,False,False,False,False
261,261,0.05,0.33,1.81,0.01,0.01,0.0,1.1,0.0,0.0,0.0,0.0,0.0,0,0.0,0,0.0,0.0,0.0,0.0,0.0,0.0,170.0,21.0,1,1,1.0,200,0,0.0,605.8343505859375,681.7633056640625,22.470478057861328,70.42536926269531,245.15,100.0,0,False,False,False,True,False,False,False,False,False,False
262,262,0.04,0.27,0.59,0.01,0.01,0.0,2.34,0.0,0.0,0.0,0.0,0.0,0,0.0,0,0.0,0.0,0.0,0.0,0.0,0.0,170.0,21.0,1,1,1.0,200,250,14.0,587.0,652.0,21.4,72.0,,116.25674438476562,4,False,False,False,True,False,False,False,False,False,False
263,263,0.04,0.27,0.59,0.01,0.01,0.0,2.34,0.0,0.0,0.0,0.0,0.0,0,0.0,0,0.0,0.0,0.0,0.0,0.0,0.0,170.0,21.0,1,1,1.0,200,580,2.0,534.0,619.0,22.0,75.0,273.15,100.0,4,False,False,False,True,False,False,False,False,False,False
264,264,0.04,0.27,0.59,0.01,0.01,0.0,2.34,0.0,0.0,0.0,0.0,0.0,0,0.0,0,0.0,0.0,0.0,0.0,0.0,0.0,170.0,21.0,1,1,1.0,200,0,0.0,567.4216918945312,647.7599487304688,21.616046905517578,73.0088882446289,282.15,100.0,0,False,False,False,True,False,False,False,False,False,False
265,265,0.05,0.3,0.93,0.01,0.01,0.0,2.38,0.0,0.0,0.0,0.0,0.0,0,0.0,0,0.0,0.0,0.0,0.0,0.0,0.0,170.0,21.0,1,1,1.0,200,250,14.0,655.0,722.0,19.6,67.5,,118.6983642578125,4,False,False,False,True,False,False,False,False,False,False
266,266,0.05,0.3,0.93,0.01,0.01,0.0,2.38,0.0,0.0,0.0,0.0,0.0,0,0.0,0,0.0,0.0,0.0,0.0,0.0,0.0,170.0,21.0,1,1,1.0,200,580,2.0,605.0,683.0,19.8,71.9,270.15,100.0,4,False,False,False,True,False,False,False,False,False,False
267,267,0.05,0.3,0.93,0.01,0.01,0.0,2.38,0.0,0.0,0.0,0.0,0.0,0,0.0,0,0.0,0.0,0.0,0.0,0.0,0.0,170.0,21.0,1,1,1.0,200,0,0.0,647.7630615234375,722.2960205078125,19.881668090820312,69.01203155517578,289.15,100.0,0,False,False,False,True,False,False,False,False,False,False
268,268,0.05,0.31,1.29,0.01,0.01,0.0,2.32,0.0,0.0,0.0,0.0,0.0,0,0.0,0,0.0,0.0,0.0,0.0,0.0,0.0,170.0,21.0,1,1,1.0,200,250,14.0,738.0,789.0,20.0,67.0,,113.7542495727539,4,False,False,False,True,False,False,False,False,False,False
269,269,0.05,0.31,1.29,0.01,0.01,0.0,2.32,0.0,0.0,0.0,0.0,0.0,0,0.0,0,0.0,0.0,0.0,0.0,0.0,0.0,170.0,21.0,1,1,1.0,200,580,2.0,662.0,731.0,18.6,68.7,301.15,100.0,4,False,False,False,True,False,False,False,False,False,False
270,270,0.05,0.31,1.29,0.01,0.01,0.0,2.32,0.0,0.0,0.0,0.0,0.0,0,0.0,0,0.0,0.0,0.0,0.0,0.0,0.0,170.0,21.0,1,1,1.0,200,0,0.0,689.9107666015625,789.8226928710938,19.485746383666992,68.50020599365234,282.15,100.0,0,False,False,False,True,False,False,False,False,False,False
271,271,0.05,0.33,1.72,0.01,0.01,0.0,2.36,0.0,0.0,0.0,0.0,0.0,0,0.0,0,0.0,0.0,0.0,0.0,0.0,0.0,170.0,21.0,1,1,1.0,200,250,14.0,808.0,865.0,18.2,65.2,,106.82354736328125,4,False,False,False,True,False,False,False,False,False,False
272,272,0.05,0.33,1.72,0.01,0.01,0.0,2.36,0.0,0.0,0.0,0.0,0.0,0,0.0,0,0.0,0.0,0.0,0.0,0.0,0.0,170.0,21.0,1,1,1.0,200,580,2.0,697.0,757.0,19.6,69.7,,101.92693328857422,4,False,False,False,True,False,False,False,False,False,False
273,273,0.05,0.33,1.72,0.01,0.01,0.0,2.36,0.0,0.0,0.0,0.0,0.0,0,0.0,0,0.0,0.0,0.0,0.0,0.0,0.0,170.0,21.0,1,1,1.0,200,0,0.0,735.8953247070312,837.485595703125,18.959552764892578,67.06092071533203,297.15,100.0,0,False,False,False,True,False,False,False,False,False,False
274,274,0.07,0.3,1.36,0.01,0.01,0.0,0.0,0.0,0.0,0.0,0.0,0.0,432,37.0,67,4.79,4.59,4.99,0.0,0.0,0.0,170.0,21.0,1,1,1.0,200,250,14.0,468.0,529.0,32.6,80.7,,108.13590240478516,4,False,False,False,True,False,False,False,False,False,False
275,275,0.07,0.3,1.36,0.01,0.01,0.0,0.0,0.0,0.0,0.0,0.0,0.0,432,37.0,67,4.85,4.72,4.96,0.0,0.0,0.0,170.0,21.0,1,1,1.0,200,0,0.0,435.1935119628906,513.2655639648438,31.523828506469727,78.50627899169922,174.14999999999998,28.0,0,False,False,False,True,False,False,False,False,False,False
276,276,0.07,0.3,1.36,0.01,0.01,0.0,0.0,0.0,0.0,0.0,0.0,0.0,432,37.0,67,4.7,4.7,4.63,0.0,0.0,0.0,170.0,21.0,1,1,1.0,200,0,0.0,436.2763366699219,515.848388671875,31.736297607421875,78.98388671875,201.15,100.0,0,False,False,False,True,False,False,False,False,False,False
277,277,0.07,0.3,1.36,0.01,0.01,0.0,0.0,0.0,0.0,0.0,0.0,0.0,432,37.0,67,4.83,4.67,4.75,0.0,0.0,0.0,170.0,21.0,1,1,1.0,200,0,0.0,457.87579345703125,541.7431640625,30.523639678955078,78.96099853515625,,110.31401062011719,0,False,False,False,True,False,False,False,False,False,False
278,278,0.07,0.3,1.36,0.01,0.01,0.0,0.0,0.0,0.0,0.0,0.0,0.0,432,37.0,67,4.57,4.69,4.89,0.0,0.0,0.0,170.0,21.0,1,1,1.0,200,580,2.0,393.0,500.0,31.8,77.0,,112.04241943359375,4,False,False,False,True,False,False,False,False,False,False
279,279,0.07,0.3,1.36,0.01,0.01,0.0,0.0,0.0,0.0,0.0,0.0,0.0,432,37.0,67,2.6,4.79,4.98,0.0,0.0,0.0,170.0,21.0,1,1,1.0,200,580,2.0,396.3171691894531,502.6627197265625,31.980430603027344,78.81013488769531,173.14999999999998,28.0,0,False,False,False,True,False,False,False,False,False,False
280,280,0.07,0.3,1.36,0.01,0.01,0.0,0.0,0.0,0.0,0.0,0.0,0.0,432,37.0,67,4.84,2.84,4.97,0.0,0.0,0.0,170.0,21.0,1,1,1.0,200,580,2.0,401.8641662597656,504.1593322753906,32.317955017089844,78.8185043334961,195.15,100.0,0,False,False,False,True,False,False,False,False,False,False
281,281,0.07,0.33,1.39,0.01,0.01,0.0,0.0,0.0,0.0,0.0,0.0,0.0,427,39.0,66,20.0,2.61,4.81,0.0,0.0,0.0,170.0,21.0,1,1,1.0,200,250,14.0,475.0,536.0,33.4,80.7,,113.07481384277344,4,False,False,False,True,False,False,False,False,False,False
282,282,0.07,0.33,1.39,0.01,0.01,0.0,0.0,0.0,0.0,0.0,0.0,0.0,427,39.0,66,20.0,4.69,4.83,0.0,0.0,0.0,170.0,21.0,1,1,1.0,200,0,0.0,437.86029052734375,516.5731811523438,30.928024291992188,78.62044525146484,178.14999999999998,28.0,0,False,False,False,True,False,False,False,False,False,False
283,283,0.07,0.33,1.39,0.01,0.01,0.0,0.0,0.0,0.0,0.0,0.0,0.0,427,39.0,66,20.0,4.68,4.77,0.0,0.0,0.0,170.0,21.0,1,1,1.0,200,0,0.0,440.6121520996094,518.0496215820312,31.229454040527344,78.69313049316406,203.15,100.0,0,False,False,False,True,False,False,False,False,False,False
284,284,0.07,0.33,1.39,0.01,0.01,0.0,0.0,0.0,0.0,0.0,0.0,0.0,427,39.0,66,20.0,2.49,4.93,0.0,0.0,0.0,170.0,21.0,1,1,1.0,200,580,2.0,387.0,493.0,32.5,80.7,,114.54612731933594,4,False,False,False,True,False,False,False,False,False,False
285,285,0.07,0.33,1.39,0.01,0.01,0.0,0.0,0.0,0.0,0.0,0.0,0.0,427,39.0,66,20.0,2.58,4.66,0.0,0.0,0.0,170.0,21.0,1,1,1.0,200,580,2.0,403.30401611328125,499.7138366699219,32.0155029296875,78.92169952392578,195.15,100.0,0,False,False,False,True,False,False,False,False,False,False
286,286,0.08,0.32,1.39,0.01,0.01,0.0,0.0,0.0,0.0,0.0,0.0,0.0,436,42.0,66,44.0,4.83,4.83,0.0,0.0,0.0,170.0,21.0,1,1,1.0,200,250,14.0,478.0,541.0,30.4,78.9,,109.72748565673828,4,False,False,False,True,False,False,False,False,False,False
287,287,0.08,0.32,1.39,0.01,0.01,0.0,0.0,0.0,0.0,0.0,0.0,0.0,436,42.0,66,44.0,4.98,4.99,0.0,0.0,0.0,170.0,21.0,1,1,1.0,200,0,0.0,430.2205810546875,511.8515930175781,30.12729263305664,78.6684341430664,185.15,28.0,0,False,False,False,True,False,False,False,False,False,False
288,288,0.08,0.32,1.39,0.01,0.01,0.0,0.0,0.0,0.0,0.0,0.0,0.0,436,42.0,66,44.0,4.94,4.95,0.0,0.0,0.0,170.0,21.0,1,1,1.0,200,0,0.0,435.6244201660156,511.65673828125,29.907960891723633,79.0293960571289,213.15,100.0,0,False,False,False,True,False,False,False,False,False,False
289,289,0.08,0.32,1.39,0.01,0.01,0.0,0.0,0.0,0.0,0.0,0.0,0.0,436,42.0,66,44.0,4.74,4.92,0.0,0.0,0.0,170.0,21.0,1,1,1.0,200,580,2.0,398.0,499.0,32.8,80.7,,111.06425476074219,4,False,False,False,True,False,False,False,False,False,False
290,290,0.08,0.32,1.39,0.01,0.01,0.0,0.0,0.0,0.0,0.0,0.0,0.0,436,42.0,66,44.0,4.79,4.82,0.0,0.0,0.0,170.0,21.0,1,1,1.0,200,580,2.0,395.3153381347656,487.9939270019531,31.48427963256836,79.13624572753906,179.14999999999998,28.0,0,False,False,False,True,False,False,False,False,False,False
291,291,0.08,0.32,1.39,0.01,0.01,0.0,0.0,0.0,0.0,0.0,0.0,0.0,436,42.0,66,44.0,4.85,4.77,0.0,0.0,0.0,170.0,21.0,1,1,1.0,200,580,2.0,397.05279541015625,488.05877685546875,31.06484603881836,79.21492767333984,198.15,100.0,0,False,False,False,True,False,False,False,False,False,False
292,292,0.08,0.33,1.41,0.01,0.01,0.0,0.0,0.0,0.0,0.0,0.0,0.0,432,43.0,61,78.0,4.74,3.21,0.0,0.0,0.0,170.0,21.0,1,1,1.0,200,250,14.0,478.0,540.0,31.2,80.7,,110.18265533447266,4,False,False,False,True,False,False,False,False,False,False
293,293,0.08,0.33,1.41,0.01,0.01,0.0,0.0,0.0,0.0,0.0,0.0,0.0,432,43.0,61,78.0,4.59,4.82,0.0,0.0,0.0,170.0,21.0,1,1,1.0,200,0,0.0,448.5178527832031,526.8840942382812,30.51288414001465,78.88201904296875,196.15,28.0,0,False,False,False,True,False,False,False,False,False,False
294,294,0.08,0.33,1.41,0.01,0.01,0.0,0.0,0.0,0.0,0.0,0.0,0.0,432,43.0,61,78.0,4.9,4.65,0.0,0.0,0.0,170.0,21.0,1,1,1.0,200,0,0.0,451.7771911621094,526.1839599609375,29.903966903686523,79.30899047851562,218.15,100.0,0,False,False,False,True,False,False,False,False,False,False
295,295,0.08,0.33,1.41,0.01,0.01,0.0,0.0,0.0,0.0,0.0,0.0,0.0,432,43.0,61,78.0,2.38,4.88,0.0,0.0,0.0,170.0,21.0,1,1,1.0,200,0,0.0,463.1933898925781,544.5228271484375,29.511024475097656,78.54523468017578,,106.56290435791016,0,False,False,False,True,False,False,False,False,False,False
296,296,0.08,0.33,1.41,0.01,0.01,0.0,0.0,0.0,0.0,0.0,0.0,0.0,432,43.0,61,78.0,4.83,4.68,0.0,0.0,0.0,170.0,21.0,1,1,1.0,200,580,2.0,391.0,504.0,31.8,78.9,,110.62936401367188,4,False,False,False,True,False,False,False,False,False,False
297,297,0.08,0.33,1.41,0.01,0.01,0.0,0.0,0.0,0.0,0.0,0.0,0.0,432,43.0,61,78.0,4.77,4.82,0.0,0.0,0.0,170.0,21.0,1,1,1.0,200,580,2.0,408.8878173828125,500.3187561035156,31.253070831298828,79.03618621826172,184.15,28.0,0,False,False,False,True,False,False,False,False,False,False
298,298,0.08,0.33,1.41,0.01,0.01,0.0,0.0,0.0,0.0,0.0,0.0,0.0,432,43.0,61,78.0,4.85,4.69,0.0,0.0,0.0,170.0,21.0,1,1,1.0,200,580,2.0,416.3433532714844,504.4416198730469,30.980079650878906,79.16454315185547,205.15,100.0,0,False,False,False,True,False,False,False,False,False,False
299,299,0.08,0.37,1.42,0.01,0.01,0.0,0.0,0.0,0.0,0.0,0.0,0.0,439,43.0,54,120.0,4.71,4.62,0.0,0.0,0.0,170.0,21.0,1,1,1.0,200,250,14.0,480.0,543.0,29.0,78.9,,109.54422760009766,4,False,False,False,True,False,False,False,False,False,False
300,300,0.08,0.37,1.42,0.01,0.01,0.0,0.0,0.0,0.0,0.0,0.0,0.0,439,43.0,54,120.0,2.59,4.54,0.0,0.0,0.0,170.0,21.0,1,1,1.0,200,0,0.0,441.9794921875,531.1589965820312,30.315921783447266,78.7430419921875,187.15,28.0,0,False,False,False,True,False,False,False,False,False,False
301,301,0.08,0.37,1.42,0.01,0.01,0.0,0.0,0.0,0.0,0.0,0.0,0.0,439,43.0,54,120.0,4.9,2.38,0.0,0.0,0.0,170.0,21.0,1,1,1.0,200,0,0.0,470.5218505859375,552.7041625976562,29.491117477416992,78.56046295166016,245.15,100.0,0,False,False,False,True,False,False,False,False,False,False
302,302,0.08,0.37,1.42,0.01,0.01,0.0,0.0,0.0,0.0,0.0,0.0,0.0,439,43.0,54,120.0,2.25,4.86,0.0,0.0,0.0,170.0,21.0,1,1,1.0,200,580,2.0,397.0,518.0,31.0,79.8,,109.73321533203125,4,False,False,False,True,False,False,False,False,False,False
303,303,0.08,0.37,1.42,0.01,0.01,0.0,0.0,0.0,0.0,0.0,0.0,0.0,439,43.0,54,120.0,4.98,4.79,0.0,0.0,0.0,170.0,21.0,1,1,1.0,200,580,2.0,396.62384033203125,501.83721923828125,30.58994483947754,79.16931915283203,182.15,28.0,0,False,False,False,True,False,False,False,False,False,False
304,304,0.08,0.37,1.42,0.01,0.01,0.0,0.0,0.0,0.0,0.0,0.0,0.0,439,43.0,54,120.0,2.73,2.53,0.0,0.0,0.0,170.0,21.0,1,1,1.0,200,580,2.0,406.6478576660156,511.10003662109375,30.76956558227539,79.00071716308594,204.15,100.0,0,False,False,False,True,False,False,False,False,False,False
305,305,0.08,0.37,1.36,0.0,0.01,0.0,0.0,0.0,0.0,0.0,0.0,0.0,422,36.0,54,190.0,3.14,4.51,0.0,0.0,0.0,170.0,21.0,1,1,1.0,200,250,14.0,485.0,549.0,31.4,79.8,,111.71810150146484,4,False,False,False,True,False,False,False,False,False,False
306,306,0.08,0.37,1.36,0.0,0.01,0.0,0.0,0.0,0.0,0.0,0.0,0.0,422,36.0,54,190.0,4.96,4.78,0.0,0.0,0.0,170.0,21.0,1,1,1.0,200,0,0.0,436.2135925292969,521.3204345703125,30.5938663482666,78.84586334228516,187.15,28.0,0,False,False,False,True,False,False,False,False,False,False
307,307,0.08,0.37,1.36,0.0,0.01,0.0,0.0,0.0,0.0,0.0,0.0,0.0,422,36.0,54,190.0,2.28,4.91,0.0,0.0,0.0,170.0,21.0,1,1,1.0,200,0,0.0,436.2888488769531,527.1602172851562,30.49716567993164,78.46266174316406,215.15,100.0,0,False,False,False,True,False,False,False,False,False,False
308,308,0.08,0.37,1.36,0.0,0.01,0.0,0.0,0.0,0.0,0.0,0.0,0.0,422,36.0,54,190.0,2.5,4.49,0.0,0.0,0.0,170.0,21.0,1,1,1.0,200,0,0.0,456.7821960449219,549.091064453125,29.74228858947754,78.62353515625,,109.46915435791016,0,False,False,False,True,False,False,False,False,False,False
309,309,0.08,0.37,1.36,0.0,0.01,0.0,0.0,0.0,0.0,0.0,0.0,0.0,422,36.0,54,190.0,2.48,4.62,0.0,0.0,0.0,170.0,21.0,1,1,1.0,200,580,2.0,403.0,519.0,29.1,78.9,,113.3143081665039,4,False,False,False,True,False,False,False,False,False,False
310,310,0.08,0.37,1.36,0.0,0.01,0.0,0.0,0.0,0.0,0.0,0.0,0.0,422,36.0,54,190.0,2.41,4.95,0.0,0.0,0.0,170.0,21.0,1,1,1.0,200,580,2.0,396.6392517089844,504.5955505371094,31.09769058227539,78.49534606933594,181.15,28.0,0,False,False,False,True,False,False,False,False,False,False
311,311,0.08,0.37,1.36,0.0,0.01,0.0,0.0,0.0,0.0,0.0,0.0,0.0,422,36.0,54,190.0,4.68,4.81,0.0,0.0,0.0,170.0,21.0,1,1,1.0,200,580,2.0,397.8587951660156,502.19378662109375,31.759719848632812,78.95590209960938,199.15,100.0,0,False,False,False,True,False,False,False,False,False,False
312,312,0.08,0.44,1.31,0.0,0.01,0.0,0.0,0.0,0.0,0.0,0.0,0.0,431,36.0,52,340.0,4.69,2.03,0.0,0.0,0.0,170.0,21.0,1,1,1.0,200,250,14.0,491.0,564.0,28.2,78.9,,109.82418823242188,4,False,False,False,True,False,False,False,False,False,False
313,313,0.08,0.44,1.31,0.0,0.01,0.0,0.0,0.0,0.0,0.0,0.0,0.0,431,36.0,52,340.0,4.75,4.68,0.0,0.0,0.0,170.0,21.0,1,1,1.0,200,0,0.0,420.3149719238281,522.03515625,30.272674560546875,78.63414764404297,185.15,28.0,0,False,False,False,True,False,False,False,False,False,False
314,314,0.08,0.44,1.31,0.0,0.01,0.0,0.0,0.0,0.0,0.0,0.0,0.0,431,36.0,52,340.0,4.91,4.78,0.0,0.0,0.0,170.0,21.0,1,1,1.0,200,0,0.0,425.34552001953125,524.3400268554688,29.860971450805664,78.60582733154297,210.15,100.0,0,False,False,False,True,False,False,False,False,False,False
315,315,0.08,0.44,1.31,0.0,0.01,0.0,0.0,0.0,0.0,0.0,0.0,0.0,431,36.0,52,340.0,4.59,2.33,0.0,0.0,0.0,170.0,21.0,1,1,1.0,200,0,0.0,459.68975830078125,557.31591796875,28.44221305847168,78.59886169433594,,107.49899291992188,0,False,False,False,True,False,False,False,False,False,False
316,316,0.08,0.44,1.31,0.0,0.01,0.0,0.0,0.0,0.0,0.0,0.0,0.0,431,36.0,52,340.0,4.88,2.22,0.0,0.0,0.0,170.0,21.0,1,1,1.0,200,580,2.0,409.0,528.0,31.0,78.9,,111.7641830444336,4,False,False,False,True,False,False,False,False,False,False
317,317,0.08,0.44,1.31,0.0,0.01,0.0,0.0,0.0,0.0,0.0,0.0,0.0,431,36.0,52,340.0,4.97,4.83,0.0,0.0,0.0,170.0,21.0,1,1,1.0,200,580,2.0,369.9165954589844,498.3214416503906,30.63086700439453,79.17535400390625,183.15,28.0,0,False,False,False,True,False,False,False,False,False,False
318,318,0.08,0.44,1.31,0.0,0.01,0.0,0.0,0.0,0.0,0.0,0.0,0.0,431,36.0,52,340.0,4.97,4.95,0.0,0.0,0.0,170.0,21.0,1,1,1.0,200,580,2.0,373.21221923828125,497.8151550292969,30.740949630737305,78.79409790039062,199.15,100.0,0,False,False,False,True,False,False,False,False,False,False
319,319,0.08,0.51,1.3,0.0,0.01,0.0,0.0,0.0,0.0,0.0,0.0,0.0,423,43.0,50,490.0,4.95,4.75,0.0,0.0,0.0,170.0,21.0,1,1,1.0,200,250,14.0,485.0,560.0,25.2,78.9,,105.97138214111328,4,False,False,False,True,False,False,False,False,False,False
320,320,0.08,0.51,1.3,0.0,0.01,0.0,0.0,0.0,0.0,0.0,0.0,0.0,423,43.0,50,490.0,4.69,4.91,0.0,0.0,0.0,170.0,21.0,1,1,1.0,200,0,0.0,416.87774658203125,522.892333984375,28.19036293029785,78.00633239746094,183.15,28.0,0,False,False,False,True,False,False,False,False,False,False
321,321,0.08,0.51,1.3,0.0,0.01,0.0,0.0,0.0,0.0,0.0,0.0,0.0,423,43.0,50,490.0,4.97,4.75,0.0,0.0,0.0,170.0,21.0,1,1,1.0,200,0,0.0,427.1521301269531,525.21484375,27.857149124145508,78.8856430053711,218.15,100.0,0,False,False,False,True,False,False,False,False,False,False
322,322,0.08,0.51,1.3,0.0,0.01,0.0,0.0,0.0,0.0,0.0,0.0,0.0,423,43.0,50,490.0,4.49,4.83,0.0,0.0,0.0,170.0,21.0,1,1,1.0,200,0,0.0,460.34429931640625,557.286376953125,26.005022048950195,78.3370590209961,,102.04173278808594,0,False,False,False,True,False,False,False,False,False,False
323,323,0.08,0.51,1.3,0.0,0.01,0.0,0.0,0.0,0.0,0.0,0.0,0.0,423,43.0,50,490.0,2.61,4.58,0.0,0.0,0.0,170.0,21.0,1,1,1.0,200,580,2.0,417.0,528.0,29.0,78.9,,106.96763610839844,4,False,False,False,True,False,False,False,False,False,False
324,324,0.08,0.51,1.3,0.0,0.01,0.0,0.0,0.0,0.0,0.0,0.0,0.0,423,43.0,50,490.0,4.81,4.71,0.0,0.0,0.0,170.0,21.0,1,1,1.0,200,580,2.0,376.767333984375,502.52032470703125,29.68016242980957,78.76602935791016,189.15,28.0,0,False,False,False,True,False,False,False,False,False,False
325,325,0.08,0.51,1.3,0.0,0.01,0.0,0.0,0.0,0.0,0.0,0.0,0.0,423,43.0,50,490.0,4.88,2.23,0.0,0.0,0.0,170.0,21.0,1,1,1.0,200,580,2.0,383.68603515625,507.45513916015625,29.57836151123047,78.7853775024414,204.15,100.0,0,False,False,False,True,False,False,False,False,False,False
326,326,0.08,0.57,1.32,0.0,0.01,0.0,0.0,0.0,0.0,0.0,0.0,0.0,422,38.0,48,610.0,4.86,2.71,0.0,0.0,0.0,170.0,21.0,1,1,1.0,200,250,14.0,491.0,570.0,29.2,77.0,,101.542724609375,4,False,False,False,True,False,False,False,False,False,False
327,327,0.08,0.57,1.32,0.0,0.01,0.0,0.0,0.0,0.0,0.0,0.0,0.0,422,38.0,48,610.0,2.69,2.97,0.0,0.0,0.0,170.0,21.0,1,1,1.0,200,0,0.0,442.847900390625,538.7244262695312,29.44022560119629,76.68622589111328,199.15,28.0,0,False,False,False,True,False,False,False,False,False,False
328,328,0.08,0.57,1.32,0.0,0.01,0.0,0.0,0.0,0.0,0.0,0.0,0.0,422,38.0,48,610.0,4.93,3.13,0.0,0.0,0.0,170.0,21.0,1,1,1.0,200,0,0.0,476.29180908203125,565.803955078125,28.177860260009766,76.92987060546875,235.15,100.0,0,False,False,False,True,False,False,False,False,False,False
329,329,0.08,0.57,1.32,0.0,0.01,0.0,0.0,0.0,0.0,0.0,0.0,0.0,422,38.0,48,610.0,4.86,4.66,0.0,0.0,0.0,170.0,21.0,1,1,1.0,200,0,0.0,477.0185241699219,571.2564086914062,28.107219696044922,76.70768737792969,,99.72286224365234,0,False,False,False,True,False,False,False,False,False,False
330,330,0.08,0.57,1.32,0.0,0.01,0.0,0.0,0.0,0.0,0.0,0.0,0.0,422,38.0,48,610.0,4.95,4.88,0.0,0.0,0.0,170.0,21.0,1,1,1.0,200,580,2.0,443.0,550.0,29.4,76.0,,103.16560363769531,4,False,False,False,True,False,False,False,False,False,False
331,331,0.08,0.57,1.32,0.0,0.01,0.0,0.0,0.0,0.0,0.0,0.0,0.0,422,38.0,48,610.0,4.62,4.75,0.0,0.0,0.0,170.0,21.0,1,1,1.0,200,580,2.0,400.0180969238281,519.2549438476562,31.15612030029297,76.92706298828125,185.15,28.0,0,False,False,False,True,False,False,False,False,False,False
332,332,0.08,0.57,1.32,0.0,0.01,0.0,0.0,0.0,0.0,0.0,0.0,0.0,422,38.0,48,610.0,4.69,4.71,0.0,0.0,0.0,170.0,21.0,1,1,1.0,200,580,2.0,421.97686767578125,522.3837280273438,31.028324127197266,77.30684661865234,221.15,100.0,0,False,False,False,True,False,False,False,False,False,False
333,333,0.07,0.35,0.64,0.0,0.0,0.0,0.0,0.0,0.0,0.0,0.0,0.0,428,38.0,77,2.52,4.63,4.69,0.0,0.0,0.0,170.0,21.0,1,1,1.0,200,250,14.0,402.0,494.0,33.3,77.5,,112.13753509521484,4,False,False,False,True,False,False,False,False,False,False
334,334,0.07,0.35,0.64,0.0,0.0,0.0,0.0,0.0,0.0,0.0,0.0,0.0,428,38.0,77,2.63,2.22,4.92,0.0,0.0,0.0,170.0,21.0,1,1,1.0,200,0,0.0,387.59619140625,474.88427734375,34.009971618652344,78.45619201660156,228.15,100.0,0,False,False,False,True,False,False,False,False,False,False
335,335,0.07,0.35,0.64,0.0,0.0,0.0,0.0,0.0,0.0,0.0,0.0,0.0,428,38.0,77,4.72,2.24,2.91,0.0,0.0,0.0,170.0,21.0,1,1,1.0,200,580,2.0,329.0,447.0,36.4,80.5,219.15,100.0,4,False,False,False,True,False,False,False,False,False,False
336,336,0.07,0.36,0.63,0.01,0.01,0.0,0.0,0.0,0.02,0.0,0.0,0.0,435,43.0,78,4.65,4.77,5.0,0.0,0.0,0.0,170.0,21.0,1,1,1.0,200,250,14.0,436.0,513.0,29.2,77.0,,111.27852630615234,4,False,False,False,True,False,False,False,False,False,False
337,337,0.07,0.36,0.63,0.01,0.01,0.0,0.0,0.0,0.02,0.0,0.0,0.0,435,43.0,78,4.92,2.33,5.0,0.0,0.0,0.0,170.0,21.0,1,1,1.0,200,0,0.0,423.7091369628906,506.72039794921875,28.750043869018555,77.4737548828125,230.15,100.0,0,False,False,False,True,False,False,False,False,False,False
338,338,0.07,0.36,0.63,0.01,0.01,0.0,0.0,0.0,0.02,0.0,0.0,0.0,435,43.0,78,5.0,4.99,5.0,0.0,0.0,0.0,170.0,21.0,1,1,1.0,200,580,2.0,398.0,481.0,30.8,76.0,226.15,100.0,4,False,False,False,True,False,False,False,False,False,False
339,339,0.07,0.4,0.64,0.01,0.01,0.0,0.0,0.0,0.04,0.0,0.0,0.0,411,36.0,88,4.85,4.83,5.0,0.0,0.0,0.0,170.0,21.0,1,1,1.0,200,250,14.0,478.0,546.0,28.2,78.0,,105.80458068847656,4,False,False,False,True,False,False,False,False,False,False
340,340,0.07,0.4,0.64,0.01,0.01,0.0,0.0,0.0,0.04,0.0,0.0,0.0,411,36.0,88,4.71,4.68,5.0,0.0,0.0,0.0,170.0,21.0,1,1,1.0,200,0,0.0,463.0340881347656,538.4746704101562,28.23696517944336,76.65424346923828,230.15,100.0,0,False,False,False,True,False,False,False,False,False,False
341,341,0.07,0.4,0.64,0.01,0.01,0.0,0.0,0.0,0.04,0.0,0.0,0.0,411,36.0,88,4.61,2.84,5.0,0.0,0.0,0.0,170.0,21.0,1,1,1.0,200,580,2.0,446.0,526.0,28.185121536254883,76.0,243.15,100.0,3,False,False,False,True,False,False,False,False,False,False
342,342,0.07,0.36,0.63,0.01,0.0,0.0,0.0,0.0,0.06,0.0,0.0,0.0,432,31.0,75,4.74,4.79,5.0,0.0,0.0,0.0,170.0,21.0,1,1,1.0,200,250,14.0,488.0,548.0,25.6,77.5,,108.25725555419922,4,False,False,False,True,False,False,False,False,False,False
343,343,0.07,0.36,0.63,0.01,0.0,0.0,0.0,0.0,0.06,0.0,0.0,0.0,432,31.0,75,4.59,4.56,5.0,0.0,0.0,0.0,170.0,21.0,1,1,1.0,200,0,0.0,455.2155456542969,540.4168701171875,26.379209518432617,76.10808563232422,231.15,100.0,0,False,False,False,True,False,False,False,False,False,False
344,344,0.07,0.36,0.63,0.01,0.0,0.0,0.0,0.0,0.06,0.0,0.0,0.0,432,31.0,75,4.66,4.93,5.0,0.0,0.0,0.0,170.0,21.0,1,1,1.0,200,580,2.0,458.0,547.0,25.6,76.0,245.15,100.0,4,False,False,False,True,False,False,False,False,False,False
345,345,0.07,0.36,0.64,0.01,0.01,0.0,0.0,0.0,0.08,0.0,0.0,0.0,436,34.0,84,4.87,4.97,5.0,0.0,0.0,0.0,170.0,21.0,1,1,1.0,200,250,14.0,490.0,563.0,25.2,77.0,,108.3814697265625,4,False,False,False,True,False,False,False,False,False,False
346,346,0.07,0.36,0.64,0.01,0.01,0.0,0.0,0.0,0.08,0.0,0.0,0.0,436,34.0,84,2.92,4.79,5.0,0.0,0.0,0.0,170.0,21.0,1,1,1.0,200,0,0.0,456.45770263671875,564.6417846679688,26.496837615966797,75.71601104736328,233.15,100.0,0,False,False,False,True,False,False,False,False,False,False
347,347,0.07,0.36,0.64,0.01,0.01,0.0,0.0,0.0,0.08,0.0,0.0,0.0,436,34.0,84,4.71,4.71,5.0,0.0,0.0,0.0,170.0,21.0,1,1,1.0,200,580,2.0,483.0,576.0,25.2,76.0,251.15,100.0,4,False,False,False,True,False,False,False,False,False,False
348,348,0.08,0.35,1.02,0.01,0.0,0.0,0.0,0.0,0.0,0.0,0.0,0.0,399,41.0,75,4.85,2.86,5.0,0.0,0.0,0.0,170.0,21.0,1,1,1.0,200,250,14.0,443.0,522.0,31.1,77.0,,113.48129272460938,4,False,False,False,True,False,False,False,False,False,False
349,349,0.08,0.35,1.02,0.01,0.0,0.0,0.0,0.0,0.0,0.0,0.0,0.0,399,41.0,75,4.94,4.73,5.0,0.0,0.0,0.0,170.0,21.0,1,1,1.0,200,0,0.0,396.4925842285156,496.19891357421875,31.607799530029297,78.0539779663086,213.15,100.0,0,False,False,False,True,False,False,False,False,False,False
350,350,0.08,0.35,1.02,0.01,0.0,0.0,0.0,0.0,0.0,0.0,0.0,0.0,399,41.0,75,4.72,4.97,5.0,0.0,0.0,0.0,170.0,21.0,1,1,1.0,200,580,2.0,332.0,461.0,33.3,80.3,193.15,100.0,4,False,False,False,True,False,False,False,False,False,False
351,351,0.08,0.34,1.01,0.01,0.01,0.0,0.0,0.0,0.02,0.0,0.0,0.0,426,37.0,75,4.57,4.79,5.0,0.0,0.0,0.0,170.0,21.0,1,1,1.0,200,250,14.0,456.0,534.0,25.0,79.6,,109.06767272949219,4,False,False,False,True,False,False,False,False,False,False
352,352,0.08,0.34,1.01,0.01,0.01,0.0,0.0,0.0,0.02,0.0,0.0,0.0,426,37.0,75,4.69,4.69,5.0,0.0,0.0,0.0,170.0,21.0,1,1,1.0,200,0,0.0,423.7901916503906,507.99835205078125,29.263383865356445,78.16934967041016,204.15,100.0,0,False,False,False,True,False,False,False,False,False,False
353,353,0.08,0.34,1.01,0.01,0.01,0.0,0.0,0.0,0.02,0.0,0.0,0.0,426,37.0,75,2.59,4.68,5.0,0.0,0.0,0.0,170.0,21.0,1,1,1.0,200,580,2.0,434.0,515.0,29.8,78.9,206.15,100.0,4,False,False,False,True,False,False,False,False,False,False
354,354,0.08,0.31,1.04,0.01,0.01,0.0,0.0,0.0,0.04,0.0,0.0,0.0,429,32.0,48,4.94,4.82,5.0,0.0,0.0,0.0,170.0,21.0,1,1,1.0,200,250,14.0,505.0,570.0,24.8,77.4,,108.1962890625,4,False,False,False,True,False,False,False,False,False,False
355,355,0.08,0.31,1.04,0.01,0.01,0.0,0.0,0.0,0.04,0.0,0.0,0.0,429,32.0,48,3.25,4.74,5.0,0.0,0.0,0.0,170.0,21.0,1,1,1.0,200,0,0.0,473.2514953613281,555.586181640625,27.0146541595459,77.18407440185547,210.15,100.0,0,False,False,False,True,False,False,False,False,False,False
356,356,0.08,0.31,1.04,0.01,0.01,0.0,0.0,0.0,0.04,0.0,0.0,0.0,429,32.0,48,4.74,4.72,5.0,0.0,0.0,0.0,170.0,21.0,1,1,1.0,200,580,2.0,478.0,554.0,27.2,78.0,222.15,100.0,4,False,False,False,True,False,False,False,False,False,False
357,357,0.08,0.33,1.04,0.01,0.01,0.0,0.0,0.0,0.06,0.0,0.0,0.0,429,31.0,70,2.26,2.62,5.0,0.0,0.0,0.0,170.0,21.0,1,1,1.0,200,250,14.0,509.0,576.0,25.6,77.4,,108.49803161621094,4,False,False,False,True,False,False,False,False,False,False
358,358,0.08,0.33,1.04,0.01,0.01,0.0,0.0,0.0,0.06,0.0,0.0,0.0,429,31.0,70,4.7,4.87,5.0,0.0,0.0,0.0,170.0,21.0,1,1,1.0,200,0,0.0,474.9912414550781,568.7109375,26.273151397705078,76.15668487548828,214.15,100.0,0,False,False,False,True,False,False,False,False,False,False
359,359,0.08,0.33,1.04,0.01,0.01,0.0,0.0,0.0,0.06,0.0,0.0,0.0,429,31.0,70,2.85,4.56,5.0,0.0,0.0,0.0,170.0,21.0,1,1,1.0,200,580,2.0,493.0,569.0,27.0,77.0,229.15,100.0,4,False,False,False,True,False,False,False,False,False,False
360,360,0.08,0.32,1.05,0.01,0.01,0.0,0.0,0.0,0.08,0.0,0.0,0.0,400,34.0,72,4.94,2.79,5.0,0.0,0.0,0.0,170.0,21.0,1,1,1.0,200,250,14.0,538.0,592.0,25.2,74.0,,111.2302474975586,4,False,False,False,True,False,False,False,False,False,False
361,361,0.08,0.32,1.05,0.01,0.01,0.0,0.0,0.0,0.08,0.0,0.0,0.0,400,34.0,72,4.49,4.75,5.0,0.0,0.0,0.0,170.0,21.0,1,1,1.0,200,0,0.0,502.3063659667969,586.4205932617188,27.278369903564453,75.18035125732422,213.15,100.0,0,False,False,False,True,False,False,False,False,False,False
362,362,0.08,0.32,1.05,0.01,0.01,0.0,0.0,0.0,0.08,0.0,0.0,0.0,400,34.0,72,2.72,4.73,5.0,0.0,0.0,0.0,170.0,21.0,1,1,1.0,200,580,2.0,538.0,609.0,25.4,75.0,233.15,100.0,4,False,False,False,True,False,False,False,False,False,False
363,363,0.08,0.31,1.33,0.01,0.0,0.0,0.0,0.0,0.0,0.0,0.0,0.0,419,38.0,80,2.43,2.48,6.0,0.0,0.0,0.0,170.0,21.0,1,1,1.0,200,250,14.0,463.0,541.0,27.1,75.9,,109.12586212158203,4,False,False,False,True,False,False,False,False,False,False
364,364,0.08,0.31,1.33,0.01,0.0,0.0,0.0,0.0,0.0,0.0,0.0,0.0,419,38.0,80,4.93,4.81,6.0,0.0,0.0,0.0,170.0,21.0,1,1,1.0,200,0,0.0,418.0115051269531,513.703369140625,30.2950496673584,77.09133911132812,205.15,100.0,0,False,False,False,True,False,False,False,False,False,False
365,365,0.08,0.31,1.33,0.01,0.0,0.0,0.0,0.0,0.0,0.0,0.0,0.0,419,38.0,80,4.53,4.79,6.0,0.0,0.0,0.0,170.0,21.0,1,1,1.0,200,580,2.0,372.0,497.0,31.4,76.4,192.15,100.0,4,False,False,False,True,False,False,False,False,False,False
366,366,0.07,0.33,1.22,0.01,0.01,0.0,0.0,0.0,0.02,0.0,0.0,0.0,447,29.0,85,2.88,4.81,5.0,0.0,0.0,0.0,170.0,21.0,1,1,1.0,200,250,14.0,486.0,545.0,29.6,78.2,,103.4874496459961,4,False,False,False,True,False,False,False,False,False,False
367,367,0.07,0.33,1.22,0.01,0.01,0.0,0.0,0.0,0.02,0.0,0.0,0.0,447,29.0,85,4.59,2.6,5.0,0.0,0.0,0.0,170.0,21.0,1,1,1.0,200,0,0.0,452.70989990234375,528.8579711914062,28.591081619262695,77.23177337646484,207.15,100.0,0,False,False,False,True,False,False,False,False,False,False
368,368,0.07,0.33,1.22,0.01,0.01,0.0,0.0,0.0,0.02,0.0,0.0,0.0,447,29.0,85,4.84,4.56,5.0,0.0,0.0,0.0,170.0,21.0,1,1,1.0,200,580,2.0,455.0,533.0,28.4,77.9,206.15,100.0,4,False,False,False,True,False,False,False,False,False,False
369,369,0.08,0.26,1.36,0.01,0.01,0.0,0.0,0.0,0.04,0.0,0.0,0.0,410,29.0,79,4.86,4.65,5.0,0.0,0.0,0.0,170.0,21.0,1,1,1.0,200,250,14.0,536.0,590.0,24.4,78.1,,101.38829040527344,4,False,False,False,True,False,False,False,False,False,False
370,370,0.08,0.26,1.36,0.01,0.01,0.0,0.0,0.0,0.04,0.0,0.0,0.0,410,29.0,79,4.8,4.81,5.0,0.0,0.0,0.0,170.0,21.0,1,1,1.0,200,0,0.0,506.6999816894531,591.1038818359375,25.288362503051758,76.71744537353516,203.15,100.0,0,False,False,False,True,False,False,False,False,False,False
371,371,0.08,0.26,1.36,0.01,0.01,0.0,0.0,0.0,0.04,0.0,0.0,0.0,410,29.0,79,4.84,4.83,5.0,0.0,0.0,0.0,170.0,21.0,1,1,1.0,200,580,2.0,526.0,594.0,26.0,76.0,211.15,100.0,4,False,False,False,True,False,False,False,False,False,False
372,372,0.08,0.3,1.35,0.01,0.01,0.0,0.0,0.0,0.06,0.0,0.0,0.0,405,30.0,76,4.89,4.74,5.0,0.0,0.0,0.0,170.0,21.0,1,1,1.0,200,250,14.0,521.0,589.0,22.6,76.0,,104.59774017333984,4,False,False,False,True,False,False,False,False,False,False
373,373,0.08,0.3,1.35,0.01,0.01,0.0,0.0,0.0,0.06,0.0,0.0,0.0,405,30.0,76,2.72,4.85,5.0,0.0,0.0,0.0,170.0,21.0,1,1,1.0,200,0,0.0,516.2715454101562,598.9295043945312,25.22547149658203,75.16092681884766,203.15,100.0,0,False,False,False,True,False,False,False,False,False,False
374,374,0.08,0.3,1.35,0.01,0.01,0.0,0.0,0.0,0.06,0.0,0.0,0.0,405,30.0,76,2.18,2.88,5.0,0.0,0.0,0.0,170.0,21.0,1,1,1.0,200,580,2.0,527.0,600.0,26.0,75.0,213.15,100.0,4,False,False,False,True,False,False,False,False,False,False
375,375,0.08,0.26,1.36,0.01,0.01,0.0,0.0,0.0,0.1,0.0,0.0,0.0,407,29.0,83,4.92,2.41,5.0,0.0,0.0,0.0,170.0,21.0,1,1,1.0,200,250,14.0,599.0,638.0,20.8,74.0,,100.84403228759766,4,False,False,False,True,False,False,False,False,False,False
376,376,0.08,0.26,1.36,0.01,0.01,0.0,0.0,0.0,0.1,0.0,0.0,0.0,407,29.0,83,2.6,4.7,5.0,0.0,0.0,0.0,170.0,21.0,1,1,1.0,200,0,0.0,544.6109619140625,624.2308349609375,24.058095932006836,74.47135925292969,218.15,100.0,0,False,False,False,True,False,False,False,False,False,False
377,377,0.08,0.26,1.36,0.01,0.01,0.0,0.0,0.0,0.1,0.0,0.0,0.0,407,29.0,83,4.65,4.82,5.0,0.0,0.0,0.0,170.0,21.0,1,1,1.0,200,580,2.0,574.0,642.0,22.6,73.0,237.15,100.0,4,False,False,False,True,False,False,False,False,False,False
378,378,0.08,0.29,1.74,0.01,0.01,0.0,0.0,0.0,0.0,0.0,0.0,0.0,415,35.0,92,4.97,2.37,6.0,0.0,0.0,0.0,170.0,21.0,1,1,1.0,200,250,14.0,500.0,571.0,28.8,77.0,,107.8156967163086,4,False,False,False,True,False,False,False,False,False,False
379,379,0.08,0.29,1.74,0.01,0.01,0.0,0.0,0.0,0.0,0.0,0.0,0.0,415,35.0,92,4.88,4.81,6.0,0.0,0.0,0.0,170.0,21.0,1,1,1.0,200,0,0.0,462.116943359375,538.2276000976562,28.959341049194336,77.32622528076172,211.15,100.0,0,False,False,False,True,False,False,False,False,False,False
380,380,0.08,0.29,1.74,0.01,0.01,0.0,0.0,0.0,0.0,0.0,0.0,0.0,415,35.0,92,4.81,4.82,6.0,0.0,0.0,0.0,170.0,21.0,1,1,1.0,200,580,2.0,414.0,518.0,29.2,78.4,202.15,100.0,4,False,False,False,True,False,False,False,False,False,False
381,381,0.08,0.26,1.73,0.01,0.01,0.0,0.0,0.0,0.02,0.0,0.0,0.0,423,27.0,72,4.74,4.64,5.0,0.0,0.0,0.0,170.0,21.0,1,1,1.0,200,250,14.0,543.0,607.0,23.2,77.0,,106.12813568115234,4,False,False,False,True,False,False,False,False,False,False
382,382,0.08,0.26,1.73,0.01,0.01,0.0,0.0,0.0,0.02,0.0,0.0,0.0,423,27.0,72,2.5,4.75,5.0,0.0,0.0,0.0,170.0,21.0,1,1,1.0,200,0,0.0,505.0377197265625,573.90185546875,25.937808990478516,76.02715301513672,211.15,100.0,0,False,False,False,True,False,False,False,False,False,False
383,383,0.08,0.26,1.73,0.01,0.01,0.0,0.0,0.0,0.02,0.0,0.0,0.0,423,27.0,72,2.92,2.77,5.0,0.0,0.0,0.0,170.0,21.0,1,1,1.0,200,580,2.0,523.0,602.0,25.6,75.0,214.15,100.0,4,False,False,False,True,False,False,False,False,False,False
384,384,0.08,0.26,1.72,0.01,0.01,0.0,0.0,0.0,0.04,0.0,0.0,0.0,423,25.0,74,4.8,2.41,5.0,0.0,0.0,0.0,170.0,21.0,1,1,1.0,200,250,14.0,578.0,617.0,21.8,75.0,,103.99191284179688,4,False,False,False,True,False,False,False,False,False,False
385,385,0.08,0.26,1.72,0.01,0.01,0.0,0.0,0.0,0.04,0.0,0.0,0.0,423,25.0,74,4.87,2.44,5.0,0.0,0.0,0.0,170.0,21.0,1,1,1.0,200,0,0.0,525.871337890625,619.2515258789062,24.48380470275879,75.1965103149414,206.15,100.0,0,False,False,False,True,False,False,False,False,False,False
386,386,0.08,0.26,1.72,0.01,0.01,0.0,0.0,0.0,0.04,0.0,0.0,0.0,423,25.0,74,4.89,4.6,5.0,0.0,0.0,0.0,170.0,21.0,1,1,1.0,200,580,2.0,538.0,626.0,21.8,74.0,218.15,100.0,4,False,False,False,True,False,False,False,False,False,False
387,387,0.08,0.25,1.72,0.0,0.01,0.0,0.0,0.0,0.06,0.0,0.0,0.0,405,25.0,86,4.93,4.6,5.0,0.0,0.0,0.0,170.0,21.0,1,1,1.0,200,250,14.0,589.0,650.0,21.6,75.0,,102.19210052490234,4,False,False,False,True,False,False,False,False,False,False
388,388,0.08,0.25,1.72,0.0,0.01,0.0,0.0,0.0,0.06,0.0,0.0,0.0,405,25.0,86,4.98,4.67,5.0,0.0,0.0,0.0,170.0,21.0,1,1,1.0,200,0,0.0,523.8046264648438,604.29833984375,24.376035690307617,74.13745880126953,209.15,100.0,0,False,False,False,True,False,False,False,False,False,False
389,389,0.08,0.25,1.72,0.0,0.01,0.0,0.0,0.0,0.06,0.0,0.0,0.0,405,25.0,86,4.93,4.62,5.0,0.0,0.0,0.0,170.0,21.0,1,1,1.0,200,580,2.0,521.0,597.0,24.4,74.0,229.15,100.0,4,False,False,False,True,False,False,False,False,False,False
390,390,0.08,0.26,1.74,0.01,0.01,0.0,0.0,0.0,0.08,0.0,0.0,0.0,411,25.0,90,4.78,4.9,5.0,0.0,0.0,0.0,170.0,21.0,1,1,1.0,200,250,14.0,639.0,681.0,19.6,71.9,,102.0913314819336,4,False,False,False,True,False,False,False,False,False,False
391,391,0.08,0.26,1.74,0.01,0.01,0.0,0.0,0.0,0.08,0.0,0.0,0.0,411,25.0,90,4.73,4.66,5.0,0.0,0.0,0.0,170.0,21.0,1,1,1.0,200,0,0.0,539.7781372070312,629.3899536132812,24.403491973876953,73.69085693359375,212.15,100.0,0,False,False,False,True,False,False,False,False,False,False
392,392,0.08,0.26,1.74,0.01,0.01,0.0,0.0,0.0,0.08,0.0,0.0,0.0,411,25.0,90,2.89,4.68,5.0,0.0,0.0,0.0,170.0,21.0,1,1,1.0,200,580,2.0,570.0,647.0,24.0,74.0,,100.83736419677734,4,False,False,False,True,False,False,False,False,False,False
393,393,0.07,0.35,0.64,0.0,0.0,0.0,0.0,0.0,0.0,0.0,0.0,0.0,428,38.0,77,4.66,2.63,4.89,0.0,0.0,0.0,170.0,21.0,1,1,1.0,200,250,14.0,402.0,494.0,33.3,77.5,,114.28936767578125,4,False,False,False,True,False,False,False,False,False,False
394,394,0.07,0.35,0.64,0.0,0.0,0.0,0.0,0.0,0.0,0.0,0.0,0.0,428,38.0,77,5.0,4.85,4.62,0.0,0.0,0.0,170.0,21.0,1,1,1.0,200,0,0.0,386.8386535644531,471.84539794921875,34.39553451538086,78.7203598022461,228.15,100.0,0,False,False,False,True,False,False,False,False,False,False
395,395,0.07,0.35,0.64,0.0,0.0,0.0,0.0,0.0,0.0,0.0,0.0,0.0,428,38.0,77,4.68,3.08,4.82,0.0,0.0,0.0,170.0,21.0,1,1,1.0,200,580,2.0,329.0,447.0,36.4,80.5,218.15,100.0,4,False,False,False,True,False,False,False,False,False,False
396,396,0.07,0.34,0.64,0.01,0.0,0.0,0.0,0.0,0.0,0.0,0.0,0.0,431,41.0,80,4.99,4.76,120.0,0.0,0.0,0.0,170.0,21.0,1,1,1.0,200,250,14.0,450.0,532.0,28.0,76.0,,111.34249877929688,4,False,False,False,True,False,False,False,False,False,False
397,397,0.07,0.34,0.64,0.01,0.0,0.0,0.0,0.0,0.0,0.0,0.0,0.0,431,41.0,80,2.8,4.61,120.0,0.0,0.0,0.0,170.0,21.0,1,1,1.0,200,0,0.0,434.7774963378906,520.40673828125,26.418046951293945,76.61796569824219,240.15,100.0,0,False,False,False,True,False,False,False,False,False,False
398,398,0.07,0.34,0.64,0.01,0.0,0.0,0.0,0.0,0.0,0.0,0.0,0.0,431,41.0,80,2.45,4.97,120.0,0.0,0.0,0.0,170.0,21.0,1,1,1.0,200,580,2.0,415.0,497.0,24.6,78.7,235.15,100.0,4,False,False,False,True,False,False,False,False,False,False
399,399,0.08,0.33,0.62,0.01,0.0,0.0,0.0,0.0,0.0,0.0,0.0,0.0,429,42.0,85,4.98,4.63,220.0,0.0,0.0,0.0,170.0,21.0,1,1,1.0,200,250,14.0,474.0,553.0,26.8,80.7,,109.5419692993164,4,False,False,False,True,False,False,False,False,False,False
400,400,0.08,0.33,0.62,0.01,0.0,0.0,0.0,0.0,0.0,0.0,0.0,0.0,429,42.0,85,4.94,4.79,220.0,0.0,0.0,0.0,170.0,21.0,1,1,1.0,200,0,0.0,483.3340148925781,549.972412109375,25.567747116088867,76.06951904296875,251.15,100.0,0,False,False,False,True,False,False,False,False,False,False
401,401,0.08,0.33,0.62,0.01,0.0,0.0,0.0,0.0,0.0,0.0,0.0,0.0,429,42.0,85,4.97,4.81,220.0,0.0,0.0,0.0,170.0,21.0,1,1,1.0,200,580,2.0,451.0,539.0,24.4,78.0,246.15,100.0,4,False,False,False,True,False,False,False,False,False,False
402,402,0.07,0.33,0.64,0.01,0.0,0.0,0.0,0.0,0.0,0.0,0.0,0.0,413,42.0,85,2.45,2.75,450.0,0.0,0.0,0.0,170.0,21.0,1,1,1.0,200,250,14.0,522.0,580.0,25.0,76.0,,108.63282775878906,4,False,False,False,True,False,False,False,False,False,False
403,403,0.07,0.33,0.64,0.01,0.0,0.0,0.0,0.0,0.0,0.0,0.0,0.0,413,42.0,85,2.49,4.84,450.0,0.0,0.0,0.0,170.0,21.0,1,1,1.0,200,0,0.0,505.64764404296875,577.8068237304688,22.6921329498291,74.9879379272461,266.15,100.0,0,False,False,False,True,False,False,False,False,False,False
404,404,0.07,0.33,0.64,0.01,0.0,0.0,0.0,0.0,0.0,0.0,0.0,0.0,413,42.0,85,4.57,4.67,450.0,0.0,0.0,0.0,170.0,21.0,1,1,1.0,200,580,2.0,484.0,576.0,23.0,74.9,269.15,100.0,4,False,False,False,True,False,False,False,False,False,False
405,405,0.07,0.33,0.64,0.01,0.01,0.0,0.0,0.0,0.0,0.0,0.0,0.0,460,39.0,110,2.3,4.58,880.0,0.0,0.0,0.0,170.0,21.0,1,1,1.0,200,250,14.0,549.0,614.0,24.0,70.8,,107.4215316772461,4,False,False,False,True,False,False,False,False,False,False
406,406,0.07,0.33,0.64,0.01,0.01,0.0,0.0,0.0,0.0,0.0,0.0,0.0,460,39.0,110,4.75,2.86,880.0,0.0,0.0,0.0,170.0,21.0,1,1,1.0,200,0,0.0,545.1505737304688,624.7030639648438,22.563770294189453,70.98298645019531,286.15,100.0,0,False,False,False,True,False,False,False,False,False,False
407,407,0.07,0.33,0.64,0.01,0.01,0.0,0.0,0.0,0.0,0.0,0.0,0.0,460,39.0,110,4.98,4.68,880.0,0.0,0.0,0.0,170.0,21.0,1,1,1.0,200,580,2.0,544.0,621.0,22.6,71.9,291.15,100.0,4,False,False,False,True,False,False,False,False,False,False
408,408,0.08,0.35,1.02,0.01,0.0,0.0,0.0,0.0,0.0,0.0,0.0,0.0,399,41.0,75,4.59,4.86,4.76,0.0,0.0,0.0,170.0,21.0,1,1,1.0,200,250,14.0,443.0,522.0,31.1,77.0,,115.69596099853516,4,False,False,False,True,False,False,False,False,False,False
409,409,0.08,0.35,1.02,0.01,0.0,0.0,0.0,0.0,0.0,0.0,0.0,0.0,399,41.0,75,4.75,2.31,4.91,0.0,0.0,0.0,170.0,21.0,1,1,1.0,200,0,0.0,382.528076171875,485.2646789550781,31.069915771484375,78.64286804199219,213.15,100.0,0,False,False,False,True,False,False,False,False,False,False
410,410,0.08,0.35,1.02,0.01,0.0,0.0,0.0,0.0,0.0,0.0,0.0,0.0,399,41.0,75,4.94,4.66,4.71,0.0,0.0,0.0,170.0,21.0,1,1,1.0,200,580,2.0,332.0,461.0,33.3,80.3,193.15,100.0,4,False,False,False,True,False,False,False,False,False,False
411,411,0.08,0.35,1.02,0.01,0.0,0.0,0.0,0.0,0.0,0.0,0.0,0.0,368,36.0,83,2.71,4.92,120.0,0.0,0.0,0.0,170.0,21.0,1,1,1.0,200,250,14.0,480.0,557.0,25.4,75.0,,110.546142578125,4,False,False,False,True,False,False,False,False,False,False
412,412,0.08,0.35,1.02,0.01,0.0,0.0,0.0,0.0,0.0,0.0,0.0,0.0,368,36.0,83,4.83,4.65,120.0,0.0,0.0,0.0,170.0,21.0,1,1,1.0,200,0,0.0,462.35247802734375,539.9492797851562,27.622024536132812,76.3840103149414,231.15,100.0,0,False,False,False,True,False,False,False,False,False,False
413,413,0.08,0.35,1.02,0.01,0.0,0.0,0.0,0.0,0.0,0.0,0.0,0.0,368,36.0,83,4.91,4.61,120.0,0.0,0.0,0.0,170.0,21.0,1,1,1.0,200,580,2.0,447.0,540.0,30.4,77.0,218.15,100.0,4,False,False,False,True,False,False,False,False,False,False
414,414,0.07,0.34,1.0,0.01,0.01,0.0,0.0,0.0,0.0,0.0,0.0,0.0,424,37.0,86,4.72,4.65,255.0,0.0,0.0,0.0,170.0,21.0,1,1,1.0,200,250,14.0,513.0,594.0,28.0,76.0,,108.16337585449219,4,False,False,False,True,False,False,False,False,False,False
415,415,0.07,0.34,1.0,0.01,0.01,0.0,0.0,0.0,0.0,0.0,0.0,0.0,424,37.0,86,4.42,4.57,255.0,0.0,0.0,0.0,170.0,21.0,1,1,1.0,200,0,0.0,499.9878234863281,590.1957397460938,25.80377197265625,75.56317138671875,235.15,100.0,0,False,False,False,True,False,False,False,False,False,False
416,416,0.07,0.34,1.0,0.01,0.01,0.0,0.0,0.0,0.0,0.0,0.0,0.0,424,37.0,86,4.85,4.87,255.0,0.0,0.0,0.0,170.0,21.0,1,1,1.0,200,580,2.0,492.0,575.0,25.2,76.0,232.15,100.0,4,False,False,False,True,False,False,False,False,False,False
417,417,0.07,0.33,0.99,0.01,0.01,0.0,0.0,0.0,0.0,0.0,0.0,0.0,393,37.0,88,4.77,4.87,465.0,0.0,0.0,0.0,170.0,21.0,1,1,1.0,200,250,14.0,553.0,618.0,22.8,74.0,,107.81842803955078,4,False,False,False,True,False,False,False,False,False,False
418,418,0.07,0.33,0.99,0.01,0.01,0.0,0.0,0.0,0.0,0.0,0.0,0.0,393,37.0,88,4.85,4.81,465.0,0.0,0.0,0.0,170.0,21.0,1,1,1.0,200,0,0.0,540.7201538085938,616.751220703125,21.97713851928711,74.59400939941406,262.15,100.0,0,False,False,False,True,False,False,False,False,False,False
419,419,0.07,0.33,0.99,0.01,0.01,0.0,0.0,0.0,0.0,0.0,0.0,0.0,393,37.0,88,4.81,4.69,465.0,0.0,0.0,0.0,170.0,21.0,1,1,1.0,200,580,2.0,540.0,616.0,22.4,75.0,253.15,100.0,4,False,False,False,True,False,False,False,False,False,False
420,420,0.08,0.34,1.02,0.01,0.01,0.0,0.0,0.0,0.0,0.0,0.0,0.0,417,37.0,79,4.65,4.99,985.0,0.0,0.0,0.0,170.0,21.0,1,1,1.0,200,250,14.0,615.0,655.0,20.2,72.9,,108.50444793701172,4,False,False,False,True,False,False,False,False,False,False
421,421,0.08,0.34,1.02,0.01,0.01,0.0,0.0,0.0,0.0,0.0,0.0,0.0,417,37.0,79,4.68,4.73,985.0,0.0,0.0,0.0,170.0,21.0,1,1,1.0,200,0,0.0,599.9802856445312,670.3451538085938,20.031089782714844,71.08834075927734,287.15,100.0,0,False,False,False,True,False,False,False,False,False,False
422,422,0.08,0.34,1.02,0.01,0.01,0.0,0.0,0.0,0.0,0.0,0.0,0.0,417,37.0,79,4.51,4.69,985.0,0.0,0.0,0.0,170.0,21.0,1,1,1.0,200,580,2.0,603.0,676.0,19.8,70.8,281.15,100.0,4,False,False,False,True,False,False,False,False,False,False
423,423,0.08,0.31,1.33,0.01,0.0,0.0,0.0,0.0,0.0,0.0,0.0,0.0,419,38.0,80,4.64,4.74,6.0,0.0,0.0,0.0,170.0,21.0,1,1,1.0,200,250,14.0,463.0,541.0,27.1,75.9,,108.40423583984375,4,False,False,False,True,False,False,False,False,False,False
424,424,0.08,0.31,1.33,0.01,0.0,0.0,0.0,0.0,0.0,0.0,0.0,0.0,419,38.0,80,4.85,2.69,6.0,0.0,0.0,0.0,170.0,21.0,1,1,1.0,200,0,0.0,418.5206298828125,516.5806884765625,29.6539306640625,76.79903411865234,206.15,100.0,0,False,False,False,True,False,False,False,False,False,False
425,425,0.08,0.31,1.33,0.01,0.0,0.0,0.0,0.0,0.0,0.0,0.0,0.0,419,38.0,80,4.96,2.85,6.0,0.0,0.0,0.0,170.0,21.0,1,1,1.0,200,580,2.0,372.0,497.0,31.4,76.4,192.15,100.0,4,False,False,False,True,False,False,False,False,False,False
426,426,0.08,0.33,1.37,0.01,0.01,0.0,0.0,0.0,0.0,0.0,0.0,0.0,417,34.0,97,4.71,4.91,105.0,0.0,0.0,0.0,170.0,21.0,1,1,1.0,200,250,14.0,505.0,586.0,25.8,77.9,,103.36759948730469,4,False,False,False,True,False,False,False,False,False,False
427,427,0.08,0.33,1.37,0.01,0.01,0.0,0.0,0.0,0.0,0.0,0.0,0.0,417,34.0,97,4.92,4.7,105.0,0.0,0.0,0.0,170.0,21.0,1,1,1.0,200,0,0.0,485.6394348144531,575.57373046875,27.414127349853516,75.62073516845703,218.15,100.0,0,False,False,False,True,False,False,False,False,False,False
428,428,0.08,0.33,1.37,0.01,0.01,0.0,0.0,0.0,0.0,0.0,0.0,0.0,417,34.0,97,4.81,4.83,105.0,0.0,0.0,0.0,170.0,21.0,1,1,1.0,200,580,2.0,500.0,578.0,24.8,76.0,212.15,100.0,4,False,False,False,True,False,False,False,False,False,False
429,429,0.08,0.3,1.36,0.01,0.01,0.0,0.0,0.0,0.0,0.0,0.0,0.0,370,33.0,84,4.93,4.81,235.0,0.0,0.0,0.0,170.0,21.0,1,1,1.0,200,250,14.0,540.0,597.0,26.4,76.0,,103.4236068725586,4,False,False,False,True,False,False,False,False,False,False
430,430,0.08,0.3,1.36,0.01,0.01,0.0,0.0,0.0,0.0,0.0,0.0,0.0,370,33.0,84,4.72,4.95,235.0,0.0,0.0,0.0,170.0,21.0,1,1,1.0,200,0,0.0,493.2784118652344,597.8599243164062,23.539058685302734,75.71643829345703,228.15,100.0,0,False,False,False,True,False,False,False,False,False,False
431,431,0.08,0.3,1.36,0.01,0.01,0.0,0.0,0.0,0.0,0.0,0.0,0.0,370,33.0,84,4.69,4.76,235.0,0.0,0.0,0.0,170.0,21.0,1,1,1.0,200,580,2.0,539.0,607.0,25.0,76.0,232.15,100.0,4,False,False,False,True,False,False,False,False,False,False
432,432,0.08,0.34,1.39,0.01,0.01,0.0,0.0,0.0,0.0,0.0,0.0,0.0,409,32.0,99,4.94,4.82,455.0,0.0,0.0,0.0,170.0,21.0,1,1,1.0,200,250,14.0,586.0,641.0,24.2,76.0,,102.00640106201172,4,False,False,False,True,False,False,False,False,False,False
433,433,0.08,0.34,1.39,0.01,0.01,0.0,0.0,0.0,0.0,0.0,0.0,0.0,409,32.0,99,4.99,4.77,455.0,0.0,0.0,0.0,170.0,21.0,1,1,1.0,200,0,0.0,571.9240112304688,650.1203002929688,22.186004638671875,73.46379089355469,250.15,100.0,0,False,False,False,True,False,False,False,False,False,False
434,434,0.08,0.34,1.39,0.01,0.01,0.0,0.0,0.0,0.0,0.0,0.0,0.0,409,32.0,99,2.16,2.4,455.0,0.0,0.0,0.0,170.0,21.0,1,1,1.0,200,580,2.0,583.0,651.0,22.6,71.9,246.15,100.0,4,False,False,False,True,False,False,False,False,False,False
435,435,0.08,0.3,1.36,0.01,0.01,0.0,0.0,0.0,0.0,0.0,0.0,0.0,432,33.0,91,4.7,4.67,940.0,0.0,0.0,0.0,170.0,21.0,1,1,1.0,200,250,14.0,610.0,685.0,20.6,71.9,,101.92091369628906,4,False,False,False,True,False,False,False,False,False,False
436,436,0.08,0.3,1.36,0.01,0.01,0.0,0.0,0.0,0.0,0.0,0.0,0.0,432,33.0,91,4.8,4.8,940.0,0.0,0.0,0.0,170.0,21.0,1,1,1.0,200,0,0.0,606.2197875976562,678.0671997070312,19.278499603271484,71.39366912841797,272.15,100.0,0,False,False,False,True,False,False,False,False,False,False
437,437,0.08,0.3,1.36,0.01,0.01,0.0,0.0,0.0,0.0,0.0,0.0,0.0,432,33.0,91,4.79,4.76,940.0,0.0,0.0,0.0,170.0,21.0,1,1,1.0,200,580,2.0,614.0,686.0,19.0,70.8,280.15,100.0,4,False,False,False,True,False,False,False,False,False,False
438,438,0.08,0.29,1.74,0.01,0.01,0.0,0.0,0.0,0.0,0.0,0.0,0.0,415,35.0,92,4.46,4.65,5.87,0.0,0.0,0.0,170.0,21.0,1,1,1.0,200,250,14.0,500.0,571.0,28.8,77.0,,107.31072235107422,4,False,False,False,True,False,False,False,False,False,False
439,439,0.08,0.29,1.74,0.01,0.01,0.0,0.0,0.0,0.0,0.0,0.0,0.0,415,35.0,92,4.84,4.87,5.73,0.0,0.0,0.0,170.0,21.0,1,1,1.0,200,0,0.0,459.74078369140625,538.3587646484375,28.340604782104492,77.36382293701172,211.15,100.0,0,False,False,False,True,False,False,False,False,False,False
440,440,0.08,0.29,1.74,0.01,0.01,0.0,0.0,0.0,0.0,0.0,0.0,0.0,415,35.0,92,4.69,4.86,5.98,0.0,0.0,0.0,170.0,21.0,1,1,1.0,200,580,2.0,414.0,518.0,29.2,78.4,202.15,100.0,4,False,False,False,True,False,False,False,False,False,False
441,441,0.08,0.32,1.77,0.01,0.01,0.0,0.0,0.0,0.0,0.0,0.0,0.0,418,31.0,89,2.16,4.84,125.0,0.0,0.0,0.0,170.0,21.0,1,1,1.0,200,250,14.0,540.0,614.0,22.0,75.9,,104.02008819580078,4,False,False,False,True,False,False,False,False,False,False
442,442,0.08,0.32,1.77,0.01,0.01,0.0,0.0,0.0,0.0,0.0,0.0,0.0,418,31.0,89,2.75,4.57,125.0,0.0,0.0,0.0,170.0,21.0,1,1,1.0,200,0,0.0,524.6839599609375,602.2672119140625,24.61954689025879,74.84214782714844,219.15,100.0,0,False,False,False,True,False,False,False,False,False,False
443,443,0.08,0.32,1.77,0.01,0.01,0.0,0.0,0.0,0.0,0.0,0.0,0.0,418,31.0,89,2.83,2.99,125.0,0.0,0.0,0.0,170.0,21.0,1,1,1.0,200,580,2.0,524.0,605.0,24.4,74.0,212.15,100.0,4,False,False,False,True,False,False,False,False,False,False
444,444,0.08,0.3,1.76,0.01,0.01,0.0,0.0,0.0,0.0,0.0,0.0,0.0,433,32.0,110,4.75,4.75,230.0,0.0,0.0,0.0,170.0,21.0,1,1,1.0,200,250,14.0,575.0,635.0,22.6,74.0,,103.44213104248047,4,False,False,False,True,False,False,False,False,False,False
445,445,0.08,0.3,1.76,0.01,0.01,0.0,0.0,0.0,0.0,0.0,0.0,0.0,433,32.0,110,4.77,4.62,230.0,0.0,0.0,0.0,170.0,21.0,1,1,1.0,200,0,0.0,550.2991943359375,625.6986694335938,22.933177947998047,74.199951171875,231.15,100.0,0,False,False,False,True,False,False,False,False,False,False
446,446,0.08,0.3,1.76,0.01,0.01,0.0,0.0,0.0,0.0,0.0,0.0,0.0,433,32.0,110,4.9,2.26,230.0,0.0,0.0,0.0,170.0,21.0,1,1,1.0,200,580,2.0,553.0,627.0,22.0,76.8,242.15,100.0,4,False,False,False,True,False,False,False,False,False,False
447,447,0.08,0.29,1.77,0.01,0.01,0.0,0.0,0.0,0.0,0.0,0.0,0.0,432,31.0,97,2.19,2.39,450.0,0.0,0.0,0.0,170.0,21.0,1,1,1.0,200,250,14.0,606.0,660.0,22.0,74.0,,102.49437713623047,4,False,False,False,True,False,False,False,False,False,False
448,448,0.08,0.29,1.77,0.01,0.01,0.0,0.0,0.0,0.0,0.0,0.0,0.0,432,31.0,97,4.79,2.38,450.0,0.0,0.0,0.0,170.0,21.0,1,1,1.0,200,0,0.0,577.868896484375,661.8785400390625,21.815217971801758,72.91236114501953,247.15,100.0,0,False,False,False,True,False,False,False,False,False,False
449,449,0.08,0.29,1.77,0.01,0.01,0.0,0.0,0.0,0.0,0.0,0.0,0.0,432,31.0,97,4.92,4.66,450.0,0.0,0.0,0.0,170.0,21.0,1,1,1.0,200,580,2.0,577.0,661.0,21.6,71.9,258.15,100.0,4,False,False,False,True,False,False,False,False,False,False
450,450,0.08,0.29,1.79,0.01,0.01,0.0,0.0,0.0,0.0,0.0,0.0,0.0,406,33.0,105,2.33,4.79,895.0,0.0,0.0,0.0,170.0,21.0,1,1,1.0,200,250,14.0,654.0,708.0,19.2,70.8,,102.7041244506836,4,False,False,False,True,False,False,False,False,False,False
451,451,0.08,0.29,1.79,0.01,0.01,0.0,0.0,0.0,0.0,0.0,0.0,0.0,406,33.0,105,4.62,4.94,895.0,0.0,0.0,0.0,170.0,21.0,1,1,1.0,200,0,0.0,600.8274536132812,692.9175415039062,18.557167053222656,70.91686248779297,267.15,100.0,0,False,False,False,True,False,False,False,False,False,False
452,452,0.08,0.29,1.79,0.01,0.01,0.0,0.0,0.0,0.0,0.0,0.0,0.0,406,33.0,105,4.9,2.63,895.0,0.0,0.0,0.0,170.0,21.0,1,1,1.0,200,580,2.0,638.0,716.0,17.2,68.6,277.15,100.0,4,False,False,False,True,False,False,False,False,False,False
453,453,0.06,0.22,1.17,0.01,0.01,0.0,0.0,0.0,0.0,0.0,0.0,0.0,330,0.0,120,0.0,0.0,0.0,0.0,0.0,0.0,180.0,34.0,0,0,2.0,200,250,14.0,427.0,512.0,31.4,81.5,,115.31461334228516,4,False,False,False,True,False,False,False,False,False,False
454,454,0.06,0.26,1.2,0.01,0.01,0.0,0.0,0.0,0.0,0.0,0.0,0.0,320,0.0,150,0.0,0.0,0.0,0.0,0.0,0.0,180.0,34.0,0,0,2.0,200,250,14.0,440.0,523.0,33.0,81.5,,113.99989318847656,4,False,False,False,True,False,False,False,False,False,False
455,455,0.06,0.25,1.19,0.01,0.01,0.0,0.0,0.0,0.0,0.0,0.0,0.0,353,0.0,110,0.0,0.0,0.0,0.0,0.0,0.0,180.0,34.0,0,0,2.0,200,250,14.0,443.0,508.0,30.4,82.4,,113.31523895263672,4,False,False,False,True,False,False,False,False,False,False
456,456,0.06,0.31,1.24,0.01,0.01,0.0,0.0,0.0,0.0,0.0,0.0,0.0,366,0.0,110,0.0,0.0,0.0,0.0,0.0,0.0,180.0,34.0,0,0,2.0,200,250,14.0,468.0,531.0,29.6,81.5,,115.0252685546875,4,False,False,False,True,False,False,False,False,False,False
457,457,0.06,0.33,1.39,0.01,0.01,0.0,0.0,0.0,0.0,0.0,0.0,0.0,323,0.0,70,0.0,0.0,0.0,0.0,0.0,0.0,180.0,34.0,1,1,1.0,200,250,14.0,435.0,510.0,35.6,81.5,,113.5949478149414,4,False,False,False,True,False,False,False,False,False,False
458,458,0.05,0.34,1.39,0.01,0.01,0.0,0.0,0.0,0.0,0.0,0.0,0.0,339,0.0,65,0.0,0.0,0.0,0.0,0.0,0.0,180.0,34.0,1,1,1.0,200,250,14.0,430.0,505.0,31.2,82.3,,110.80233001708984,4,False,False,False,True,False,False,False,False,False,False
459,459,0.05,0.31,1.34,0.01,0.01,0.0,0.0,0.0,0.0,0.0,0.0,0.0,371,0.0,75,0.0,0.0,0.0,0.0,0.0,0.0,180.0,34.0,1,1,1.0,200,250,14.0,433.0,504.0,31.0,82.3,,111.35597229003906,4,False,False,False,True,False,False,False,False,False,False
460,460,0.05,0.36,1.3,0.01,0.01,0.0,0.0,0.0,0.0,0.0,0.0,0.0,401,0.0,70,0.0,0.0,0.0,0.0,0.0,0.0,180.0,34.0,1,1,1.0,200,250,14.0,465.0,526.0,30.4,80.6,,110.27200317382812,4,False,False,False,True,False,False,False,False,False,False
461,461,0.06,0.29,1.49,0.01,0.02,0.0,0.0,0.0,0.0,0.0,0.0,0.0,305,0.0,110,0.0,0.0,0.0,0.0,0.0,0.0,180.0,34.0,1,1,1.0,200,250,14.0,442.0,524.0,31.6,80.6,,111.42621612548828,4,False,False,False,True,False,False,False,False,False,False
462,462,0.05,0.31,1.64,0.0,0.02,0.0,0.0,0.0,0.0,0.0,0.0,0.0,330,0.0,60,0.0,0.0,0.0,0.0,0.0,0.0,180.0,34.0,1,1,1.0,200,250,14.0,497.0,559.0,30.0,77.8,,111.24757385253906,4,False,False,False,True,False,False,False,False,False,False
463,463,0.07,0.53,1.17,0.01,0.01,0.0,0.0,0.0,0.0,0.0,0.0,0.0,365,0.0,120,0.0,0.0,0.0,0.0,0.0,0.0,180.0,34.0,1,1,1.0,200,250,14.0,487.0,555.0,31.4,78.8,,111.08477783203125,4,False,False,False,True,False,False,False,False,False,False
464,464,0.07,0.36,1.56,0.01,0.01,0.0,0.0,0.0,0.0,0.0,0.0,0.0,396,0.0,90,0.0,0.0,0.0,0.0,0.0,0.0,180.0,34.0,1,1,1.0,200,250,14.0,494.0,569.0,28.4,79.6,,105.48871612548828,4,False,False,False,True,False,False,False,False,False,False
465,465,0.04,0.3,0.69,0.01,0.01,0.0,0.0,0.0,0.0,0.0,0.0,0.0,0,0.0,0,0.0,0.0,0.0,0.0,0.0,0.0,170.0,21.0,1,1,1.0,200,580,2.0,373.0,448.0,34.4,83.0,,156.15667724609375,4,False,False,False,True,False,False,False,False,False,False
466,466,0.04,0.3,0.69,0.01,0.01,0.0,0.0,0.0,0.0,0.0,0.0,0.0,0,0.0,0,0.0,0.0,0.0,0.0,0.0,0.0,170.0,21.0,1,1,1.0,200,580,2.0,362.7715148925781,454.14263916015625,34.3056526184082,79.85218811035156,203.15,9.0,0,False,False,False,True,False,False,False,False,False,False
467,467,0.04,0.3,0.69,0.01,0.01,0.0,0.0,0.0,0.0,0.0,0.0,0.0,0,0.0,0,0.0,0.0,0.0,0.0,0.0,0.0,170.0,21.0,1,1,1.0,200,580,2.0,363.9383850097656,454.3148193359375,34.41746139526367,80.43009948730469,213.15,15.0,0,False,False,False,True,False,False,False,False,False,False
468,468,0.04,0.3,0.69,0.01,0.01,0.0,0.0,0.0,0.0,0.0,0.0,0.0,0,0.0,0,0.0,0.0,0.0,0.0,0.0,0.0,170.0,21.0,1,1,1.0,200,580,2.0,370.38299560546875,455.6753845214844,34.44431686401367,80.54895782470703,223.15,53.0,0,False,False,False,True,False,False,False,False,False,False
469,469,0.04,0.3,0.69,0.01,0.01,0.0,0.0,0.0,0.0,0.0,0.0,0.0,0,0.0,0,0.0,0.0,0.0,0.0,0.0,0.0,170.0,21.0,1,1,1.0,200,580,2.0,378.1152648925781,459.4187927246094,33.540653228759766,80.55400085449219,233.15,117.0,0,False,False,False,True,False,False,False,False,False,False
470,470,0.04,0.3,0.69,0.01,0.01,0.0,0.0,0.0,0.0,0.0,0.0,0.0,0,0.0,0,0.0,0.0,0.0,0.0,0.0,0.0,170.0,21.0,1,1,1.0,200,580,2.0,381.30560302734375,470.19915771484375,32.776519775390625,80.1754150390625,253.15,220.0,0,False,False,False,True,False,False,False,False,False,False
471,471,0.04,0.3,0.69,0.01,0.01,0.0,0.0,0.0,0.0,0.0,0.0,0.0,0,0.0,0,0.0,0.0,0.0,0.0,0.0,0.0,170.0,21.0,1,1,1.0,200,580,2.0,387.33380126953125,475.9259948730469,32.47703552246094,79.42964935302734,293.15,222.0,0,False,False,False,True,False,False,False,False,False,False
472,472,0.04,0.31,0.98,0.01,0.01,0.0,0.0,0.0,0.0,0.0,0.0,0.0,0,0.0,0,0.0,0.0,0.0,0.0,0.0,0.0,170.0,21.0,1,1,1.0,200,580,2.0,392.0,476.0,34.4,80.6,,164.0174102783203,4,False,False,False,True,False,False,False,False,False,False
473,473,0.04,0.31,0.98,0.01,0.01,0.0,0.0,0.0,0.0,0.0,0.0,0.0,0,0.0,0,0.0,0.0,0.0,0.0,0.0,0.0,170.0,21.0,1,1,1.0,200,580,2.0,382.8526306152344,475.7027282714844,32.97884750366211,79.66708374023438,203.15,21.0,0,False,False,False,True,False,False,False,False,False,False
474,474,0.04,0.31,0.98,0.01,0.01,0.0,0.0,0.0,0.0,0.0,0.0,0.0,0,0.0,0,0.0,0.0,0.0,0.0,0.0,0.0,170.0,21.0,1,1,1.0,200,580,2.0,385.8302001953125,475.8749084472656,33.06206512451172,80.28650665283203,213.15,38.0,0,False,False,False,True,False,False,False,False,False,False
475,475,0.04,0.31,0.98,0.01,0.01,0.0,0.0,0.0,0.0,0.0,0.0,0.0,0,0.0,0,0.0,0.0,0.0,0.0,0.0,0.0,170.0,21.0,1,1,1.0,200,580,2.0,398.2826843261719,479.20599365234375,33.08892059326172,80.29176330566406,223.15,74.0,0,False,False,False,True,False,False,False,False,False,False
476,476,0.04,0.31,0.98,0.01,0.01,0.0,0.0,0.0,0.0,0.0,0.0,0.0,0,0.0,0,0.0,0.0,0.0,0.0,0.0,0.0,170.0,21.0,1,1,1.0,200,580,2.0,407.6315612792969,489.36260986328125,31.787355422973633,80.25528717041016,233.15,182.0,0,False,False,False,True,False,False,False,False,False,False
477,477,0.04,0.31,0.98,0.01,0.01,0.0,0.0,0.0,0.0,0.0,0.0,0.0,0,0.0,0,0.0,0.0,0.0,0.0,0.0,0.0,170.0,21.0,1,1,1.0,200,580,2.0,406.1224060058594,497.4320373535156,31.49371337890625,79.72490692138672,253.15,220.0,0,False,False,False,True,False,False,False,False,False,False
478,478,0.04,0.31,0.98,0.01,0.01,0.0,0.0,0.0,0.0,0.0,0.0,0.0,0,0.0,0,0.0,0.0,0.0,0.0,0.0,0.0,170.0,21.0,1,1,1.0,200,580,2.0,412.1505432128906,501.9388122558594,31.175493240356445,78.85401153564453,293.15,222.0,0,False,False,False,True,False,False,False,False,False,False
479,479,0.04,0.31,1.39,0.0,0.01,0.0,0.0,0.0,0.0,0.0,0.0,0.0,0,0.0,0,0.0,0.0,0.0,0.0,0.0,0.0,170.0,21.0,1,1,1.0,200,580,2.0,414.0,502.0,31.0,80.6,,160.12416076660156,4,False,False,False,True,False,False,False,False,False,False
480,480,0.04,0.31,1.39,0.0,0.01,0.0,0.0,0.0,0.0,0.0,0.0,0.0,0,0.0,0,0.0,0.0,0.0,0.0,0.0,0.0,170.0,21.0,1,1,1.0,200,580,2.0,420.7097473144531,508.2624206542969,32.03288269042969,79.60990142822266,203.15,38.0,0,False,False,False,True,False,False,False,False,False,False
481,481,0.04,0.31,1.39,0.0,0.01,0.0,0.0,0.0,0.0,0.0,0.0,0.0,0,0.0,0,0.0,0.0,0.0,0.0,0.0,0.0,170.0,21.0,1,1,1.0,200,580,2.0,421.4935607910156,508.4345703125,32.09627914428711,80.22932434082031,213.15,81.0,0,False,False,False,True,False,False,False,False,False,False
482,482,0.04,0.31,1.39,0.0,0.01,0.0,0.0,0.0,0.0,0.0,0.0,0.0,0,0.0,0,0.0,0.0,0.0,0.0,0.0,0.0,170.0,21.0,1,1,1.0,200,580,2.0,421.4935607910156,509.4684143066406,32.18480682373047,80.31804656982422,223.15,129.0,0,False,False,False,True,False,False,False,False,False,False
483,483,0.04,0.31,1.39,0.0,0.01,0.0,0.0,0.0,0.0,0.0,0.0,0.0,0,0.0,0,0.0,0.0,0.0,0.0,0.0,0.0,170.0,21.0,1,1,1.0,200,580,2.0,437.7676696777344,523.15380859375,30.880016326904297,80.28655242919922,233.15,172.0,0,False,False,False,True,False,False,False,False,False,False
484,484,0.04,0.31,1.39,0.0,0.01,0.0,0.0,0.0,0.0,0.0,0.0,0.0,0,0.0,0,0.0,0.0,0.0,0.0,0.0,0.0,170.0,21.0,1,1,1.0,200,580,2.0,438.90069580078125,525.2737426757812,30.703611373901367,79.75617218017578,253.15,220.0,0,False,False,False,True,False,False,False,False,False,False
485,485,0.04,0.31,1.39,0.0,0.01,0.0,0.0,0.0,0.0,0.0,0.0,0.0,0,0.0,0,0.0,0.0,0.0,0.0,0.0,0.0,170.0,21.0,1,1,1.0,200,580,2.0,442.267333984375,535.295166015625,30.337722778320312,78.8852767944336,293.15,222.0,0,False,False,False,True,False,False,False,False,False,False
486,486,0.04,0.29,1.83,0.0,0.01,0.0,0.0,0.0,0.0,0.0,0.0,0.0,0,0.0,0,0.0,0.0,0.0,0.0,0.0,0.0,170.0,21.0,1,1,1.0,200,580,2.0,444.0,525.0,29.8,79.9,,156.39691162109375,4,False,False,False,True,False,False,False,False,False,False
487,487,0.04,0.29,1.83,0.0,0.01,0.0,0.0,0.0,0.0,0.0,0.0,0.0,0,0.0,0,0.0,0.0,0.0,0.0,0.0,0.0,170.0,21.0,1,1,1.0,200,580,2.0,444.3694763183594,530.77392578125,30.98223876953125,78.38530731201172,203.15,36.0,0,False,False,False,True,False,False,False,False,False,False
488,488,0.04,0.29,1.83,0.0,0.01,0.0,0.0,0.0,0.0,0.0,0.0,0.0,0,0.0,0,0.0,0.0,0.0,0.0,0.0,0.0,170.0,21.0,1,1,1.0,200,580,2.0,445.5688171386719,531.6077880859375,30.99995231628418,78.95087432861328,213.15,76.0,0,False,False,False,True,False,False,False,False,False,False
489,489,0.04,0.29,1.83,0.0,0.01,0.0,0.0,0.0,0.0,0.0,0.0,0.0,0,0.0,0,0.0,0.0,0.0,0.0,0.0,0.0,170.0,21.0,1,1,1.0,200,580,2.0,445.5688171386719,531.6207885742188,31.080284118652344,79.02470397949219,223.15,117.0,0,False,False,False,True,False,False,False,False,False,False
490,490,0.04,0.29,1.83,0.0,0.01,0.0,0.0,0.0,0.0,0.0,0.0,0.0,0,0.0,0,0.0,0.0,0.0,0.0,0.0,0.0,170.0,21.0,1,1,1.0,200,580,2.0,458.1791687011719,539.5679931640625,29.666837692260742,78.82536315917969,233.15,153.0,0,False,False,False,True,False,False,False,False,False,False
491,491,0.04,0.29,1.83,0.0,0.01,0.0,0.0,0.0,0.0,0.0,0.0,0.0,0,0.0,0,0.0,0.0,0.0,0.0,0.0,0.0,170.0,21.0,1,1,1.0,200,580,2.0,466.6109924316406,546.5996704101562,29.15262794494629,78.32229614257812,253.15,203.0,0,False,False,False,True,False,False,False,False,False,False
492,492,0.04,0.29,1.83,0.0,0.01,0.0,0.0,0.0,0.0,0.0,0.0,0.0,0,0.0,0,0.0,0.0,0.0,0.0,0.0,0.0,170.0,21.0,1,1,1.0,200,580,2.0,469.9776306152344,556.270751953125,28.81801986694336,77.72002410888672,293.15,222.0,0,False,False,False,True,False,False,False,False,False,False
493,493,0.06,0.33,0.63,0.01,0.01,0.0,0.0,0.0,0.0,0.0,0.0,0.0,0,0.0,0,0.0,0.0,0.0,0.0,0.0,0.0,170.0,21.0,1,1,1.0,200,580,2.0,386.0,465.0,33.4,78.8,,137.175048828125,4,False,False,False,True,False,False,False,False,False,False
494,494,0.06,0.33,0.63,0.01,0.01,0.0,0.0,0.0,0.0,0.0,0.0,0.0,0,0.0,0,0.0,0.0,0.0,0.0,0.0,0.0,170.0,21.0,1,1,1.0,200,580,2.0,375.64520263671875,463.47869873046875,34.14704132080078,79.28753662109375,213.15,13.0,0,False,False,False,True,False,False,False,False,False,False
495,495,0.06,0.33,0.63,0.01,0.01,0.0,0.0,0.0,0.0,0.0,0.0,0.0,0,0.0,0,0.0,0.0,0.0,0.0,0.0,0.0,170.0,21.0,1,1,1.0,200,580,2.0,384.21124267578125,464.8392333984375,34.1601448059082,79.32933807373047,223.15,27.0,0,False,False,False,True,False,False,False,False,False,False
496,496,0.06,0.33,0.63,0.01,0.01,0.0,0.0,0.0,0.0,0.0,0.0,0.0,0,0.0,0,0.0,0.0,0.0,0.0,0.0,0.0,170.0,21.0,1,1,1.0,200,580,2.0,394.1686706542969,480.2606201171875,33.3244743347168,79.12967681884766,233.15,78.0,0,False,False,False,True,False,False,False,False,False,False
497,497,0.06,0.33,0.63,0.01,0.01,0.0,0.0,0.0,0.0,0.0,0.0,0.0,0,0.0,0,0.0,0.0,0.0,0.0,0.0,0.0,170.0,21.0,1,1,1.0,200,580,2.0,405.8885498046875,493.2381591796875,31.859392166137695,78.0235366821289,253.15,178.0,0,False,False,False,True,False,False,False,False,False,False
498,498,0.06,0.33,0.63,0.01,0.01,0.0,0.0,0.0,0.0,0.0,0.0,0.0,0,0.0,0,0.0,0.0,0.0,0.0,0.0,0.0,170.0,21.0,1,1,1.0,200,580,2.0,411.9167175292969,494.8353271484375,31.58287239074707,77.34852600097656,293.15,220.0,0,False,False,False,True,False,False,False,False,False,False
499,499,0.06,0.34,0.97,0.01,0.01,0.0,0.0,0.0,0.0,0.0,0.0,0.0,0,0.0,0,0.0,0.0,0.0,0.0,0.0,0.0,170.0,21.0,1,1,1.0,200,580,2.0,418.0,500.0,35.0,80.6,,151.79660034179688,4,False,False,False,True,False,False,False,False,False,False
500,500,0.06,0.34,0.97,0.01,0.01,0.0,0.0,0.0,0.0,0.0,0.0,0.0,0,0.0,0,0.0,0.0,0.0,0.0,0.0,0.0,170.0,21.0,1,1,1.0,200,580,2.0,388.6764831542969,480.12335205078125,32.803070068359375,78.84141540527344,203.15,15.0,0,False,False,False,True,False,False,False,False,False,False
501,501,0.06,0.34,0.97,0.01,0.01,0.0,0.0,0.0,0.0,0.0,0.0,0.0,0,0.0,0,0.0,0.0,0.0,0.0,0.0,0.0,170.0,21.0,1,1,1.0,200,580,2.0,394.0803527832031,480.0478820800781,32.868019104003906,79.28849792480469,213.15,45.0,0,False,False,False,True,False,False,False,False,False,False
502,502,0.06,0.34,0.97,0.01,0.01,0.0,0.0,0.0,0.0,0.0,0.0,0.0,0,0.0,0,0.0,0.0,0.0,0.0,0.0,0.0,170.0,21.0,1,1,1.0,200,580,2.0,406.5328369140625,483.37896728515625,32.850399017333984,79.3302993774414,223.15,100.0,0,False,False,False,True,False,False,False,False,False,False
503,503,0.06,0.34,0.97,0.01,0.01,0.0,0.0,0.0,0.0,0.0,0.0,0.0,0,0.0,0,0.0,0.0,0.0,0.0,0.0,0.0,170.0,21.0,1,1,1.0,200,580,2.0,418.10687255859375,504.80181884765625,31.410228729248047,79.1306381225586,233.15,155.0,0,False,False,False,True,False,False,False,False,False,False
504,504,0.06,0.34,0.97,0.01,0.01,0.0,0.0,0.0,0.0,0.0,0.0,0.0,0,0.0,0,0.0,0.0,0.0,0.0,0.0,0.0,170.0,21.0,1,1,1.0,200,580,2.0,421.87274169921875,514.7255249023438,31.175052642822266,77.87474060058594,253.15,201.0,0,False,False,False,True,False,False,False,False,False,False
505,505,0.06,0.34,0.97,0.01,0.01,0.0,0.0,0.0,0.0,0.0,0.0,0.0,0,0.0,0,0.0,0.0,0.0,0.0,0.0,0.0,170.0,21.0,1,1,1.0,200,580,2.0,427.9009094238281,515.0396118164062,30.85683250427246,77.1426773071289,293.15,220.0,0,False,False,False,True,False,False,False,False,False,False
506,506,0.07,0.35,1.36,0.01,0.01,0.0,0.0,0.0,0.0,0.0,0.0,0.0,0,0.0,0,0.0,0.0,0.0,0.0,0.0,0.0,170.0,21.0,1,1,1.0,200,580,2.0,455.0,540.0,31.2,77.9,,149.20689392089844,4,False,False,False,True,False,False,False,False,False,False
507,507,0.07,0.35,1.36,0.01,0.01,0.0,0.0,0.0,0.0,0.0,0.0,0.0,0,0.0,0,0.0,0.0,0.0,0.0,0.0,0.0,170.0,21.0,1,1,1.0,200,580,2.0,436.6851806640625,524.5274658203125,31.80083465576172,77.89442443847656,203.15,30.0,0,False,False,False,True,False,False,False,False,False,False
508,508,0.07,0.35,1.36,0.01,0.01,0.0,0.0,0.0,0.0,0.0,0.0,0.0,0,0.0,0,0.0,0.0,0.0,0.0,0.0,0.0,170.0,21.0,1,1,1.0,200,580,2.0,440.87396240234375,524.451904296875,31.874553680419922,78.34150695800781,213.15,72.0,0,False,False,False,True,False,False,False,False,False,False
509,509,0.07,0.35,1.36,0.01,0.01,0.0,0.0,0.0,0.0,0.0,0.0,0.0,0,0.0,0,0.0,0.0,0.0,0.0,0.0,0.0,170.0,21.0,1,1,1.0,200,580,2.0,440.87396240234375,525.4857788085938,31.83296012878418,78.41602325439453,223.15,119.0,0,False,False,False,True,False,False,False,False,False,False
510,510,0.07,0.35,1.36,0.01,0.01,0.0,0.0,0.0,0.0,0.0,0.0,0.0,0,0.0,0,0.0,0.0,0.0,0.0,0.0,0.0,170.0,21.0,1,1,1.0,200,580,2.0,458.64312744140625,543.1021118164062,30.36435317993164,78.21636199951172,233.15,165.0,0,False,False,False,True,False,False,False,False,False,False
511,511,0.07,0.35,1.36,0.01,0.01,0.0,0.0,0.0,0.0,0.0,0.0,0.0,0,0.0,0,0.0,0.0,0.0,0.0,0.0,0.0,170.0,21.0,1,1,1.0,200,580,2.0,462.9984436035156,546.3321533203125,30.246414184570312,77.16384887695312,253.15,201.0,0,False,False,False,True,False,False,False,False,False,False
512,512,0.07,0.35,1.36,0.01,0.01,0.0,0.0,0.0,0.0,0.0,0.0,0.0,0,0.0,0,0.0,0.0,0.0,0.0,0.0,0.0,170.0,21.0,1,1,1.0,200,580,2.0,466.36505126953125,552.1609497070312,29.914398193359375,76.49569702148438,293.15,206.0,0,False,False,False,True,False,False,False,False,False,False
513,513,0.07,0.36,1.8,0.01,0.01,0.0,0.0,0.0,0.0,0.0,0.0,0.0,0,0.0,0,0.0,0.0,0.0,0.0,0.0,0.0,170.0,21.0,1,1,1.0,200,580,2.0,504.0,594.0,26.2,75.0,,136.23594665527344,4,False,False,False,True,False,False,False,False,False,False
514,514,0.07,0.36,1.8,0.01,0.01,0.0,0.0,0.0,0.0,0.0,0.0,0.0,0,0.0,0,0.0,0.0,0.0,0.0,0.0,0.0,170.0,21.0,1,1,1.0,200,580,2.0,479.82977294921875,579.6466064453125,28.389667510986328,76.01461029052734,203.15,30.0,0,False,False,False,True,False,False,False,False,False,False
515,515,0.07,0.36,1.8,0.01,0.01,0.0,0.0,0.0,0.0,0.0,0.0,0.0,0,0.0,0,0.0,0.0,0.0,0.0,0.0,0.0,170.0,21.0,1,1,1.0,200,580,2.0,484.43408203125,580.2327880859375,28.417713165283203,76.4078369140625,213.15,55.0,0,False,False,False,True,False,False,False,False,False,False
516,516,0.07,0.36,1.8,0.01,0.01,0.0,0.0,0.0,0.0,0.0,0.0,0.0,0,0.0,0,0.0,0.0,0.0,0.0,0.0,0.0,170.0,21.0,1,1,1.0,200,580,2.0,484.43408203125,579.4071044921875,28.436370849609375,76.46746063232422,223.15,89.0,0,False,False,False,True,False,False,False,False,False,False
517,517,0.07,0.36,1.8,0.01,0.01,0.0,0.0,0.0,0.0,0.0,0.0,0.0,0,0.0,0,0.0,0.0,0.0,0.0,0.0,0.0,170.0,21.0,1,1,1.0,200,580,2.0,498.8426208496094,602.47412109375,26.967388153076172,75.9990463256836,233.15,121.0,0,False,False,False,True,False,False,False,False,False,False
518,518,0.07,0.36,1.8,0.01,0.01,0.0,0.0,0.0,0.0,0.0,0.0,0.0,0,0.0,0,0.0,0.0,0.0,0.0,0.0,0.0,170.0,21.0,1,1,1.0,200,580,2.0,509.8900146484375,612.3565063476562,26.578012466430664,74.92878723144531,253.15,161.0,0,False,False,False,True,False,False,False,False,False,False
519,519,0.07,0.36,1.8,0.01,0.01,0.0,0.0,0.0,0.0,0.0,0.0,0.0,0,0.0,0,0.0,0.0,0.0,0.0,0.0,0.0,170.0,21.0,1,1,1.0,200,580,2.0,513.2567749023438,620.48095703125,26.212614059448242,74.42041015625,293.15,188.0,0,False,False,False,True,False,False,False,False,False,False
520,520,0.09,0.35,0.68,0.01,0.01,0.0,0.0,0.0,0.0,0.0,0.0,0.0,0,0.0,0,0.0,0.0,0.0,0.0,0.0,0.0,170.0,21.0,1,1,1.0,200,580,2.0,394.0,499.0,34.2,78.8,,146.77589416503906,4,False,False,False,True,False,False,False,False,False,False
521,521,0.09,0.35,0.68,0.01,0.01,0.0,0.0,0.0,0.0,0.0,0.0,0.0,0,0.0,0,0.0,0.0,0.0,0.0,0.0,0.0,170.0,21.0,1,1,1.0,200,580,2.0,371.5774230957031,468.5657653808594,33.015235900878906,77.77776336669922,203.15,23.0,0,False,False,False,True,False,False,False,False,False,False
522,522,0.09,0.35,0.68,0.01,0.01,0.0,0.0,0.0,0.0,0.0,0.0,0.0,0,0.0,0,0.0,0.0,0.0,0.0,0.0,0.0,170.0,21.0,1,1,1.0,200,580,2.0,373.13739013671875,468.49029541015625,32.99697494506836,78.20476531982422,213.15,27.0,0,False,False,False,True,False,False,False,False,False,False
523,523,0.09,0.35,0.68,0.01,0.01,0.0,0.0,0.0,0.0,0.0,0.0,0.0,0,0.0,0,0.0,0.0,0.0,0.0,0.0,0.0,170.0,21.0,1,1,1.0,200,580,2.0,383.9214782714844,469.850830078125,33.06099319458008,78.1617431640625,223.15,45.0,0,False,False,False,True,False,False,False,False,False,False
524,524,0.09,0.35,0.68,0.01,0.01,0.0,0.0,0.0,0.0,0.0,0.0,0.0,0,0.0,0,0.0,0.0,0.0,0.0,0.0,0.0,170.0,21.0,1,1,1.0,200,580,2.0,393.87890625,484.41351318359375,32.338844299316406,77.94145965576172,233.15,95.0,0,False,False,False,True,False,False,False,False,False,False
525,525,0.09,0.35,0.68,0.01,0.01,0.0,0.0,0.0,0.0,0.0,0.0,0.0,0,0.0,0,0.0,0.0,0.0,0.0,0.0,0.0,170.0,21.0,1,1,1.0,200,580,2.0,401.27154541015625,497.2782287597656,31.677675247192383,77.01156616210938,253.15,157.0,0,False,False,False,True,False,False,False,False,False,False
526,526,0.09,0.35,0.68,0.01,0.01,0.0,0.0,0.0,0.0,0.0,0.0,0.0,0,0.0,0,0.0,0.0,0.0,0.0,0.0,0.0,170.0,21.0,1,1,1.0,200,580,2.0,407.2997131347656,498.6043701171875,31.40645980834961,76.40046691894531,293.15,220.0,0,False,False,False,True,False,False,False,False,False,False
527,527,0.1,0.36,1.05,0.01,0.01,0.0,0.0,0.0,0.0,0.0,0.0,0.0,0,0.0,0,0.0,0.0,0.0,0.0,0.0,0.0,170.0,21.0,1,1,1.0,200,580,2.0,435.0,546.0,34.0,77.0,,147.76455688476562,4,False,False,False,True,False,False,False,False,False,False
528,528,0.1,0.36,1.05,0.01,0.01,0.0,0.0,0.0,0.0,0.0,0.0,0.0,0,0.0,0,0.0,0.0,0.0,0.0,0.0,0.0,170.0,21.0,1,1,1.0,200,580,2.0,400.6368408203125,510.6844787597656,30.986534118652344,77.5195541381836,203.15,11.0,0,False,False,False,True,False,False,False,False,False,False
529,529,0.1,0.36,1.05,0.01,0.01,0.0,0.0,0.0,0.0,0.0,0.0,0.0,0,0.0,0,0.0,0.0,0.0,0.0,0.0,0.0,170.0,21.0,1,1,1.0,200,580,2.0,405.6361999511719,510.6090087890625,30.96827507019043,78.04132843017578,213.15,34.0,0,False,False,False,True,False,False,False,False,False,False
530,530,0.1,0.36,1.05,0.01,0.01,0.0,0.0,0.0,0.0,0.0,0.0,0.0,0,0.0,0,0.0,0.0,0.0,0.0,0.0,0.0,170.0,21.0,1,1,1.0,200,580,2.0,420.3067321777344,513.940185546875,30.99513053894043,78.05157470703125,223.15,74.0,0,False,False,False,True,False,False,False,False,False,False
531,531,0.1,0.36,1.05,0.01,0.01,0.0,0.0,0.0,0.0,0.0,0.0,0.0,0,0.0,0,0.0,0.0,0.0,0.0,0.0,0.0,170.0,21.0,1,1,1.0,200,580,2.0,435.78759765625,532.590087890625,30.07993507385254,77.83129119873047,233.15,110.0,0,False,False,False,True,False,False,False,False,False,False
532,532,0.1,0.36,1.05,0.01,0.01,0.0,0.0,0.0,0.0,0.0,0.0,0.0,0,0.0,0,0.0,0.0,0.0,0.0,0.0,0.0,170.0,21.0,1,1,1.0,200,580,2.0,438.19622802734375,542.74951171875,29.78596305847168,76.77877807617188,253.15,165.0,0,False,False,False,True,False,False,False,False,False,False
533,533,0.1,0.36,1.05,0.01,0.01,0.0,0.0,0.0,0.0,0.0,0.0,0.0,0,0.0,0,0.0,0.0,0.0,0.0,0.0,0.0,170.0,21.0,1,1,1.0,200,580,2.0,444.2243957519531,542.7926025390625,29.463130950927734,76.11062622070312,293.15,220.0,0,False,False,False,True,False,False,False,False,False,False
534,534,0.09,0.34,1.33,0.01,0.01,0.0,0.0,0.0,0.0,0.0,0.0,0.0,0,0.0,0,0.0,0.0,0.0,0.0,0.0,0.0,170.0,21.0,1,1,1.0,200,580,2.0,461.0,568.0,28.6,77.9,,154.4049072265625,4,False,False,False,True,False,False,False,False,False,False
535,535,0.09,0.34,1.33,0.01,0.01,0.0,0.0,0.0,0.0,0.0,0.0,0.0,0,0.0,0,0.0,0.0,0.0,0.0,0.0,0.0,170.0,21.0,1,1,1.0,200,580,2.0,413.1740417480469,521.8677368164062,30.68235206604004,77.16451263427734,203.15,72.0,0,False,False,False,True,False,False,False,False,False,False
536,536,0.09,0.34,1.33,0.01,0.01,0.0,0.0,0.0,0.0,0.0,0.0,0.0,0,0.0,0,0.0,0.0,0.0,0.0,0.0,0.0,170.0,21.0,1,1,1.0,200,580,2.0,418.746337890625,521.7921752929688,30.61567497253418,77.59151458740234,213.15,106.0,0,False,False,False,True,False,False,False,False,False,False
537,537,0.09,0.34,1.33,0.01,0.01,0.0,0.0,0.0,0.0,0.0,0.0,0.0,0,0.0,0,0.0,0.0,0.0,0.0,0.0,0.0,170.0,21.0,1,1,1.0,200,580,2.0,424.5694580078125,522.8260498046875,30.64253044128418,77.7508544921875,223.15,133.0,0,False,False,False,True,False,False,False,False,False,False
538,538,0.09,0.34,1.33,0.01,0.01,0.0,0.0,0.0,0.0,0.0,0.0,0.0,0,0.0,0,0.0,0.0,0.0,0.0,0.0,0.0,170.0,21.0,1,1,1.0,200,580,2.0,440.0503234863281,543.764892578125,29.714618682861328,77.53057098388672,233.15,155.0,0,False,False,False,True,False,False,False,False,False,False
539,539,0.09,0.34,1.33,0.01,0.01,0.0,0.0,0.0,0.0,0.0,0.0,0.0,0,0.0,0,0.0,0.0,0.0,0.0,0.0,0.0,170.0,21.0,1,1,1.0,200,580,2.0,443.90057373046875,555.4733276367188,29.5966796875,76.41809844970703,253.15,188.0,0,False,False,False,True,False,False,False,False,False,False
540,540,0.09,0.34,1.33,0.01,0.01,0.0,0.0,0.0,0.0,0.0,0.0,0.0,0,0.0,0,0.0,0.0,0.0,0.0,0.0,0.0,170.0,21.0,1,1,1.0,200,580,2.0,449.2759704589844,557.6052856445312,29.316452026367188,75.68603515625,293.15,208.0,0,False,False,False,True,False,False,False,False,False,False
541,541,0.09,0.33,1.69,0.01,0.01,0.0,0.0,0.0,0.0,0.0,0.0,0.0,0,0.0,0,0.0,0.0,0.0,0.0,0.0,0.0,170.0,21.0,1,1,1.0,200,580,2.0,490.0,597.0,30.2,75.0,,133.58071899414062,4,False,False,False,True,False,False,False,False,False,False
542,542,0.09,0.33,1.69,0.01,0.01,0.0,0.0,0.0,0.0,0.0,0.0,0.0,0,0.0,0,0.0,0.0,0.0,0.0,0.0,0.0,170.0,21.0,1,1,1.0,200,580,2.0,467.9560241699219,561.8073120117188,29.253740310668945,75.66913604736328,203.15,53.0,0,False,False,False,True,False,False,False,False,False,False
543,543,0.09,0.33,1.69,0.01,0.01,0.0,0.0,0.0,0.0,0.0,0.0,0.0,0,0.0,0,0.0,0.0,0.0,0.0,0.0,0.0,170.0,21.0,1,1,1.0,200,580,2.0,472.1772766113281,562.3934936523438,29.187063217163086,76.04228210449219,213.15,74.0,0,False,False,False,True,False,False,False,False,False,False
544,544,0.09,0.33,1.69,0.01,0.01,0.0,0.0,0.0,0.0,0.0,0.0,0.0,0,0.0,0,0.0,0.0,0.0,0.0,0.0,0.0,170.0,21.0,1,1,1.0,200,580,2.0,472.1772766113281,562.9326782226562,29.205720901489258,76.12223052978516,223.15,95.0,0,False,False,False,True,False,False,False,False,False,False
545,545,0.09,0.33,1.69,0.01,0.01,0.0,0.0,0.0,0.0,0.0,0.0,0.0,0,0.0,0,0.0,0.0,0.0,0.0,0.0,0.0,170.0,21.0,1,1,1.0,200,580,2.0,486.51043701171875,579.4880981445312,27.98612403869629,75.63319396972656,233.15,114.0,0,False,False,False,True,False,False,False,False,False,False
546,546,0.09,0.33,1.69,0.01,0.01,0.0,0.0,0.0,0.0,0.0,0.0,0.0,0,0.0,0,0.0,0.0,0.0,0.0,0.0,0.0,170.0,21.0,1,1,1.0,200,580,2.0,490.5660095214844,583.14794921875,27.596750259399414,74.54934692382812,253.15,151.0,0,False,False,False,True,False,False,False,False,False,False
547,547,0.09,0.33,1.69,0.01,0.01,0.0,0.0,0.0,0.0,0.0,0.0,0.0,0,0.0,0,0.0,0.0,0.0,0.0,0.0,0.0,170.0,21.0,1,1,1.0,200,580,2.0,493.9326171875,588.7057495117188,27.393661499023438,73.91905975341797,293.15,188.0,0,False,False,False,True,False,False,False,False,False,False
548,548,0.15,0.36,0.63,0.01,0.01,0.0,0.0,0.0,0.0,0.0,0.0,0.0,0,0.0,0,0.0,0.0,0.0,0.0,0.0,0.0,170.0,21.0,1,1,1.0,200,580,2.0,449.0,533.0,30.6,76.0,,135.348388671875,4,False,False,False,True,False,False,False,False,False,False
549,549,0.15,0.36,0.63,0.01,0.01,0.0,0.0,0.0,0.0,0.0,0.0,0.0,0,0.0,0,0.0,0.0,0.0,0.0,0.0,0.0,170.0,21.0,1,1,1.0,200,580,2.0,412.6211242675781,507.86663818359375,31.759872436523438,76.53300476074219,213.15,15.0,0,False,False,False,True,False,False,False,False,False,False
550,550,0.15,0.36,0.63,0.01,0.01,0.0,0.0,0.0,0.0,0.0,0.0,0.0,0,0.0,0,0.0,0.0,0.0,0.0,0.0,0.0,170.0,21.0,1,1,1.0,200,580,2.0,423.40521240234375,509.5269470214844,31.82387924194336,76.55425262451172,223.15,34.0,0,False,False,False,True,False,False,False,False,False,False
551,551,0.15,0.36,0.63,0.01,0.01,0.0,0.0,0.0,0.0,0.0,0.0,0.0,0,0.0,0,0.0,0.0,0.0,0.0,0.0,0.0,170.0,21.0,1,1,1.0,200,580,2.0,433.3626403808594,524.160400390625,31.394271850585938,76.42373657226562,233.15,64.0,0,False,False,False,True,False,False,False,False,False,False
552,552,0.15,0.36,0.63,0.01,0.01,0.0,0.0,0.0,0.0,0.0,0.0,0.0,0,0.0,0,0.0,0.0,0.0,0.0,0.0,0.0,170.0,21.0,1,1,1.0,200,580,2.0,443.5616455078125,536.5723876953125,30.093475341796875,75.69292449951172,253.15,131.0,0,False,False,False,True,False,False,False,False,False,False
553,553,0.15,0.36,0.63,0.01,0.01,0.0,0.0,0.0,0.0,0.0,0.0,0.0,0,0.0,0,0.0,0.0,0.0,0.0,0.0,0.0,170.0,21.0,1,1,1.0,200,580,2.0,449.7271728515625,537.8984985351562,29.968830108642578,75.08182525634766,293.15,188.0,0,False,False,False,True,False,False,False,False,False,False
554,554,0.15,0.36,1.02,0.01,0.01,0.0,0.0,0.0,0.0,0.0,0.0,0.0,0,0.0,0,0.0,0.0,0.0,0.0,0.0,0.0,170.0,21.0,1,1,1.0,200,580,2.0,482.0,576.0,29.4,76.9,,142.2823486328125,4,False,False,False,True,False,False,False,False,False,False
555,555,0.15,0.36,1.02,0.01,0.01,0.0,0.0,0.0,0.0,0.0,0.0,0.0,0,0.0,0,0.0,0.0,0.0,0.0,0.0,0.0,170.0,21.0,1,1,1.0,200,580,2.0,435.49365234375,535.71923828125,30.561429977416992,76.15666961669922,203.15,17.0,0,False,False,False,True,False,False,False,False,False,False
556,556,0.15,0.36,1.02,0.01,0.01,0.0,0.0,0.0,0.0,0.0,0.0,0.0,0,0.0,0,0.0,0.0,0.0,0.0,0.0,0.0,170.0,21.0,1,1,1.0,200,580,2.0,441.0069580078125,535.5499877929688,30.543170928955078,76.6784439086914,213.15,34.0,0,False,False,False,True,False,False,False,False,False,False
557,557,0.15,0.36,1.02,0.01,0.01,0.0,0.0,0.0,0.0,0.0,0.0,0.0,0,0.0,0,0.0,0.0,0.0,0.0,0.0,0.0,170.0,21.0,1,1,1.0,200,580,2.0,455.677490234375,538.8811645507812,30.570026397705078,76.75296020507812,223.15,63.0,0,False,False,False,True,False,False,False,False,False,False
558,558,0.15,0.36,1.02,0.01,0.01,0.0,0.0,0.0,0.0,0.0,0.0,0.0,0,0.0,0,0.0,0.0,0.0,0.0,0.0,0.0,170.0,21.0,1,1,1.0,200,580,2.0,469.1177062988281,558.1146850585938,29.617080688476562,76.62244415283203,233.15,98.0,0,False,False,False,True,False,False,False,False,False,False
559,559,0.15,0.36,1.02,0.01,0.01,0.0,0.0,0.0,0.0,0.0,0.0,0.0,0,0.0,0,0.0,0.0,0.0,0.0,0.0,0.0,170.0,21.0,1,1,1.0,200,580,2.0,471.5968322753906,571.1058349609375,29.406341552734375,75.74187469482422,253.15,150.0,0,False,False,False,True,False,False,False,False,False,False
560,560,0.15,0.36,1.02,0.01,0.01,0.0,0.0,0.0,0.0,0.0,0.0,0.0,0,0.0,0,0.0,0.0,0.0,0.0,0.0,0.0,170.0,21.0,1,1,1.0,200,580,2.0,477.7623596191406,571.14892578125,29.16645050048828,75.07372283935547,293.15,197.0,0,False,False,False,True,False,False,False,False,False,False
561,561,0.15,0.35,1.38,0.01,0.01,0.0,0.0,0.0,0.0,0.0,0.0,0.0,0,0.0,0,0.0,0.0,0.0,0.0,0.0,0.0,170.0,21.0,1,1,1.0,200,580,2.0,513.0,623.0,27.4,72.9,,134.2203826904297,4,False,False,False,True,False,False,False,False,False,False
562,562,0.15,0.35,1.38,0.01,0.01,0.0,0.0,0.0,0.0,0.0,0.0,0.0,0,0.0,0,0.0,0.0,0.0,0.0,0.0,0.0,170.0,21.0,1,1,1.0,200,580,2.0,479.5178527832031,567.3778686523438,29.22903060913086,73.23361206054688,203.15,38.0,0,False,False,False,True,False,False,False,False,False,False
563,563,0.15,0.35,1.38,0.01,0.01,0.0,0.0,0.0,0.0,0.0,0.0,0.0,0,0.0,0,0.0,0.0,0.0,0.0,0.0,0.0,170.0,21.0,1,1,1.0,200,580,2.0,483.8160705566406,567.2086181640625,29.19094467163086,73.75538635253906,213.15,57.0,0,False,False,False,True,False,False,False,False,False,False
564,564,0.15,0.35,1.38,0.01,0.01,0.0,0.0,0.0,0.0,0.0,0.0,0.0,0,0.0,0,0.0,0.0,0.0,0.0,0.0,0.0,170.0,21.0,1,1,1.0,200,580,2.0,483.8160705566406,568.2424926757812,29.21780014038086,73.82990264892578,223.15,80.0,0,False,False,False,True,False,False,False,False,False,False
565,565,0.15,0.35,1.38,0.01,0.01,0.0,0.0,0.0,0.0,0.0,0.0,0.0,0,0.0,0,0.0,0.0,0.0,0.0,0.0,0.0,170.0,21.0,1,1,1.0,200,580,2.0,501.5852355957031,585.265380859375,28.314088821411133,73.69938659667969,233.15,104.0,0,False,False,False,True,False,False,False,False,False,False
566,566,0.15,0.35,1.38,0.01,0.01,0.0,0.0,0.0,0.0,0.0,0.0,0.0,0,0.0,0,0.0,0.0,0.0,0.0,0.0,0.0,170.0,21.0,1,1,1.0,200,580,2.0,506.01104736328125,588.4954223632812,28.198698043823242,72.81881713867188,253.15,150.0,0,False,False,False,True,False,False,False,False,False,False
567,567,0.15,0.35,1.38,0.01,0.01,0.0,0.0,0.0,0.0,0.0,0.0,0.0,0,0.0,0,0.0,0.0,0.0,0.0,0.0,0.0,170.0,21.0,1,1,1.0,200,580,2.0,509.5150146484375,594.05322265625,27.95880699157715,72.15066528320312,293.15,184.0,0,False,False,False,True,False,False,False,False,False,False
568,568,0.14,0.35,1.76,0.01,0.01,0.0,0.0,0.0,0.0,0.0,0.0,0.0,0,0.0,0,0.0,0.0,0.0,0.0,0.0,0.0,170.0,21.0,1,1,1.0,200,580,2.0,567.0,679.0,24.0,69.8,,116.81827545166016,4,False,False,False,True,False,False,False,False,False,False
569,569,0.14,0.35,1.76,0.01,0.01,0.0,0.0,0.0,0.0,0.0,0.0,0.0,0,0.0,0,0.0,0.0,0.0,0.0,0.0,0.0,170.0,21.0,1,1,1.0,200,580,2.0,522.5120849609375,637.1314086914062,26.856130599975586,71.41537475585938,203.15,27.0,0,False,False,False,True,False,False,False,False,False,False
570,570,0.14,0.35,1.76,0.01,0.01,0.0,0.0,0.0,0.0,0.0,0.0,0.0,0,0.0,0,0.0,0.0,0.0,0.0,0.0,0.0,170.0,21.0,1,1,1.0,200,580,2.0,526.7117919921875,636.962158203125,26.772371292114258,71.88329315185547,213.15,32.0,0,False,False,False,True,False,False,False,False,False,False
571,571,0.14,0.35,1.76,0.01,0.01,0.0,0.0,0.0,0.0,0.0,0.0,0.0,0,0.0,0,0.0,0.0,0.0,0.0,0.0,0.0,170.0,21.0,1,1,1.0,200,580,2.0,526.7117919921875,636.136474609375,26.79102897644043,71.79100036621094,223.15,42.0,0,False,False,False,True,False,False,False,False,False,False
572,572,0.14,0.35,1.76,0.01,0.01,0.0,0.0,0.0,0.0,0.0,0.0,0.0,0,0.0,0,0.0,0.0,0.0,0.0,0.0,0.0,170.0,21.0,1,1,1.0,200,580,2.0,542.25048828125,660.2269287109375,25.724018096923828,71.39173126220703,233.15,55.0,0,False,False,False,True,False,False,False,False,False,False
573,573,0.14,0.35,1.76,0.01,0.01,0.0,0.0,0.0,0.0,0.0,0.0,0.0,0,0.0,0,0.0,0.0,0.0,0.0,0.0,0.0,170.0,21.0,1,1,1.0,200,580,2.0,555.5814208984375,671.03662109375,25.337190628051758,70.36738586425781,253.15,117.0,0,False,False,False,True,False,False,False,False,False,False
574,574,0.14,0.35,1.76,0.01,0.01,0.0,0.0,0.0,0.0,0.0,0.0,0.0,0,0.0,0,0.0,0.0,0.0,0.0,0.0,0.0,170.0,21.0,1,1,1.0,200,580,2.0,559.0853881835938,676.711669921875,24.999671936035156,69.80101013183594,293.15,160.0,0,False,False,False,True,False,False,False,False,False,False
575,575,0.07,0.33,1.45,0.0,0.0,0.0,0.0,0.0,0.0,0.0,0.0,0.0,408,6.0,90,0.0,0.0,0.0,0.0,0.0,0.0,170.0,21.0,1,1,1.0,200,250,14.0,463.0,537.0,31.2,78.8,,104.66891479492188,4,False,False,False,False,False,False,False,False,True,False
576,576,0.07,0.33,1.45,0.0,0.0,0.0,0.0,0.0,0.0,0.0,0.0,0.0,408,6.0,90,0.0,0.0,0.0,0.0,0.0,0.0,170.0,21.0,1,1,1.0,200,0,0.0,457.5852355957031,540.44140625,31.293264389038086,77.82279205322266,213.15,28.0,0,False,False,False,False,False,False,False,False,True,False
577,577,0.07,0.33,1.45,0.0,0.0,0.0,0.0,0.0,0.0,0.0,0.0,0.0,408,6.0,90,0.0,0.0,0.0,0.0,0.0,0.0,170.0,21.0,1,1,1.0,200,0,0.0,478.640625,555.8810424804688,30.706039428710938,77.58024597167969,237.15,100.0,0,False,False,False,False,False,False,False,False,True,False
578,578,0.07,0.33,1.45,0.0,0.0,0.0,0.0,0.0,0.0,0.0,0.0,0.0,408,6.0,90,0.0,0.0,0.0,0.0,0.0,0.0,170.0,21.0,1,1,1.0,200,0,0.0,477.1625061035156,553.7897338867188,30.559911727905273,77.49201965332031,,102.80783081054688,0,False,False,False,False,False,False,False,False,True,False
579,579,0.07,0.34,1.49,0.0,0.01,0.0,0.0,0.0,0.0,0.0,0.0,0.0,396,16.0,84,0.0,0.0,0.0,0.0,0.0,0.0,170.0,21.0,1,1,1.0,200,250,14.0,482.0,548.0,33.6,78.8,,109.94161987304688,4,False,False,False,False,False,False,False,False,True,False
580,580,0.07,0.34,1.49,0.0,0.01,0.0,0.0,0.0,0.0,0.0,0.0,0.0,396,16.0,84,0.0,0.0,0.0,0.0,0.0,0.0,170.0,21.0,1,1,1.0,200,0,0.0,460.8815612792969,539.9041137695312,30.732749938964844,77.66233825683594,188.15,28.0,0,False,False,False,False,False,False,False,False,True,False
581,581,0.07,0.34,1.49,0.0,0.01,0.0,0.0,0.0,0.0,0.0,0.0,0.0,396,16.0,84,0.0,0.0,0.0,0.0,0.0,0.0,170.0,21.0,1,1,1.0,200,0,0.0,463.83843994140625,542.9234008789062,30.72991180419922,77.97797393798828,214.15,100.0,0,False,False,False,False,False,False,False,False,True,False
582,582,0.07,0.34,1.49,0.0,0.01,0.0,0.0,0.0,0.0,0.0,0.0,0.0,396,16.0,84,0.0,0.0,0.0,0.0,0.0,0.0,170.0,21.0,1,1,1.0,200,0,0.0,481.8978271484375,556.271728515625,29.93914031982422,77.79644775390625,,109.83329772949219,0,False,False,False,False,False,False,False,False,True,False
583,583,0.07,0.36,1.46,0.0,0.01,0.0,0.0,0.0,0.0,0.0,0.0,0.0,400,22.0,85,0.0,0.0,0.0,0.0,0.0,0.0,170.0,21.0,1,1,1.0,200,250,14.0,497.0,563.0,30.6,77.0,,110.3829574584961,4,False,False,False,False,False,False,False,False,True,False
584,584,0.07,0.36,1.46,0.0,0.01,0.0,0.0,0.0,0.0,0.0,0.0,0.0,400,22.0,85,0.0,0.0,0.0,0.0,0.0,0.0,170.0,21.0,1,1,1.0,200,0,0.0,463.34698486328125,551.1744384765625,30.33735466003418,77.48101043701172,191.15,28.0,0,False,False,False,False,False,False,False,False,True,False
585,585,0.07,0.36,1.46,0.0,0.01,0.0,0.0,0.0,0.0,0.0,0.0,0.0,400,22.0,85,0.0,0.0,0.0,0.0,0.0,0.0,170.0,21.0,1,1,1.0,200,0,0.0,466.857177734375,553.91357421875,30.314319610595703,77.51252746582031,208.15,100.0,0,False,False,False,False,False,False,False,False,True,False
586,586,0.07,0.36,1.46,0.0,0.01,0.0,0.0,0.0,0.0,0.0,0.0,0.0,400,22.0,85,0.0,0.0,0.0,0.0,0.0,0.0,170.0,21.0,1,1,1.0,200,0,0.0,490.1267395019531,567.2918701171875,29.708084106445312,77.48282623291016,,110.08076477050781,0,False,False,False,False,False,False,False,False,True,False
587,587,0.06,0.33,1.36,0.0,0.01,0.0,0.0,0.0,0.0,0.0,0.0,0.0,419,28.0,81,0.0,0.0,0.0,0.0,0.0,0.0,170.0,21.0,1,1,1.0,200,250,14.0,474.0,538.0,32.2,78.8,,113.57868957519531,4,False,False,False,False,False,False,False,False,True,False
588,588,0.06,0.33,1.36,0.0,0.01,0.0,0.0,0.0,0.0,0.0,0.0,0.0,419,28.0,81,0.0,0.0,0.0,0.0,0.0,0.0,170.0,21.0,1,1,1.0,200,0,0.0,445.7930908203125,522.9076538085938,31.59054183959961,78.2442626953125,187.15,28.0,0,False,False,False,False,False,False,False,False,True,False
589,589,0.06,0.33,1.36,0.0,0.01,0.0,0.0,0.0,0.0,0.0,0.0,0.0,419,28.0,81,0.0,0.0,0.0,0.0,0.0,0.0,170.0,21.0,1,1,1.0,200,0,0.0,446.904052734375,522.9076538085938,31.59054183959961,78.2257080078125,202.15,100.0,0,False,False,False,False,False,False,False,False,True,False
590,590,0.06,0.33,1.36,0.0,0.01,0.0,0.0,0.0,0.0,0.0,0.0,0.0,419,28.0,81,0.0,0.0,0.0,0.0,0.0,0.0,170.0,21.0,1,1,1.0,200,0,0.0,464.8455810546875,544.44921875,30.910364151000977,78.38994598388672,,113.27568817138672,0,False,False,False,False,False,False,False,False,True,False
591,591,0.07,0.32,1.48,0.0,0.01,0.0,0.0,0.0,0.0,0.0,0.0,0.0,373,55.0,75,0.0,0.0,0.0,0.0,0.0,0.0,170.0,21.0,1,1,1.0,200,250,14.0,488.0,549.0,32.4,78.8,,110.80778503417969,4,False,False,False,False,False,False,False,False,True,False
592,592,0.07,0.32,1.48,0.0,0.01,0.0,0.0,0.0,0.0,0.0,0.0,0.0,373,55.0,75,0.0,0.0,0.0,0.0,0.0,0.0,170.0,21.0,1,1,1.0,200,0,0.0,462.758056640625,541.6043090820312,32.085025787353516,78.97392272949219,197.15,28.0,0,False,False,False,False,False,False,False,False,True,False
593,593,0.07,0.32,1.48,0.0,0.01,0.0,0.0,0.0,0.0,0.0,0.0,0.0,373,55.0,75,0.0,0.0,0.0,0.0,0.0,0.0,170.0,21.0,1,1,1.0,200,0,0.0,465.65826416015625,543.6464233398438,32.15896987915039,79.31265258789062,212.15,100.0,0,False,False,False,False,False,False,False,False,True,False
594,594,0.07,0.32,1.48,0.0,0.01,0.0,0.0,0.0,0.0,0.0,0.0,0.0,373,55.0,75,0.0,0.0,0.0,0.0,0.0,0.0,170.0,21.0,1,1,1.0,200,0,0.0,486.295654296875,558.0435791015625,30.781322479248047,79.14559936523438,,110.5951919555664,0,False,False,False,False,False,False,False,False,True,False
595,595,0.07,0.32,1.38,0.0,0.0,0.0,0.0,0.0,0.0,0.0,0.0,0.0,376,77.0,74,0.0,0.0,0.0,0.0,0.0,0.0,170.0,21.0,1,1,1.0,200,250,14.0,466.0,542.0,30.6,80.6,,109.77850341796875,4,False,False,False,False,False,False,False,False,True,False
596,596,0.07,0.32,1.38,0.0,0.0,0.0,0.0,0.0,0.0,0.0,0.0,0.0,376,77.0,74,0.0,0.0,0.0,0.0,0.0,0.0,170.0,21.0,1,1,1.0,200,0,0.0,442.9087829589844,526.5975341796875,31.56822967529297,79.03091430664062,205.15,28.0,0,False,False,False,False,False,False,False,False,True,False
597,597,0.07,0.32,1.38,0.0,0.0,0.0,0.0,0.0,0.0,0.0,0.0,0.0,376,77.0,74,0.0,0.0,0.0,0.0,0.0,0.0,170.0,21.0,1,1,1.0,200,0,0.0,444.1531677246094,527.98388671875,31.329103469848633,79.48234558105469,222.15,100.0,0,False,False,False,False,False,False,False,False,True,False
598,598,0.07,0.32,1.38,0.0,0.0,0.0,0.0,0.0,0.0,0.0,0.0,0.0,376,77.0,74,0.0,0.0,0.0,0.0,0.0,0.0,170.0,21.0,1,1,1.0,200,0,0.0,460.1352233886719,544.036376953125,30.174034118652344,79.16732788085938,,109.86685180664062,0,False,False,False,False,False,False,False,False,True,False
599,599,0.07,0.35,1.51,0.01,0.01,0.0,0.0,0.0,0.0,0.0,0.0,0.0,351,100.0,87,0.0,0.0,0.0,0.0,0.0,0.0,170.0,21.0,1,1,1.0,200,250,14.0,499.0,569.0,29.0,77.9,,109.84473419189453,4,False,False,False,False,False,False,False,False,True,False
600,600,0.07,0.35,1.51,0.01,0.01,0.0,0.0,0.0,0.0,0.0,0.0,0.0,351,100.0,87,0.0,0.0,0.0,0.0,0.0,0.0,170.0,21.0,1,1,1.0,200,0,0.0,478.5049133300781,551.9657592773438,29.5836124420166,78.31292724609375,207.15,28.0,0,False,False,False,False,False,False,False,False,True,False
601,601,0.07,0.35,1.51,0.01,0.01,0.0,0.0,0.0,0.0,0.0,0.0,0.0,351,100.0,87,0.0,0.0,0.0,0.0,0.0,0.0,170.0,21.0,1,1,1.0,200,0,0.0,486.147705078125,555.3695678710938,29.25257682800293,78.57420349121094,226.15,100.0,0,False,False,False,False,False,False,False,False,True,False
602,602,0.07,0.35,1.51,0.01,0.01,0.0,0.0,0.0,0.0,0.0,0.0,0.0,351,100.0,87,0.0,0.0,0.0,0.0,0.0,0.0,170.0,21.0,1,1,1.0,200,0,0.0,494.8516845703125,565.5052490234375,28.252870559692383,78.31237030029297,,108.4815673828125,0,False,False,False,False,False,False,False,False,True,False
603,603,0.06,0.39,1.53,0.0,0.01,0.0,0.0,0.0,0.0,0.0,0.0,0.0,351,140.0,93,0.0,0.0,0.0,0.0,0.0,0.0,170.0,21.0,1,1,1.0,200,250,14.0,513.0,579.0,27.0,77.9,,112.35867309570312,4,False,False,False,False,False,False,False,False,True,False
604,604,0.06,0.39,1.53,0.0,0.01,0.0,0.0,0.0,0.0,0.0,0.0,0.0,351,140.0,93,0.0,0.0,0.0,0.0,0.0,0.0,170.0,21.0,1,1,1.0,200,0,0.0,483.84246826171875,561.9295654296875,28.098264694213867,78.3321304321289,209.15,28.0,0,False,False,False,False,False,False,False,False,True,False
605,605,0.06,0.39,1.53,0.0,0.01,0.0,0.0,0.0,0.0,0.0,0.0,0.0,351,140.0,93,0.0,0.0,0.0,0.0,0.0,0.0,170.0,21.0,1,1,1.0,200,0,0.0,491.0523986816406,566.1087646484375,27.555648803710938,78.24620056152344,229.15,100.0,0,False,False,False,False,False,False,False,False,True,False
606,606,0.06,0.39,1.53,0.0,0.01,0.0,0.0,0.0,0.0,0.0,0.0,0.0,351,140.0,93,0.0,0.0,0.0,0.0,0.0,0.0,170.0,21.0,1,1,1.0,200,0,0.0,503.5862121582031,579.8269653320312,26.776714324951172,77.77354431152344,,111.0809097290039,0,False,False,False,False,False,False,False,False,True,False
607,607,0.07,0.48,1.64,0.0,0.01,0.0,0.0,0.0,0.0,0.0,0.0,0.0,290,210.0,102,0.0,0.0,0.0,0.0,0.0,0.0,170.0,21.0,1,1,1.0,200,250,14.0,515.0,592.0,27.2,78.9,,112.47366333007812,4,False,False,False,False,False,False,False,False,True,False
608,608,0.07,0.48,1.64,0.0,0.01,0.0,0.0,0.0,0.0,0.0,0.0,0.0,290,210.0,102,0.0,0.0,0.0,0.0,0.0,0.0,170.0,21.0,1,1,1.0,200,0,0.0,495.4783935546875,591.37060546875,27.81130027770996,76.36481475830078,197.15,28.0,0,False,False,False,False,False,False,False,False,True,False
609,609,0.07,0.48,1.64,0.0,0.01,0.0,0.0,0.0,0.0,0.0,0.0,0.0,290,210.0,102,0.0,0.0,0.0,0.0,0.0,0.0,170.0,21.0,1,1,1.0,200,0,0.0,497.1129455566406,594.0654907226562,27.646892547607422,76.75544738769531,218.15,100.0,0,False,False,False,False,False,False,False,False,True,False
610,610,0.07,0.48,1.64,0.0,0.01,0.0,0.0,0.0,0.0,0.0,0.0,0.0,290,210.0,102,0.0,0.0,0.0,0.0,0.0,0.0,170.0,21.0,1,1,1.0,200,0,0.0,519.416259765625,605.3467407226562,26.07935905456543,75.79981994628906,,111.15819549560547,0,False,False,False,False,False,False,False,False,True,False
611,611,0.08,0.29,1.75,0.01,0.0,0.0,0.0,0.0,0.0,0.0,0.0,0.0,272,255.0,96,0.0,0.0,0.0,0.0,0.0,0.0,170.0,21.0,1,1,1.0,200,250,14.0,588.0,654.0,26.4,72.0,,115.69792938232422,4,False,False,False,False,False,False,False,False,True,False
612,612,0.08,0.29,1.75,0.01,0.0,0.0,0.0,0.0,0.0,0.0,0.0,0.0,272,255.0,96,0.0,0.0,0.0,0.0,0.0,0.0,170.0,21.0,1,1,1.0,200,0,0.0,473.7948913574219,562.5250854492188,28.897218704223633,75.1474838256836,193.15,28.0,0,False,False,False,False,False,False,False,False,True,False
613,613,0.08,0.29,1.75,0.01,0.0,0.0,0.0,0.0,0.0,0.0,0.0,0.0,272,255.0,96,0.0,0.0,0.0,0.0,0.0,0.0,170.0,21.0,1,1,1.0,200,0,0.0,477.9250793457031,565.9944458007812,28.621976852416992,75.6366195678711,218.15,100.0,0,False,False,False,False,False,False,False,False,True,False
614,614,0.08,0.29,1.75,0.01,0.0,0.0,0.0,0.0,0.0,0.0,0.0,0.0,272,255.0,96,0.0,0.0,0.0,0.0,0.0,0.0,170.0,21.0,1,1,1.0,200,0,0.0,504.6169738769531,586.7327880859375,27.02907943725586,74.0267333984375,,114.21642303466797,0,False,False,False,False,False,False,False,False,True,False
615,615,0.07,0.35,0.63,0.01,0.01,0.0,0.0,0.0,0.0,0.0,0.0,0.0,472,8.0,66,4.66,4.69,4.87,0.0,0.0,0.0,170.0,21.0,1,1,1.0,200,250,14.0,404.0,494.0,32.4,76.0,,116.62457275390625,4,False,False,False,True,False,False,False,False,False,False
616,616,0.07,0.35,0.63,0.01,0.01,0.0,0.0,0.0,0.0,0.0,0.0,0.0,472,8.0,66,4.66,4.83,4.89,0.0,0.0,0.0,170.0,21.0,1,1,1.0,200,0,0.0,372.6658630371094,465.9500732421875,31.97135353088379,77.27364349365234,227.15,100.0,0,False,False,False,True,False,False,False,False,False,False
617,617,0.07,0.35,0.63,0.01,0.01,0.0,0.0,0.0,0.0,0.0,0.0,0.0,472,8.0,66,4.81,4.93,4.83,0.0,0.0,0.0,170.0,21.0,1,1,1.0,200,580,2.0,333.0,450.0,30.4,78.9,220.15,100.0,4,False,False,False,True,False,False,False,False,False,False
618,618,0.07,0.35,0.65,0.0,0.0,0.0,0.0,0.0,0.0,0.0,0.0,0.0,426,36.0,73,4.63,4.54,4.75,0.0,0.0,0.0,170.0,21.0,1,1,1.0,200,250,14.0,402.0,494.0,33.3,77.5,,115.92876434326172,4,False,False,False,True,False,False,False,False,False,False
619,619,0.07,0.35,0.65,0.0,0.0,0.0,0.0,0.0,0.0,0.0,0.0,0.0,426,36.0,73,2.7,2.65,4.79,0.0,0.0,0.0,170.0,21.0,1,1,1.0,200,0,0.0,385.2176513671875,470.58587646484375,34.56074142456055,79.09896087646484,228.15,100.0,0,False,False,False,True,False,False,False,False,False,False
620,620,0.07,0.35,0.65,0.0,0.0,0.0,0.0,0.0,0.0,0.0,0.0,0.0,426,36.0,73,2.47,4.71,4.81,0.0,0.0,0.0,170.0,21.0,1,1,1.0,200,580,2.0,329.0,447.0,36.4,80.5,218.15,100.0,4,False,False,False,True,False,False,False,False,False,False
621,621,0.08,0.35,0.66,0.01,0.01,0.0,0.0,0.0,0.0,0.0,0.0,0.0,396,96.0,71,4.64,2.74,4.89,0.0,0.0,0.0,170.0,21.0,1,1,1.0,200,250,14.0,396.0,492.0,30.2,78.0,,118.86398315429688,4,False,False,False,True,False,False,False,False,False,False
622,622,0.08,0.35,0.66,0.01,0.01,0.0,0.0,0.0,0.0,0.0,0.0,0.0,396,96.0,71,4.8,4.68,5.0,0.0,0.0,0.0,170.0,21.0,1,1,1.0,200,0,0.0,411.9363708496094,500.2096862792969,29.734432220458984,77.7225112915039,233.15,100.0,0,False,False,False,True,False,False,False,False,False,False
623,623,0.08,0.35,0.66,0.01,0.01,0.0,0.0,0.0,0.0,0.0,0.0,0.0,396,96.0,71,4.92,4.53,4.65,0.0,0.0,0.0,170.0,21.0,1,1,1.0,200,580,2.0,351.0,457.0,31.6,79.8,219.15,100.0,4,False,False,False,True,False,False,False,False,False,False
624,624,0.08,0.38,0.67,0.01,0.01,0.0,0.0,0.0,0.0,0.0,0.0,0.0,362,160.0,70,4.68,4.74,2.0,0.0,0.0,0.0,170.0,21.0,1,1,1.0,200,250,14.0,410.0,494.0,31.4,78.9,,120.04850769042969,4,False,False,False,True,False,False,False,False,False,False
625,625,0.08,0.38,0.67,0.01,0.01,0.0,0.0,0.0,0.0,0.0,0.0,0.0,362,160.0,70,4.56,4.91,4.54,0.0,0.0,0.0,170.0,21.0,1,1,1.0,200,0,0.0,409.35772705078125,497.1961975097656,29.707761764526367,78.9137954711914,237.15,100.0,0,False,False,False,True,False,False,False,False,False,False
626,626,0.08,0.38,0.67,0.01,0.01,0.0,0.0,0.0,0.0,0.0,0.0,0.0,362,160.0,70,2.78,4.9,2.16,0.0,0.0,0.0,170.0,21.0,1,1,1.0,200,580,2.0,365.0,465.0,30.4,79.8,217.15,100.0,4,False,False,False,True,False,False,False,False,False,False
627,627,0.08,0.44,0.71,0.01,0.01,0.0,0.0,0.0,0.0,0.0,0.0,0.0,306,225.0,76,4.71,2.08,2.73,0.0,0.0,0.0,170.0,21.0,1,1,1.0,200,250,14.0,440.0,523.0,31.4,77.0,,114.04756927490234,4,False,False,False,True,False,False,False,False,False,False
628,628,0.08,0.44,0.71,0.01,0.01,0.0,0.0,0.0,0.0,0.0,0.0,0.0,306,225.0,76,4.68,2.82,2.62,0.0,0.0,0.0,170.0,21.0,1,1,1.0,200,0,0.0,426.5423278808594,509.9027099609375,29.75923728942871,77.9797592163086,233.15,100.0,0,False,False,False,True,False,False,False,False,False,False
629,629,0.08,0.44,0.71,0.01,0.01,0.0,0.0,0.0,0.0,0.0,0.0,0.0,306,225.0,76,2.82,4.79,4.75,0.0,0.0,0.0,170.0,21.0,1,1,1.0,200,580,2.0,381.0,484.0,31.6,78.0,222.15,100.0,4,False,False,False,True,False,False,False,False,False,False
630,630,0.08,0.3,1.0,0.01,0.01,0.0,0.0,0.0,0.0,0.0,0.0,0.0,464,7.0,83,4.62,4.9,4.6,0.0,0.0,0.0,170.0,21.0,1,1,1.0,200,250,14.0,409.0,504.0,30.6,77.0,,111.67957305908203,4,False,False,False,True,False,False,False,False,False,False
631,631,0.08,0.3,1.0,0.01,0.01,0.0,0.0,0.0,0.0,0.0,0.0,0.0,464,7.0,83,4.67,4.75,4.7,0.0,0.0,0.0,170.0,21.0,1,1,1.0,200,0,0.0,382.0628356933594,483.7712097167969,31.142040252685547,78.0418930053711,217.15,100.0,0,False,False,False,True,False,False,False,False,False,False
632,632,0.08,0.3,1.0,0.01,0.01,0.0,0.0,0.0,0.0,0.0,0.0,0.0,464,7.0,83,3.1,4.78,4.93,0.0,0.0,0.0,170.0,21.0,1,1,1.0,200,580,2.0,372.0,480.0,30.5,78.9,207.15,100.0,4,False,False,False,True,False,False,False,False,False,False
633,633,0.08,0.35,1.01,0.01,0.0,0.0,0.0,0.0,0.0,0.0,0.0,0.0,401,41.0,74,4.7,4.47,4.75,0.0,0.0,0.0,170.0,21.0,1,1,1.0,200,250,14.0,443.0,522.0,31.1,77.0,,116.33484649658203,4,False,False,False,True,False,False,False,False,False,False
634,634,0.08,0.35,1.01,0.01,0.0,0.0,0.0,0.0,0.0,0.0,0.0,0.0,401,41.0,74,2.51,4.63,4.7,0.0,0.0,0.0,170.0,21.0,1,1,1.0,200,0,0.0,387.1488037109375,485.19287109375,31.60137176513672,79.16405487060547,213.15,100.0,0,False,False,False,True,False,False,False,False,False,False
635,635,0.08,0.35,1.01,0.01,0.0,0.0,0.0,0.0,0.0,0.0,0.0,0.0,401,41.0,74,4.55,2.8,4.84,0.0,0.0,0.0,170.0,21.0,1,1,1.0,200,580,2.0,359.0,480.0,29.4,80.3,193.15,100.0,4,False,False,False,True,False,False,False,False,False,False
636,636,0.08,0.31,1.03,0.01,0.01,0.0,0.0,0.0,0.0,0.0,0.0,0.0,394,92.0,79,2.31,4.71,4.71,0.0,0.0,0.0,170.0,21.0,1,1,1.0,200,250,14.0,427.0,516.0,32.0,78.9,,114.75064849853516,4,False,False,False,True,False,False,False,False,False,False
637,637,0.08,0.31,1.03,0.01,0.01,0.0,0.0,0.0,0.0,0.0,0.0,0.0,394,92.0,79,4.91,4.7,2.62,0.0,0.0,0.0,170.0,21.0,1,1,1.0,200,0,0.0,400.1422424316406,491.6087646484375,31.857013702392578,79.18502044677734,220.15,100.0,0,False,False,False,True,False,False,False,False,False,False
638,638,0.08,0.31,1.03,0.01,0.01,0.0,0.0,0.0,0.0,0.0,0.0,0.0,394,92.0,79,4.58,4.93,2.39,0.0,0.0,0.0,170.0,21.0,1,1,1.0,200,580,2.0,375.0,470.0,32.4,79.8,217.15,100.0,4,False,False,False,True,False,False,False,False,False,False
639,639,0.08,0.35,1.05,0.01,0.01,0.0,0.0,0.0,0.0,0.0,0.0,0.0,361,140.0,82,4.73,4.91,4.55,0.0,0.0,0.0,170.0,21.0,1,1,1.0,200,250,14.0,434.0,517.0,30.8,78.9,,117.5553207397461,4,False,False,False,True,False,False,False,False,False,False
640,640,0.08,0.35,1.05,0.01,0.01,0.0,0.0,0.0,0.0,0.0,0.0,0.0,361,140.0,82,2.29,4.86,4.57,0.0,0.0,0.0,170.0,21.0,1,1,1.0,200,0,0.0,433.52569580078125,504.2555847167969,29.88323974609375,78.8622817993164,228.15,100.0,0,False,False,False,True,False,False,False,False,False,False
641,641,0.08,0.35,1.05,0.01,0.01,0.0,0.0,0.0,0.0,0.0,0.0,0.0,361,140.0,82,4.98,4.68,4.8,0.0,0.0,0.0,170.0,21.0,1,1,1.0,200,580,2.0,398.0,488.0,32.2,80.7,219.15,100.0,4,False,False,False,True,False,False,False,False,False,False
642,642,0.08,0.43,1.1,0.01,0.0,0.0,0.0,0.0,0.0,0.0,0.0,0.0,329,190.0,73,4.84,4.82,5.0,0.0,0.0,0.0,170.0,21.0,1,1,1.0,200,250,14.0,456.0,545.0,29.0,78.9,,106.04426574707031,4,False,False,False,True,False,False,False,False,False,False
643,643,0.08,0.43,1.1,0.01,0.0,0.0,0.0,0.0,0.0,0.0,0.0,0.0,329,190.0,73,4.95,4.66,4.91,0.0,0.0,0.0,170.0,21.0,1,1,1.0,200,0,0.0,439.3229675292969,516.5083618164062,30.47028923034668,79.11698150634766,223.15,100.0,0,False,False,False,True,False,False,False,False,False,False
644,644,0.08,0.43,1.1,0.01,0.0,0.0,0.0,0.0,0.0,0.0,0.0,0.0,329,190.0,73,2.35,4.74,4.83,0.0,0.0,0.0,170.0,21.0,1,1,1.0,200,580,2.0,399.0,492.0,32.2,80.7,217.15,100.0,4,False,False,False,True,False,False,False,False,False,False
645,645,0.08,0.3,1.31,0.01,0.01,0.0,0.0,0.0,0.0,0.0,0.0,0.0,441,5.0,81,4.64,4.85,4.87,0.0,0.0,0.0,170.0,21.0,1,1,1.0,200,250,14.0,420.0,523.0,26.4,77.0,,105.513916015625,4,False,False,False,True,False,False,False,False,False,False
646,646,0.08,0.3,1.31,0.01,0.01,0.0,0.0,0.0,0.0,0.0,0.0,0.0,441,5.0,81,4.95,4.66,4.93,0.0,0.0,0.0,170.0,21.0,1,1,1.0,200,0,0.0,434.25927734375,533.753662109375,27.875398635864258,77.01663970947266,244.15,100.0,0,False,False,False,True,False,False,False,False,False,False
647,647,0.08,0.3,1.31,0.01,0.01,0.0,0.0,0.0,0.0,0.0,0.0,0.0,441,5.0,81,4.81,4.58,2.74,0.0,0.0,0.0,170.0,21.0,1,1,1.0,200,580,2.0,359.0,480.0,29.6,78.6,201.15,100.0,4,False,False,False,True,False,False,False,False,False,False
648,648,0.08,0.32,1.33,0.01,0.0,0.0,0.0,0.0,0.0,0.0,0.0,0.0,422,36.0,83,3.05,4.86,2.85,0.0,0.0,0.0,170.0,21.0,1,1,1.0,200,250,14.0,463.0,541.0,27.1,75.9,,107.72761535644531,4,False,False,False,True,False,False,False,False,False,False
649,649,0.08,0.32,1.33,0.01,0.0,0.0,0.0,0.0,0.0,0.0,0.0,0.0,422,36.0,83,4.98,4.94,4.98,0.0,0.0,0.0,170.0,21.0,1,1,1.0,200,0,0.0,416.8446960449219,511.3390808105469,29.794849395751953,77.57394409179688,205.15,100.0,0,False,False,False,True,False,False,False,False,False,False
650,650,0.08,0.32,1.33,0.01,0.0,0.0,0.0,0.0,0.0,0.0,0.0,0.0,422,36.0,83,4.79,4.68,2.68,0.0,0.0,0.0,170.0,21.0,1,1,1.0,200,580,2.0,372.0,497.0,31.4,76.4,192.15,100.0,4,False,False,False,True,False,False,False,False,False,False
651,651,0.07,0.3,1.32,0.01,0.01,0.0,0.0,0.0,0.0,0.0,0.0,0.0,401,75.0,77,4.67,4.73,2.28,0.0,0.0,0.0,170.0,21.0,1,1,1.0,200,250,14.0,450.0,522.0,29.4,78.9,,110.4000244140625,4,False,False,False,True,False,False,False,False,False,False
652,652,0.07,0.3,1.32,0.01,0.01,0.0,0.0,0.0,0.0,0.0,0.0,0.0,401,75.0,77,4.97,2.67,2.56,0.0,0.0,0.0,170.0,21.0,1,1,1.0,200,0,0.0,432.14312744140625,509.72412109375,31.77992057800293,79.44557189941406,221.15,100.0,0,False,False,False,True,False,False,False,False,False,False
653,653,0.07,0.3,1.32,0.01,0.01,0.0,0.0,0.0,0.0,0.0,0.0,0.0,401,75.0,77,4.87,4.89,2.67,0.0,0.0,0.0,170.0,21.0,1,1,1.0,200,580,2.0,419.0,507.0,33.4,80.7,212.15,100.0,4,False,False,False,True,False,False,False,False,False,False
654,654,0.08,0.33,1.35,0.01,0.01,0.0,0.0,0.0,0.0,0.0,0.0,0.0,375,140.0,78,4.68,4.86,4.69,0.0,0.0,0.0,170.0,21.0,1,1,1.0,200,250,14.0,464.0,544.0,29.4,78.9,,111.14022064208984,4,False,False,False,True,False,False,False,False,False,False
655,655,0.08,0.33,1.35,0.01,0.01,0.0,0.0,0.0,0.0,0.0,0.0,0.0,375,140.0,78,4.79,4.93,4.82,0.0,0.0,0.0,170.0,21.0,1,1,1.0,200,0,0.0,454.68377685546875,531.8248901367188,27.810367584228516,79.24890899658203,230.15,100.0,0,False,False,False,True,False,False,False,False,False,False
656,656,0.08,0.33,1.35,0.01,0.01,0.0,0.0,0.0,0.0,0.0,0.0,0.0,375,140.0,78,4.8,4.85,4.71,0.0,0.0,0.0,170.0,21.0,1,1,1.0,200,580,2.0,413.0,508.0,27.0,79.8,213.15,100.0,4,False,False,False,True,False,False,False,False,False,False
657,657,0.08,0.39,1.37,0.01,0.01,0.0,0.0,0.0,0.0,0.0,0.0,0.0,320,215.0,90,4.92,4.97,4.77,0.0,0.0,0.0,170.0,21.0,1,1,1.0,200,250,14.0,485.0,559.0,28.0,80.7,,112.95535278320312,4,False,False,False,True,False,False,False,False,False,False
658,658,0.08,0.39,1.37,0.01,0.01,0.0,0.0,0.0,0.0,0.0,0.0,0.0,320,215.0,90,2.61,2.64,4.86,0.0,0.0,0.0,170.0,21.0,1,1,1.0,200,0,0.0,465.3182067871094,548.6948852539062,28.17569351196289,78.47977447509766,219.15,100.0,0,False,False,False,True,False,False,False,False,False,False
659,659,0.08,0.39,1.37,0.01,0.01,0.0,0.0,0.0,0.0,0.0,0.0,0.0,320,215.0,90,4.77,4.67,2.56,0.0,0.0,0.0,170.0,21.0,1,1,1.0,200,580,2.0,429.0,537.0,28.4,77.5,203.15,100.0,4,False,False,False,True,False,False,False,False,False,False
660,660,0.08,0.28,1.79,0.01,0.01,0.0,0.0,0.0,0.0,0.0,0.0,0.0,439,7.0,82,4.84,4.74,4.64,0.0,0.0,0.0,170.0,21.0,1,1,1.0,200,250,14.0,458.0,568.0,28.6,76.0,,103.81182098388672,4,False,False,False,True,False,False,False,False,False,False
661,661,0.08,0.28,1.79,0.01,0.01,0.0,0.0,0.0,0.0,0.0,0.0,0.0,439,7.0,82,4.98,4.69,4.63,0.0,0.0,0.0,170.0,21.0,1,1,1.0,200,0,0.0,471.8609313964844,570.7755737304688,27.02336883544922,75.36736297607422,268.15,100.0,0,False,False,False,True,False,False,False,False,False,False
662,662,0.08,0.28,1.79,0.01,0.01,0.0,0.0,0.0,0.0,0.0,0.0,0.0,439,7.0,82,4.78,4.69,4.91,0.0,0.0,0.0,170.0,21.0,1,1,1.0,200,580,2.0,381.0,500.0,30.4,78.9,224.15,100.0,4,False,False,False,True,False,False,False,False,False,False
663,663,0.08,0.31,1.75,0.01,0.01,0.0,0.0,0.0,0.0,0.0,0.0,0.0,417,36.0,94,4.74,4.72,3.2,0.0,0.0,0.0,170.0,21.0,1,1,1.0,200,250,14.0,500.0,571.0,28.8,77.0,,108.6875228881836,4,False,False,False,True,False,False,False,False,False,False
664,664,0.08,0.31,1.75,0.01,0.01,0.0,0.0,0.0,0.0,0.0,0.0,0.0,417,36.0,94,4.88,4.72,4.87,0.0,0.0,0.0,170.0,21.0,1,1,1.0,200,0,0.0,469.760986328125,535.2713623046875,29.20071792602539,77.52863311767578,211.15,100.0,0,False,False,False,True,False,False,False,False,False,False
665,665,0.08,0.31,1.75,0.01,0.01,0.0,0.0,0.0,0.0,0.0,0.0,0.0,417,36.0,94,4.98,4.76,4.84,0.0,0.0,0.0,170.0,21.0,1,1,1.0,200,580,2.0,414.0,518.0,29.2,78.4,202.15,100.0,4,False,False,False,True,False,False,False,False,False,False
666,666,0.08,0.29,1.76,0.01,0.01,0.0,0.0,0.0,0.0,0.0,0.0,0.0,396,105.0,81,2.27,2.94,4.69,0.0,0.0,0.0,170.0,21.0,1,1,1.0,200,250,14.0,484.0,577.0,26.2,77.9,,108.37513732910156,4,False,False,False,True,False,False,False,False,False,False
667,667,0.08,0.29,1.76,0.01,0.01,0.0,0.0,0.0,0.0,0.0,0.0,0.0,396,105.0,81,2.92,4.68,4.8,0.0,0.0,0.0,170.0,21.0,1,1,1.0,200,0,0.0,464.7444152832031,538.505615234375,27.60335350036621,78.3558120727539,220.15,100.0,0,False,False,False,True,False,False,False,False,False,False
668,668,0.08,0.29,1.76,0.01,0.01,0.0,0.0,0.0,0.0,0.0,0.0,0.0,396,105.0,81,2.86,4.81,4.7,0.0,0.0,0.0,170.0,21.0,1,1,1.0,200,580,2.0,429.0,532.0,27.4,78.9,216.15,100.0,4,False,False,False,True,False,False,False,False,False,False
669,669,0.08,0.32,1.83,0.01,0.01,0.0,0.0,0.0,0.0,0.0,0.0,0.0,346,170.0,82,4.55,4.64,2.52,0.0,0.0,0.0,170.0,21.0,1,1,1.0,200,250,14.0,510.0,590.0,27.4,79.7,,108.9200668334961,4,False,False,False,True,False,False,False,False,False,False
670,670,0.08,0.32,1.83,0.01,0.01,0.0,0.0,0.0,0.0,0.0,0.0,0.0,346,170.0,82,4.84,4.8,4.88,0.0,0.0,0.0,170.0,21.0,1,1,1.0,200,0,0.0,475.0992431640625,558.0170288085938,28.300457000732422,78.03990173339844,221.15,100.0,0,False,False,False,True,False,False,False,False,False,False
671,671,0.08,0.32,1.83,0.01,0.01,0.0,0.0,0.0,0.0,0.0,0.0,0.0,346,170.0,82,4.62,4.84,2.15,0.0,0.0,0.0,170.0,21.0,1,1,1.0,200,580,2.0,471.0,565.0,27.8,78.0,216.15,100.0,4,False,False,False,True,False,False,False,False,False,False
672,672,0.08,0.37,1.82,0.01,0.01,0.0,0.0,0.0,0.0,0.0,0.0,0.0,324,255.0,81,4.91,2.73,4.64,0.0,0.0,0.0,170.0,21.0,1,1,1.0,200,250,14.0,536.0,612.0,25.4,76.0,,111.6181869506836,4,False,False,False,True,False,False,False,False,False,False
673,673,0.08,0.37,1.82,0.01,0.01,0.0,0.0,0.0,0.0,0.0,0.0,0.0,324,255.0,81,4.71,4.69,4.85,0.0,0.0,0.0,170.0,21.0,1,1,1.0,200,0,0.0,490.87420654296875,576.0159912109375,28.132308959960938,77.51689147949219,220.15,100.0,0,False,False,False,True,False,False,False,False,False,False
674,674,0.08,0.37,1.82,0.01,0.01,0.0,0.0,0.0,0.0,0.0,0.0,0.0,324,255.0,81,1.99,4.84,4.64,0.0,0.0,0.0,170.0,21.0,1,1,1.0,200,580,2.0,474.0,575.0,29.4,78.0,212.15,100.0,4,False,False,False,True,False,False,False,False,False,False
675,675,0.07,0.25,1.4,0.01,0.01,0.0,0.0,0.0,0.0,0.0,0.0,0.0,475,1.0,79,0.0,0.0,0.0,0.0,0.0,0.0,170.0,21.0,1,1,1.0,200,0,0.0,445.0,528.0,28.2,78.0,,102.6952896118164,4,False,False,False,True,False,False,False,False,False,False
676,676,0.08,0.27,1.46,0.01,0.01,0.0,0.0,0.0,0.0,0.0,0.0,0.0,459,28.0,81,0.0,0.0,0.0,0.0,0.0,0.0,170.0,21.0,1,1,1.0,200,0,0.0,471.0,544.0,25.2,77.0,,106.95994567871094,4,False,False,False,True,False,False,False,False,False,False
677,677,0.07,0.26,1.41,0.01,0.01,0.0,0.0,0.0,0.0,0.0,0.0,0.0,392,90.0,83,0.0,0.0,0.0,0.0,0.0,0.0,170.0,21.0,1,1,1.0,200,0,0.0,478.0,540.0,24.2,78.9,,106.72571563720703,4,False,False,False,True,False,False,False,False,False,False
678,678,0.07,0.3,1.45,0.01,0.01,0.0,0.0,0.0,0.0,0.0,0.0,0.0,337,120.0,84,0.0,0.0,0.0,0.0,0.0,0.0,170.0,21.0,1,1,1.0,200,0,0.0,480.0,538.0,27.8,79.8,,111.27466583251953,4,False,False,False,True,False,False,False,False,False,False
679,679,0.07,0.38,1.5,0.01,0.01,0.0,0.0,0.0,0.0,0.0,0.0,0.0,291,260.0,77,0.0,0.0,0.0,0.0,0.0,0.0,170.0,21.0,1,1,1.0,200,0,0.0,509.0,578.0,26.4,78.9,,114.80075073242188,4,False,False,False,True,False,False,False,False,False,False
680,680,0.07,0.45,1.47,0.0,0.01,0.0,0.0,0.0,0.0,0.0,0.0,0.0,282,410.0,77,0.0,0.0,0.0,0.0,0.0,0.0,170.0,21.0,1,1,1.0,200,0,0.0,504.0,577.0,25.8,79.8,,111.23628997802734,4,False,False,False,True,False,False,False,False,False,False
681,681,0.07,0.45,1.5,0.0,0.01,0.0,0.0,0.0,0.0,0.0,0.0,0.0,294,550.0,75,0.0,0.0,0.0,0.0,0.0,0.0,170.0,21.0,1,1,1.0,200,0,0.0,530.0,597.0,25.0,81.6,,115.55687713623047,4,False,False,False,True,False,False,False,False,False,False
682,682,0.07,0.28,1.58,0.01,0.01,0.0,0.0,0.0,0.0,0.0,0.0,0.0,404,4.72,145,0.0,0.0,0.0,0.0,0.0,0.0,170.0,21.0,1,1,1.0,200,0,0.0,473.0,566.0,24.0,77.0,,104.50048828125,4,False,False,False,True,False,False,False,False,False,False
683,683,0.07,0.28,1.4,0.01,0.01,0.0,0.0,0.0,0.0,0.0,0.0,0.0,409,31.0,148,0.0,0.0,0.0,0.0,0.0,0.0,170.0,21.0,1,1,1.0,200,0,0.0,482.0,545.0,28.0,78.9,,107.75595092773438,4,False,False,False,True,False,False,False,False,False,False
684,684,0.07,0.31,1.5,0.01,0.01,0.0,0.0,0.0,0.0,0.0,0.0,0.0,400,51.0,160,0.0,0.0,0.0,0.0,0.0,0.0,170.0,21.0,1,1,1.0,200,0,0.0,522.0,584.0,26.4,78.9,,110.12004089355469,4,False,False,False,True,False,False,False,False,False,False
685,685,0.07,0.29,1.5,0.01,0.01,0.0,0.0,0.0,0.0,0.0,0.0,0.0,341,120.0,164,0.0,0.0,0.0,0.0,0.0,0.0,170.0,21.0,1,1,1.0,200,0,0.0,513.0,573.0,25.2,76.0,,113.08187866210938,4,False,False,False,True,False,False,False,False,False,False
686,686,0.07,0.39,1.51,0.01,0.01,0.0,0.0,0.0,0.0,0.0,0.0,0.0,278,300.0,166,0.0,0.0,0.0,0.0,0.0,0.0,170.0,21.0,1,1,1.0,200,0,0.0,546.0,611.0,24.0,78.0,,115.27843475341797,4,False,False,False,True,False,False,False,False,False,False
687,687,0.07,0.47,1.48,0.01,0.01,0.0,0.0,0.0,0.0,0.0,0.0,0.0,285,410.0,164,0.0,0.0,0.0,0.0,0.0,0.0,170.0,21.0,1,1,1.0,200,0,0.0,584.0,639.0,23.0,75.0,,107.79849243164062,4,False,False,False,True,False,False,False,False,False,False
688,688,0.07,0.45,1.5,0.0,0.01,0.0,0.0,0.0,0.0,0.0,0.0,0.0,297,590.0,155,0.0,0.0,0.0,0.0,0.0,0.0,170.0,21.0,1,1,1.0,200,0,0.0,535.0,599.0,25.6,76.0,,119.23193359375,4,False,False,False,True,False,False,False,False,False,False
689,689,0.07,0.27,1.66,0.01,0.01,0.0,0.0,0.0,0.0,0.0,0.0,0.0,399,4.92,235,0.0,0.0,0.0,0.0,0.0,0.0,170.0,21.0,1,1,1.0,200,0,0.0,505.0,607.0,24.0,76.0,,103.1812973022461,4,False,False,False,True,False,False,False,False,False,False
690,690,0.07,0.26,1.45,0.01,0.01,0.0,0.0,0.0,0.0,0.0,0.0,0.0,391,29.0,226,0.0,0.0,0.0,0.0,0.0,0.0,170.0,21.0,1,1,1.0,200,0,0.0,492.0,581.0,25.8,77.9,,107.54678344726562,4,False,False,False,True,False,False,False,False,False,False
691,691,0.07,0.29,1.53,0.01,0.01,0.0,0.0,0.0,0.0,0.0,0.0,0.0,419,46.0,243,0.0,0.0,0.0,0.0,0.0,0.0,170.0,21.0,1,1,1.0,200,0,0.0,538.0,591.0,24.9,74.5,,109.71338653564453,4,False,False,False,True,False,False,False,False,False,False
692,692,0.07,0.28,1.45,0.01,0.01,0.0,0.0,0.0,0.0,0.0,0.0,0.0,315,120.0,239,0.0,0.0,0.0,0.0,0.0,0.0,170.0,21.0,1,1,1.0,200,0,0.0,523.0,599.0,29.2,77.0,,112.8035659790039,4,False,False,False,True,False,False,False,False,False,False
693,693,0.07,0.4,1.48,0.01,0.01,0.0,0.0,0.0,0.0,0.0,0.0,0.0,286,320.0,253,0.0,0.0,0.0,0.0,0.0,0.0,170.0,21.0,1,1,1.0,200,0,0.0,546.0,621.0,23.6,76.0,,114.6788330078125,4,False,False,False,True,False,False,False,False,False,False
694,694,0.07,0.47,1.46,0.01,0.01,0.0,0.0,0.0,0.0,0.0,0.0,0.0,297,450.0,249,0.0,0.0,0.0,0.0,0.0,0.0,170.0,21.0,1,1,1.0,200,0,0.0,578.0,631.0,24.6,78.0,,110.40167236328125,4,False,False,False,True,False,False,False,False,False,False
695,695,0.07,0.43,1.47,0.0,0.01,0.0,0.0,0.0,0.0,0.0,0.0,0.0,322,690.0,240,0.0,0.0,0.0,0.0,0.0,0.0,170.0,21.0,1,1,1.0,200,0,0.0,552.0,615.0,26.4,78.0,,117.80136108398438,4,False,False,False,True,False,False,False,False,False,False
696,696,0.04,0.3,0.66,0.01,0.01,0.0,0.0,0.0,0.0,0.0,0.0,0.0,490,0.0,70,0.0,0.0,0.0,0.0,0.0,0.0,170.0,21.0,1,1,1.0,150,0,0.0,392.0,466.0,31.9,80.6,246.15,100.0,4,False,False,False,True,False,False,False,False,False,False
697,697,0.04,0.3,0.66,0.01,0.01,0.0,0.0,0.0,0.0,0.0,0.0,0.0,490,0.0,70,0.0,0.0,0.0,0.0,0.0,0.0,170.0,21.0,1,1,1.0,150,500,2.0,370.0,456.0,35.2,80.6,241.15,100.0,4,False,False,False,True,False,False,False,False,False,False
698,698,0.04,0.3,1.0,0.0,0.01,0.0,0.0,0.0,0.0,0.0,0.0,0.0,460,0.0,100,0.0,0.0,0.0,0.0,0.0,0.0,170.0,21.0,1,1,1.0,150,0,0.0,413.0,498.0,31.2,80.6,229.15,100.0,4,False,False,False,True,False,False,False,False,False,False
699,699,0.04,0.3,1.0,0.0,0.01,0.0,0.0,0.0,0.0,0.0,0.0,0.0,460,0.0,100,0.0,0.0,0.0,0.0,0.0,0.0,170.0,21.0,1,1,1.0,150,500,2.0,402.0,490.0,31.0,80.6,229.15,100.0,4,False,False,False,True,False,False,False,False,False,False
700,700,0.05,0.34,1.42,0.0,0.01,0.0,0.0,0.0,0.0,0.0,0.0,0.0,410,0.0,90,0.0,0.0,0.0,0.0,0.0,0.0,170.0,21.0,1,1,1.0,150,0,0.0,468.0,551.0,29.4,78.7,220.15,100.0,4,False,False,False,True,False,False,False,False,False,False
701,701,0.05,0.34,1.42,0.0,0.01,0.0,0.0,0.0,0.0,0.0,0.0,0.0,410,0.0,90,0.0,0.0,0.0,0.0,0.0,0.0,170.0,21.0,1,1,1.0,150,500,2.0,436.0,529.0,31.6,78.8,223.15,100.0,4,False,False,False,True,False,False,False,False,False,False
702,702,0.05,0.34,1.82,0.01,0.02,0.0,0.0,0.0,0.0,0.0,0.0,0.0,390,0.0,90,0.0,0.0,0.0,0.0,0.0,0.0,170.0,21.0,1,1,1.0,150,0,0.0,514.0,588.0,28.0,76.8,230.15,100.0,4,False,False,False,True,False,False,False,False,False,False
703,703,0.05,0.34,1.82,0.01,0.02,0.0,0.0,0.0,0.0,0.0,0.0,0.0,390,0.0,90,0.0,0.0,0.0,0.0,0.0,0.0,170.0,21.0,1,1,1.0,150,500,2.0,479.0,576.0,27.4,76.9,237.15,100.0,4,False,False,False,True,False,False,False,False,False,False
704,704,0.05,0.25,1.21,0.01,0.02,1.84,0.05,0.34,0.01,0.06,0.0,0.0,444,0.0,143,0.0,0.0,0.0,0.0,0.0,0.0,170.0,24.0,1,1,2.1,107,0,0.0,665.0,715.0,23.8,63.86317825317383,200.15,50.0,3,False,False,False,True,False,False,False,False,False,False
705,705,0.05,0.25,1.21,0.01,0.02,1.84,0.05,0.34,0.01,0.06,0.0,0.0,444,0.0,143,0.0,0.0,0.0,0.0,0.0,0.0,170.0,24.0,1,1,2.1,107,620,1.0,673.0,680.0,23.8,64.73668670654297,231.15,50.0,3,False,False,False,True,False,False,False,False,False,False
706,706,0.07,0.26,1.24,0.01,0.02,1.9,0.05,0.34,0.01,0.06,0.0,0.0,365,0.0,119,0.0,0.0,0.0,0.0,0.0,0.0,170.0,24.0,1,1,2.1,107,0,0.0,768.0,807.0,20.0,63.49881362915039,201.15,50.0,3,False,False,False,True,False,False,False,False,False,False
707,707,0.07,0.26,1.24,0.01,0.02,1.9,0.05,0.34,0.01,0.06,0.0,0.0,365,0.0,119,0.0,0.0,0.0,0.0,0.0,0.0,170.0,24.0,1,1,2.1,107,620,1.0,700.0,785.0,20.6,64.43014526367188,245.15,50.0,3,False,False,False,True,False,False,False,False,False,False
708,708,0.1,0.34,1.42,0.01,0.03,1.92,0.05,0.35,0.01,0.05,0.0,0.0,345,0.0,87,0.0,0.0,0.0,0.0,0.0,0.0,170.0,24.0,1,1,2.1,107,0,0.0,798.0,858.0,19.6,61.85853958129883,209.15,50.0,3,False,False,False,True,False,False,False,False,False,False
709,709,0.1,0.34,1.42,0.01,0.03,1.92,0.05,0.35,0.01,0.05,0.0,0.0,345,0.0,87,0.0,0.0,0.0,0.0,0.0,0.0,170.0,24.0,1,1,2.1,107,620,1.0,765.0,858.0,20.6,63.09648895263672,259.15,50.0,3,False,False,False,True,False,False,False,False,False,False
710,710,0.12,0.33,1.41,0.01,0.03,1.88,0.05,0.34,0.01,0.05,0.0,0.0,329,0.0,99,0.0,0.0,0.0,0.0,0.0,0.0,170.0,24.0,1,1,2.1,107,0,0.0,808.0,875.0,16.6,62.95976638793945,234.15,50.0,3,False,False,False,True,False,False,False,False,False,False
711,711,0.12,0.33,1.41,0.01,0.03,1.88,0.05,0.34,0.01,0.05,0.0,0.0,329,0.0,99,0.0,0.0,0.0,0.0,0.0,0.0,170.0,24.0,1,1,2.1,107,620,1.0,795.0,895.0,18.0,63.536502838134766,270.15,50.0,3,False,False,False,True,False,False,False,False,False,False
712,712,0.04,0.24,0.84,0.01,0.01,2.2,0.0,0.0,0.0,0.13,0.0,0.0,300,150.0,0,0.0,0.0,0.0,0.0,0.0,0.0,165.0,25.0,1,-1,1.0,200,0,0.0,481.0,616.0,23.0,69.0,,124.25101470947266,4,False,False,False,True,False,False,False,False,False,False
713,713,0.04,0.22,0.81,0.01,0.01,2.19,0.0,0.0,0.0,0.29,0.0,0.0,300,120.0,0,0.0,0.0,0.0,0.0,0.0,0.0,165.0,25.0,1,-1,1.0,200,0,0.0,471.0,596.0,23.0,66.0,,126.6900634765625,4,False,False,False,True,False,False,False,False,False,False
714,714,0.04,0.23,0.83,0.01,0.01,2.19,0.0,0.0,0.0,0.45,0.0,0.0,280,140.0,0,0.0,0.0,0.0,0.0,0.0,0.0,165.0,25.0,1,-1,1.0,200,0,0.0,498.0,599.0,24.0,65.0,,125.8968734741211,4,False,False,False,True,False,False,False,False,False,False
715,715,0.04,0.24,0.82,0.01,0.01,2.2,0.0,0.0,0.0,0.62,0.0,0.0,300,150.0,0,0.0,0.0,0.0,0.0,0.0,0.0,165.0,25.0,1,-1,1.0,200,0,0.0,525.0,623.0,21.0,65.0,,125.3538818359375,4,False,False,False,True,False,False,False,False,False,False
716,716,0.04,0.23,0.83,0.01,0.01,2.21,0.0,0.0,0.0,0.79,0.0,0.0,320,140.0,0,0.0,0.0,0.0,0.0,0.0,0.0,165.0,25.0,1,-1,1.0,200,0,0.0,536.0,635.0,23.0,65.0,,125.91963958740234,4,False,False,False,True,False,False,False,False,False,False
717,717,0.04,0.23,0.83,0.01,0.01,2.21,0.0,0.0,0.0,1.01,0.0,0.0,320,130.0,0,0.0,0.0,0.0,0.0,0.0,0.0,165.0,25.0,1,-1,1.0,200,0,0.0,566.0,674.0,21.0,62.0,,126.12483978271484,4,False,False,False,True,False,False,False,False,False,False
718,718,0.04,0.2,0.8,0.01,0.01,2.2,0.0,0.0,0.0,1.2,0.0,0.0,370,140.0,0,0.0,0.0,0.0,0.0,0.0,0.0,165.0,25.0,1,-1,1.0,200,0,0.0,573.0,690.0,21.0,62.0,,126.49991607666016,4,False,False,False,True,False,False,False,False,False,False
719,719,0.1,0.17,1.01,0.01,0.01,0.08,9.3,1.0,0.2,0.0,0.0,0.0,634,0.0,539,0.0,0.0,460.0,0.0,0.0,0.0,180.0,34.0,1,1,1.0,175,750,8.0,617.0,762.0,18.4,61.2,,109.89852905273438,4,False,False,False,True,False,False,False,False,False,False
720,720,0.09,0.16,1.03,0.01,0.01,0.98,9.08,0.98,0.19,0.0,0.0,0.0,651,0.0,515,0.0,0.0,430.0,0.0,0.0,0.0,180.0,34.0,1,1,1.0,175,750,8.0,551.0,751.0,19.6,64.5,,114.17205810546875,4,False,False,False,True,False,False,False,False,False,False
721,721,0.1,0.17,1.02,0.01,0.01,1.92,9.12,1.0,0.19,0.0,0.0,0.0,664,0.0,494,0.0,0.0,470.0,0.0,0.0,0.0,180.0,34.0,1,1,1.0,175,750,8.0,672.0,866.0,13.6,56.8,,114.07368469238281,4,False,False,False,True,False,False,False,False,False,False
722,722,0.1,0.16,1.02,0.01,0.01,3.01,9.17,0.96,0.19,0.0,0.0,0.0,610,0.0,489,0.0,0.0,450.0,0.0,0.0,0.0,180.0,34.0,1,1,1.0,175,750,8.0,920.0,1151.0,10.6,47.6,,112.24043273925781,4,False,False,False,True,False,False,False,False,False,False
723,723,0.1,0.16,1.01,0.01,0.01,0.0,9.16,0.99,0.19,0.0,0.95,0.0,672,0.0,552,0.0,0.0,450.0,0.0,0.0,0.0,180.0,34.0,1,1,1.0,175,750,8.0,525.0,696.0,19.8,64.4,,113.02615356445312,4,False,False,False,True,False,False,False,False,False,False
724,724,0.09,0.18,1.0,0.01,0.02,0.0,9.31,0.98,0.19,0.0,1.89,0.0,687,0.0,517,0.0,0.0,430.0,0.0,0.0,0.0,180.0,34.0,1,1,1.0,175,750,8.0,526.0,690.0,21.9,66.0,,111.08895111083984,4,False,False,False,True,False,False,False,False,False,False
725,725,0.09,0.16,1.0,0.01,0.02,0.0,9.3,0.98,0.19,0.0,2.8,0.0,666,0.0,520,0.0,0.0,410.0,0.0,0.0,0.0,180.0,34.0,1,1,1.0,175,750,8.0,481.0,672.0,23.7,66.7,,112.64783477783203,4,False,False,False,True,False,False,False,False,False,False
726,726,0.1,0.18,1.04,0.01,0.02,0.0,9.35,1.0,0.19,0.0,0.0,1.03,656,0.0,544,0.0,0.0,510.0,0.0,0.0,0.0,180.0,34.0,1,1,1.0,175,750,8.0,526.0,702.0,19.6,59.3,,108.80789184570312,4,False,False,False,True,False,False,False,False,False,False
727,727,0.1,0.2,0.99,0.01,0.02,0.0,9.25,0.91,0.19,0.0,0.0,1.92,669,0.0,526,0.0,0.0,530.0,0.0,0.0,0.0,180.0,34.0,1,1,1.0,175,750,8.0,515.0,698.0,18.9,59.0,,108.640869140625,4,False,False,False,True,False,False,False,False,False,False
728,728,0.09,0.2,1.03,0.01,0.02,0.0,9.26,0.84,0.19,0.0,0.0,2.99,640,0.0,537,0.0,0.0,580.0,0.0,0.0,0.0,180.0,34.0,1,1,1.0,175,750,8.0,489.0,686.0,18.7,49.6,,105.37911987304688,4,False,False,False,True,False,False,False,False,False,False
729,729,0.1,0.18,1.0,0.01,0.02,0.93,9.1,0.96,0.19,0.0,0.0,0.98,667,0.0,529,0.0,0.0,460.0,0.0,0.0,0.0,180.0,34.0,1,1,1.0,175,750,8.0,531.0,738.0,17.3,58.1,,113.2746353149414,4,False,False,False,True,False,False,False,False,False,False
730,730,0.09,0.18,0.99,0.01,0.02,0.0,8.94,0.97,0.18,0.0,0.92,0.98,695,0.0,509,0.0,0.0,440.0,0.0,0.0,0.0,180.0,34.0,1,1,1.0,175,750,8.0,492.0,673.0,21.8,65.3,,115.64566040039062,4,False,False,False,True,False,False,False,False,False,False
731,731,0.09,0.17,0.97,0.01,0.02,0.0,9.2,0.96,0.18,0.0,1.87,0.97,662,0.0,523,0.0,0.0,450.0,0.0,0.0,0.0,180.0,34.0,1,1,1.0,175,750,8.0,524.0,701.0,20.7,63.7,,111.76888275146484,4,False,False,False,True,False,False,False,False,False,False
732,732,0.05,0.46,0.96,0.01,0.02,0.03,0.0,0.01,0.0,0.02,0.0,0.0,443,0.0,84,0.0,0.0,0.0,0.0,0.0,0.0,170.0,21.0,1,1,1.8,100,250,16.0,449.0,542.0,27.284584045410156,72.85227966308594,,107.5754623413086,2,False,False,False,True,False,False,False,False,False,False
733,733,0.05,0.46,0.96,0.01,0.02,0.03,0.0,0.01,0.0,0.02,0.0,0.0,443,0.0,84,0.0,0.0,0.0,0.0,0.0,0.0,170.0,21.0,1,1,1.8,100,620,1.0,416.0,507.0,27.08761215209961,73.08547973632812,,110.99906158447266,2,False,False,False,True,False,False,False,False,False,False
734,734,0.04,0.48,0.97,0.01,0.02,0.03,0.0,0.32,0.0,0.02,0.0,0.0,430,0.0,107,0.0,0.0,0.0,0.0,0.0,0.0,170.0,21.0,1,1,1.8,100,250,16.0,494.0,570.0,25.91173553466797,71.74598693847656,,107.86438751220703,2,False,False,False,True,False,False,False,False,False,False
735,735,0.04,0.48,0.97,0.01,0.02,0.03,0.0,0.32,0.0,0.02,0.0,0.0,430,0.0,107,0.0,0.0,0.0,0.0,0.0,0.0,170.0,21.0,1,1,1.8,100,620,1.0,485.0,584.0,26.012691497802734,72.24022674560547,,114.23206329345703,2,False,False,False,True,False,False,False,False,False,False
736,736,0.05,0.41,0.92,0.01,0.02,0.02,0.0,0.51,0.0,0.02,0.0,0.0,450,0.0,114,0.0,0.0,0.0,0.0,0.0,0.0,170.0,21.0,1,1,1.8,100,250,16.0,514.0,594.0,25.585195541381836,70.7885971069336,,111.79058837890625,2,False,False,False,True,False,False,False,False,False,False
737,737,0.05,0.41,0.92,0.01,0.02,0.02,0.0,0.51,0.0,0.02,0.0,0.0,450,0.0,114,0.0,0.0,0.0,0.0,0.0,0.0,170.0,21.0,1,1,1.8,100,620,1.0,538.0,626.0,25.462318420410156,71.1094741821289,,116.06673431396484,2,False,False,False,True,False,False,False,False,False,False
738,738,0.06,0.44,1.6,0.01,0.02,0.03,0.0,0.01,0.0,0.02,0.0,0.0,395,0.0,102,0.0,0.0,0.0,0.0,0.0,0.0,170.0,21.0,1,1,1.8,100,250,16.0,550.0,615.0,25.98202133178711,70.99311828613281,,100.1479721069336,2,False,False,False,True,False,False,False,False,False,False
739,739,0.06,0.44,1.6,0.01,0.02,0.03,0.0,0.01,0.0,0.02,0.0,0.0,395,0.0,102,0.0,0.0,0.0,0.0,0.0,0.0,170.0,21.0,1,1,1.8,100,620,1.0,494.0,556.0,25.838098526000977,71.34195709228516,,102.96163940429688,2,False,False,False,True,False,False,False,False,False,False
740,740,0.06,0.46,1.63,0.01,0.02,0.02,0.0,0.34,0.0,0.02,0.0,0.0,407,0.0,106,0.0,0.0,0.0,0.0,0.0,0.0,170.0,21.0,1,1,1.8,100,250,16.0,612.0,688.0,24.76371955871582,69.7691879272461,,95.90960693359375,2,False,False,False,True,False,False,False,False,False,False
741,741,0.06,0.46,1.63,0.01,0.02,0.02,0.0,0.34,0.0,0.02,0.0,0.0,407,0.0,106,0.0,0.0,0.0,0.0,0.0,0.0,170.0,21.0,1,1,1.8,100,620,1.0,591.0,674.0,24.652788162231445,70.10718536376953,,97.6059799194336,2,False,False,False,True,False,False,False,False,False,False
742,742,0.06,0.48,1.62,0.01,0.02,0.02,0.0,0.54,0.0,0.02,0.0,0.0,371,0.0,93,0.0,0.0,0.0,0.0,0.0,0.0,170.0,21.0,1,1,1.8,100,250,16.0,673.0,737.0,25.008445739746094,69.85025787353516,,95.57188415527344,2,False,False,False,True,False,False,False,False,False,False
743,743,0.06,0.48,1.62,0.01,0.02,0.02,0.0,0.54,0.0,0.02,0.0,0.0,371,0.0,93,0.0,0.0,0.0,0.0,0.0,0.0,170.0,21.0,1,1,1.8,100,620,1.0,628.0,727.0,25.309690475463867,69.72492980957031,,97.84436798095703,2,False,False,False,True,False,False,False,False,False,False
744,744,0.06,0.42,2.0,0.01,0.02,0.02,0.0,0.01,0.0,0.02,0.0,0.0,371,0.0,117,0.0,0.0,0.0,0.0,0.0,0.0,170.0,21.0,1,1,1.8,100,250,16.0,583.0,664.0,24.5578670501709,67.80269622802734,,94.37115478515625,2,False,False,False,True,False,False,False,False,False,False
745,745,0.06,0.42,2.0,0.01,0.02,0.02,0.0,0.01,0.0,0.02,0.0,0.0,371,0.0,117,0.0,0.0,0.0,0.0,0.0,0.0,170.0,21.0,1,1,1.8,100,620,1.0,530.0,626.0,24.527185440063477,68.04672241210938,,95.28927612304688,2,False,False,False,True,False,False,False,False,False,False
746,746,0.06,0.39,1.95,0.01,0.02,0.02,0.0,0.34,0.0,0.02,0.0,0.0,395,0.0,125,0.0,0.0,0.0,0.0,0.0,0.0,170.0,21.0,1,1,1.8,100,250,16.0,677.0,741.0,23.647493362426758,67.44136810302734,,95.7579345703125,2,False,False,False,True,False,False,False,False,False,False
747,747,0.06,0.39,1.95,0.01,0.02,0.02,0.0,0.34,0.0,0.02,0.0,0.0,395,0.0,125,0.0,0.0,0.0,0.0,0.0,0.0,170.0,21.0,1,1,1.8,100,620,1.0,632.0,709.0,23.902095794677734,67.64398956298828,,97.10533905029297,2,False,False,False,True,False,False,False,False,False,False
748,748,0.06,0.39,1.99,0.01,0.02,0.02,0.0,0.54,0.0,0.02,0.0,0.0,364,0.0,102,0.0,0.0,0.0,0.0,0.0,0.0,170.0,21.0,1,1,1.8,100,250,16.0,701.0,748.0,23.76991844177246,66.76062774658203,,101.82917785644531,2,False,False,False,True,False,False,False,False,False,False
749,749,0.06,0.39,1.99,0.01,0.02,0.02,0.0,0.54,0.0,0.02,0.0,0.0,364,0.0,102,0.0,0.0,0.0,0.0,0.0,0.0,170.0,21.0,1,1,1.8,100,620,1.0,693.0,783.0,24.384075164794922,66.69873046875,,103.4343032836914,2,False,False,False,True,False,False,False,False,False,False
750,750,0.03,0.45,0.78,0.01,0.01,0.0,0.0,0.0,0.0,0.0,0.0,0.0,336,140.0,95,90.0,0.0,0.0,60.0,10.0,20.0,180.0,23.0,1,1,1.0,250,0,0.0,408.0,526.2826538085938,28.12335205078125,78.20818328857422,,126.71105194091797,1,False,False,False,True,False,False,False,False,False,False
751,751,0.03,0.45,0.78,0.01,0.01,0.0,0.0,0.0,0.0,0.0,0.0,0.0,336,140.0,95,90.0,0.0,0.0,60.0,10.0,20.0,180.0,23.0,1,1,1.0,250,0,0.0,412.4080505371094,503.96759033203125,30.128686904907227,78.2215347290039,213.15,5.0,0,False,False,False,True,False,False,False,False,False,False
752,752,0.03,0.45,0.78,0.01,0.01,0.0,0.0,0.0,0.0,0.0,0.0,0.0,336,140.0,95,90.0,0.0,0.0,60.0,10.0,20.0,180.0,23.0,1,1,1.0,250,0,0.0,428.90264892578125,513.6705322265625,28.857210159301758,78.21549987792969,233.15,12.0,0,False,False,False,True,False,False,False,False,False,False
753,753,0.03,0.45,0.78,0.01,0.01,0.0,0.0,0.0,0.0,0.0,0.0,0.0,336,140.0,95,90.0,0.0,0.0,60.0,10.0,20.0,180.0,23.0,1,1,1.0,250,0,0.0,432.677978515625,529.4298706054688,27.848482131958008,77.96430969238281,253.15,48.0,0,False,False,False,True,False,False,False,False,False,False
754,754,0.03,0.45,0.78,0.01,0.01,0.0,0.0,0.0,0.0,0.0,0.0,0.0,336,140.0,95,90.0,0.0,0.0,60.0,10.0,20.0,180.0,23.0,1,1,1.0,250,0,0.0,435.86376953125,528.0087890625,27.64091682434082,77.46053314208984,273.15,136.0,0,False,False,False,True,False,False,False,False,False,False
755,755,0.03,0.45,0.78,0.01,0.01,0.0,0.0,0.0,0.0,0.0,0.0,0.0,336,140.0,95,90.0,0.0,0.0,60.0,10.0,20.0,180.0,23.0,1,1,1.0,250,0,0.0,435.86376953125,528.0087890625,27.629465103149414,77.46053314208984,293.15,212.0,0,False,False,False,True,False,False,False,False,False,False
756,756,0.03,0.45,1.27,0.01,0.01,0.0,0.0,0.0,0.0,0.0,0.0,0.0,321,130.0,94,90.0,0.0,0.0,60.0,10.0,30.0,180.0,23.0,1,1,1.0,250,0,0.0,440.0,552.5357666015625,27.329185485839844,78.70773315429688,,95.46401977539062,1,False,False,False,True,False,False,False,False,False,False
757,757,0.03,0.45,1.27,0.01,0.01,0.0,0.0,0.0,0.0,0.0,0.0,0.0,321,130.0,94,90.0,0.0,0.0,60.0,10.0,30.0,180.0,23.0,1,1,1.0,250,0,0.0,446.03411865234375,534.4654541015625,29.61066436767578,78.73125457763672,213.15,10.0,0,False,False,False,True,False,False,False,False,False,False
758,758,0.03,0.45,1.27,0.01,0.01,0.0,0.0,0.0,0.0,0.0,0.0,0.0,321,130.0,94,90.0,0.0,0.0,60.0,10.0,30.0,180.0,23.0,1,1,1.0,250,0,0.0,465.7579345703125,545.8689575195312,28.082399368286133,78.71504974365234,233.15,21.0,0,False,False,False,True,False,False,False,False,False,False
759,759,0.03,0.45,1.27,0.01,0.01,0.0,0.0,0.0,0.0,0.0,0.0,0.0,321,130.0,94,90.0,0.0,0.0,60.0,10.0,30.0,180.0,23.0,1,1,1.0,250,0,0.0,469.50311279296875,558.2198486328125,27.112659454345703,78.46385955810547,253.15,38.0,0,False,False,False,True,False,False,False,False,False,False
760,760,0.03,0.45,1.27,0.01,0.01,0.0,0.0,0.0,0.0,0.0,0.0,0.0,321,130.0,94,90.0,0.0,0.0,60.0,10.0,30.0,180.0,23.0,1,1,1.0,250,0,0.0,471.42584228515625,558.8876342773438,26.910673141479492,77.710205078125,273.15,152.0,0,False,False,False,True,False,False,False,False,False,False
761,761,0.03,0.45,1.27,0.01,0.01,0.0,0.0,0.0,0.0,0.0,0.0,0.0,321,130.0,94,90.0,0.0,0.0,60.0,10.0,30.0,180.0,23.0,1,1,1.0,250,0,0.0,471.42584228515625,558.8876342773438,26.899221420288086,77.710205078125,293.15,195.0,0,False,False,False,True,False,False,False,False,False,False
762,762,0.03,0.42,1.71,0.0,0.01,0.0,0.0,0.0,0.0,0.0,0.0,0.0,297,110.0,109,80.0,0.0,0.0,60.0,10.0,30.0,180.0,23.0,1,1,1.0,250,0,0.0,488.0,598.4546508789062,26.354463577270508,76.72136688232422,,140.47149658203125,1,False,False,False,True,False,False,False,False,False,False
763,763,0.03,0.42,1.71,0.0,0.01,0.0,0.0,0.0,0.0,0.0,0.0,0.0,297,110.0,109,80.0,0.0,0.0,60.0,10.0,30.0,180.0,23.0,1,1,1.0,250,0,0.0,487.3081970214844,573.9889526367188,28.292423248291016,77.05982208251953,213.15,29.0,0,False,False,False,True,False,False,False,False,False,False
764,764,0.03,0.42,1.71,0.0,0.01,0.0,0.0,0.0,0.0,0.0,0.0,0.0,297,110.0,109,80.0,0.0,0.0,60.0,10.0,30.0,180.0,23.0,1,1,1.0,250,0,0.0,502.0772705078125,589.0575561523438,27.050745010375977,76.91283416748047,233.15,71.0,0,False,False,False,True,False,False,False,False,False,False
765,765,0.03,0.42,1.71,0.0,0.01,0.0,0.0,0.0,0.0,0.0,0.0,0.0,297,110.0,109,80.0,0.0,0.0,60.0,10.0,30.0,180.0,23.0,1,1,1.0,250,0,0.0,506.3156433105469,598.6786499023438,26.110363006591797,76.51826477050781,253.15,143.0,0,False,False,False,True,False,False,False,False,False,False
766,766,0.03,0.42,1.71,0.0,0.01,0.0,0.0,0.0,0.0,0.0,0.0,0.0,297,110.0,109,80.0,0.0,0.0,60.0,10.0,30.0,180.0,23.0,1,1,1.0,250,0,0.0,506.3534851074219,605.5047607421875,25.99384307861328,75.93477630615234,273.15,186.0,0,False,False,False,True,False,False,False,False,False,False
767,767,0.03,0.42,1.71,0.0,0.01,0.0,0.0,0.0,0.0,0.0,0.0,0.0,297,110.0,109,80.0,0.0,0.0,60.0,10.0,30.0,180.0,23.0,1,1,1.0,250,0,0.0,506.3534851074219,605.5047607421875,25.97488784790039,75.93477630615234,293.15,195.0,0,False,False,False,True,False,False,False,False,False,False
768,768,0.03,0.45,2.05,0.0,0.01,0.0,0.0,0.0,0.0,0.0,0.0,0.0,320,120.0,119,90.0,0.0,0.0,60.0,10.0,50.0,180.0,23.0,1,1,1.0,250,0,0.0,506.0,607.3792724609375,25.869293212890625,75.24563598632812,,131.21090698242188,1,False,False,False,True,False,False,False,False,False,False
769,769,0.03,0.45,2.05,0.0,0.01,0.0,0.0,0.0,0.0,0.0,0.0,0.0,320,120.0,119,90.0,0.0,0.0,60.0,10.0,50.0,180.0,23.0,1,1,1.0,250,0,0.0,490.6137390136719,585.2901000976562,28.019100189208984,75.80313110351562,213.15,57.0,0,False,False,False,True,False,False,False,False,False,False
770,770,0.03,0.45,2.05,0.0,0.01,0.0,0.0,0.0,0.0,0.0,0.0,0.0,320,120.0,119,90.0,0.0,0.0,60.0,10.0,50.0,180.0,23.0,1,1,1.0,250,0,0.0,505.4582214355469,596.7296142578125,26.75788116455078,75.78120422363281,233.15,88.0,0,False,False,False,True,False,False,False,False,False,False
771,771,0.03,0.45,2.05,0.0,0.01,0.0,0.0,0.0,0.0,0.0,0.0,0.0,320,120.0,119,90.0,0.0,0.0,60.0,10.0,50.0,180.0,23.0,1,1,1.0,250,0,0.0,510.43157958984375,606.4242553710938,25.841936111450195,75.49604797363281,253.15,143.0,0,False,False,False,True,False,False,False,False,False,False
772,772,0.03,0.45,2.05,0.0,0.01,0.0,0.0,0.0,0.0,0.0,0.0,0.0,320,120.0,119,90.0,0.0,0.0,60.0,10.0,50.0,180.0,23.0,1,1,1.0,250,0,0.0,510.46942138671875,613.2503662109375,25.788787841796875,75.12252807617188,273.15,167.0,0,False,False,False,True,False,False,False,False,False,False
773,773,0.03,0.45,2.05,0.0,0.01,0.0,0.0,0.0,0.0,0.0,0.0,0.0,320,120.0,119,90.0,0.0,0.0,60.0,10.0,50.0,180.0,23.0,1,1,1.0,250,0,0.0,509.9696044921875,613.1685791015625,25.703886032104492,75.12252807617188,293.15,183.0,0,False,False,False,True,False,False,False,False,False,False
774,774,0.06,0.34,0.77,0.01,0.01,0.0,0.0,0.0,0.0,0.0,0.0,0.0,306,110.0,66,70.0,0.0,0.0,30.0,10.0,10.0,180.0,23.0,1,1,1.0,250,0,0.0,400.0,508.62603759765625,30.11260223388672,78.69755554199219,,152.0894317626953,1,False,False,False,True,False,False,False,False,False,False
775,775,0.06,0.34,0.77,0.01,0.01,0.0,0.0,0.0,0.0,0.0,0.0,0.0,306,110.0,66,70.0,0.0,0.0,30.0,10.0,10.0,180.0,23.0,1,1,1.0,250,0,0.0,390.2715759277344,477.80767822265625,32.03559875488281,78.86116027832031,213.15,43.0,0,False,False,False,True,False,False,False,False,False,False
776,776,0.06,0.34,0.77,0.01,0.01,0.0,0.0,0.0,0.0,0.0,0.0,0.0,306,110.0,66,70.0,0.0,0.0,30.0,10.0,10.0,180.0,23.0,1,1,1.0,250,0,0.0,408.4060974121094,496.3671569824219,30.565143585205078,78.73578643798828,233.15,98.0,0,False,False,False,True,False,False,False,False,False,False
777,777,0.06,0.34,0.77,0.01,0.01,0.0,0.0,0.0,0.0,0.0,0.0,0.0,306,110.0,66,70.0,0.0,0.0,30.0,10.0,10.0,180.0,23.0,1,1,1.0,250,0,0.0,412.08026123046875,509.2686462402344,30.091354370117188,78.03030395507812,253.15,157.0,0,False,False,False,True,False,False,False,False,False,False
778,778,0.06,0.34,0.77,0.01,0.01,0.0,0.0,0.0,0.0,0.0,0.0,0.0,306,110.0,66,70.0,0.0,0.0,30.0,10.0,10.0,180.0,23.0,1,1,1.0,250,0,0.0,414.8052673339844,509.2686462402344,29.74664878845215,77.36372375488281,273.15,190.0,0,False,False,False,True,False,False,False,False,False,False
779,779,0.06,0.34,0.77,0.01,0.01,0.0,0.0,0.0,0.0,0.0,0.0,0.0,306,110.0,66,70.0,0.0,0.0,30.0,10.0,10.0,180.0,23.0,1,1,1.0,250,0,0.0,414.8052673339844,509.2686462402344,29.749710083007812,77.36372375488281,293.15,200.0,0,False,False,False,True,False,False,False,False,False,False
780,780,0.06,0.33,1.09,0.01,0.01,0.0,0.0,0.0,0.0,0.0,0.0,0.0,310,100.0,64,70.0,0.0,0.0,50.0,10.0,50.0,180.0,23.0,1,1,1.0,250,0,0.0,430.0,529.2166748046875,30.024986267089844,78.79289245605469,,133.43551635742188,1,False,False,False,True,False,False,False,False,False,False
781,781,0.06,0.33,1.09,0.01,0.01,0.0,0.0,0.0,0.0,0.0,0.0,0.0,310,100.0,64,70.0,0.0,0.0,50.0,10.0,50.0,180.0,23.0,1,1,1.0,250,0,0.0,410.767333984375,498.6890869140625,32.315433502197266,78.95649719238281,213.15,12.0,0,False,False,False,True,False,False,False,False,False,False
782,782,0.06,0.33,1.09,0.01,0.01,0.0,0.0,0.0,0.0,0.0,0.0,0.0,310,100.0,64,70.0,0.0,0.0,50.0,10.0,50.0,180.0,23.0,1,1,1.0,250,0,0.0,437.6359558105469,522.243408203125,30.640932083129883,78.83112335205078,233.15,86.0,0,False,False,False,True,False,False,False,False,False,False
783,783,0.06,0.33,1.09,0.01,0.01,0.0,0.0,0.0,0.0,0.0,0.0,0.0,310,100.0,64,70.0,0.0,0.0,50.0,10.0,50.0,180.0,23.0,1,1,1.0,250,0,0.0,438.85833740234375,532.5737915039062,30.003738403320312,78.12564086914062,253.15,124.0,0,False,False,False,True,False,False,False,False,False,False
784,784,0.06,0.33,1.09,0.01,0.01,0.0,0.0,0.0,0.0,0.0,0.0,0.0,310,100.0,64,70.0,0.0,0.0,50.0,10.0,50.0,180.0,23.0,1,1,1.0,250,0,0.0,441.5833435058594,532.5737915039062,29.66461181640625,77.40200805664062,273.15,176.0,0,False,False,False,True,False,False,False,False,False,False
785,785,0.06,0.33,1.09,0.01,0.01,0.0,0.0,0.0,0.0,0.0,0.0,0.0,310,100.0,64,70.0,0.0,0.0,50.0,10.0,50.0,180.0,23.0,1,1,1.0,250,0,0.0,441.5833435058594,532.5737915039062,29.667673110961914,77.40200805664062,293.15,181.0,0,False,False,False,True,False,False,False,False,False,False
786,786,0.06,0.3,1.44,0.01,0.01,0.0,0.0,0.0,0.0,0.0,0.0,0.0,305,90.0,65,70.0,0.0,0.0,40.0,10.0,50.0,180.0,23.0,1,1,1.0,250,0,0.0,473.0,551.5572509765625,29.40851402282715,78.59778594970703,,138.54171752929688,1,False,False,False,True,False,False,False,False,False,False
787,787,0.06,0.3,1.44,0.01,0.01,0.0,0.0,0.0,0.0,0.0,0.0,0.0,305,90.0,65,70.0,0.0,0.0,40.0,10.0,50.0,180.0,23.0,1,1,1.0,250,0,0.0,459.09979248046875,534.1616821289062,31.329145431518555,78.67625427246094,213.15,20.0,0,False,False,False,True,False,False,False,False,False,False
788,788,0.06,0.3,1.44,0.01,0.01,0.0,0.0,0.0,0.0,0.0,0.0,0.0,305,90.0,65,70.0,0.0,0.0,40.0,10.0,50.0,180.0,23.0,1,1,1.0,250,0,0.0,476.30267333984375,550.98486328125,30.13749122619629,78.5945053100586,233.15,129.0,0,False,False,False,True,False,False,False,False,False,False
789,789,0.06,0.3,1.44,0.01,0.01,0.0,0.0,0.0,0.0,0.0,0.0,0.0,305,90.0,65,70.0,0.0,0.0,40.0,10.0,50.0,180.0,23.0,1,1,1.0,250,0,0.0,476.3210754394531,555.1295166015625,29.509000778198242,78.01551055908203,253.15,143.0,0,False,False,False,True,False,False,False,False,False,False
790,790,0.06,0.3,1.44,0.01,0.01,0.0,0.0,0.0,0.0,0.0,0.0,0.0,305,90.0,65,70.0,0.0,0.0,40.0,10.0,50.0,180.0,23.0,1,1,1.0,250,0,0.0,476.2350158691406,558.3265380859375,29.212900161743164,77.35995483398438,273.15,171.0,0,False,False,False,True,False,False,False,False,False,False
791,791,0.06,0.3,1.44,0.01,0.01,0.0,0.0,0.0,0.0,0.0,0.0,0.0,305,90.0,65,70.0,0.0,0.0,40.0,10.0,50.0,180.0,23.0,1,1,1.0,250,0,0.0,476.2350158691406,558.3265380859375,29.215961456298828,77.35995483398438,293.15,179.0,0,False,False,False,True,False,False,False,False,False,False
792,792,0.06,0.33,1.83,0.0,0.01,0.0,0.0,0.0,0.0,0.0,0.0,0.0,291,90.0,76,70.0,0.0,0.0,40.0,10.0,50.0,180.0,23.0,1,1,1.0,250,0,0.0,496.0,591.5375366210938,27.932458877563477,76.83238220214844,,139.70809936523438,1,False,False,False,True,False,False,False,False,False,False
793,793,0.06,0.33,1.83,0.0,0.01,0.0,0.0,0.0,0.0,0.0,0.0,0.0,291,90.0,76,70.0,0.0,0.0,40.0,10.0,50.0,180.0,23.0,1,1,1.0,250,0,0.0,487.0039978027344,566.1593017578125,30.529510498046875,77.22430419921875,213.15,88.0,0,False,False,False,True,False,False,False,False,False,False
794,794,0.06,0.33,1.83,0.0,0.01,0.0,0.0,0.0,0.0,0.0,0.0,0.0,291,90.0,76,70.0,0.0,0.0,40.0,10.0,50.0,180.0,23.0,1,1,1.0,250,0,0.0,499.0043640136719,585.1065063476562,28.998598098754883,77.02113342285156,233.15,121.0,0,False,False,False,True,False,False,False,False,False,False
795,795,0.06,0.33,1.83,0.0,0.01,0.0,0.0,0.0,0.0,0.0,0.0,0.0,291,90.0,76,70.0,0.0,0.0,40.0,10.0,50.0,180.0,23.0,1,1,1.0,250,0,0.0,502.78900146484375,592.1383666992188,28.250041961669922,76.33934783935547,253.15,150.0,0,False,False,False,True,False,False,False,False,False,False
796,796,0.06,0.33,1.83,0.0,0.01,0.0,0.0,0.0,0.0,0.0,0.0,0.0,291,90.0,76,70.0,0.0,0.0,40.0,10.0,50.0,180.0,23.0,1,1,1.0,250,0,0.0,502.82684326171875,594.9154663085938,27.984342575073242,75.65105438232422,273.15,152.0,0,False,False,False,True,False,False,False,False,False,False
797,797,0.06,0.33,1.83,0.0,0.01,0.0,0.0,0.0,0.0,0.0,0.0,0.0,291,90.0,76,70.0,0.0,0.0,40.0,10.0,50.0,180.0,23.0,1,1,1.0,250,0,0.0,502.3270263671875,594.9154663085938,27.921689987182617,75.65105438232422,293.15,174.0,0,False,False,False,True,False,False,False,False,False,False
798,798,0.09,0.41,0.78,0.01,0.01,0.0,0.0,0.0,0.0,0.0,0.0,0.0,421,140.0,36,30.0,0.0,0.0,50.0,40.0,40.0,180.0,23.0,1,1,1.0,250,0,0.0,430.0,524.5751342773438,28.732868194580078,77.33529663085938,,150.3578338623047,1,False,False,False,True,False,False,False,False,False,False
799,799,0.09,0.41,0.78,0.01,0.01,0.0,0.0,0.0,0.0,0.0,0.0,0.0,421,140.0,36,30.0,0.0,0.0,50.0,40.0,40.0,180.0,23.0,1,1,1.0,250,0,0.0,391.8092956542969,490.7987976074219,30.21993637084961,77.50971221923828,213.15,39.0,0,False,False,False,True,False,False,False,False,False,False
800,800,0.09,0.41,0.78,0.01,0.01,0.0,0.0,0.0,0.0,0.0,0.0,0.0,421,140.0,36,30.0,0.0,0.0,50.0,40.0,40.0,180.0,23.0,1,1,1.0,250,0,0.0,419.51885986328125,510.41094970703125,29.277151107788086,77.30191040039062,233.15,95.0,0,False,False,False,True,False,False,False,False,False,False
801,801,0.09,0.41,0.78,0.01,0.01,0.0,0.0,0.0,0.0,0.0,0.0,0.0,421,140.0,36,30.0,0.0,0.0,50.0,40.0,40.0,180.0,23.0,1,1,1.0,250,0,0.0,421.7775573730469,523.3131103515625,28.739763259887695,76.73985290527344,253.15,160.0,0,False,False,False,True,False,False,False,False,False,False
802,802,0.09,0.41,0.78,0.01,0.01,0.0,0.0,0.0,0.0,0.0,0.0,0.0,421,140.0,36,30.0,0.0,0.0,50.0,40.0,40.0,180.0,23.0,1,1,1.0,250,0,0.0,424.5025634765625,523.3131103515625,28.481246948242188,76.1371841430664,273.15,148.0,0,False,False,False,True,False,False,False,False,False,False
803,803,0.09,0.41,0.78,0.01,0.01,0.0,0.0,0.0,0.0,0.0,0.0,0.0,421,140.0,36,30.0,0.0,0.0,50.0,40.0,40.0,180.0,23.0,1,1,1.0,250,0,0.0,424.5025634765625,523.9474487304688,28.481246948242188,76.1371841430664,293.15,198.0,0,False,False,False,True,False,False,False,False,False,False
804,804,0.09,0.35,1.18,0.01,0.01,0.0,0.0,0.0,0.0,0.0,0.0,0.0,404,120.0,73,80.0,0.0,0.0,50.0,30.0,30.0,180.0,23.0,1,1,1.0,250,0,0.0,450.0,536.7571411132812,28.67359161376953,77.60664367675781,,147.94256591796875,1,False,False,False,True,False,False,False,False,False,False
805,805,0.09,0.35,1.18,0.01,0.01,0.0,0.0,0.0,0.0,0.0,0.0,0.0,404,120.0,73,80.0,0.0,0.0,50.0,30.0,30.0,180.0,23.0,1,1,1.0,250,0,0.0,412.5921936035156,505.4875183105469,30.51708984375,77.78105926513672,213.15,60.0,0,False,False,False,True,False,False,False,False,False,False
806,806,0.09,0.35,1.18,0.01,0.01,0.0,0.0,0.0,0.0,0.0,0.0,0.0,404,120.0,73,80.0,0.0,0.0,50.0,30.0,30.0,180.0,23.0,1,1,1.0,250,0,0.0,443.6079406738281,528.8313598632812,29.277099609375,77.57325744628906,233.15,117.0,0,False,False,False,True,False,False,False,False,False,False
807,807,0.09,0.35,1.18,0.01,0.01,0.0,0.0,0.0,0.0,0.0,0.0,0.0,404,120.0,73,80.0,0.0,0.0,50.0,30.0,30.0,180.0,23.0,1,1,1.0,250,0,0.0,446.88458251953125,541.5348510742188,28.6809139251709,77.01119995117188,253.15,162.0,0,False,False,False,True,False,False,False,False,False,False
808,808,0.09,0.35,1.18,0.01,0.01,0.0,0.0,0.0,0.0,0.0,0.0,0.0,404,120.0,73,80.0,0.0,0.0,50.0,30.0,30.0,180.0,23.0,1,1,1.0,250,0,0.0,448.40643310546875,541.5348510742188,28.26363182067871,76.35147857666016,273.15,186.0,0,False,False,False,True,False,False,False,False,False,False
809,809,0.09,0.35,1.18,0.01,0.01,0.0,0.0,0.0,0.0,0.0,0.0,0.0,404,120.0,73,80.0,0.0,0.0,50.0,30.0,30.0,180.0,23.0,1,1,1.0,250,0,0.0,448.40643310546875,542.169189453125,28.26363182067871,76.35147857666016,293.15,188.0,0,False,False,False,True,False,False,False,False,False,False
810,810,0.09,0.37,1.59,0.01,0.01,0.0,0.0,0.0,0.0,0.0,0.0,0.0,491,120.0,77,30.0,0.0,0.0,50.0,50.0,40.0,180.0,23.0,1,1,1.0,250,0,0.0,478.0,571.849365234375,27.111881256103516,75.91962432861328,,138.9464111328125,1,False,False,False,True,False,False,False,False,False,False
811,811,0.09,0.37,1.59,0.01,0.01,0.0,0.0,0.0,0.0,0.0,0.0,0.0,491,120.0,77,30.0,0.0,0.0,50.0,50.0,40.0,180.0,23.0,1,1,1.0,250,0,0.0,461.8451843261719,556.6314697265625,28.77545166015625,76.25376892089844,213.15,81.0,0,False,False,False,True,False,False,False,False,False,False
812,812,0.09,0.37,1.59,0.01,0.01,0.0,0.0,0.0,0.0,0.0,0.0,0.0,491,120.0,77,30.0,0.0,0.0,50.0,50.0,40.0,180.0,23.0,1,1,1.0,250,0,0.0,477.8634948730469,570.8355712890625,27.81693458557129,75.99755096435547,233.15,110.0,0,False,False,False,True,False,False,False,False,False,False
813,813,0.09,0.37,1.59,0.01,0.01,0.0,0.0,0.0,0.0,0.0,0.0,0.0,491,120.0,77,30.0,0.0,0.0,50.0,50.0,40.0,180.0,23.0,1,1,1.0,250,0,0.0,478.1726379394531,571.8634643554688,27.1527042388916,75.4842300415039,253.15,157.0,0,False,False,False,True,False,False,False,False,False,False
814,814,0.09,0.37,1.59,0.01,0.01,0.0,0.0,0.0,0.0,0.0,0.0,0.0,491,120.0,77,30.0,0.0,0.0,50.0,50.0,40.0,180.0,23.0,1,1,1.0,250,0,0.0,477.6856689453125,575.7642211914062,26.87226676940918,74.78373718261719,273.15,160.0,0,False,False,False,True,False,False,False,False,False,False
815,815,0.09,0.37,1.59,0.01,0.01,0.0,0.0,0.0,0.0,0.0,0.0,0.0,491,120.0,77,30.0,0.0,0.0,50.0,50.0,40.0,180.0,23.0,1,1,1.0,250,0,0.0,477.6856689453125,576.3985595703125,26.87226676940918,74.78373718261719,293.15,174.0,0,False,False,False,True,False,False,False,False,False,False
816,816,0.1,0.39,2.25,0.01,0.01,0.0,0.0,0.0,0.0,0.0,0.0,0.0,330,130.0,88,30.0,0.0,0.0,60.0,50.0,50.0,180.0,23.0,1,1,1.0,250,0,0.0,541.0,635.641357421875,25.983488082885742,74.92526245117188,,126.47824096679688,1,False,False,False,True,False,False,False,False,False,False
817,817,0.1,0.39,2.25,0.01,0.01,0.0,0.0,0.0,0.0,0.0,0.0,0.0,330,130.0,88,30.0,0.0,0.0,60.0,50.0,50.0,180.0,23.0,1,1,1.0,250,0,0.0,511.9106140136719,603.8531494140625,27.949453353881836,75.86353302001953,213.15,53.0,0,False,False,False,True,False,False,False,False,False,False
818,818,0.1,0.39,2.25,0.01,0.01,0.0,0.0,0.0,0.0,0.0,0.0,0.0,330,130.0,88,30.0,0.0,0.0,60.0,50.0,50.0,180.0,23.0,1,1,1.0,250,0,0.0,525.475830078125,624.1635131835938,26.977294921875,75.53533172607422,233.15,95.0,0,False,False,False,True,False,False,False,False,False,False
819,819,0.1,0.39,2.25,0.01,0.01,0.0,0.0,0.0,0.0,0.0,0.0,0.0,330,130.0,88,30.0,0.0,0.0,60.0,50.0,50.0,180.0,23.0,1,1,1.0,250,0,0.0,535.1677856445312,632.6430053710938,26.107717514038086,75.09225463867188,253.15,126.0,0,False,False,False,True,False,False,False,False,False,False
820,820,0.1,0.39,2.25,0.01,0.01,0.0,0.0,0.0,0.0,0.0,0.0,0.0,330,130.0,88,30.0,0.0,0.0,60.0,50.0,50.0,180.0,23.0,1,1,1.0,250,0,0.0,534.6807861328125,640.8901977539062,25.87407112121582,74.48101043701172,273.15,148.0,0,False,False,False,True,False,False,False,False,False,False
821,821,0.1,0.39,2.25,0.01,0.01,0.0,0.0,0.0,0.0,0.0,0.0,0.0,330,130.0,88,30.0,0.0,0.0,60.0,50.0,50.0,180.0,23.0,1,1,1.0,250,0,0.0,534.9327392578125,641.2575073242188,25.811418533325195,74.48101043701172,293.15,188.0,0,False,False,False,True,False,False,False,False,False,False
822,822,0.12,0.43,0.86,0.01,0.01,0.0,0.0,0.0,0.0,0.0,0.0,0.0,329,150.0,54,50.0,0.0,0.0,50.0,30.0,30.0,180.0,23.0,1,1,1.0,250,0,0.0,445.0,541.0982055664062,28.686664581298828,77.31375122070312,,149.589599609375,1,False,False,False,True,False,False,False,False,False,False
823,823,0.12,0.43,0.86,0.01,0.01,0.0,0.0,0.0,0.0,0.0,0.0,0.0,329,150.0,54,50.0,0.0,0.0,50.0,30.0,30.0,180.0,23.0,1,1,1.0,250,0,0.0,430.6778259277344,507.298095703125,30.486621856689453,77.60301971435547,213.15,86.0,0,False,False,False,True,False,False,False,False,False,False
824,824,0.12,0.43,0.86,0.01,0.01,0.0,0.0,0.0,0.0,0.0,0.0,0.0,329,150.0,54,50.0,0.0,0.0,50.0,30.0,30.0,180.0,23.0,1,1,1.0,250,0,0.0,456.4323425292969,528.2338256835938,29.1732120513916,77.39521789550781,233.15,114.0,0,False,False,False,True,False,False,False,False,False,False
825,825,0.12,0.43,0.86,0.01,0.01,0.0,0.0,0.0,0.0,0.0,0.0,0.0,329,150.0,54,50.0,0.0,0.0,50.0,30.0,30.0,180.0,23.0,1,1,1.0,250,0,0.0,462.5265197753906,539.6354370117188,28.69942283630371,76.9105453491211,253.15,140.0,0,False,False,False,True,False,False,False,False,False,False
826,826,0.12,0.43,0.86,0.01,0.01,0.0,0.0,0.0,0.0,0.0,0.0,0.0,329,150.0,54,50.0,0.0,0.0,50.0,30.0,30.0,180.0,23.0,1,1,1.0,250,0,0.0,465.3888854980469,539.6354370117188,28.458255767822266,76.30787658691406,273.15,183.0,0,False,False,False,True,False,False,False,False,False,False
827,827,0.12,0.43,0.86,0.01,0.01,0.0,0.0,0.0,0.0,0.0,0.0,0.0,329,150.0,54,50.0,0.0,0.0,50.0,30.0,30.0,180.0,23.0,1,1,1.0,250,0,0.0,465.3888854980469,540.269775390625,28.44680404663086,76.30787658691406,293.15,190.0,0,False,False,False,True,False,False,False,False,False,False
828,828,0.12,0.44,1.35,0.01,0.01,0.0,0.0,0.0,0.0,0.0,0.0,0.0,326,150.0,55,30.0,0.0,0.0,60.0,50.0,60.0,180.0,23.0,1,1,1.0,250,0,0.0,516.0,574.1997680664062,28.063156127929688,77.22551727294922,,140.3081512451172,1,False,False,False,True,False,False,False,False,False,False
829,829,0.12,0.44,1.35,0.01,0.01,0.0,0.0,0.0,0.0,0.0,0.0,0.0,326,150.0,55,30.0,0.0,0.0,60.0,50.0,60.0,180.0,23.0,1,1,1.0,250,0,0.0,486.4333801269531,550.7802734375,29.28450584411621,77.36962127685547,213.15,100.0,0,False,False,False,True,False,False,False,False,False,False
830,830,0.12,0.44,1.35,0.01,0.01,0.0,0.0,0.0,0.0,0.0,0.0,0.0,326,150.0,55,30.0,0.0,0.0,60.0,50.0,60.0,180.0,23.0,1,1,1.0,250,0,0.0,501.8233947753906,569.1531982421875,28.58254623413086,77.21221160888672,233.15,138.0,0,False,False,False,True,False,False,False,False,False,False
831,831,0.12,0.44,1.35,0.01,0.01,0.0,0.0,0.0,0.0,0.0,0.0,0.0,326,150.0,55,30.0,0.0,0.0,60.0,50.0,60.0,180.0,23.0,1,1,1.0,250,0,0.0,507.8861389160156,572.55419921875,28.134845733642578,76.7275390625,253.15,145.0,0,False,False,False,True,False,False,False,False,False,False
832,832,0.12,0.44,1.35,0.01,0.01,0.0,0.0,0.0,0.0,0.0,0.0,0.0,326,150.0,55,30.0,0.0,0.0,60.0,50.0,60.0,180.0,23.0,1,1,1.0,250,0,0.0,508.8580627441406,581.2213134765625,27.78243637084961,76.06781768798828,273.15,162.0,0,False,False,False,True,False,False,False,False,False,False
833,833,0.12,0.44,1.35,0.01,0.01,0.0,0.0,0.0,0.0,0.0,0.0,0.0,326,150.0,55,30.0,0.0,0.0,60.0,50.0,60.0,180.0,23.0,1,1,1.0,250,0,0.0,508.8580627441406,581.8556518554688,27.770984649658203,76.06781768798828,293.15,176.0,0,False,False,False,True,False,False,False,False,False,False
834,834,0.13,0.37,1.83,0.01,0.01,0.0,0.0,0.0,0.0,0.0,0.0,0.0,318,130.0,63,30.0,0.0,0.0,60.0,50.0,50.0,180.0,23.0,1,1,1.0,250,0,0.0,526.0,644.2717895507812,27.03146743774414,74.00772094726562,,137.66336059570312,1,False,False,False,True,False,False,False,False,False,False
835,835,0.13,0.37,1.83,0.01,0.01,0.0,0.0,0.0,0.0,0.0,0.0,0.0,318,130.0,63,30.0,0.0,0.0,60.0,50.0,50.0,180.0,23.0,1,1,1.0,250,0,0.0,521.3373413085938,613.515380859375,28.75154685974121,74.56047058105469,213.15,89.0,0,False,False,False,True,False,False,False,False,False,False
836,836,0.13,0.37,1.83,0.01,0.01,0.0,0.0,0.0,0.0,0.0,0.0,0.0,318,130.0,63,30.0,0.0,0.0,60.0,50.0,50.0,180.0,23.0,1,1,1.0,250,0,0.0,532.91796875,633.2804565429688,27.96255874633789,74.2772216796875,233.15,114.0,0,False,False,False,True,False,False,False,False,False,False
837,837,0.13,0.37,1.83,0.01,0.01,0.0,0.0,0.0,0.0,0.0,0.0,0.0,318,130.0,63,30.0,0.0,0.0,60.0,50.0,50.0,180.0,23.0,1,1,1.0,250,0,0.0,541.8087158203125,641.7599487304688,27.305980682373047,73.8769302368164,253.15,136.0,0,False,False,False,True,False,False,False,False,False,False
838,838,0.13,0.37,1.83,0.01,0.01,0.0,0.0,0.0,0.0,0.0,0.0,0.0,318,130.0,63,30.0,0.0,0.0,60.0,50.0,50.0,180.0,23.0,1,1,1.0,250,0,0.0,541.4590454101562,644.5370483398438,27.061344146728516,73.25254821777344,273.15,167.0,0,False,False,False,True,False,False,False,False,False,False
839,839,0.13,0.37,1.83,0.01,0.01,0.0,0.0,0.0,0.0,0.0,0.0,0.0,318,130.0,63,30.0,0.0,0.0,60.0,50.0,50.0,180.0,23.0,1,1,1.0,250,0,0.0,540.9591674804688,644.9043579101562,26.99869155883789,73.25254821777344,293.15,174.0,0,False,False,False,True,False,False,False,False,False,False
840,840,0.11,0.36,2.18,0.01,0.01,0.0,0.0,0.0,0.0,0.0,0.0,0.0,342,120.0,74,30.0,0.0,0.0,60.0,70.0,80.0,180.0,23.0,1,1,1.0,250,0,0.0,617.0,635.92041015625,27.01165771484375,74.77764892578125,,110.33645629882812,1,False,False,False,True,False,False,False,False,False,False
841,841,0.11,0.36,2.18,0.01,0.01,0.0,0.0,0.0,0.0,0.0,0.0,0.0,342,120.0,74,30.0,0.0,0.0,60.0,70.0,80.0,180.0,23.0,1,1,1.0,250,0,0.0,527.0811767578125,604.1405029296875,28.823442459106445,75.64875793457031,213.15,52.0,0,False,False,False,True,False,False,False,False,False,False
842,842,0.11,0.36,2.18,0.01,0.01,0.0,0.0,0.0,0.0,0.0,0.0,0.0,342,120.0,74,30.0,0.0,0.0,60.0,70.0,80.0,180.0,23.0,1,1,1.0,250,0,0.0,539.621337890625,625.5089721679688,27.99019432067871,75.35883331298828,233.15,64.0,0,False,False,False,True,False,False,False,False,False,False
843,843,0.11,0.36,2.18,0.01,0.01,0.0,0.0,0.0,0.0,0.0,0.0,0.0,342,120.0,74,30.0,0.0,0.0,60.0,70.0,80.0,180.0,23.0,1,1,1.0,250,0,0.0,544.0406494140625,633.9884643554688,27.316730499267578,74.97431182861328,253.15,107.0,0,False,False,False,True,False,False,False,False,False,False
844,844,0.11,0.36,2.18,0.01,0.01,0.0,0.0,0.0,0.0,0.0,0.0,0.0,342,120.0,74,30.0,0.0,0.0,60.0,70.0,80.0,180.0,23.0,1,1,1.0,250,0,0.0,541.4910278320312,637.0308837890625,27.083084106445312,74.27372741699219,273.15,129.0,0,False,False,False,True,False,False,False,False,False,False
845,845,0.11,0.36,2.18,0.01,0.01,0.0,0.0,0.0,0.0,0.0,0.0,0.0,342,120.0,74,30.0,0.0,0.0,60.0,70.0,80.0,180.0,23.0,1,1,1.0,250,0,0.0,541.7429809570312,637.2254638671875,27.020431518554688,74.27372741699219,293.15,162.0,0,False,False,False,True,False,False,False,False,False,False
846,846,0.06,0.62,1.22,0.01,0.01,0.05,0.09,0.0,0.01,0.0,0.0,0.0,1100,180.0,43,70.0,1.0,30.0,0.0,0.0,0.0,280.0,30.0,1,1,2.8,200,200,14.0,497.2611999511719,538.0,24.522052764892578,60.927005767822266,,99.61610412597656,1,True,False,False,False,False,False,False,False,False,False
847,847,0.05,0.68,1.3,0.01,0.01,0.04,0.06,0.0,0.01,0.0,0.0,0.0,1300,170.0,39,70.0,1.0,30.0,0.0,0.0,0.0,280.0,30.0,1,1,2.8,200,200,14.0,497.0286560058594,552.0,24.1275577545166,60.737525939941406,,99.38675689697266,1,True,False,False,False,False,False,False,False,False,False
848,848,0.06,0.59,1.12,0.01,0.02,0.03,0.12,0.0,0.02,0.0,0.0,0.0,640,80.0,73,110.0,1.0,20.0,0.0,0.0,0.0,280.0,30.0,1,1,2.8,200,200,14.0,502.8805236816406,552.0,24.18763542175293,59.65692901611328,,99.2668228149414,1,True,False,False,False,False,False,False,False,False,False
849,849,0.05,0.7,1.28,0.01,0.02,0.03,0.1,0.0,0.02,0.0,0.0,0.0,622,80.0,71,120.0,2.0,20.0,0.0,0.0,0.0,280.0,30.0,1,1,2.8,200,200,14.0,515.4154052734375,557.0,23.674592971801758,57.94369888305664,,94.96639251708984,1,True,False,False,False,False,False,False,False,False,False
850,850,0.06,0.42,0.9,0.02,0.01,0.55,0.06,0.0,0.01,0.0,0.0,0.0,780,220.0,46,20.0,1.0,70.0,0.0,0.0,0.0,285.0,32.0,1,1,2.9,200,200,14.0,480.23486328125,552.0,23.708620071411133,54.76496124267578,,114.19799041748047,1,True,False,False,False,False,False,False,False,False,False
851,851,0.07,0.56,1.12,0.02,0.01,0.58,0.06,0.0,0.01,0.0,0.0,0.0,837,280.0,41,30.0,3.0,90.0,0.0,0.0,0.0,280.0,30.0,1,1,2.8,200,200,14.0,502.64166259765625,572.0,23.602083206176758,54.37821578979492,,100.41152954101562,1,True,False,False,False,False,False,False,False,False,False
852,852,0.06,0.59,1.17,0.02,0.01,0.62,0.05,0.0,0.01,0.0,0.0,0.0,781,260.0,34,30.0,3.0,100.0,0.0,0.0,0.0,280.0,30.0,1,1,2.8,200,200,14.0,509.1372375488281,582.0,23.511472702026367,54.04283142089844,,97.77227783203125,1,True,False,False,False,False,False,False,False,False,False
853,853,0.07,0.23,0.79,0.02,0.02,0.03,0.11,0.0,0.01,0.0,0.0,0.0,796,310.0,70,210.0,16.0,70.0,0.0,0.0,0.0,285.0,32.0,1,1,2.9,200,200,14.0,462.1474304199219,498.0,23.739538192749023,60.347023010253906,,110.30308532714844,1,True,False,False,False,False,False,False,False,False,False
854,854,0.07,0.39,1.12,0.01,0.02,0.03,0.1,0.0,0.02,0.0,0.0,0.0,684,570.0,74,460.0,28.0,100.0,0.0,0.0,0.0,280.0,30.0,1,1,2.8,200,200,14.0,492.1695556640625,538.0,23.22772979736328,60.74847412109375,,107.53146362304688,1,True,False,False,False,False,False,False,False,False,False
855,855,0.06,0.37,1.1,0.02,0.01,0.02,0.08,0.0,0.02,0.0,0.0,0.0,816,390.0,69,510.0,28.0,10.0,0.0,0.0,0.0,280.0,30.0,1,1,2.8,200,200,14.0,488.8740539550781,533.0,23.480974197387695,57.76421356201172,,112.11221313476562,1,True,False,False,False,False,False,False,False,False,False
856,856,0.06,0.34,0.81,0.01,0.01,0.02,0.05,0.0,0.01,0.0,0.0,0.0,466,20.0,59,40.0,1.0,10.0,0.0,0.0,0.0,285.0,32.0,1,1,2.9,200,200,14.0,444.64288330078125,491.0,25.817550659179688,65.03688049316406,,110.44806671142578,1,True,False,False,False,False,False,False,False,False,False
857,857,0.07,0.56,1.14,0.01,0.01,0.02,0.07,0.0,0.02,0.0,0.0,0.0,495,30.0,34,40.0,1.0,30.0,0.0,0.0,0.0,280.0,30.0,1,1,2.8,200,200,14.0,490.2412109375,533.0,24.31095314025879,62.96316146850586,,95.98836517333984,1,True,False,False,False,False,False,False,False,False,False
858,858,0.07,0.51,1.08,0.01,0.01,0.02,0.08,0.0,0.02,0.0,0.0,0.0,412,30.0,46,40.0,1.0,20.0,0.0,0.0,0.0,280.0,30.0,1,1,2.8,200,200,14.0,473.6120300292969,533.0,24.53328514099121,64.35030364990234,,95.4556884765625,1,True,False,False,False,False,False,False,False,False,False
859,859,0.05,0.5,1.68,0.01,0.02,0.01,0.1,0.0,0.01,0.0,0.0,0.0,690,70.0,48,110.0,1.0,20.0,0.0,0.0,0.0,280.0,30.0,1,1,2.8,200,200,14.0,522.57568359375,557.0,24.939952850341797,59.97555160522461,,96.21549224853516,1,True,False,False,False,False,False,False,False,False,False
860,860,0.05,0.53,1.74,0.01,0.02,0.01,0.09,0.0,0.01,0.0,0.0,0.0,736,80.0,37,130.0,1.0,20.0,0.0,0.0,0.0,280.0,30.0,1,1,2.8,200,200,14.0,535.4210205078125,552.0,25.001245498657227,61.01804733276367,,96.92706298828125,1,True,False,False,False,False,False,False,False,False,False
861,861,0.07,0.46,1.19,0.01,0.02,0.01,0.1,0.0,0.02,0.0,0.0,0.0,771,430.0,46,370.0,19.0,70.0,0.0,0.0,0.0,280.0,30.0,1,1,2.8,200,200,14.0,504.5915222167969,538.0,23.860454559326172,60.519325256347656,,99.73910522460938,1,True,False,False,False,False,False,False,False,False,False
862,862,0.06,0.46,1.25,0.01,0.02,0.01,0.06,0.0,0.01,0.0,0.0,0.0,788,410.0,57,440.0,19.0,60.0,0.0,0.0,0.0,280.0,30.0,1,1,2.8,200,200,14.0,506.33056640625,535.0,24.00893211364746,59.68692398071289,,97.38927459716797,1,True,False,False,False,False,False,False,False,False,False
863,863,0.07,0.35,1.06,0.01,0.01,0.0,0.03,0.0,0.0,0.0,0.0,0.0,416,36.0,63,0.0,0.0,0.0,0.0,0.0,0.0,170.0,21.0,1,1,1.0,200,0,0.0,408.92059326171875,511.83599853515625,28.769065856933594,77.55142211914062,211.15,100.0,0,False,False,False,True,False,False,False,False,False,False
864,864,0.07,0.35,1.06,0.01,0.01,0.0,0.03,0.0,0.0,0.0,0.0,0.0,416,36.0,63,0.0,0.0,0.0,0.0,0.0,0.0,170.0,21.0,1,1,1.0,200,580,2.0,382.6388854980469,505.2690734863281,29.251073837280273,77.51569366455078,195.15,100.0,0,False,False,False,True,False,False,False,False,False,False
865,865,0.07,0.36,1.09,0.01,0.01,0.0,0.41,0.0,0.0,0.0,0.0,0.0,418,41.0,71,0.0,0.0,0.0,0.0,0.0,0.0,170.0,21.0,1,1,1.0,200,0,0.0,429.0749206542969,524.514404296875,25.209150314331055,77.27352142333984,212.15,100.0,0,False,False,False,True,False,False,False,False,False,False
866,866,0.07,0.36,1.09,0.01,0.01,0.0,0.41,0.0,0.0,0.0,0.0,0.0,418,41.0,71,0.0,0.0,0.0,0.0,0.0,0.0,170.0,21.0,1,1,1.0,200,580,2.0,399.4143981933594,516.3126220703125,25.234975814819336,77.32020568847656,200.15,100.0,0,False,False,False,True,False,False,False,False,False,False
867,867,0.07,0.35,1.05,0.0,0.01,0.0,0.79,0.0,0.0,0.0,0.0,0.0,421,37.0,73,0.0,0.0,0.0,0.0,0.0,0.0,170.0,21.0,1,1,1.0,200,0,0.0,443.8080749511719,533.141845703125,24.955045700073242,76.56427001953125,210.15,100.0,0,False,False,False,True,False,False,False,False,False,False
868,868,0.07,0.35,1.05,0.0,0.01,0.0,0.79,0.0,0.0,0.0,0.0,0.0,421,37.0,73,0.0,0.0,0.0,0.0,0.0,0.0,170.0,21.0,1,1,1.0,200,580,2.0,419.16998291015625,524.41162109375,25.541824340820312,77.03170013427734,205.15,100.0,0,False,False,False,True,False,False,False,False,False,False
869,869,0.08,0.35,1.09,0.01,0.01,0.0,1.22,0.0,0.0,0.0,0.0,0.0,424,52.0,87,0.0,0.0,0.0,0.0,0.0,0.0,170.0,21.0,1,1,1.0,200,0,0.0,503.8263854980469,601.8655395507812,20.700767517089844,73.42323303222656,216.15,100.0,0,False,False,False,True,False,False,False,False,False,False
870,870,0.08,0.35,1.09,0.01,0.01,0.0,1.22,0.0,0.0,0.0,0.0,0.0,424,52.0,87,0.0,0.0,0.0,0.0,0.0,0.0,170.0,21.0,1,1,1.0,200,580,2.0,486.7192077636719,592.2893676757812,21.316377639770508,73.73343658447266,213.15,100.0,0,False,False,False,True,False,False,False,False,False,False
871,871,0.07,0.34,1.06,0.01,0.01,0.0,1.57,0.0,0.0,0.0,0.0,0.0,463,41.0,85,0.0,0.0,0.0,0.0,0.0,0.0,170.0,21.0,1,1,1.0,200,0,0.0,533.9716796875,613.13623046875,18.932510375976562,72.79859924316406,233.15,100.0,0,False,False,False,True,False,False,False,False,False,False
872,872,0.07,0.34,1.06,0.01,0.01,0.0,1.57,0.0,0.0,0.0,0.0,0.0,463,41.0,85,0.0,0.0,0.0,0.0,0.0,0.0,170.0,21.0,1,1,1.0,200,580,2.0,499.10601806640625,590.6141967773438,20.1500244140625,73.30778503417969,225.15,100.0,0,False,False,False,True,False,False,False,False,False,False
873,873,0.07,0.34,1.07,0.01,0.01,0.0,1.97,0.0,0.0,0.0,0.0,0.0,430,40.0,89,0.0,0.0,0.0,0.0,0.0,0.0,170.0,21.0,1,1,1.0,200,0,0.0,573.4524536132812,681.3700561523438,19.15074920654297,72.35369110107422,248.15,100.0,0,False,False,False,True,False,False,False,False,False,False
874,874,0.07,0.34,1.07,0.01,0.01,0.0,1.97,0.0,0.0,0.0,0.0,0.0,430,40.0,89,0.0,0.0,0.0,0.0,0.0,0.0,170.0,21.0,1,1,1.0,200,580,2.0,533.1851806640625,639.596923828125,19.646320343017578,73.09819030761719,233.15,100.0,0,False,False,False,True,False,False,False,False,False,False
875,875,0.08,0.35,1.05,0.01,0.01,0.0,2.28,0.0,0.0,0.0,0.0,0.0,424,37.0,88,0.0,0.0,0.0,0.0,0.0,0.0,170.0,21.0,1,1,1.0,200,0,0.0,601.9098510742188,721.5537719726562,18.636938095092773,69.5357894897461,274.15,100.0,0,False,False,False,True,False,False,False,False,False,False
876,876,0.08,0.35,1.05,0.01,0.01,0.0,2.28,0.0,0.0,0.0,0.0,0.0,424,37.0,88,0.0,0.0,0.0,0.0,0.0,0.0,170.0,21.0,1,1,1.0,200,580,2.0,561.9210205078125,681.4403686523438,19.527851104736328,70.72071075439453,248.15,100.0,0,False,False,False,True,False,False,False,False,False,False
877,877,0.07,0.38,1.09,0.01,0.01,0.0,2.8,0.0,0.0,0.0,0.0,0.0,467,33.0,85,0.0,0.0,0.0,0.0,0.0,0.0,170.0,21.0,1,1,1.0,200,0,0.0,661.0680541992188,753.8318481445312,18.375438690185547,68.39906311035156,293.15,100.0,0,False,False,False,True,False,False,False,False,False,False
878,878,0.07,0.38,1.09,0.01,0.01,0.0,2.8,0.0,0.0,0.0,0.0,0.0,467,33.0,85,0.0,0.0,0.0,0.0,0.0,0.0,170.0,21.0,1,1,1.0,200,580,2.0,625.7312622070312,695.4014282226562,18.714189529418945,69.99781799316406,274.15,100.0,0,False,False,False,True,False,False,False,False,False,False
879,879,0.05,0.29,0.72,0.01,0.01,0.77,0.52,0.23,0.0,1.19,0.0,0.0,250,70.0,80,210.0,21.0,330.0,0.0,0.0,0.0,680.0,34.0,1,1,2.0,200,0,0.0,649.0,634.714111328125,23.285049438476562,53.39789962768555,,98.29557037353516,1,False,False,False,False,False,False,True,False,False,False
880,880,0.05,0.27,0.75,0.01,0.01,0.75,0.5,0.23,0.0,1.05,0.0,0.0,190,70.0,80,180.0,21.0,320.0,0.0,0.0,0.0,680.0,34.0,1,1,3.3,200,0,0.0,576.0,622.5060424804688,23.31357192993164,54.03154754638672,,90.08441925048828,1,False,False,False,False,False,False,True,False,False,False
881,881,0.05,0.26,0.75,0.01,0.01,0.75,0.5,0.24,0.0,1.04,0.0,0.0,210,70.0,80,180.0,25.0,320.0,0.0,0.0,0.0,680.0,34.0,1,1,4.6,200,0,0.0,556.0,621.539306640625,23.51247787475586,53.37525177001953,,89.03652954101562,1,False,False,False,False,False,False,True,False,False,False
882,882,0.05,0.27,0.77,0.0,0.01,0.73,0.49,0.24,0.0,1.04,0.0,0.0,210,70.0,80,170.0,25.0,310.0,0.0,0.0,0.0,665.0,34.0,1,1,5.3,200,0,0.0,538.0,621.7696533203125,23.257488250732422,53.279762268066406,,91.73082733154297,1,False,False,False,False,False,False,True,False,False,False
883,883,0.05,0.26,0.98,0.0,0.01,0.54,0.41,0.27,0.0,0.85,0.0,0.0,240,100.0,80,140.0,26.0,200.0,0.0,0.0,0.0,670.0,34.0,1,1,2.0,200,0,0.0,571.0,682.2425537109375,23.54592514038086,52.477909088134766,,95.12278747558594,1,False,False,False,False,False,False,True,False,False,False
884,884,0.05,0.25,0.98,0.0,0.01,0.55,0.42,0.27,0.0,0.81,0.0,0.0,230,100.0,80,150.0,26.0,210.0,0.0,0.0,0.0,670.0,34.0,1,1,3.3,200,0,0.0,561.0,680.1041259765625,23.34551239013672,52.649322509765625,,92.82376098632812,1,False,False,False,False,False,False,True,False,False,False
885,885,0.05,0.24,0.97,0.0,0.01,0.53,0.4,0.26,0.0,0.82,0.0,0.0,230,90.0,80,140.0,21.0,200.0,0.0,0.0,0.0,670.0,34.0,1,1,4.6,200,0,0.0,552.0,651.024169921875,23.6568660736084,52.33298873901367,,89.74779510498047,1,False,False,False,False,False,False,True,False,False,False
886,886,0.04,0.24,0.98,0.0,0.01,0.53,0.4,0.27,0.0,0.82,0.0,0.0,210,90.0,80,130.0,25.0,190.0,0.0,0.0,0.0,670.0,34.0,1,1,5.3,200,0,0.0,541.0,664.3873901367188,24.311717987060547,52.31352996826172,,88.78889465332031,1,False,False,False,False,False,False,True,False,False,False
887,887,0.05,0.35,0.79,0.01,0.01,1.39,0.56,0.28,0.0,0.96,0.0,0.0,210,40.0,80,200.0,15.0,330.0,0.0,0.0,0.0,640.0,34.0,1,1,2.0,200,0,0.0,678.0,727.9351196289062,22.59673309326172,53.536598205566406,,93.4917221069336,1,False,False,False,False,False,False,True,False,False,False
888,888,0.05,0.36,0.82,0.01,0.01,1.44,0.55,0.29,0.0,0.92,0.0,0.0,190,50.0,80,190.0,14.0,320.0,0.0,0.0,0.0,660.0,34.0,1,1,3.3,200,0,0.0,636.0,729.6383666992188,22.3707332611084,52.76076126098633,,87.4497299194336,1,False,False,False,False,False,False,True,False,False,False
889,889,0.05,0.36,0.85,0.01,0.01,1.49,0.55,0.31,0.0,0.89,0.0,0.0,210,40.0,80,170.0,19.0,320.0,0.0,0.0,0.0,660.0,34.0,1,1,4.6,200,0,0.0,601.0,730.7156372070312,22.430255889892578,51.27423858642578,,84.93864440917969,1,False,False,False,False,False,False,True,False,False,False
890,890,0.05,0.36,0.86,0.01,0.01,1.5,0.54,0.31,0.0,0.87,0.0,0.0,200,50.0,80,160.0,17.0,310.0,0.0,0.0,0.0,660.0,34.0,1,1,5.3,200,0,0.0,585.0,729.56494140625,22.475656509399414,50.873321533203125,,82.63510131835938,1,False,False,False,False,False,False,True,False,False,False
891,891,0.05,0.39,1.1,0.01,0.01,1.87,0.53,0.37,0.0,0.57,0.0,0.0,220,60.0,70,160.0,12.0,210.0,0.0,0.0,0.0,660.0,34.0,1,1,2.0,200,0,0.0,592.0,751.4459838867188,22.821941375732422,50.31637191772461,,85.89195251464844,1,False,False,False,False,False,False,True,False,False,False
892,892,0.05,0.38,1.11,0.0,0.01,1.89,0.52,0.37,0.0,0.56,0.0,0.0,220,50.0,70,150.0,11.0,200.0,0.0,0.0,0.0,660.0,34.0,1,1,3.3,200,0,0.0,555.0,773.8436889648438,22.217554092407227,49.49367904663086,,85.96051788330078,1,False,False,False,False,False,False,True,False,False,False
893,893,0.05,0.39,1.1,0.01,0.01,1.87,0.52,0.37,0.0,0.57,0.0,0.0,220,60.0,80,140.0,13.0,210.0,0.0,0.0,0.0,660.0,34.0,1,1,4.6,200,0,0.0,547.0,752.238525390625,22.942415237426758,48.7213134765625,,80.1853256225586,1,False,False,False,False,False,False,True,False,False,False
894,894,0.05,0.4,1.12,0.01,0.01,1.9,0.51,0.37,0.0,0.55,0.0,0.0,210,60.0,70,140.0,11.0,200.0,0.0,0.0,0.0,660.0,34.0,1,1,5.3,200,0,0.0,543.0,770.5870971679688,23.19724464416504,48.816680908203125,,77.6032485961914,1,False,False,False,False,False,False,True,False,False,False
895,895,0.07,0.53,1.72,0.01,0.02,0.01,0.03,0.01,0.01,0.03,0.0,0.0,176,240.0,54,210.0,7.0,0.0,0.0,0.0,0.0,700.0,32.0,1,1,4.8,200,0,0.0,462.0,638.0,31.0,67.0,245.15,35.0,4,False,False,False,False,False,False,True,False,False,False
896,896,0.08,0.59,1.84,0.01,0.02,0.01,0.05,0.01,0.01,0.38,0.0,0.0,155,230.0,54,240.0,8.0,0.0,0.0,0.0,0.0,700.0,32.0,1,1,4.8,200,0,0.0,507.0,694.0,30.0,58.0,282.15,35.0,4,False,False,False,False,False,False,True,False,False,False
897,897,0.08,0.62,1.86,0.01,0.02,0.01,0.05,0.01,0.01,0.81,0.0,0.0,174,230.0,54,220.0,10.0,0.0,0.0,0.0,0.0,700.0,32.0,1,1,4.8,200,0,0.0,523.0,714.0,30.0,53.0,268.15,35.0,4,False,False,False,False,False,False,True,False,False,False
898,898,0.08,0.58,1.83,0.01,0.02,0.45,0.05,0.01,0.01,0.03,0.0,0.0,171,230.0,55,230.0,6.0,0.0,0.0,0.0,0.0,700.0,32.0,1,1,4.8,200,0,0.0,522.0,709.0,30.0,54.0,262.15,35.0,4,False,False,False,False,False,False,True,False,False,False
899,899,0.08,0.59,1.84,0.01,0.02,0.45,0.05,0.01,0.01,0.4,0.0,0.0,168,250.0,49,240.0,9.0,0.0,0.0,0.0,0.0,700.0,32.0,1,1,4.8,200,0,0.0,500.0,731.0,28.0,49.0,284.15,35.0,4,False,False,False,False,False,False,True,False,False,False
900,900,0.08,0.62,1.85,0.01,0.02,0.45,0.05,0.01,0.01,0.81,0.0,0.0,152,220.0,52,240.0,10.0,0.0,0.0,0.0,0.0,700.0,32.0,1,1,4.8,200,0,0.0,504.0,743.0,27.0,46.0,291.15,35.0,4,False,False,False,False,False,False,True,False,False,False
901,901,0.08,0.62,1.83,0.01,0.01,1.51,0.05,0.01,0.01,0.03,0.0,0.0,185,230.0,67,200.0,7.0,0.0,0.0,0.0,0.0,700.0,32.0,1,1,4.8,200,0,0.0,515.0,737.0,26.0,48.0,273.15,35.0,4,False,False,False,False,False,False,True,False,False,False
902,902,0.07,0.59,1.85,0.01,0.01,1.5,0.05,0.01,0.01,0.42,0.0,0.0,146,250.0,57,200.0,9.0,0.0,0.0,0.0,0.0,700.0,32.0,1,1,4.8,200,0,0.0,515.0,810.0,24.0,41.0,303.15,35.0,4,False,False,False,False,False,False,True,False,False,False
903,903,0.08,0.66,1.92,0.01,0.02,1.54,0.05,0.01,0.01,0.89,0.0,0.0,148,260.0,51,230.0,13.0,0.0,0.0,0.0,0.0,700.0,32.0,1,1,4.8,200,0,0.0,542.0,829.0,26.0,51.0,306.15,35.0,4,False,False,False,False,False,False,True,False,False,False
904,904,0.09,0.63,1.9,0.01,0.02,0.01,0.05,0.01,0.01,0.04,0.0,0.0,165,250.0,56,190.0,36.0,0.0,0.0,0.0,0.0,700.0,32.0,1,1,4.8,200,0,0.0,466.0,761.0,29.0,44.0,310.15,35.0,4,False,False,False,False,False,False,True,False,False,False
905,905,0.08,0.67,1.94,0.01,0.02,0.51,0.05,0.01,0.01,0.43,0.0,0.0,142,280.0,57,220.0,40.0,0.0,0.0,0.0,0.0,700.0,32.0,1,1,4.8,200,0,0.0,489.0,807.0,27.0,42.0,324.15,35.0,4,False,False,False,False,False,False,True,False,False,False
906,906,0.08,0.68,1.94,0.01,0.02,1.54,0.05,0.01,0.01,0.85,0.0,0.0,132,290.0,55,270.0,44.0,0.0,0.0,0.0,0.0,700.0,32.0,1,1,4.8,200,0,0.0,546.0,869.0,21.0,28.0,328.15,35.0,4,False,False,False,False,False,False,True,False,False,False
907,907,0.07,0.34,0.95,0.03,0.02,0.0,0.0,0.0,0.01,0.0,0.0,0.0,0,70.0,90,35.0,0.0,60.0,0.0,0.0,90.0,296.1481628417969,26.78522109985352,1,1,2.7,250,0,0.0,456.2,529.8,27.5,73.0,,128.65130615234375,4,False,False,False,True,False,False,False,False,False,False
908,908,0.07,0.34,0.95,0.03,0.02,0.0,0.0,0.0,0.01,0.0,0.0,0.0,0,70.0,90,35.0,0.0,60.0,0.0,0.0,90.0,296.1481628417969,26.78522109985352,1,1,2.7,250,600,2.1,430.7,519.9,29.5,73.5,,130.315673828125,4,False,False,False,True,False,False,False,False,False,False
909,909,0.06,0.28,0.55,0.02,0.04,1.26,0.0,0.0,0.01,0.02,0.0,0.0,0,70.0,70,35.0,0.0,60.0,0.0,0.0,90.0,243.28907775878903,26.477914810180664,1,1,2.2,250,0,0.0,475.8,564.1,28.0,70.5,,132.26234436035156,4,False,False,False,True,False,False,False,False,False,False
910,910,0.06,0.28,0.55,0.02,0.04,1.26,0.0,0.0,0.01,0.02,0.0,0.0,0,70.0,70,35.0,0.0,60.0,0.0,0.0,90.0,243.28907775878903,26.477914810180664,1,1,2.2,250,600,2.1,430.7,529.8,24.5,69.0,,132.44007873535156,4,False,False,False,True,False,False,False,False,False,False
911,911,0.09,0.42,0.93,0.01,0.06,0.0,0.0,0.02,0.0,0.08,0.0,0.0,0,140.0,160,40.0,0.0,120.0,1000.0,0.0,140.0,296.1481628417969,26.78522109985352,1,1,2.5,250,0,0.0,491.5,573.9,28.0,74.0,,129.38865661621094,4,False,False,False,True,False,False,False,False,False,False
912,912,0.09,0.42,0.93,0.01,0.06,0.0,0.0,0.02,0.0,0.08,0.0,0.0,0,140.0,160,40.0,0.0,120.0,1000.0,0.0,140.0,296.1481628417969,26.78522109985352,1,1,2.5,250,600,2.1,420.9,541.5,24.5,74.5,,131.2620086669922,4,False,False,False,True,False,False,False,False,False,False
913,913,0.08,0.33,0.65,0.02,0.03,0.5,0.35,0.01,0.0,0.02,0.0,0.0,0,200.0,140,45.0,0.0,150.0,60.0,0.0,140.0,243.28907775878903,26.477914810180664,1,1,2.4,250,0,0.0,503.3,591.5,28.0,73.0,,120.6787338256836,4,False,False,False,True,False,False,False,False,False,False
914,914,0.08,0.33,0.65,0.02,0.03,0.5,0.35,0.01,0.0,0.02,0.0,0.0,0,200.0,140,45.0,0.0,150.0,60.0,0.0,140.0,243.28907775878903,26.477914810180664,1,1,2.4,250,600,2.1,500.3,600.4,22.7,73.7,,120.63534545898438,4,False,False,False,True,False,False,False,False,False,False
915,915,0.07,0.61,1.07,0.02,0.03,0.0,0.0,0.0,0.01,0.0,0.0,0.0,0,64.0,94,70.0,0.0,40.0,0.0,0.0,64.0,294.1353454589844,26.78385162353516,1,1,2.8,250,0,0.0,479.7,583.7,24.0,71.5,,96.77371215820312,4,False,False,False,True,False,False,False,False,False,False
916,916,0.07,0.61,1.07,0.02,0.03,0.0,0.0,0.0,0.01,0.0,0.0,0.0,0,64.0,94,70.0,0.0,40.0,0.0,0.0,64.0,294.1353454589844,26.78385162353516,1,1,2.8,250,600,2.1,456.2,555.2,24.5,72.0,,98.0134048461914,4,False,False,False,True,False,False,False,False,False,False
917,917,0.07,0.21,0.75,0.01,0.01,0.0,0.0,0.0,0.0,0.0,0.0,0.0,0,0.0,190,69.0,0.0,0.0,0.0,0.0,0.0,296.1481628417969,26.78522109985352,1,1,2.6,250,0,0.0,463.0,552.3,33.0,75.0,,147.5489501953125,4,False,False,False,True,False,False,False,False,False,False
918,918,0.07,0.21,0.75,0.01,0.01,0.0,0.0,0.0,0.0,0.0,0.0,0.0,0,0.0,190,69.0,0.0,0.0,0.0,0.0,0.0,296.1481628417969,26.78522109985352,1,1,2.6,250,600,2.1,369.8,486.6,32.657474517822266,76.0,,151.5544891357422,3,False,False,False,True,False,False,False,False,False,False
919,919,0.09,0.44,0.9,0.01,0.03,0.0,0.0,0.0,0.0,0.0,0.0,0.0,0,200.0,70,88.0,0.0,0.0,0.0,0.0,0.0,174.5279083251953,21.88741683959961,1,1,1.8,150,0,0.0,486.8,569.3,24.0,71.0,,124.97000122070312,4,False,False,False,True,False,False,False,False,False,False
920,920,0.09,0.44,0.9,0.01,0.03,0.0,0.0,0.0,0.0,0.0,0.0,0.0,0,200.0,70,88.0,0.0,0.0,0.0,0.0,0.0,174.5279083251953,21.88741683959961,1,1,1.8,150,600,2.1,453.99517822265625,524.0545043945312,25.57355308532715,72.91214752197266,,129.97279357910156,0,False,False,False,True,False,False,False,False,False,False
921,921,0.08,0.35,0.65,0.01,0.02,1.2,0.0,0.0,0.02,0.0,0.0,0.0,0,40.0,100,150.0,0.0,0.0,0.0,0.0,0.0,173.8629913330078,22.24394989013672,1,1,1.8,140,0,0.0,453.8,536.3,22.6,72.0,,115.28229522705078,4,False,False,False,True,False,False,False,False,False,False
922,922,0.08,0.35,0.65,0.01,0.02,1.2,0.0,0.0,0.02,0.0,0.0,0.0,0,40.0,100,150.0,0.0,0.0,0.0,0.0,0.0,173.8629913330078,22.24394989013672,1,1,1.8,140,600,2.1,442.8197021484375,520.5391845703125,23.448753356933594,72.38683319091797,,116.60432434082031,0,False,False,False,True,False,False,False,False,False,False
923,923,0.06,0.53,1.15,0.01,0.02,0.0,0.02,0.0,0.0,0.0,0.0,0.0,0,0.0,100,57.0,0.0,0.0,0.0,0.0,80.0,174.5279083251953,21.88741683959961,1,1,1.8,150,0,0.0,553.3,626.9,25.0,70.4,,103.58357238769531,4,False,False,False,True,False,False,False,False,False,False
924,924,0.06,0.53,1.15,0.01,0.02,0.0,0.02,0.0,0.0,0.0,0.0,0.0,0,0.0,100,57.0,0.0,0.0,0.0,0.0,80.0,174.5279083251953,21.88741683959961,1,1,1.8,150,600,2.1,508.2696228027344,575.4805908203125,25.578346252441406,72.18124389648438,,107.26618957519531,0,False,False,False,True,False,False,False,False,False,False
925,925,0.07,0.47,0.85,0.01,0.02,0.0,0.0,0.0,0.01,0.0,0.0,0.0,0,80.0,120,43.0,0.0,0.0,0.0,0.0,0.0,174.5279083251953,21.88741683959961,1,1,1.8,150,0,0.0,478.5,569.3,22.1,72.4,,108.16315460205078,4,False,False,False,True,False,False,False,False,False,False
926,926,0.07,0.47,0.85,0.01,0.02,0.0,0.0,0.0,0.01,0.0,0.0,0.0,0,80.0,120,43.0,0.0,0.0,0.0,0.0,0.0,174.5279083251953,21.88741683959961,1,1,1.8,150,600,2.1,459.9601135253906,532.2601928710938,23.19841766357422,73.63812255859375,,110.51541900634766,0,False,False,False,True,False,False,False,False,False,False
927,927,0.07,0.47,1.1,0.01,0.02,0.0,0.0,0.0,0.01,0.0,0.0,0.0,0,200.0,190,53.0,0.0,0.0,0.0,0.0,0.0,165.73167419433594,22.41558074951172,1,1,1.9,140,0,0.0,561.1,643.5,21.0,64.2,,104.92520141601562,4,False,False,False,True,False,False,False,False,False,False
928,928,0.07,0.47,1.1,0.01,0.02,0.0,0.0,0.0,0.01,0.0,0.0,0.0,0,200.0,190,53.0,0.0,0.0,0.0,0.0,0.0,165.73167419433594,22.41558074951172,1,1,1.9,140,600,2.1,512.7721557617188,597.1895141601562,21.794498443603516,65.36188507080078,,107.46033477783203,0,False,False,False,True,False,False,False,False,False,False
929,929,0.08,0.49,0.9,0.01,0.03,0.0,0.05,0.0,0.0,0.0,0.0,0.0,0,50.0,170,108.0,0.0,0.0,0.0,0.0,0.0,166.39659118652344,22.05904769897461,1,1,1.9,150,0,0.0,486.8,577.5,20.5,70.2,,104.89922332763672,4,False,False,False,True,False,False,False,False,False,False
930,930,0.08,0.49,0.9,0.01,0.03,0.0,0.05,0.0,0.0,0.0,0.0,0.0,0,50.0,170,108.0,0.0,0.0,0.0,0.0,0.0,166.39659118652344,22.05904769897461,1,1,1.9,150,600,2.1,477.5166320800781,560.7330322265625,20.662025451660156,70.20207977294922,,107.31610107421875,0,False,False,False,True,False,False,False,False,False,False
931,931,0.05,0.25,1.15,0.02,0.02,0.0,0.0,0.0,0.0,0.12,0.0,0.0,0,30.0,140,105.0,0.0,50.0,150.0,0.0,60.0,552.0979614257812,30.43658828735352,1,1,2.4,200,0,0.0,420.8,504.2,33.0,73.0,,107.01891326904297,4,False,False,False,False,False,False,True,False,False,False
932,932,0.05,0.25,1.15,0.02,0.02,0.0,0.0,0.0,0.0,0.12,0.0,0.0,0,30.0,140,105.0,0.0,50.0,150.0,0.0,60.0,552.0979614257812,30.43658828735352,1,1,2.4,200,600,2.1,387.5,482.7,29.5,70.5,,109.48897552490234,4,False,False,False,False,False,False,True,False,False,False
933,933,0.1,0.18,1.6,0.02,0.03,0.0,0.0,0.5,0.0,0.14,0.0,0.0,0,20.0,110,80.0,0.0,100.0,0.0,0.0,60.0,552.0979614257812,30.43658828735352,1,1,2.4,200,0,0.0,630.8,725.9,24.5,68.5,,111.63990783691406,4,False,False,False,False,False,False,True,False,False,False
934,934,0.1,0.18,1.6,0.02,0.03,0.0,0.0,0.5,0.0,0.14,0.0,0.0,0,20.0,110,80.0,0.0,100.0,0.0,0.0,60.0,552.0979614257812,30.43658828735352,1,1,2.4,200,600,2.1,605.3,694.5,25.5,67.5,,113.05235290527344,4,False,False,False,False,False,False,True,False,False,False
935,935,0.09,0.28,1.52,0.02,0.04,0.0,0.0,0.5,0.0,0.1,0.0,0.0,0,80.0,110,125.0,0.0,50.0,0.0,0.0,70.0,552.0979614257812,30.43658828735352,1,1,2.4,200,0,0.0,540.5,645.5,27.5,66.0,,105.59370422363281,4,False,False,False,False,False,False,True,False,False,False
936,936,0.09,0.28,1.52,0.02,0.04,0.0,0.0,0.5,0.0,0.1,0.0,0.0,0,80.0,110,125.0,0.0,50.0,0.0,0.0,70.0,552.0979614257812,30.43658828735352,1,1,2.4,200,600,2.1,562.1,640.6,27.5,66.5,,107.59864044189453,4,False,False,False,False,False,False,True,False,False,False
937,937,0.12,0.22,1.24,0.04,0.02,0.0,0.0,0.0,0.0,0.18,0.0,0.0,0,0.0,110,110.0,0.0,200.0,150.0,0.0,0.0,588.4820556640625,28.064245223999023,1,1,1.7,200,0,0.0,483.6,586.6,32.0,70.5,,107.47296142578125,4,False,False,False,False,False,False,True,False,False,False
938,938,0.12,0.22,1.24,0.04,0.02,0.0,0.0,0.0,0.0,0.18,0.0,0.0,0,0.0,110,110.0,0.0,200.0,150.0,0.0,0.0,588.4820556640625,28.064245223999023,1,1,1.7,200,600,2.1,414.0,532.7,33.0,74.5,,109.55333709716797,4,False,False,False,False,False,False,True,False,False,False
939,939,0.15,0.32,1.2,0.02,0.02,0.0,0.0,0.0,0.0,0.0,0.0,0.0,0,0.0,99,90.0,0.0,0.0,0.0,0.0,0.0,588.4820556640625,28.064245223999023,1,1,1.6,200,0,0.0,536.6,627.8,30.0,68.0,,115.64187622070312,4,False,False,False,False,False,False,True,False,False,False
940,940,0.15,0.32,1.2,0.02,0.02,0.0,0.0,0.0,0.0,0.0,0.0,0.0,0,0.0,99,90.0,0.0,0.0,0.0,0.0,0.0,588.4820556640625,28.064245223999023,1,1,1.6,200,600,1.3,487.6,586.6,31.0,73.5,,118.00595092773438,4,False,False,False,False,False,False,True,False,False,False
941,941,0.08,0.21,1.2,0.01,0.02,0.0,0.0,0.0,0.0,0.0,0.0,0.0,0,0.0,100,128.0,0.0,60.0,0.0,0.0,120.0,588.4820556640625,28.064245223999023,1,1,1.7,200,0,0.0,453.2,596.4,30.0,74.0,,112.69580078125,4,False,False,False,False,False,False,True,False,False,False
942,942,0.08,0.21,1.2,0.01,0.02,0.0,0.0,0.0,0.0,0.0,0.0,0.0,0,0.0,100,128.0,0.0,60.0,0.0,0.0,120.0,588.4820556640625,28.064245223999023,1,1,1.7,200,600,1.7,455.2,569.0,35.0,74.0,,114.93115997314453,4,False,False,False,False,False,False,True,False,False,False
943,943,0.1,0.12,1.2,0.01,0.02,0.0,0.0,0.0,0.0,0.0,0.0,0.0,0,0.0,89,42.0,0.0,60.0,0.0,0.0,150.0,588.4820556640625,28.064245223999023,1,1,1.7,200,0,0.0,519.9,593.5,30.0,72.0,,125.62129211425781,4,False,False,False,False,False,False,True,False,False,False
944,944,0.1,0.12,1.2,0.01,0.02,0.0,0.0,0.0,0.0,0.0,0.0,0.0,0,0.0,89,42.0,0.0,60.0,0.0,0.0,150.0,588.4820556640625,28.064245223999023,1,1,1.7,200,600,2.3,390.1,487.6,37.0,77.0,,129.05279541015625,4,False,False,False,False,False,False,True,False,False,False
945,945,0.06,0.27,1.44,0.02,0.02,0.0,0.0,0.02,0.01,0.28,0.0,0.0,590,0.0,102,0.0,0.0,0.0,0.0,0.0,0.0,625.0,75.36,1,1,4.6,200,0,0.0,388.0,497.0,30.0,58.0,,93.94461822509766,4,False,False,False,False,False,False,False,False,False,True
946,946,0.06,0.27,1.44,0.02,0.02,0.0,0.0,0.02,0.01,0.28,0.0,0.0,590,0.0,102,0.0,0.0,0.0,0.0,0.0,0.0,625.0,75.36,1,1,4.6,200,0,0.0,390.12860107421875,496.9458923339844,30.581825256347656,60.46466827392578,213.15,10.0,0,False,False,False,False,False,False,False,False,False,True
947,947,0.06,0.27,1.44,0.02,0.02,0.0,0.0,0.02,0.01,0.28,0.0,0.0,590,0.0,102,0.0,0.0,0.0,0.0,0.0,0.0,625.0,75.36,1,1,4.6,200,0,0.0,390.12860107421875,498.5312805175781,30.50258445739746,60.54503631591797,223.15,14.0,0,False,False,False,False,False,False,False,False,False,True
948,948,0.06,0.27,1.44,0.02,0.02,0.0,0.0,0.02,0.01,0.28,0.0,0.0,590,0.0,102,0.0,0.0,0.0,0.0,0.0,0.0,625.0,75.36,1,1,4.6,200,0,0.0,392.7275085449219,508.85748291015625,30.38288116455078,60.39159393310547,253.15,61.0,0,False,False,False,False,False,False,False,False,False,True
949,949,0.06,0.27,1.44,0.02,0.02,0.0,0.0,0.02,0.01,0.28,0.0,0.0,590,0.0,102,0.0,0.0,0.0,0.0,0.0,0.0,625.0,75.36,1,1,4.6,200,0,0.0,392.76495361328125,511.35455322265625,30.391525268554688,60.378448486328125,273.15,105.0,0,False,False,False,False,False,False,False,False,False,True
950,950,0.07,0.33,1.44,0.02,0.02,0.0,0.0,0.02,0.01,0.22,0.0,0.0,563,0.0,124,0.0,0.0,0.0,0.0,0.0,0.0,625.0,75.36,1,1,4.6,200,0,0.0,383.0,492.0,30.0,66.0,,104.55465698242188,4,False,False,False,False,False,False,False,False,False,True
951,951,0.07,0.33,1.44,0.02,0.02,0.0,0.0,0.02,0.01,0.22,0.0,0.0,563,0.0,124,0.0,0.0,0.0,0.0,0.0,0.0,625.0,75.36,1,1,4.6,200,0,0.0,397.6357421875,514.0316772460938,30.305469512939453,65.57258605957031,213.15,40.0,0,False,False,False,False,False,False,False,False,False,True
952,952,0.07,0.33,1.44,0.02,0.02,0.0,0.0,0.02,0.01,0.22,0.0,0.0,563,0.0,124,0.0,0.0,0.0,0.0,0.0,0.0,625.0,75.36,1,1,4.6,200,0,0.0,398.34454345703125,515.6170654296875,30.202253341674805,65.69219970703125,223.15,49.0,0,False,False,False,False,False,False,False,False,False,True
953,953,0.07,0.33,1.44,0.02,0.02,0.0,0.0,0.02,0.01,0.22,0.0,0.0,563,0.0,124,0.0,0.0,0.0,0.0,0.0,0.0,625.0,75.36,1,1,4.6,200,0,0.0,397.86383056640625,521.1201782226562,29.905759811401367,65.57683563232422,243.15,99.0,0,False,False,False,False,False,False,False,False,False,True
954,954,0.07,0.33,1.44,0.02,0.02,0.0,0.0,0.02,0.01,0.22,0.0,0.0,563,0.0,124,0.0,0.0,0.0,0.0,0.0,0.0,625.0,75.36,1,1,4.6,200,0,0.0,396.15216064453125,524.688720703125,29.953723907470703,65.5354232788086,273.15,111.0,0,False,False,False,False,False,False,False,False,False,True
955,955,0.06,0.29,1.68,0.02,0.02,0.0,0.0,0.02,0.01,0.28,0.0,0.0,521,0.0,133,0.0,0.0,0.0,0.0,0.0,0.0,625.0,75.36,1,1,4.6,200,0,0.0,371.0,526.0,34.0,66.0,,96.7694091796875,4,False,False,False,False,False,False,False,False,False,True
956,956,0.06,0.29,1.68,0.02,0.02,0.0,0.0,0.02,0.01,0.28,0.0,0.0,521,0.0,133,0.0,0.0,0.0,0.0,0.0,0.0,625.0,75.36,1,1,4.6,200,0,0.0,383.3394775390625,517.3995361328125,32.6588134765625,65.23361206054688,213.15,25.0,0,False,False,False,False,False,False,False,False,False,True
957,957,0.06,0.29,1.68,0.02,0.02,0.0,0.0,0.02,0.01,0.28,0.0,0.0,521,0.0,133,0.0,0.0,0.0,0.0,0.0,0.0,625.0,75.36,1,1,4.6,200,0,0.0,382.3463439941406,524.7535400390625,32.43302536010742,65.1946792602539,233.15,38.0,0,False,False,False,False,False,False,False,False,False,True
958,958,0.06,0.29,1.68,0.02,0.02,0.0,0.0,0.02,0.01,0.28,0.0,0.0,521,0.0,133,0.0,0.0,0.0,0.0,0.0,0.0,625.0,75.36,1,1,4.6,200,0,0.0,382.6856384277344,526.326171875,32.69034957885742,65.17584991455078,253.15,76.0,0,False,False,False,False,False,False,False,False,False,True
959,959,0.06,0.29,1.68,0.02,0.02,0.0,0.0,0.02,0.01,0.28,0.0,0.0,521,0.0,133,0.0,0.0,0.0,0.0,0.0,0.0,625.0,75.36,1,1,4.6,200,0,0.0,382.3262023925781,528.8231201171875,32.63966751098633,65.16271209716797,273.15,105.0,0,False,False,False,False,False,False,False,False,False,True
960,960,0.08,0.31,1.67,0.02,0.02,0.0,0.0,0.03,0.01,0.25,0.0,0.0,502,0.0,82,0.0,0.0,0.0,0.0,0.0,0.0,625.0,75.36,1,1,4.6,200,0,0.0,391.0,522.0,30.0,64.0,,93.23648834228516,4,False,False,False,False,False,False,False,False,False,True
961,961,0.08,0.31,1.67,0.02,0.02,0.0,0.0,0.03,0.01,0.25,0.0,0.0,502,0.0,82,0.0,0.0,0.0,0.0,0.0,0.0,625.0,75.36,1,1,4.6,200,0,0.0,394.29046630859375,523.5715942382812,30.428882598876953,64.68184661865234,213.15,39.0,0,False,False,False,False,False,False,False,False,False,True
962,962,0.08,0.31,1.67,0.02,0.02,0.0,0.0,0.03,0.01,0.25,0.0,0.0,502,0.0,82,0.0,0.0,0.0,0.0,0.0,0.0,625.0,75.36,1,1,4.6,200,0,0.0,394.29046630859375,523.9954223632812,30.369686126708984,64.7649154663086,223.15,43.0,0,False,False,False,False,False,False,False,False,False,True
963,963,0.08,0.31,1.67,0.02,0.02,0.0,0.0,0.03,0.01,0.25,0.0,0.0,502,0.0,82,0.0,0.0,0.0,0.0,0.0,0.0,625.0,75.36,1,1,4.6,200,0,0.0,392.75799560546875,530.4844360351562,30.039134979248047,64.59760284423828,253.15,95.0,0,False,False,False,False,False,False,False,False,False,True
964,964,0.08,0.31,1.67,0.02,0.02,0.0,0.0,0.03,0.01,0.25,0.0,0.0,502,0.0,82,0.0,0.0,0.0,0.0,0.0,0.0,625.0,75.36,1,1,4.6,200,0,0.0,392.7954406738281,532.4328002929688,29.88660430908203,64.54369354248047,273.15,114.0,0,False,False,False,False,False,False,False,False,False,True
965,965,0.09,0.28,1.68,0.02,0.02,0.0,0.0,0.01,0.01,0.23,0.0,0.0,487,0.0,77,0.0,0.0,0.0,0.0,0.0,0.0,625.0,75.36,1,1,4.6,200,0,0.0,389.0,564.0,28.0,69.0,,97.54070281982422,4,False,False,False,False,False,False,False,False,False,True
966,966,0.09,0.28,1.68,0.02,0.02,0.0,0.0,0.01,0.01,0.23,0.0,0.0,487,0.0,77,0.0,0.0,0.0,0.0,0.0,0.0,625.0,75.36,1,1,4.6,200,0,0.0,385.3235778808594,542.5280151367188,31.31268882751465,67.88201141357422,213.15,38.0,0,False,False,False,False,False,False,False,False,False,True
967,967,0.09,0.28,1.68,0.02,0.02,0.0,0.0,0.01,0.01,0.23,0.0,0.0,487,0.0,77,0.0,0.0,0.0,0.0,0.0,0.0,625.0,75.36,1,1,4.6,200,0,0.0,385.4654235839844,548.9817504882812,31.11740493774414,67.84307861328125,233.15,51.0,0,False,False,False,False,False,False,False,False,False,True
968,968,0.09,0.28,1.68,0.02,0.02,0.0,0.0,0.01,0.01,0.23,0.0,0.0,487,0.0,77,0.0,0.0,0.0,0.0,0.0,0.0,625.0,75.36,1,1,4.6,200,0,0.0,385.8047180175781,549.8106689453125,31.234355926513672,67.84577178955078,253.15,79.0,0,False,False,False,False,False,False,False,False,False,True
969,969,0.09,0.28,1.68,0.02,0.02,0.0,0.0,0.01,0.01,0.23,0.0,0.0,487,0.0,77,0.0,0.0,0.0,0.0,0.0,0.0,625.0,75.36,1,1,4.6,200,0,0.0,385.8421630859375,551.759033203125,31.081825256347656,67.83263397216797,273.15,102.0,0,False,False,False,False,False,False,False,False,False,True
970,970,0.09,0.42,2.22,0.02,0.02,0.0,0.0,0.02,0.01,0.06,0.0,0.0,466,0.0,82,0.0,0.0,0.0,0.0,0.0,0.0,625.0,75.36,1,1,4.6,200,0,0.0,517.0,672.0,24.0,56.0,,55.569854736328125,4,False,False,False,False,False,False,False,False,False,True
971,971,0.09,0.42,2.22,0.02,0.02,0.0,0.0,0.02,0.01,0.06,0.0,0.0,466,0.0,82,0.0,0.0,0.0,0.0,0.0,0.0,625.0,75.36,1,1,4.6,200,0,0.0,502.6501159667969,626.2805786132812,25.696361541748047,57.503536224365234,213.15,16.0,0,False,False,False,False,False,False,False,False,False,True
972,972,0.09,0.42,2.22,0.02,0.02,0.0,0.0,0.02,0.01,0.06,0.0,0.0,466,0.0,82,0.0,0.0,0.0,0.0,0.0,0.0,625.0,75.36,1,1,4.6,200,0,0.0,502.0766296386719,643.0140380859375,25.17671775817871,57.49164962768555,233.15,21.0,0,False,False,False,False,False,False,False,False,False,True
973,973,0.09,0.42,2.22,0.02,0.02,0.0,0.0,0.02,0.01,0.06,0.0,0.0,466,0.0,82,0.0,0.0,0.0,0.0,0.0,0.0,625.0,75.36,1,1,4.6,200,0,0.0,503.43988037109375,651.9888305664062,25.213586807250977,57.32504653930664,253.15,30.0,0,False,False,False,False,False,False,False,False,False,True
974,974,0.09,0.42,2.22,0.02,0.02,0.0,0.0,0.02,0.01,0.06,0.0,0.0,466,0.0,82,0.0,0.0,0.0,0.0,0.0,0.0,625.0,75.36,1,1,4.6,200,0,0.0,502.9155578613281,661.5724487304688,25.050996780395508,57.28427505493164,273.15,43.0,0,False,False,False,False,False,False,False,False,False,True
975,975,0.08,0.24,1.34,0.02,0.02,0.0,0.0,0.43,0.01,0.15,0.0,0.0,575,0.0,86,0.0,0.0,0.0,0.0,0.0,0.0,625.0,75.36,1,1,4.6,200,0,0.0,554.0,554.0,30.0,67.0,,96.60606384277344,4,False,False,False,False,False,False,False,False,False,True
976,976,0.08,0.24,1.34,0.02,0.02,0.0,0.0,0.43,0.01,0.15,0.0,0.0,575,0.0,86,0.0,0.0,0.0,0.0,0.0,0.0,625.0,75.36,1,1,4.6,200,0,0.0,549.1915893554688,555.69970703125,29.965801239013672,65.74991607666016,213.15,16.0,0,False,False,False,False,False,False,False,False,False,True
977,977,0.08,0.24,1.34,0.02,0.02,0.0,0.0,0.43,0.01,0.15,0.0,0.0,575,0.0,86,0.0,0.0,0.0,0.0,0.0,0.0,625.0,75.36,1,1,4.6,200,0,0.0,550.3671264648438,556.6583251953125,29.77352523803711,65.82360076904297,233.15,37.0,0,False,False,False,False,False,False,False,False,False,True
978,978,0.08,0.24,1.34,0.02,0.02,0.0,0.0,0.43,0.01,0.15,0.0,0.0,575,0.0,86,0.0,0.0,0.0,0.0,0.0,0.0,625.0,75.36,1,1,4.6,200,0,0.0,550.9580078125,556.5814208984375,29.705739974975586,65.80342864990234,253.15,67.0,0,False,False,False,False,False,False,False,False,False,True
979,979,0.08,0.24,1.34,0.02,0.02,0.0,0.0,0.43,0.01,0.15,0.0,0.0,575,0.0,86,0.0,0.0,0.0,0.0,0.0,0.0,625.0,75.36,1,1,4.6,200,0,0.0,549.757568359375,556.5814208984375,29.704877853393555,65.79029083251953,273.15,92.0,0,False,False,False,False,False,False,False,False,False,True
980,980,0.1,0.45,1.88,0.02,0.02,0.0,0.0,0.44,0.01,0.26,0.0,0.0,425,0.0,84,0.0,0.0,0.0,0.0,0.0,0.0,625.0,75.36,1,1,4.6,200,0,0.0,747.0,747.0,25.0,62.0,,54.92210388183594,4,False,False,False,False,False,False,False,False,False,True
981,981,0.1,0.45,1.88,0.02,0.02,0.0,0.0,0.44,0.01,0.26,0.0,0.0,425,0.0,84,0.0,0.0,0.0,0.0,0.0,0.0,625.0,75.36,1,1,4.6,200,0,0.0,722.97998046875,730.7698974609375,27.72560691833496,62.20636749267578,213.15,10.0,0,False,False,False,False,False,False,False,False,False,True
982,982,0.1,0.45,1.88,0.02,0.02,0.0,0.0,0.44,0.01,0.26,0.0,0.0,425,0.0,84,0.0,0.0,0.0,0.0,0.0,0.0,625.0,75.36,1,1,4.6,200,0,0.0,723.0698852539062,738.505859375,27.553668975830078,62.12114715576172,233.15,17.0,0,False,False,False,False,False,False,False,False,False,True
983,983,0.1,0.45,1.88,0.02,0.02,0.0,0.0,0.44,0.01,0.26,0.0,0.0,425,0.0,84,0.0,0.0,0.0,0.0,0.0,0.0,625.0,75.36,1,1,4.6,200,0,0.0,729.6461791992188,739.9486694335938,27.279685974121094,61.96364212036133,253.15,32.0,0,False,False,False,False,False,False,False,False,False,True
984,984,0.1,0.45,1.88,0.02,0.02,0.0,0.0,0.44,0.01,0.26,0.0,0.0,425,0.0,84,0.0,0.0,0.0,0.0,0.0,0.0,625.0,75.36,1,1,4.6,200,0,0.0,727.1661376953125,741.0091552734375,26.973485946655273,61.909725189208984,273.15,41.0,0,False,False,False,False,False,False,False,False,False,True
985,985,0.07,0.16,0.84,0.02,0.03,0.0,0.0,0.02,0.0,0.28,0.0,0.0,415,0.0,84,0.0,0.0,0.0,0.0,0.0,0.0,625.0,72.24,1,1,4.4,200,0,0.0,352.0,459.0,36.0,72.0,,147.7310791015625,4,False,False,False,False,False,False,False,False,False,True
986,986,0.07,0.16,0.84,0.02,0.03,0.0,0.0,0.02,0.0,0.28,0.0,0.0,415,0.0,84,0.0,0.0,0.0,0.0,0.0,0.0,625.0,72.24,1,1,4.4,200,0,0.0,341.0089416503906,451.6661376953125,34.852779388427734,71.6347885131836,213.15,95.0,0,False,False,False,False,False,False,False,False,False,True
987,987,0.07,0.16,0.84,0.02,0.03,0.0,0.0,0.02,0.0,0.28,0.0,0.0,415,0.0,84,0.0,0.0,0.0,0.0,0.0,0.0,625.0,72.24,1,1,4.4,200,0,0.0,351.8875427246094,457.0977478027344,34.41888427734375,71.72177124023438,233.15,139.0,0,False,False,False,False,False,False,False,False,False,True
988,988,0.07,0.16,0.84,0.02,0.03,0.0,0.0,0.02,0.0,0.28,0.0,0.0,415,0.0,84,0.0,0.0,0.0,0.0,0.0,0.0,625.0,72.24,1,1,4.4,200,0,0.0,351.30511474609375,466.0346374511719,34.354705810546875,71.70159912109375,253.15,148.0,0,False,False,False,False,False,False,False,False,False,True
989,989,0.07,0.16,0.84,0.02,0.03,0.0,0.0,0.02,0.0,0.28,0.0,0.0,415,0.0,84,0.0,0.0,0.0,0.0,0.0,0.0,625.0,72.24,1,1,4.4,200,0,0.0,350.8935546875,466.0346374511719,34.256343841552734,71.68846130371094,273.15,150.0,0,False,False,False,False,False,False,False,False,False,True
990,990,0.08,0.18,0.75,0.01,0.02,0.0,0.0,0.02,0.0,0.22,0.0,0.0,381,0.0,109,0.0,0.0,0.0,0.0,0.0,0.0,625.0,72.24,1,1,4.4,200,0,0.0,349.0,456.0,36.0,72.0,,138.21653747558594,4,False,False,False,False,False,False,False,False,False,True
991,991,0.08,0.18,0.75,0.01,0.02,0.0,0.0,0.02,0.0,0.22,0.0,0.0,381,0.0,109,0.0,0.0,0.0,0.0,0.0,0.0,625.0,72.24,1,1,4.4,200,0,0.0,345.7797546386719,460.0887145996094,34.770999908447266,72.45976257324219,213.15,67.0,0,False,False,False,False,False,False,False,False,False,True
992,992,0.08,0.18,0.75,0.01,0.02,0.0,0.0,0.02,0.0,0.22,0.0,0.0,381,0.0,109,0.0,0.0,0.0,0.0,0.0,0.0,625.0,72.24,1,1,4.4,200,0,0.0,350.752685546875,459.5290222167969,34.71001434326172,72.57451629638672,223.15,117.0,0,False,False,False,False,False,False,False,False,False,True
993,993,0.08,0.18,0.75,0.01,0.02,0.0,0.0,0.02,0.0,0.22,0.0,0.0,381,0.0,109,0.0,0.0,0.0,0.0,0.0,0.0,625.0,72.24,1,1,4.4,200,0,0.0,354.0892028808594,475.4799499511719,34.22755813598633,72.47315216064453,253.15,134.0,0,False,False,False,False,False,False,False,False,False,True
994,994,0.08,0.18,0.75,0.01,0.02,0.0,0.0,0.02,0.0,0.22,0.0,0.0,381,0.0,109,0.0,0.0,0.0,0.0,0.0,0.0,625.0,72.24,1,1,4.4,200,0,0.0,352.3782653808594,475.6589660644531,34.090240478515625,72.46001434326172,273.15,155.0,0,False,False,False,False,False,False,False,False,False,True
995,995,0.07,0.16,1.17,0.01,0.02,0.0,0.0,0.02,0.01,0.26,0.0,0.0,368,0.0,108,0.0,0.0,0.0,0.0,0.0,0.0,625.0,72.24,1,1,4.4,200,0,0.0,350.0,462.0,24.0,76.0,,161.0415802001953,4,False,False,False,False,False,False,False,False,False,True
996,996,0.07,0.16,1.17,0.01,0.02,0.0,0.0,0.02,0.01,0.26,0.0,0.0,368,0.0,108,0.0,0.0,0.0,0.0,0.0,0.0,625.0,72.24,1,1,4.4,200,0,0.0,395.7481384277344,466.7797546386719,26.791170120239258,74.52405548095703,213.15,110.0,0,False,False,False,False,False,False,False,False,False,True
997,997,0.07,0.16,1.17,0.01,0.02,0.0,0.0,0.02,0.01,0.26,0.0,0.0,368,0.0,108,0.0,0.0,0.0,0.0,0.0,0.0,625.0,72.24,1,1,4.4,200,0,0.0,391.6370849609375,471.60565185546875,26.312545776367188,74.63312530517578,233.15,145.0,0,False,False,False,False,False,False,False,False,False,True
998,998,0.07,0.16,1.17,0.01,0.02,0.0,0.0,0.02,0.01,0.26,0.0,0.0,368,0.0,108,0.0,0.0,0.0,0.0,0.0,0.0,625.0,72.24,1,1,4.4,200,0,0.0,390.5235595703125,484.3091125488281,26.25026512145996,74.59071350097656,253.15,168.0,0,False,False,False,False,False,False,False,False,False,True
999,999,0.07,0.16,1.17,0.01,0.02,0.0,0.0,0.02,0.01,0.26,0.0,0.0,368,0.0,108,0.0,0.0,0.0,0.0,0.0,0.0,625.0,72.24,1,1,4.4,200,0,0.0,388.8126220703125,484.33868408203125,26.00465202331543,74.57757568359375,273.15,180.0,0,False,False,False,False,False,False,False,False,False,True
1000,1000,0.11,0.16,1.09,0.01,0.02,0.0,0.0,0.03,0.01,0.24,0.0,0.0,353,0.0,78,0.0,0.0,0.0,0.0,0.0,0.0,625.0,72.24,1,1,4.4,200,0,0.0,376.0,484.0,32.0,74.0,,136.71226501464844,4,False,False,False,False,False,False,False,False,False,True
1001,1001,0.11,0.16,1.09,0.01,0.02,0.0,0.0,0.03,0.01,0.24,0.0,0.0,353,0.0,78,0.0,0.0,0.0,0.0,0.0,0.0,625.0,72.24,1,1,4.4,200,0,0.0,381.4433898925781,476.2077331542969,31.55406951904297,73.02857971191406,213.15,15.0,0,False,False,False,False,False,False,False,False,False,True
1002,1002,0.11,0.16,1.09,0.01,0.02,0.0,0.0,0.03,0.01,0.24,0.0,0.0,353,0.0,78,0.0,0.0,0.0,0.0,0.0,0.0,625.0,72.24,1,1,4.4,200,0,0.0,381.4433898925781,476.2077331542969,31.55406951904297,73.02857971191406,213.15,22.0,0,False,False,False,False,False,False,False,False,False,True
1003,1003,0.11,0.16,1.09,0.01,0.02,0.0,0.0,0.03,0.01,0.24,0.0,0.0,353,0.0,78,0.0,0.0,0.0,0.0,0.0,0.0,625.0,72.24,1,1,4.4,200,0,0.0,377.5877685546875,492.0997619628906,31.28752326965332,73.0639877319336,253.15,134.0,0,False,False,False,False,False,False,False,False,False,True
1004,1004,0.11,0.16,1.09,0.01,0.02,0.0,0.0,0.03,0.01,0.24,0.0,0.0,353,0.0,78,0.0,0.0,0.0,0.0,0.0,0.0,625.0,72.24,1,1,4.4,200,0,0.0,377.17620849609375,492.0997619628906,31.212270736694336,73.05084991455078,273.15,138.0,0,False,False,False,False,False,False,False,False,False,True
1005,1005,0.1,0.18,1.29,0.02,0.02,0.0,0.0,0.01,0.01,0.21,0.0,0.0,337,0.0,61,0.0,0.0,0.0,0.0,0.0,0.0,625.0,72.24,1,1,4.4,200,0,0.0,359.0,503.0,28.0,72.0,,127.26966857910156,4,False,False,False,False,False,False,False,False,False,True
1006,1006,0.1,0.18,1.29,0.02,0.02,0.0,0.0,0.01,0.01,0.21,0.0,0.0,337,0.0,61,0.0,0.0,0.0,0.0,0.0,0.0,625.0,72.24,1,1,4.4,200,0,0.0,384.90643310546875,494.6138916015625,29.0860538482666,69.77676391601562,213.15,59.0,0,False,False,False,False,False,False,False,False,False,True
1007,1007,0.1,0.18,1.29,0.02,0.02,0.0,0.0,0.01,0.01,0.21,0.0,0.0,337,0.0,61,0.0,0.0,0.0,0.0,0.0,0.0,625.0,72.24,1,1,4.4,200,0,0.0,382.1643371582031,504.3433837890625,28.90174674987793,69.8898696899414,233.15,95.0,0,False,False,False,False,False,False,False,False,False,True
1008,1008,0.1,0.18,1.29,0.02,0.02,0.0,0.0,0.01,0.01,0.21,0.0,0.0,337,0.0,61,0.0,0.0,0.0,0.0,0.0,0.0,625.0,72.24,1,1,4.4,200,0,0.0,381.181884765625,516.2230224609375,28.9862060546875,69.7532730102539,253.15,128.0,0,False,False,False,False,False,False,False,False,False,True
1009,1009,0.1,0.18,1.29,0.02,0.02,0.0,0.0,0.01,0.01,0.21,0.0,0.0,337,0.0,61,0.0,0.0,0.0,0.0,0.0,0.0,625.0,72.24,1,1,4.4,200,0,0.0,380.5451965332031,516.3594970703125,28.857376098632812,69.7401351928711,273.15,144.0,0,False,False,False,False,False,False,False,False,False,True
1010,1010,0.1,0.24,1.91,0.02,0.02,0.0,0.0,0.02,0.01,0.05,0.0,0.0,228,0.0,74,0.0,0.0,0.0,0.0,0.0,0.0,625.0,72.24,1,1,4.4,200,0,0.0,376.0,553.0,33.0,70.0,,102.66123962402344,4,False,False,False,False,False,False,False,False,False,True
1011,1011,0.1,0.24,1.91,0.02,0.02,0.0,0.0,0.02,0.01,0.05,0.0,0.0,228,0.0,74,0.0,0.0,0.0,0.0,0.0,0.0,625.0,72.24,1,1,4.4,200,0,0.0,403.1070861816406,552.3765869140625,31.94473648071289,63.530277252197266,213.15,30.0,0,False,False,False,False,False,False,False,False,False,True
1012,1012,0.1,0.24,1.91,0.02,0.02,0.0,0.0,0.02,0.01,0.05,0.0,0.0,228,0.0,74,0.0,0.0,0.0,0.0,0.0,0.0,625.0,72.24,1,1,4.4,200,0,0.0,398.4359436035156,558.5532836914062,31.79950523376465,63.561729431152344,233.15,78.0,0,False,False,False,False,False,False,False,False,False,True
1013,1013,0.1,0.24,1.91,0.02,0.02,0.0,0.0,0.02,0.01,0.05,0.0,0.0,228,0.0,74,0.0,0.0,0.0,0.0,0.0,0.0,625.0,72.24,1,1,4.4,200,0,0.0,395.2914123535156,563.6580200195312,31.90277099609375,63.44664001464844,253.15,91.0,0,False,False,False,False,False,False,False,False,False,True
1014,1014,0.1,0.24,1.91,0.02,0.02,0.0,0.0,0.02,0.01,0.05,0.0,0.0,228,0.0,74,0.0,0.0,0.0,0.0,0.0,0.0,625.0,72.24,1,1,4.4,200,0,0.0,395.2914123535156,563.6273193359375,31.76038360595703,63.433494567871094,273.15,122.0,0,False,False,False,False,False,False,False,False,False,True
1015,1015,0.1,0.13,0.73,0.02,0.02,0.0,0.0,0.43,0.01,0.14,0.0,0.0,373,0.0,81,0.0,0.0,0.0,0.0,0.0,0.0,625.0,72.24,1,1,4.4,200,0,0.0,353.0,491.0,32.0,67.0,,133.75326538085938,4,False,False,False,False,False,False,False,False,False,True
1016,1016,0.1,0.13,0.73,0.02,0.02,0.0,0.0,0.43,0.01,0.14,0.0,0.0,373,0.0,81,0.0,0.0,0.0,0.0,0.0,0.0,625.0,72.24,1,1,4.4,200,0,0.0,369.1972961425781,590.913330078125,32.14909744262695,68.16818237304688,213.15,14.0,0,False,False,False,False,False,False,False,False,False,True
1017,1017,0.1,0.13,0.73,0.02,0.02,0.0,0.0,0.43,0.01,0.14,0.0,0.0,373,0.0,81,0.0,0.0,0.0,0.0,0.0,0.0,625.0,72.24,1,1,4.4,200,0,0.0,368.04766845703125,589.7933959960938,32.14381790161133,68.26400756835938,233.15,72.0,0,False,False,False,False,False,False,False,False,False,True
1018,1018,0.1,0.13,0.73,0.02,0.02,0.0,0.0,0.43,0.01,0.14,0.0,0.0,373,0.0,81,0.0,0.0,0.0,0.0,0.0,0.0,625.0,72.24,1,1,4.4,200,0,0.0,368.4095153808594,593.0694580078125,31.66068458557129,68.19969940185547,253.15,111.0,0,False,False,False,False,False,False,False,False,False,True
1019,1019,0.1,0.13,0.73,0.02,0.02,0.0,0.0,0.43,0.01,0.14,0.0,0.0,373,0.0,81,0.0,0.0,0.0,0.0,0.0,0.0,625.0,72.24,1,1,4.4,200,0,0.0,367.9979553222656,593.0694580078125,31.418764114379883,68.22595977783203,273.15,135.0,0,False,False,False,False,False,False,False,False,False,True
1020,1020,0.12,0.27,1.46,0.01,0.03,0.0,0.0,0.48,0.01,0.3,0.0,0.0,365,0.0,77,0.0,0.0,0.0,0.0,0.0,0.0,625.0,72.24,1,1,4.4,200,0,0.0,689.0,689.0,34.0,69.0,,104.77142333984375,4,False,False,False,False,False,False,False,False,False,True
1021,1021,0.12,0.27,1.46,0.01,0.03,0.0,0.0,0.48,0.01,0.3,0.0,0.0,365,0.0,77,0.0,0.0,0.0,0.0,0.0,0.0,625.0,72.24,1,1,4.4,200,0,0.0,672.3984375,681.8640747070312,33.21038055419922,69.09675598144531,213.15,41.0,0,False,False,False,False,False,False,False,False,False,True
1022,1022,0.12,0.27,1.46,0.01,0.03,0.0,0.0,0.48,0.01,0.3,0.0,0.0,365,0.0,77,0.0,0.0,0.0,0.0,0.0,0.0,625.0,72.24,1,1,4.4,200,0,0.0,679.4498901367188,684.7342529296875,33.07865905761719,69.07829284667969,253.15,78.0,0,False,False,False,False,False,False,False,False,False,True
1023,1023,0.12,0.27,1.46,0.01,0.03,0.0,0.0,0.48,0.01,0.3,0.0,0.0,365,0.0,77,0.0,0.0,0.0,0.0,0.0,0.0,625.0,72.24,1,1,4.4,200,0,0.0,676.2762451171875,684.7342529296875,33.18917465209961,69.06515502929688,273.15,113.0,0,False,False,False,False,False,False,False,False,False,True
1024,1024,0.09,0.31,1.32,0.01,0.02,0.05,0.04,0.01,0.01,0.11,0.0,0.0,233,91.98,95,140.0,9.98,99.66,98.06,96.1,39.05,550.0,28.0,1,1,3.6,100,0,0.0,429.0,537.0,22.0,75.0,258.15,70.0,4,False,False,False,False,False,False,True,False,False,False
1025,1025,0.11,0.36,1.61,0.02,0.03,0.06,0.05,0.02,0.01,0.12,0.0,0.0,305,99.22,95,140.0,9.38,200.0,100.0,100.0,100.0,550.0,28.0,1,1,3.6,100,0,0.0,542.0,625.0,19.0,64.0,266.15,70.0,4,False,False,False,False,False,False,True,False,False,False
1026,1026,0.1,0.28,1.42,0.01,0.02,0.09,0.08,0.04,0.01,0.15,0.0,0.0,430,56.43,150,150.0,9.86,300.0,200.0,200.0,200.0,550.0,28.0,1,1,3.6,100,0,0.0,493.0,618.0,18.0,75.0,267.15,70.0,4,False,False,False,False,False,False,True,False,False,False
1027,1027,0.08,0.25,1.35,0.01,0.02,0.09,0.07,0.01,0.01,0.14,0.0,0.0,392,95.33,122,120.0,9.43,200.0,100.0,53.54,97.3,550.0,28.0,1,1,3.6,100,0,0.0,547.0,635.0,15.0,66.0,255.15,70.0,4,False,False,False,False,False,False,True,False,False,False
1028,1028,0.1,0.31,1.37,0.02,0.03,0.08,0.06,0.02,0.01,0.15,0.0,0.0,336,90.52,99,130.0,9.62,300.0,200.0,99.17,100.0,550.0,28.0,1,1,3.6,100,0,0.0,498.0,621.0,16.0,70.0,289.15,70.0,4,False,False,False,False,False,False,True,False,False,False
1029,1029,0.08,0.28,1.27,0.01,0.02,0.1,0.06,0.01,0.01,0.15,0.0,0.0,435,45.93,121,160.0,9.57,300.0,200.0,94.61,100.0,550.0,28.0,1,1,3.6,100,0,0.0,503.0,625.0,17.0,72.0,268.15,70.0,4,False,False,False,False,False,False,True,False,False,False
1030,1030,0.09,0.18,1.05,0.01,0.02,0.1,0.05,0.01,0.01,0.11,0.0,0.0,511,91.91,100,47.65,9.44,57.46,91.11,99.56,94.64,550.0,28.0,1,1,3.6,100,0,0.0,380.0,486.0,22.0,75.0,274.15,70.0,4,False,False,False,False,False,False,True,False,False,False
1031,1031,0.09,0.16,1.01,0.02,0.03,0.13,0.05,0.01,0.01,0.11,0.0,0.0,569,97.87,102,46.62,5.55,100.0,94.79,96.27,100.0,550.0,28.0,1,1,3.6,100,0,0.0,402.0,498.0,18.0,70.0,280.15,70.0,4,False,False,False,False,False,False,True,False,False,False
1032,1032,0.09,0.15,1.18,0.01,0.02,0.13,0.08,0.03,0.01,0.14,0.0,0.0,621,91.83,131,49.68,9.14,200.0,100.0,94.65,99.33,550.0,28.0,1,1,3.6,100,0,0.0,427.0,518.0,18.0,75.0,303.15,70.0,4,False,False,False,False,False,False,True,False,False,False
1033,1033,0.07,0.11,0.85,0.02,0.02,0.14,0.07,0.01,0.01,0.14,0.0,0.0,543,96.75,119,46.06,9.76,100.0,100.0,98.53,99.86,550.0,28.0,1,1,3.6,100,0,0.0,436.0,525.0,15.0,77.0,311.15,70.0,4,False,False,False,False,False,False,True,False,False,False
1034,1034,0.08,0.16,0.97,0.02,0.02,0.15,0.07,0.02,0.01,0.19,0.0,0.0,584,90.14,95,46.93,9.94,200.0,200.0,100.0,100.0,550.0,28.0,1,1,3.6,100,0,0.0,451.0,545.0,16.677127838134766,74.0,285.15,70.0,3,False,False,False,False,False,False,True,False,False,False
1035,1035,0.08,0.19,1.16,0.02,0.02,0.17,0.07,0.02,0.02,0.17,0.0,0.0,609,61.58,131,48.02,5.71,200.0,200.0,200.0,100.0,550.0,28.0,1,1,3.6,100,0,0.0,441.0,557.0,16.0,69.0,307.15,70.0,4,False,False,False,False,False,False,True,False,False,False
1036,1036,0.04,0.32,0.62,0.01,0.01,0.0,0.0,0.0,0.0,0.0,0.0,0.0,0,0.0,0,0.0,0.0,0.0,0.0,0.0,0.0,170.2316436767578,21.607946395874023,1,1,0.6,200,250,14.0,445.0,496.0,31.0,79.7,,140.27735900878906,4,False,False,False,True,False,False,False,False,False,False
1037,1037,0.04,0.32,0.62,0.01,0.01,0.0,0.0,0.0,0.0,0.0,0.0,0.0,0,0.0,0,0.0,0.0,0.0,0.0,0.0,0.0,169.9928741455078,21.1126708984375,1,1,0.6,200,0,0.0,410.1418151855469,479.2728271484375,31.54392433166504,78.92533111572266,237.15,100.0,0,False,False,False,True,False,False,False,False,False,False
1038,1038,0.05,0.31,0.96,0.01,0.01,0.0,0.0,0.0,0.0,0.0,0.0,0.0,0,0.0,0,0.0,0.0,0.0,0.0,0.0,0.0,170.2316436767578,21.607946395874023,1,1,0.6,200,250,14.0,479.0,527.0,27.8,77.0,,143.3026123046875,4,False,False,False,True,False,False,False,False,False,False
1039,1039,0.05,0.31,0.96,0.01,0.01,0.0,0.0,0.0,0.0,0.0,0.0,0.0,0,0.0,0,0.0,0.0,0.0,0.0,0.0,0.0,169.9928741455078,21.1126708984375,1,1,0.6,200,0,0.0,433.0573425292969,493.61187744140625,30.2330379486084,78.43321990966797,223.15,100.0,0,False,False,False,True,False,False,False,False,False,False
1040,1040,0.05,0.38,1.42,0.01,0.01,0.0,0.0,0.0,0.0,0.0,0.0,0.0,0,0.0,0,0.0,0.0,0.0,0.0,0.0,0.0,170.2316436767578,21.607946395874023,1,1,0.6,200,250,14.0,511.0,575.0,26.8,78.7,,126.65382385253906,4,False,False,False,True,False,False,False,False,False,False
1041,1041,0.05,0.38,1.42,0.01,0.01,0.0,0.0,0.0,0.0,0.0,0.0,0.0,0,0.0,0,0.0,0.0,0.0,0.0,0.0,0.0,169.9928741455078,21.1126708984375,1,1,0.6,200,0,0.0,489.8365478515625,554.011962890625,28.439619064331055,77.95248413085938,226.15,100.0,0,False,False,False,True,False,False,False,False,False,False
1042,1042,0.06,0.35,1.93,0.01,0.01,0.0,0.0,0.0,0.0,0.0,0.0,0.0,0,0.0,0,0.0,0.0,0.0,0.0,0.0,0.0,170.2316436767578,21.607946395874023,1,1,0.6,200,250,14.0,587.0,633.0,24.2,76.9,,128.83734130859375,4,False,False,False,True,False,False,False,False,False,False
1043,1043,0.06,0.35,1.93,0.01,0.01,0.0,0.0,0.0,0.0,0.0,0.0,0.0,0,0.0,0,0.0,0.0,0.0,0.0,0.0,0.0,169.9928741455078,21.1126708984375,1,1,0.6,200,0,0.0,553.8502807617188,628.0918579101562,25.13787078857422,74.26892852783203,245.15,100.0,0,False,False,False,True,False,False,False,False,False,False
1044,1044,0.04,0.29,0.6,0.01,0.01,0.0,0.0,0.0,0.0,0.0,0.0,0.0,0,0.0,0,0.0,0.0,0.0,0.0,0.0,0.0,170.2316436767578,21.607946395874023,1,1,1.0,200,250,14.0,401.0,466.0,32.0,81.5,,141.8890838623047,4,False,False,False,True,False,False,False,False,False,False
1045,1045,0.04,0.29,0.6,0.01,0.01,0.0,0.0,0.0,0.0,0.0,0.0,0.0,0,0.0,0,0.0,0.0,0.0,0.0,0.0,0.0,169.9928741455078,21.1126708984375,1,1,1.0,200,0,0.0,388.9281005859375,468.50457763671875,32.86237335205078,79.3768081665039,242.15,100.0,0,False,False,False,True,False,False,False,False,False,False
1046,1046,0.04,0.29,0.94,0.01,0.01,0.0,0.0,0.0,0.0,0.0,0.0,0.0,0,0.0,0,0.0,0.0,0.0,0.0,0.0,0.0,170.2316436767578,21.607946395874023,1,1,1.0,200,250,14.0,438.0,501.0,32.6,80.6,,147.3978271484375,4,False,False,False,True,False,False,False,False,False,False
1047,1047,0.04,0.29,0.94,0.01,0.01,0.0,0.0,0.0,0.0,0.0,0.0,0.0,0,0.0,0,0.0,0.0,0.0,0.0,0.0,0.0,169.9928741455078,21.1126708984375,1,1,1.0,200,0,0.0,406.2961120605469,483.81585693359375,32.8011360168457,79.4789047241211,227.15,100.0,0,False,False,False,True,False,False,False,False,False,False
1048,1048,0.05,0.35,1.41,0.01,0.01,0.0,0.0,0.0,0.0,0.0,0.0,0.0,0,0.0,0,0.0,0.0,0.0,0.0,0.0,0.0,170.2316436767578,21.607946395874023,1,1,1.0,200,250,14.0,479.0,551.0,29.8,78.8,,126.03994750976562,4,False,False,False,True,False,False,False,False,False,False
1049,1049,0.05,0.35,1.41,0.01,0.01,0.0,0.0,0.0,0.0,0.0,0.0,0.0,0,0.0,0,0.0,0.0,0.0,0.0,0.0,0.0,169.9928741455078,21.1126708984375,1,1,1.0,200,0,0.0,467.0328369140625,539.5748901367188,30.64384651184082,78.25008392333984,219.15,100.0,0,False,False,False,True,False,False,False,False,False,False
1050,1050,0.05,0.32,1.8,0.01,0.01,0.0,0.0,0.0,0.0,0.0,0.0,0.0,0,0.0,0,0.0,0.0,0.0,0.0,0.0,0.0,170.2316436767578,21.607946395874023,1,1,1.0,200,250,14.0,507.0,587.0,29.2,76.9,,127.69976043701172,4,False,False,False,True,False,False,False,False,False,False
1051,1051,0.05,0.32,1.8,0.01,0.01,0.0,0.0,0.0,0.0,0.0,0.0,0.0,0,0.0,0,0.0,0.0,0.0,0.0,0.0,0.0,169.9928741455078,21.1126708984375,1,1,1.0,200,0,0.0,508.9584655761719,574.0693359375,28.406370162963867,76.43144226074219,229.15,100.0,0,False,False,False,True,False,False,False,False,False,False
1052,1052,0.04,0.24,0.55,0.01,0.0,0.0,0.0,0.0,0.0,0.0,0.0,0.0,0,0.0,0,0.0,0.0,0.0,0.0,0.0,0.0,179.2061004638672,30.927061080932617,1,1,2.2,200,250,14.0,389.0,457.0,30.0,80.6,,132.81549072265625,4,False,False,False,True,False,False,False,False,False,False
1053,1053,0.04,0.24,0.55,0.01,0.0,0.0,0.0,0.0,0.0,0.0,0.0,0.0,0,0.0,0,0.0,0.0,0.0,0.0,0.0,0.0,178.81021118164062,27.24549102783203,1,1,2.2,200,0,0.0,384.3896789550781,460.3067626953125,32.852874755859375,77.16131591796875,234.15,100.0,0,False,False,False,True,False,False,False,False,False,False
1054,1054,0.04,0.24,0.89,0.01,0.01,0.0,0.0,0.0,0.0,0.0,0.0,0.0,0,0.0,0,0.0,0.0,0.0,0.0,0.0,0.0,179.2061004638672,30.927061080932617,1,1,2.2,200,250,14.0,400.0,478.0,32.6,80.6,,137.8433380126953,4,False,False,False,True,False,False,False,False,False,False
1055,1055,0.04,0.24,0.89,0.01,0.01,0.0,0.0,0.0,0.0,0.0,0.0,0.0,0,0.0,0,0.0,0.0,0.0,0.0,0.0,0.0,178.81021118164062,27.24549102783203,1,1,2.2,200,0,0.0,399.86785888671875,477.3967590332031,33.56128692626953,77.2129898071289,227.15,100.0,0,False,False,False,True,False,False,False,False,False,False
1056,1056,0.04,0.28,1.37,0.01,0.01,0.0,0.0,0.0,0.0,0.0,0.0,0.0,0,0.0,0,0.0,0.0,0.0,0.0,0.0,0.0,179.2061004638672,30.927061080932617,1,1,2.2,200,250,14.0,438.0,518.0,29.8,82.3,,140.4390411376953,4,False,False,False,True,False,False,False,False,False,False
1057,1057,0.04,0.28,1.37,0.01,0.01,0.0,0.0,0.0,0.0,0.0,0.0,0.0,0,0.0,0,0.0,0.0,0.0,0.0,0.0,0.0,178.81021118164062,27.24549102783203,1,1,2.2,200,0,0.0,433.8946838378906,518.2554931640625,31.958938598632812,77.38614654541016,216.15,100.0,0,False,False,False,True,False,False,False,False,False,False
1058,1058,0.04,0.26,1.69,0.01,0.01,0.0,0.0,0.0,0.0,0.0,0.0,0.0,0,0.0,0,0.0,0.0,0.0,0.0,0.0,0.0,179.2061004638672,30.927061080932617,1,1,2.2,200,250,14.0,456.0,548.0,32.0,78.8,,138.09365844726562,4,False,False,False,True,False,False,False,False,False,False
1059,1059,0.04,0.26,1.69,0.01,0.01,0.0,0.0,0.0,0.0,0.0,0.0,0.0,0,0.0,0,0.0,0.0,0.0,0.0,0.0,0.0,178.81021118164062,27.24549102783203,1,1,2.2,200,0,0.0,461.9102783203125,550.4437866210938,30.386260986328125,76.47882080078125,236.15,100.0,0,False,False,False,True,False,False,False,False,False,False
1060,1060,0.04,0.2,0.52,0.01,0.01,0.0,0.0,0.0,0.0,0.0,0.0,0.0,0,0.0,0,0.0,0.0,0.0,0.0,0.0,0.0,467.5733947753906,35.57164001464844,1,1,4.3,200,250,14.0,341.0,453.0,32.6,78.8,,135.29513549804688,4,False,False,False,True,False,False,False,False,False,False
1061,1061,0.04,0.2,0.52,0.01,0.01,0.0,0.0,0.0,0.0,0.0,0.0,0.0,0,0.0,0,0.0,0.0,0.0,0.0,0.0,0.0,511.0314331054688,31.126670837402344,1,1,4.3,200,0,0.0,362.4668273925781,465.65704345703125,32.05958938598633,76.3223876953125,258.15,100.0,0,False,False,False,True,False,False,False,False,False,False
1062,1062,0.04,0.2,0.93,0.01,0.01,0.0,0.0,0.0,0.0,0.0,0.0,0.0,0,0.0,0,0.0,0.0,0.0,0.0,0.0,0.0,467.5733947753906,35.57164001464844,1,1,4.3,200,250,14.0,376.0,484.0,32.6,78.8,,135.628173828125,4,False,False,False,True,False,False,False,False,False,False
1063,1063,0.04,0.2,0.93,0.01,0.01,0.0,0.0,0.0,0.0,0.0,0.0,0.0,0,0.0,0,0.0,0.0,0.0,0.0,0.0,0.0,511.0314331054688,31.126670837402344,1,1,4.3,200,0,0.0,375.0779113769531,476.20794677734375,32.63908767700195,76.8846435546875,246.15,100.0,0,False,False,False,True,False,False,False,False,False,False
1064,1064,0.04,0.24,1.37,0.01,0.01,0.0,0.0,0.0,0.0,0.0,0.0,0.0,0,0.0,0,0.0,0.0,0.0,0.0,0.0,0.0,467.5733947753906,35.57164001464844,1,1,4.3,200,250,14.0,405.0,500.0,31.8,80.6,,132.8806915283203,4,False,False,False,True,False,False,False,False,False,False
1065,1065,0.04,0.24,1.37,0.01,0.01,0.0,0.0,0.0,0.0,0.0,0.0,0.0,0,0.0,0,0.0,0.0,0.0,0.0,0.0,0.0,511.0314331054688,31.126670837402344,1,1,4.3,200,0,0.0,429.5762634277344,522.457763671875,31.343549728393555,76.9386978149414,246.15,100.0,0,False,False,False,True,False,False,False,False,False,False
1066,1066,0.05,0.25,1.73,0.01,0.01,0.0,0.0,0.0,0.0,0.0,0.0,0.0,0,0.0,0,0.0,0.0,0.0,0.0,0.0,0.0,467.5733947753906,35.57164001464844,1,1,4.3,200,250,14.0,437.0,541.0,30.0,78.8,,120.23540496826172,4,False,False,False,True,False,False,False,False,False,False
1067,1067,0.05,0.25,1.73,0.01,0.01,0.0,0.0,0.0,0.0,0.0,0.0,0.0,0,0.0,0,0.0,0.0,0.0,0.0,0.0,0.0,511.0314331054688,31.126670837402344,1,1,4.3,200,0,0.0,465.2061767578125,566.3532104492188,30.2774600982666,75.07880401611328,268.15,100.0,0,False,False,False,True,False,False,False,False,False,False
1068,1068,0.12,0.26,1.34,0.01,0.01,0.07,0.05,0.0,0.0,0.0,0.0,0.0,253,5.0,89,0.0,0.0,180.0,0.0,0.0,0.0,850.0,35.0,1,1,7.9,300,0,0.0,505.0,589.0,22.791444778442383,71.0,,118.69865417480469,3,False,False,False,False,False,False,True,False,False,False
1069,1069,0.13,0.3,1.4,0.01,0.01,0.07,0.06,0.0,0.0,0.0,0.0,0.0,430,0.5,95,0.0,0.0,180.0,0.0,0.0,0.0,850.0,35.0,1,1,7.9,300,0,0.0,530.0,620.0,22.565427780151367,63.0,,115.3913345336914,3,False,False,False,False,False,False,True,False,False,False
1070,1070,0.11,0.26,1.3,0.01,0.02,0.06,0.04,0.0,0.0,0.0,0.0,0.0,236,10.0,83,0.0,0.0,180.0,0.0,0.0,0.0,850.0,35.0,1,1,7.9,300,0,0.0,460.0,584.0,23.67963981628418,65.0,,119.24703979492188,3,False,False,False,False,False,False,True,False,False,False
1071,1071,0.1,0.28,1.46,0.01,0.02,0.08,0.02,0.0,0.0,0.0,0.0,0.0,357,5.0,92,0.0,0.0,160.0,0.0,0.0,0.0,850.0,35.0,1,1,7.9,300,0,0.0,471.0,575.0,22.751001358032227,66.0,,116.68216705322266,3,False,False,False,False,False,False,True,False,False,False
1072,1072,0.12,0.22,1.3,0.01,0.02,0.13,0.05,0.0,0.0,0.0,0.0,0.0,255,0.0,99,0.0,0.0,160.0,0.0,0.0,0.0,850.0,35.0,1,1,7.9,300,0,0.0,473.0,609.0,22.81501579284668,60.0,,117.6209487915039,3,False,False,False,False,False,False,True,False,False,False
1073,1073,0.12,0.26,1.5,0.01,0.01,0.06,0.05,0.01,0.0,0.0,0.0,0.0,455,5.0,100,0.0,0.0,170.0,0.0,0.0,0.0,850.0,35.0,1,1,7.9,300,0,0.0,465.0,571.0,22.441608428955078,70.0,,113.84725189208984,3,False,False,False,False,False,False,True,False,False,False
1074,1074,0.12,0.25,1.35,0.01,0.01,0.08,0.02,0.01,0.0,0.0,0.0,0.0,260,0.0,94,0.0,0.0,170.0,0.0,0.0,0.0,850.0,35.0,1,1,7.9,300,0,0.0,465.0,587.0,24.212108612060547,69.0,,123.2386474609375,3,False,False,False,False,False,False,True,False,False,False
1075,1075,0.1,0.3,1.5,0.02,0.01,0.08,0.03,0.01,0.0,0.0,0.0,0.0,370,0.0,95,0.0,0.0,150.0,0.0,0.0,0.0,850.0,35.0,1,1,7.9,300,0,0.0,423.0,564.0,22.579267501831055,71.0,,113.77699279785156,3,False,False,False,False,False,False,True,False,False,False
1076,1076,0.11,0.23,1.21,0.01,0.01,0.07,0.03,0.17,0.0,0.0,0.0,0.0,218,120.0,101,0.0,16.0,0.0,0.0,0.0,0.0,850.0,35.0,1,1,7.9,300,0,0.0,504.0,589.0,25.107515335083008,69.0,,127.59797668457031,3,False,False,False,False,False,False,True,False,False,False
1077,1077,0.1,0.24,1.39,0.01,0.01,0.07,0.03,0.15,0.0,0.0,0.0,0.0,411,100.0,103,0.0,20.0,190.0,0.0,0.0,0.0,850.0,35.0,1,1,7.9,300,0,0.0,496.0,604.0,22.246774673461914,65.0,,113.15695190429688,3,False,False,False,False,False,False,True,False,False,False
1078,1078,0.12,0.26,1.33,0.01,0.02,0.06,0.03,0.12,0.0,0.0,0.0,0.0,255,120.0,96,0.0,13.0,0.0,0.0,0.0,0.0,850.0,35.0,1,1,7.9,300,0,0.0,508.0,604.0,25.42241859436035,67.0,,125.47352600097656,3,False,False,False,False,False,False,True,False,False,False
1079,1079,0.1,0.26,1.32,0.02,0.01,0.06,0.03,0.12,0.0,0.0,0.0,0.0,362,100.0,101,0.0,22.0,180.0,0.0,0.0,0.0,850.0,35.0,1,1,7.9,300,0,0.0,549.0,629.0,21.723127365112305,60.0,,113.90465545654297,3,False,False,False,False,False,False,True,False,False,False
1080,1080,0.12,0.25,1.26,0.01,0.01,0.06,0.03,0.14,0.0,0.0,0.0,0.0,262,110.0,119,0.0,20.0,160.0,0.0,0.0,0.0,850.0,35.0,1,1,7.9,300,0,0.0,529.0,612.0,22.9306583404541,61.0,,117.65280151367188,3,False,False,False,False,False,False,True,False,False,False
1081,1081,0.1,0.26,1.38,0.01,0.01,0.07,0.03,0.14,0.0,0.0,0.0,0.0,416,120.0,116,0.0,22.0,100.0,0.0,0.0,0.0,850.0,35.0,1,1,7.9,300,0,0.0,460.0,583.0,22.917001724243164,63.0,,113.35684204101562,3,False,False,False,False,False,False,True,False,False,False
1082,1082,0.11,0.25,1.28,0.01,0.01,0.07,0.03,0.15,0.0,0.0,0.0,0.0,253,115.0,107,0.0,21.0,180.0,0.0,0.0,0.0,850.0,35.0,1,1,7.9,300,0,0.0,533.0,615.0,22.95560073852539,62.0,,119.21302032470703,3,False,False,False,False,False,False,True,False,False,False
1083,1083,0.09,0.21,1.39,0.01,0.01,0.06,0.03,0.18,0.0,0.0,0.0,0.0,340,120.0,108,0.0,22.0,190.0,0.0,0.0,0.0,850.0,35.0,1,1,7.9,300,0,0.0,479.0,587.0,22.503366470336914,68.0,,118.6793441772461,3,False,False,False,False,False,False,True,False,False,False
1084,1084,0.04,0.31,0.6,0.01,0.01,0.0,0.0,0.0,0.0,0.0,0.0,0.0,0,0.0,0,0.0,0.0,0.0,0.0,0.0,0.0,170.0,21.0,1,1,1.0,20,0,0.0,450.0,506.0,28.8,77.8,259.15,100.0,4,False,False,False,True,False,False,False,False,False,False
1085,1085,0.04,0.3,1.03,0.01,0.01,0.0,0.0,0.0,0.0,0.0,0.0,0.0,0,0.0,0,0.0,0.0,0.0,0.0,0.0,0.0,170.0,21.0,1,1,1.0,20,0,0.0,495.0,554.0,30.6,77.8,241.15,100.0,4,False,False,False,True,False,False,False,False,False,False
1086,1086,0.05,0.31,1.39,0.01,0.02,0.0,0.0,0.0,0.0,0.0,0.0,0.0,0,0.0,0,0.0,0.0,0.0,0.0,0.0,0.0,170.0,21.0,1,1,1.0,20,0,0.0,542.0,597.0,26.6,75.0,234.15,100.0,4,False,False,False,True,False,False,False,False,False,False
1087,1087,0.05,0.31,1.79,0.01,0.02,0.0,0.0,0.0,0.0,0.0,0.0,0.0,0,0.0,0,0.0,0.0,0.0,0.0,0.0,0.0,170.0,21.0,1,1,1.0,20,0,0.0,604.0,657.0,22.0,71.9,244.15,100.0,4,False,False,False,True,False,False,False,False,False,False
1088,1088,0.04,0.28,0.58,0.01,0.01,0.0,0.0,0.0,0.0,0.0,0.0,0.0,0,0.0,0,0.0,0.0,0.0,0.0,0.0,0.0,170.0,21.0,1,1,1.0,150,0,0.0,411.0,475.0,30.6,79.7,249.15,100.0,4,False,False,False,True,False,False,False,False,False,False
1089,1089,0.05,0.31,1.0,0.01,0.02,0.0,0.0,0.0,0.0,0.0,0.0,0.0,0,0.0,0,0.0,0.0,0.0,0.0,0.0,0.0,170.0,21.0,1,1,1.0,150,0,0.0,454.0,519.0,29.0,78.8,238.15,100.0,4,False,False,False,True,False,False,False,False,False,False
1090,1090,0.05,0.31,1.4,0.01,0.01,0.0,0.0,0.0,0.0,0.0,0.0,0.0,0,0.0,0,0.0,0.0,0.0,0.0,0.0,0.0,170.0,21.0,1,1,1.0,150,0,0.0,486.0,556.0,28.6,77.0,232.15,100.0,4,False,False,False,True,False,False,False,False,False,False
1091,1091,0.05,0.31,1.77,0.01,0.01,0.0,0.0,0.0,0.0,0.0,0.0,0.0,0,0.0,0,0.0,0.0,0.0,0.0,0.0,0.0,170.0,21.0,1,1,1.0,150,0,0.0,525.0,600.0,29.6,77.0,236.15,100.0,4,False,False,False,True,False,False,False,False,False,False
1092,1092,0.04,0.28,0.6,0.01,0.01,0.0,0.0,0.0,0.0,0.0,0.0,0.0,0,0.0,0,0.0,0.0,0.0,0.0,0.0,0.0,170.0,21.0,1,1,1.0,240,0,0.0,390.0,465.0,34.8,80.6,242.15,100.0,4,False,False,False,True,False,False,False,False,False,False
1093,1093,0.04,0.32,1.02,0.01,0.01,0.0,0.0,0.0,0.0,0.0,0.0,0.0,0,0.0,0,0.0,0.0,0.0,0.0,0.0,0.0,170.0,21.0,1,1,1.0,240,0,0.0,427.0,499.0,34.6,80.5,231.15,100.0,4,False,False,False,True,False,False,False,False,False,False
1094,1094,0.05,0.31,1.37,0.01,0.01,0.0,0.0,0.0,0.0,0.0,0.0,0.0,0,0.0,0,0.0,0.0,0.0,0.0,0.0,0.0,170.0,21.0,1,1,1.0,240,0,0.0,448.0,525.0,32.0,78.8,223.15,100.0,4,False,False,False,True,False,False,False,False,False,False
1095,1095,0.05,0.32,1.75,0.01,0.02,0.0,0.0,0.0,0.0,0.0,0.0,0.0,0,0.0,0,0.0,0.0,0.0,0.0,0.0,0.0,170.0,21.0,1,1,1.0,240,0,0.0,501.0,566.0,31.4,77.8,225.15,100.0,4,False,False,False,True,False,False,False,False,False,False
1096,1096,0.04,0.25,0.55,0.01,0.01,0.0,0.0,0.0,0.0,0.0,0.0,0.0,0,0.0,0,0.0,0.0,0.0,0.0,0.0,0.0,170.0,21.0,1,1,1.0,300,0,0.0,371.0,452.0,34.2,79.7,237.15,100.0,4,False,False,False,True,False,False,False,False,False,False
1097,1097,0.04,0.3,0.99,0.01,0.01,0.0,0.0,0.0,0.0,0.0,0.0,0.0,0,0.0,0,0.0,0.0,0.0,0.0,0.0,0.0,170.0,21.0,1,1,1.0,300,0,0.0,410.0,486.0,34.8,80.6,226.15,100.0,4,False,False,False,True,False,False,False,False,False,False
1098,1098,0.05,0.27,1.32,0.01,0.01,0.0,0.0,0.0,0.0,0.0,0.0,0.0,0,0.0,0,0.0,0.0,0.0,0.0,0.0,0.0,170.0,21.0,1,1,1.0,300,0,0.0,431.0,513.0,33.4,78.8,220.15,100.0,4,False,False,False,True,False,False,False,False,False,False
1099,1099,0.05,0.28,1.66,0.01,0.01,0.0,0.0,0.0,0.0,0.0,0.0,0.0,0,0.0,0,0.0,0.0,0.0,0.0,0.0,0.0,170.0,21.0,1,1,1.0,300,0,0.0,446.0,533.0,32.2,80.6,216.15,100.0,4,False,False,False,True,False,False,False,False,False,False
1100,1100,0.12,0.29,1.46,0.02,0.03,0.06,0.06,0.0,0.12,0.09,0.0,0.0,0,50.0,0,180.0,0.0,40.0,50.0,0.0,0.0,650.0,33.0,1,1,3.3,300,0,0.0,570.0,668.1078491210938,29.0,68.0,,114.28750610351562,3,False,False,False,False,False,False,True,False,False,False
1101,1102,0.11,0.45,1.67,0.01,0.02,0.04,0.04,0.0,0.1,0.11,0.0,0.0,0,70.0,0,240.0,0.0,50.0,90.0,0.0,0.0,650.0,33.0,1,1,3.3,300,0,0.0,600.0,658.5223999023438,30.0,68.0,,96.60955810546875,3,False,False,False,False,False,False,True,False,False,False
1102,1104,0.15,0.3,1.57,0.03,0.03,0.07,0.06,0.11,0.12,0.09,0.0,0.0,0,60.0,0,170.0,0.0,60.0,60.0,0.0,0.0,650.0,33.0,1,1,3.3,300,0,0.0,661.0,679.5720825195312,20.0,68.0,,112.91239929199219,3,False,False,False,False,False,False,True,False,False,False
1103,1106,0.14,0.33,1.67,0.02,0.03,0.07,0.07,0.19,0.1,0.01,0.0,0.0,0,80.0,0,160.0,0.0,80.0,70.0,0.0,0.0,650.0,33.0,1,1,3.3,300,0,0.0,690.0,688.7622680664062,15.0,62.0,,108.93315124511719,3,False,False,False,False,False,False,True,False,False,False
1104,1108,0.13,0.3,1.38,0.01,0.03,0.06,0.06,0.0,0.1,0.08,0.0,0.0,0,60.0,0,150.0,0.0,50.0,50.0,0.0,0.0,850.0,38.0,1,1,7.6,300,0,0.0,530.0,648.7830200195312,14.0,60.0,,116.89190673828125,3,False,False,False,False,False,False,True,False,False,False
1105,1110,0.12,0.34,1.67,0.02,0.03,0.05,0.06,0.0,0.12,0.06,0.0,0.0,0,60.0,0,160.0,0.0,50.0,50.0,0.0,0.0,850.0,38.0,1,1,7.6,300,0,0.0,521.0,661.4934692382812,30.0,60.0,,111.35673522949219,3,False,False,False,False,False,False,True,False,False,False
1106,1112,0.13,0.27,1.46,0.01,0.03,0.07,0.06,0.26,0.1,0.1,0.0,0.0,0,60.0,0,150.0,0.0,50.0,50.0,0.0,0.0,850.0,38.0,1,1,7.6,300,0,0.0,641.0,701.0812377929688,32.0,50.0,,115.74288177490234,3,False,False,False,False,False,False,True,False,False,False
1107,1114,0.1,0.28,1.45,0.02,0.04,0.06,0.06,0.24,0.11,0.09,0.0,0.0,0,50.0,0,170.0,0.0,50.0,40.0,0.0,0.0,850.0,38.0,1,1,7.6,300,0,0.0,620.0,669.9449462890625,15.0,55.0,,111.10919189453125,3,False,False,False,False,False,False,True,False,False,False
1108,1116,0.11,0.28,1.39,0.01,0.02,0.06,0.07,0.01,0.03,0.12,0.0,0.0,0,50.0,0,180.0,0.0,50.0,10.0,0.0,0.0,650.0,33.0,1,1,3.3,300,0,0.0,525.0,602.6289672851562,31.0,62.0,,116.04540252685547,3,False,False,False,False,False,False,True,False,False,False
1109,1118,0.1,0.38,1.58,0.01,0.02,0.05,0.05,0.01,0.03,0.12,0.0,0.0,0,60.0,0,180.0,0.0,50.0,10.0,0.0,0.0,650.0,33.0,1,1,3.3,300,0,0.0,540.0,616.1448974609375,30.0,60.0,,114.93016052246094,3,False,False,False,False,False,False,True,False,False,False
1110,1120,0.12,0.3,1.51,0.01,0.01,0.09,0.07,0.27,0.04,0.15,0.0,0.0,0,50.0,0,160.0,0.0,50.0,10.0,0.0,0.0,650.0,33.0,1,1,3.3,300,0,0.0,592.0,723.721435546875,27.0,68.0,,114.82559204101562,3,False,False,False,False,False,False,True,False,False,False
1111,1122,0.1,0.41,1.83,0.01,0.01,0.1,0.08,0.3,0.04,0.16,0.0,0.0,0,70.0,0,190.0,0.0,50.0,11.0,0.0,0.0,650.0,33.0,1,1,3.3,300,0,0.0,610.0,721.0132446289062,35.0,68.0,,112.10009765625,3,False,False,False,False,False,False,True,False,False,False
1112,1124,0.12,0.3,1.4,0.02,0.08,0.14,0.11,0.02,0.0,0.25,0.0,0.0,0,0.0,0,150.0,0.0,50.0,0.0,0.0,0.0,650.0,33.0,1,1,3.3,300,0,0.0,426.0,635.9581909179688,21.0,54.0,,114.84697723388672,3,False,False,False,False,False,False,True,False,False,False
1113,1126,0.08,0.3,1.35,0.01,0.01,0.03,0.03,0.0,0.05,0.04,0.0,0.0,420,50.0,90,230.0,0.0,150.0,0.0,0.0,0.0,650.0,33.0,1,1,3.3,300,0,0.0,500.0,707.0,23.0,55.0,,118.36082458496094,4,False,False,False,False,False,False,True,False,False,False
1114,1127,0.08,0.3,1.35,0.01,0.01,0.03,0.03,0.0,0.05,0.04,0.0,0.0,420,50.0,90,230.0,0.0,150.0,0.0,0.0,0.0,650.0,33.0,1,1,3.3,300,600,0.75,522.0,670.0,26.0,63.0,,118.36991882324219,4,False,False,False,False,False,False,True,False,False,False
1115,1128,0.08,0.28,1.39,0.01,0.02,0.03,0.03,0.17,0.05,0.04,0.0,0.0,340,50.0,54,120.0,0.0,150.0,0.0,0.0,0.0,650.0,33.0,1,1,3.3,300,0,0.0,562.0,694.0,22.0,55.0,,116.51594543457031,4,False,False,False,False,False,False,True,False,False,False
1116,1129,0.08,0.28,1.39,0.01,0.02,0.03,0.03,0.17,0.05,0.04,0.0,0.0,340,50.0,54,120.0,0.0,150.0,0.0,0.0,0.0,650.0,33.0,1,1,3.3,300,600,0.75,642.0,732.0,22.0,58.0,,117.02457427978516,4,False,False,False,False,False,False,True,False,False,False
1117,1130,0.08,0.29,1.33,0.01,0.02,0.03,0.03,0.43,0.05,0.05,0.0,0.0,450,50.0,95,100.0,0.0,150.0,0.0,0.0,0.0,650.0,33.0,1,1,3.3,300,0,0.0,562.0,692.0,21.0,59.0,,118.15901184082031,4,False,False,False,False,False,False,True,False,False,False
1118,1131,0.08,0.29,1.33,0.01,0.02,0.03,0.03,0.43,0.05,0.05,0.0,0.0,450,50.0,95,100.0,0.0,150.0,0.0,0.0,0.0,650.0,33.0,1,1,3.3,300,600,0.75,701.0,766.0,22.0,52.0,,118.26289367675781,4,False,False,False,False,False,False,True,False,False,False
1119,1132,0.16,0.13,1.06,0.03,0.01,0.03,0.02,0.0,0.0,0.05,0.0,0.0,410,50.0,67,120.0,0.0,50.0,0.0,0.0,0.0,650.0,33.0,1,1,3.3,300,0,0.0,355.0,524.0,27.0,50.0,,133.9203338623047,4,False,False,False,False,False,False,True,False,False,False
1120,1133,0.16,0.13,1.06,0.03,0.01,0.03,0.02,0.0,0.0,0.05,0.0,0.0,410,50.0,67,120.0,0.0,50.0,0.0,0.0,0.0,650.0,33.0,1,1,3.3,300,600,0.75,330.0,494.0,27.0,51.0,,135.1715087890625,4,False,False,False,False,False,False,True,False,False,False
1121,1134,0.12,0.26,1.4,0.01,0.01,0.06,0.05,0.01,0.06,0.11,0.0,0.0,420,50.0,138,140.0,0.0,50.0,0.0,0.0,0.0,650.0,33.0,1,1,3.3,300,0,0.0,522.0,689.0,28.0,60.0,,113.20763397216797,4,False,False,False,False,False,False,True,False,False,False
1122,1135,0.12,0.26,1.4,0.01,0.01,0.06,0.05,0.01,0.06,0.11,0.0,0.0,420,50.0,138,140.0,0.0,50.0,0.0,0.0,0.0,650.0,33.0,1,1,3.3,300,600,0.75,581.0,704.0,23.0,60.0,,113.3742904663086,4,False,False,False,False,False,False,True,False,False,False
1123,1136,0.11,0.26,1.44,0.01,0.01,0.07,0.06,0.01,0.1,0.08,0.0,0.0,410,50.0,145,170.0,0.0,50.0,0.0,0.0,0.0,650.0,33.0,1,1,3.3,300,0,0.0,577.0,716.0,26.0,61.0,,111.56658172607422,4,False,False,False,False,False,False,True,False,False,False
1124,1137,0.11,0.26,1.44,0.01,0.01,0.07,0.06,0.01,0.1,0.08,0.0,0.0,410,50.0,145,170.0,0.0,50.0,0.0,0.0,0.0,650.0,33.0,1,1,3.3,300,600,0.75,599.0,701.0,26.0,64.0,,111.49015808105469,4,False,False,False,False,False,False,True,False,False,False
1125,1138,0.16,0.12,1.04,0.03,0.01,0.03,0.02,0.15,0.0,0.04,0.0,0.0,420,50.0,67,90.0,0.0,50.0,0.0,0.0,0.0,650.0,33.0,1,1,3.3,300,0,0.0,405.0,577.0,20.0,32.0,,136.8130645751953,4,False,False,False,False,False,False,True,False,False,False
1126,1139,0.16,0.12,1.04,0.03,0.01,0.03,0.02,0.15,0.0,0.04,0.0,0.0,420,50.0,67,90.0,0.0,50.0,0.0,0.0,0.0,650.0,33.0,1,1,3.3,300,600,0.75,405.0,562.0,26.0,60.0,,138.09231567382812,4,False,False,False,False,False,False,True,False,False,False
1127,1140,0.1,0.35,1.54,0.01,0.02,0.06,0.05,0.18,0.06,0.11,0.0,0.0,420,50.0,138,160.0,0.0,50.0,0.0,0.0,0.0,650.0,33.0,1,1,3.3,300,0,0.0,556.0,704.0,25.0,58.0,,109.90223693847656,4,False,False,False,False,False,False,True,False,False,False
1128,1141,0.1,0.35,1.54,0.01,0.02,0.06,0.05,0.18,0.06,0.11,0.0,0.0,420,50.0,138,160.0,0.0,50.0,0.0,0.0,0.0,650.0,33.0,1,1,3.3,300,600,0.75,593.0,692.0,26.0,65.0,,110.06889343261719,4,False,False,False,False,False,False,True,False,False,False
1129,1142,0.11,0.27,1.47,0.01,0.01,0.07,0.05,0.22,0.1,0.07,0.0,0.0,480,50.0,139,220.0,0.0,50.0,0.0,0.0,0.0,650.0,33.0,1,1,3.3,300,0,0.0,556.0,716.0,25.0,63.0,,108.43635559082031,4,False,False,False,False,False,False,True,False,False,False
1130,1143,0.11,0.27,1.47,0.01,0.01,0.07,0.05,0.22,0.1,0.07,0.0,0.0,480,50.0,139,220.0,0.0,50.0,0.0,0.0,0.0,650.0,33.0,1,1,3.3,300,600,0.75,648.0,735.0,25.0,65.0,,108.3018569946289,4,False,False,False,False,False,False,True,False,False,False
1131,1144,0.16,0.12,1.0,0.03,0.01,0.03,0.02,0.39,0.0,0.04,0.0,0.0,450,50.0,62,120.0,0.0,50.0,0.0,0.0,0.0,650.0,33.0,1,1,3.3,300,0,0.0,599.0,670.0,25.0,55.0,,135.09164428710938,4,False,False,False,False,False,False,True,False,False,False
1132,1145,0.16,0.12,1.0,0.03,0.01,0.03,0.02,0.39,0.0,0.04,0.0,0.0,450,50.0,62,120.0,0.0,50.0,0.0,0.0,0.0,650.0,33.0,1,1,3.3,300,600,0.75,569.0,624.0,22.0,54.0,,137.4634552001953,4,False,False,False,False,False,False,True,False,False,False
1133,1146,0.12,0.33,1.47,0.01,0.01,0.06,0.05,0.39,0.06,0.11,0.0,0.0,400,50.0,136,150.0,0.0,50.0,0.0,0.0,0.0,650.0,33.0,1,1,3.3,300,0,0.0,574.0,744.0,24.0,55.0,,110.0916976928711,4,False,False,False,False,False,False,True,False,False,False
1134,1147,0.12,0.33,1.47,0.01,0.01,0.06,0.05,0.39,0.06,0.11,0.0,0.0,400,50.0,136,150.0,0.0,50.0,0.0,0.0,0.0,650.0,33.0,1,1,3.3,300,600,0.75,613.0,747.0,24.0,64.0,,110.01527404785156,4,False,False,False,False,False,False,True,False,False,False
1135,1148,0.11,0.25,1.33,0.01,0.01,0.07,0.05,0.44,0.1,0.07,0.0,0.0,440,50.0,145,180.0,0.0,50.0,0.0,0.0,0.0,650.0,33.0,1,1,3.3,300,0,0.0,559.0,735.0,25.0,62.0,,112.36930847167969,4,False,False,False,False,False,False,True,False,False,False
1136,1149,0.11,0.25,1.33,0.01,0.01,0.07,0.05,0.44,0.1,0.07,0.0,0.0,440,50.0,145,180.0,0.0,50.0,0.0,0.0,0.0,650.0,33.0,1,1,3.3,300,600,0.75,662.0,740.0,24.0,60.0,,113.32034301757812,4,False,False,False,False,False,False,True,False,False,False
1137,1150,0.11,0.38,1.5,0.03,0.0,0.0,0.0,0.0,0.0,0.0,0.0,0.0,0,0.0,0,0.0,0.0,0.0,0.0,0.0,0.0,650.0,33.0,1,1,3.3,300,600,0.75,524.0,596.0,29.0,64.0,,121.8537368774414,4,False,False,False,False,False,False,True,False,False,False
1138,1151,0.11,0.37,1.52,0.03,0.0,0.0,0.0,0.0,0.05,0.0,0.0,0.0,0,0.0,0,0.0,0.0,0.0,0.0,0.0,0.0,650.0,33.0,1,1,3.3,300,600,0.75,571.0,644.0,30.676450729370117,71.2757339477539,,120.1915054321289,2,False,False,False,False,False,False,True,False,False,False
1139,1152,0.11,0.38,1.55,0.03,0.0,0.0,0.0,0.0,0.09,0.0,0.0,0.0,0,0.0,0,0.0,0.0,0.0,0.0,0.0,0.0,650.0,33.0,1,1,3.3,300,600,0.75,631.0,689.0,30.498769760131836,71.33380889892578,,120.01753234863281,2,False,False,False,False,False,False,True,False,False,False
1140,1153,0.14,0.38,1.65,0.03,0.0,0.0,0.0,0.5,0.0,0.0,0.0,0.0,0,0.0,0,0.0,0.0,0.0,0.0,0.0,0.0,650.0,33.0,1,1,3.3,300,600,0.75,644.0,714.0,34.0,63.0,,119.27388000488281,4,False,False,False,False,False,False,True,False,False,False
1141,1154,0.1,0.38,1.58,0.03,0.0,0.0,0.0,0.5,0.06,0.0,0.0,0.0,0,0.0,0,0.0,0.0,0.0,0.0,0.0,0.0,650.0,33.0,1,1,3.3,300,600,0.75,663.0,718.0,31.460498809814453,65.64764404296875,,121.924560546875,2,False,False,False,False,False,False,True,False,False,False
1142,1155,0.1,0.39,1.68,0.03,0.0,0.0,0.0,0.5,0.08,0.0,0.0,0.0,0,0.0,0,0.0,0.0,0.0,0.0,0.0,0.0,650.0,33.0,1,1,3.3,300,600,0.75,669.0,735.0,31.55044937133789,64.85920715332031,,121.43098449707031,2,False,False,False,False,False,False,True,False,False,False
1143,1156,0.12,0.3,1.4,0.02,0.02,0.14,0.11,0.02,0.0,0.25,0.0,0.0,210,0.0,50,150.0,0.0,50.0,0.0,0.0,0.0,650.0,33.0,1,1,3.3,300,0,0.0,426.0,652.0,21.0,54.0,,112.8700180053711,4,False,False,False,False,False,False,True,False,False,False
1144,1157,0.11,0.35,1.42,0.01,0.02,0.07,0.08,0.02,0.0,0.17,0.0,0.0,260,0.0,80,180.0,0.0,230.0,0.0,0.0,0.0,650.0,33.0,1,1,3.3,300,0,0.0,493.0,649.0,25.0,60.0,,112.67913818359375,4,False,False,False,False,False,False,True,False,False,False
1145,1158,0.11,0.33,1.41,0.02,0.02,0.06,0.08,0.02,0.0,0.19,0.0,0.0,0,0.0,0,240.0,0.0,180.0,0.0,0.0,0.0,450.0,30.0,1,1,1.9,300,0,0.0,420.0,560.0,25.0,59.17717361450195,,116.56936645507812,3,False,False,False,False,False,False,True,False,False,False
1146,1159,0.11,0.31,1.37,0.01,0.02,0.09,0.06,0.02,0.0,0.18,0.0,0.0,0,0.0,0,220.0,0.0,120.0,0.0,0.0,0.0,650.0,33.0,1,1,3.3,300,0,0.0,488.0,618.0,26.0,60.0,,114.89759826660156,4,False,False,False,False,False,False,True,False,False,False
1147,1160,0.15,0.31,1.23,0.02,0.02,0.06,0.06,0.02,0.0,0.15,0.0,0.0,0,0.0,0,250.0,0.0,200.0,0.0,0.0,0.0,850.0,38.0,1,1,7.6,300,0,0.0,432.0,598.0,16.0,40.0,,115.81249237060547,4,False,False,False,False,False,False,True,False,False,False
1148,1161,0.08,0.36,1.6,0.02,0.02,0.06,0.08,0.02,0.0,0.18,0.0,0.0,0,0.0,0,300.0,0.0,170.0,0.0,0.0,0.0,450.0,30.0,1,1,1.9,300,0,0.0,457.0,556.0,25.0,60.0,,113.9278335571289,4,False,False,False,False,False,False,True,False,False,False
1149,1162,0.09,0.4,1.6,0.02,0.02,0.04,0.06,0.02,0.0,0.11,0.0,0.0,400,0.0,80,270.0,0.0,150.0,0.0,0.0,0.0,650.0,33.0,1,1,3.3,300,0,0.0,507.0,647.0,22.0,60.0,,109.96061706542969,4,False,False,False,False,False,False,True,False,False,False
1150,1163,0.1,0.38,1.5,0.02,0.02,0.06,0.06,0.02,0.0,0.14,0.0,0.0,0,0.0,0,310.0,0.0,200.0,0.0,0.0,0.0,850.0,38.0,1,1,7.6,300,0,0.0,452.0,581.0,18.0,50.0,,110.4334945678711,4,False,False,False,False,False,False,True,False,False,False
1151,1164,0.12,0.29,1.5,0.01,0.02,0.08,0.08,0.3,0.0,0.19,0.0,0.0,0,0.0,0,190.0,0.0,100.0,0.0,0.0,0.0,650.0,33.0,1,1,3.3,300,0,0.0,544.0,717.0,21.0,60.0,,114.33238220214844,4,False,False,False,False,False,False,True,False,False,False
1152,1165,0.09,0.46,1.81,0.02,0.02,0.1,0.08,0.28,0.0,0.21,0.0,0.0,340,0.0,100,260.0,0.0,140.0,0.0,0.0,0.0,650.0,33.0,1,1,3.3,300,0,0.0,620.0,712.0,22.0,58.0,,90.72993469238281,4,False,False,False,False,False,False,True,False,False,False
1153,1166,0.08,0.45,0.96,0.01,0.02,0.21,9.1,0.96,0.19,0.03,0.02,0.0,540,96.66,540,97.01,0.0,900.0,0.0,0.0,0.0,181.0,23.0,1,1,1.3,181,0,0.0,708.1819458007812,813.377685546875,16.579830169677734,58.891448974609375,,83.29617309570312,0,False,False,False,True,False,False,False,False,False,False
1154,1167,0.1,0.54,0.66,0.01,0.01,0.31,9.0,0.82,0.23,0.02,0.01,0.0,510,58.02,180,96.53,0.0,170.0,0.0,0.0,0.0,181.0,22.0,1,1,1.0,173,0,0.0,728.5814819335938,817.5083618164062,15.916973114013672,61.172386169433594,,80.73383331298828,0,False,False,False,True,False,False,False,False,False,False
1155,1168,0.09,0.46,0.99,0.01,0.02,0.22,9.5,0.96,0.19,0.03,0.01,0.0,530,91.58,450,64.53,0.0,100.0,0.0,0.0,0.0,201.0,22.0,1,1,1.4,183,0,0.0,716.3360595703125,838.5288696289062,16.077787399291992,58.77030563354492,,78.37775421142578,0,False,False,False,True,False,False,False,False,False,False
1156,1169,0.09,0.37,1.03,0.0,0.01,0.05,8.8,1.03,0.25,0.01,0.01,0.0,470,92.32,370,95.97,0.0,800.0,0.0,0.0,0.0,180.0,23.0,1,1,1.3,194,0,0.0,701.0739135742188,819.7766723632812,16.55483627319336,60.47523880004883,,89.70496368408203,0,False,False,False,True,False,False,False,False,False,False
1157,1170,0.09,0.37,1.03,0.0,0.01,0.05,8.8,1.03,0.25,0.01,0.01,0.0,470,99.83,370,98.1,0.0,800.0,0.0,0.0,0.0,180.0,23.0,1,1,1.3,172,720,2.0,678.5070190429688,764.0549926757812,17.519670486450195,62.627811431884766,,90.51007080078125,0,False,False,False,True,False,False,False,False,False,False
1158,1171,0.09,0.37,1.03,0.0,0.01,0.05,8.8,1.03,0.25,0.01,0.01,0.0,470,90.96,370,60.08,0.0,800.0,0.0,0.0,0.0,180.0,23.0,1,1,1.3,172,720,8.0,645.7980346679688,763.0180053710938,17.477893829345703,63.85923385620117,,90.76466369628906,0,False,False,False,True,False,False,False,False,False,False
1159,1172,0.09,0.37,1.03,0.0,0.01,0.05,8.8,1.03,0.25,0.01,0.01,0.0,470,92.99,370,93.91,0.0,800.0,0.0,0.0,0.0,180.0,23.0,1,1,1.3,194,740,2.0,684.6160278320312,764.005859375,17.551998138427734,62.39661407470703,,90.29507446289062,0,False,False,False,True,False,False,False,False,False,False
1160,1173,0.09,0.37,1.03,0.0,0.01,0.05,8.8,1.03,0.25,0.01,0.01,0.0,470,92.18,370,94.3,0.0,800.0,0.0,0.0,0.0,180.0,23.0,1,1,1.3,184,740,8.0,647.7466430664062,762.9688720703125,17.53774642944336,62.30998611450195,,91.07987213134766,0,False,False,False,True,False,False,False,False,False,False
1161,1174,0.09,0.37,1.03,0.0,0.01,0.05,8.8,1.03,0.25,0.01,0.01,0.0,470,95.95,370,99.64,0.0,800.0,0.0,0.0,0.0,180.0,23.0,1,1,1.3,169,760,2.0,688.3211669921875,764.1080322265625,17.485960006713867,62.627811431884766,,91.03893280029297,0,False,False,False,True,False,False,False,False,False,False
1162,1175,0.09,0.37,1.03,0.0,0.01,0.05,8.8,1.03,0.25,0.01,0.01,0.0,470,97.87,370,98.11,0.0,800.0,0.0,0.0,0.0,180.0,23.0,1,1,1.3,181,760,8.0,662.3141479492188,762.9688720703125,17.486345291137695,62.443965911865234,,91.82373046875,0,False,False,False,True,False,False,False,False,False,False
1163,1176,0.06,0.34,1.08,0.01,0.01,0.69,9.0,1.03,0.29,0.02,0.01,0.0,480,97.89,110,97.74,0.0,95.65,0.0,0.0,0.0,116.0,23.0,1,1,1.3,169,0,0.0,725.2802734375,809.6824951171875,17.489879608154297,62.053096771240234,,90.68330383300781,0,False,False,False,True,False,False,False,False,False,False
1164,1177,0.06,0.34,1.08,0.01,0.01,0.69,9.0,1.03,0.29,0.02,0.01,0.0,480,92.95,110,97.75,0.0,96.52,0.0,0.0,0.0,116.0,23.0,1,1,1.3,169,720,2.0,701.7078247070312,754.2350463867188,18.701560974121094,65.24515533447266,,90.13801574707031,0,False,False,False,True,False,False,False,False,False,False
1165,1178,0.06,0.34,1.08,0.01,0.01,0.69,9.0,1.03,0.29,0.02,0.01,0.0,480,49.59,110,51.48,0.0,92.63,0.0,0.0,0.0,116.0,23.0,1,1,1.3,178,720,8.0,681.4971923828125,758.7617797851562,18.396617889404297,66.20464324951172,,91.61274719238281,0,False,False,False,True,False,False,False,False,False,False
1166,1179,0.06,0.34,1.08,0.01,0.01,0.69,9.0,1.03,0.29,0.02,0.01,0.0,480,52.56,110,61.77,0.0,94.89,0.0,0.0,0.0,116.0,23.0,1,1,1.3,151,740,2.0,709.5343017578125,755.0556640625,18.504953384399414,66.76255798339844,,89.53166198730469,0,False,False,False,True,False,False,False,False,False,False
1167,1180,0.06,0.34,1.08,0.01,0.01,0.69,9.0,1.03,0.29,0.02,0.01,0.0,480,99.97,110,97.7,0.0,99.04,0.0,0.0,0.0,116.0,23.0,1,1,1.3,153,740,8.0,684.9913940429688,754.2427368164062,18.636831283569336,64.87689971923828,,90.42350769042969,0,False,False,False,True,False,False,False,False,False,False
1168,1181,0.06,0.34,1.08,0.01,0.01,0.69,9.0,1.03,0.29,0.02,0.01,0.0,480,94.34,110,63.44,0.0,97.24,0.0,0.0,0.0,116.0,23.0,1,1,1.3,167,760,2.0,720.2367553710938,754.2350463867188,18.57728385925293,66.52510070800781,,90.35166931152344,0,False,False,False,True,False,False,False,False,False,False
1169,1182,0.06,0.34,1.08,0.01,0.01,0.69,9.0,1.03,0.29,0.02,0.01,0.0,480,97.23,110,92.43,0.0,56.22,0.0,0.0,0.0,116.0,23.0,1,1,1.3,162,760,8.0,695.5927124023438,753.2901000976562,18.73273468017578,66.30015563964844,,91.85588836669922,0,False,False,False,True,False,False,False,False,False,False
1170,1183,0.07,0.23,1.0,0.0,0.01,0.58,8.3,0.93,0.24,0.01,0.01,0.0,460,99.71,250,90.6,0.0,340.0,0.0,0.0,0.0,116.0,23.0,1,1,1.3,178,0,0.0,719.5451049804688,793.46533203125,17.63042640686035,62.40377426147461,,85.79405212402344,0,False,False,False,True,False,False,False,False,False,False
1171,1184,0.07,0.23,1.0,0.0,0.01,0.58,8.3,0.93,0.24,0.01,0.01,0.0,460,93.51,250,95.43,0.0,340.0,0.0,0.0,0.0,116.0,23.0,1,1,1.3,163,720,2.0,701.1666259765625,751.1267700195312,18.14316749572754,63.80110549926758,,85.70576477050781,0,False,False,False,True,False,False,False,False,False,False
1172,1185,0.07,0.23,1.0,0.0,0.01,0.58,8.3,0.93,0.24,0.01,0.01,0.0,460,91.62,250,98.34,0.0,340.0,0.0,0.0,0.0,116.0,23.0,1,1,1.3,157,720,8.0,676.14794921875,751.6572265625,18.174177169799805,63.175899505615234,,87.57209014892578,0,False,False,False,True,False,False,False,False,False,False
1173,1186,0.07,0.23,1.0,0.0,0.01,0.58,8.3,0.93,0.24,0.01,0.01,0.0,460,42.76,250,94.75,0.0,340.0,0.0,0.0,0.0,116.0,23.0,1,1,1.3,193,740,2.0,713.2874145507812,752.7988891601562,18.211835861206055,63.233154296875,,85.71861267089844,0,False,False,False,True,False,False,False,False,False,False
1174,1187,0.07,0.23,1.0,0.0,0.01,0.58,8.3,0.93,0.24,0.01,0.01,0.0,460,97.93,250,96.76,0.0,340.0,0.0,0.0,0.0,116.0,23.0,1,1,1.3,172,740,8.0,683.047607421875,751.8663940429688,18.12277603149414,63.08760070800781,,87.57209014892578,0,False,False,False,True,False,False,False,False,False,False
1175,1188,0.07,0.23,1.0,0.0,0.01,0.58,8.3,0.93,0.24,0.01,0.01,0.0,460,98.4,250,99.99,0.0,340.0,0.0,0.0,0.0,116.0,23.0,1,1,1.3,175,760,2.0,718.271728515625,751.3359375,18.122772216796875,63.09697341918945,,86.44962310791016,0,False,False,False,True,False,False,False,False,False,False
1176,1189,0.07,0.23,1.0,0.0,0.01,0.58,8.3,0.93,0.24,0.01,0.01,0.0,460,99.9,250,90.97,0.0,340.0,0.0,0.0,0.0,116.0,23.0,1,1,1.3,157,760,8.0,696.1024780273438,751.6572265625,18.12277603149414,63.826454162597656,,87.91122436523438,0,False,False,False,True,False,False,False,False,False,False
1177,1190,0.11,0.51,1.1,0.01,0.01,0.08,8.9,1.0,0.18,0.03,0.01,0.0,500,92.38,400,92.46,0.0,900.0,0.0,0.0,0.0,115.0,23.0,1,1,1.0,168,0,0.0,704.943603515625,838.7708740234375,16.151065826416016,60.821754455566406,,79.06344604492188,0,False,False,False,True,False,False,False,False,False,False
1178,1191,0.11,0.51,1.1,0.01,0.01,0.08,8.9,1.0,0.18,0.03,0.01,0.0,500,92.46,400,52.69,0.0,900.0,0.0,0.0,0.0,115.0,23.0,1,1,1.0,176,720,2.0,688.4612426757812,785.3629150390625,16.427410125732422,62.96733474731445,,78.77629089355469,0,False,False,False,True,False,False,False,False,False,False
1179,1192,0.11,0.51,1.1,0.01,0.01,0.08,8.9,1.0,0.18,0.03,0.01,0.0,500,96.13,400,95.04,0.0,900.0,0.0,0.0,0.0,115.0,23.0,1,1,1.0,160,720,8.0,651.3653564453125,782.5856323242188,16.25895881652832,62.5980110168457,,80.35575866699219,0,False,False,False,True,False,False,False,False,False,False
1180,1193,0.11,0.51,1.1,0.01,0.01,0.08,8.9,1.0,0.18,0.03,0.01,0.0,500,97.3,400,96.53,0.0,900.0,0.0,0.0,0.0,115.0,23.0,1,1,1.0,179,740,2.0,688.293701171875,784.9411010742188,16.587738037109375,62.73648452758789,,79.23359680175781,0,False,False,False,True,False,False,False,False,False,False
1181,1194,0.11,0.51,1.1,0.01,0.01,0.08,8.9,1.0,0.18,0.03,0.01,0.0,500,99.49,400,97.45,0.0,900.0,0.0,0.0,0.0,115.0,23.0,1,1,1.0,167,740,8.0,645.6898193359375,782.5856323242188,16.25895881652832,62.80542755126953,,80.57075500488281,0,False,False,False,True,False,False,False,False,False,False
1182,1195,0.11,0.51,1.1,0.01,0.01,0.08,8.9,1.0,0.18,0.03,0.01,0.0,500,98.24,400,96.51,0.0,900.0,0.0,0.0,0.0,115.0,23.0,1,1,1.0,171,760,2.0,703.0120849609375,785.3629150390625,16.421937942504883,62.626285552978516,,79.23297882080078,0,False,False,False,True,False,False,False,False,False,False
1183,1196,0.11,0.51,1.1,0.01,0.01,0.08,8.9,1.0,0.18,0.03,0.01,0.0,500,95.06,400,53.72,0.0,900.0,0.0,0.0,0.0,115.0,23.0,1,1,1.0,167,760,8.0,671.3436889648438,782.5856323242188,16.26514434814453,62.96308898925781,,80.32782745361328,0,False,False,False,True,False,False,False,False,False,False
1184,1197,0.06,0.32,1.23,0.0,0.0,1.01,8.4,0.89,0.22,0.01,0.01,0.0,380,52.11,80,99.54,0.0,300.0,0.0,0.0,0.0,163.0,25.0,1,1,1.2,198,0,0.0,739.9195556640625,823.3287353515625,18.547361373901367,60.93315124511719,,83.59806823730469,0,False,False,False,True,False,False,False,False,False,False
1185,1198,0.06,0.32,1.23,0.0,0.0,1.01,8.4,0.89,0.22,0.01,0.01,0.0,380,94.64,80,55.04,0.0,300.0,0.0,0.0,0.0,163.0,25.0,1,1,1.2,174,720,2.0,713.111572265625,765.3925170898438,19.54319953918457,64.86949157714844,,82.59046936035156,0,False,False,False,True,False,False,False,False,False,False
1186,1199,0.06,0.32,1.23,0.0,0.0,1.01,8.4,0.89,0.22,0.01,0.01,0.0,380,94.97,80,99.19,0.0,300.0,0.0,0.0,0.0,163.0,25.0,1,1,1.2,161,720,8.0,685.3986206054688,764.3048706054688,19.737667083740234,63.569313049316406,,84.86548614501953,0,False,False,False,True,False,False,False,False,False,False
1187,1200,0.06,0.32,1.23,0.0,0.0,1.01,8.4,0.89,0.22,0.01,0.01,0.0,380,92.38,80,97.48,0.0,300.0,0.0,0.0,0.0,163.0,25.0,1,1,1.2,185,740,2.0,715.2974243164062,764.5280151367188,19.661252975463867,63.442230224609375,,82.38506317138672,0,False,False,False,True,False,False,False,False,False,False
1188,1201,0.06,0.32,1.23,0.0,0.0,1.01,8.4,0.89,0.22,0.01,0.01,0.0,380,98.69,80,96.11,0.0,300.0,0.0,0.0,0.0,163.0,25.0,1,1,1.2,159,740,8.0,690.5604858398438,764.3048706054688,19.731481552124023,63.569313049316406,,84.86548614501953,0,False,False,False,True,False,False,False,False,False,False
1189,1202,0.06,0.32,1.23,0.0,0.0,1.01,8.4,0.89,0.22,0.01,0.01,0.0,380,93.94,80,97.04,0.0,300.0,0.0,0.0,0.0,163.0,25.0,1,1,1.2,177,760,2.0,727.3192138671875,764.9181518554688,19.677005767822266,63.442230224609375,,82.69954681396484,0,False,False,False,True,False,False,False,False,False,False
1190,1203,0.06,0.32,1.23,0.0,0.0,1.01,8.4,0.89,0.22,0.01,0.01,0.0,380,96.57,80,51.33,0.0,300.0,0.0,0.0,0.0,163.0,25.0,1,1,1.2,150,760,8.0,703.254150390625,764.4713745117188,19.772565841674805,64.72362518310547,,84.20579528808594,0,False,False,False,True,False,False,False,False,False,False
1191,1204,0.1,0.43,0.96,0.0,0.01,0.17,8.6,0.97,0.22,0.02,0.0,0.0,360,0.01,430,0.01,0.0,200.0,0.0,0.0,0.0,145.0,20.0,1,1,1.0,200,750,2.0,701.2056274414062,766.2893676757812,17.68429946899414,65.18213653564453,,58.33051681518555,0,False,False,False,True,False,False,False,False,False,False
1192,1205,0.1,0.43,0.96,0.0,0.01,0.17,8.6,0.97,0.22,0.02,0.0,0.0,360,0.01,430,0.01,0.0,200.0,0.0,0.0,0.0,145.0,20.0,1,1,1.0,200,750,2.0,698.2100219726562,767.1878662109375,17.802894592285156,65.67771911621094,253.15,8.0,0,False,False,False,True,False,False,False,False,False,False
1193,1206,0.1,0.43,0.96,0.0,0.01,0.17,8.6,0.97,0.22,0.02,0.0,0.0,360,0.01,430,0.01,0.0,200.0,0.0,0.0,0.0,145.0,20.0,1,1,1.0,200,750,2.0,696.4547729492188,765.7684936523438,17.658123016357422,65.51604461669922,293.15,23.0,0,False,False,False,True,False,False,False,False,False,False
1194,1207,0.1,0.43,0.96,0.0,0.01,0.17,8.6,0.97,0.22,0.02,0.0,0.0,360,0.01,430,0.01,0.0,200.0,0.0,0.0,0.0,145.0,20.0,1,1,1.0,200,750,2.0,696.4547729492188,765.7684936523438,17.644811630249023,65.10140991210938,313.15,44.0,0,False,False,False,True,False,False,False,False,False,False
1195,1208,0.1,0.4,0.98,0.0,0.01,0.17,8.7,0.98,0.22,0.03,0.01,0.0,410,0.01,420,0.01,0.0,300.0,0.0,0.0,0.0,145.0,21.0,1,1,1.2,200,750,2.0,695.8751831054688,764.5440673828125,18.234182357788086,65.2048110961914,,64.36102294921875,0,False,False,False,True,False,False,False,False,False,False
1196,1209,0.1,0.4,0.98,0.0,0.01,0.17,8.7,0.98,0.22,0.03,0.01,0.0,410,0.01,420,0.01,0.0,300.0,0.0,0.0,0.0,145.0,21.0,1,1,1.2,200,750,2.0,692.982666015625,765.4425659179688,18.3527774810791,65.6803207397461,253.15,8.0,0,False,False,False,True,False,False,False,False,False,False
1197,1210,0.1,0.4,0.98,0.0,0.01,0.17,8.7,0.98,0.22,0.03,0.01,0.0,410,0.01,420,0.01,0.0,300.0,0.0,0.0,0.0,145.0,21.0,1,1,1.2,200,750,2.0,690.9713134765625,764.023193359375,18.208005905151367,65.55260467529297,293.15,27.0,0,False,False,False,True,False,False,False,False,False,False
1198,1211,0.1,0.4,0.98,0.0,0.01,0.17,8.7,0.98,0.22,0.03,0.01,0.0,410,0.0,420,0.01,0.0,300.0,0.0,0.0,0.0,145.0,21.0,1,1,1.2,200,750,2.0,690.9713134765625,764.023193359375,18.19469451904297,65.13797760009766,313.15,52.0,0,False,False,False,True,False,False,False,False,False,False
1199,1212,0.1,0.42,0.96,0.0,0.01,0.17,8.8,1.01,0.21,0.02,0.0,0.0,400,0.01,430,0.01,0.0,900.0,0.0,0.0,0.0,143.0,21.0,1,1,1.1,200,760,8.0,687.8857421875,776.8260498046875,17.137226104736328,63.39252471923828,,80.5739517211914,0,False,False,False,True,False,False,False,False,False,False
1200,1213,0.1,0.42,0.96,0.0,0.01,0.17,8.8,1.01,0.21,0.02,0.0,0.0,400,0.01,430,0.01,0.0,900.0,0.0,0.0,0.0,143.0,21.0,1,1,1.1,200,760,8.0,683.839111328125,777.7996826171875,17.273845672607422,63.73509979248047,253.15,10.0,0,False,False,False,True,False,False,False,False,False,False
1201,1214,0.1,0.42,0.96,0.0,0.01,0.17,8.8,1.01,0.21,0.02,0.0,0.0,400,0.01,430,0.0,0.0,900.0,0.0,0.0,0.0,143.0,21.0,1,1,1.1,200,760,8.0,684.0474243164062,776.5538940429688,17.11104965209961,63.731956481933594,293.15,44.0,0,False,False,False,True,False,False,False,False,False,False
1202,1215,0.1,0.42,0.96,0.0,0.01,0.17,8.8,1.01,0.21,0.02,0.0,0.0,400,0.01,430,0.01,0.0,900.0,0.0,0.0,0.0,143.0,21.0,1,1,1.1,200,760,8.0,684.0474243164062,776.5538940429688,17.09773826599121,63.4206657409668,313.15,83.0,0,False,False,False,True,False,False,False,False,False,False
1203,1216,0.1,0.42,0.91,0.0,0.01,0.17,8.9,0.98,0.21,0.03,0.01,0.0,390,0.01,410,0.01,0.0,900.0,0.0,0.0,0.0,146.0,22.0,1,1,1.1,200,760,8.0,697.7070922851562,778.099609375,17.4990234375,61.23965835571289,,80.19215393066406,0,False,False,False,True,False,False,False,False,False,False
1204,1217,0.1,0.42,0.91,0.0,0.01,0.17,8.9,0.98,0.21,0.03,0.01,0.0,390,0.01,410,0.01,0.0,900.0,0.0,0.0,0.0,146.0,22.0,1,1,1.1,200,760,8.0,693.6604614257812,779.0732421875,17.609943389892578,61.72673416137695,253.15,10.0,0,False,False,False,True,False,False,False,False,False,False
1205,1218,0.1,0.42,0.91,0.0,0.01,0.17,8.9,0.98,0.21,0.03,0.01,0.0,390,0.01,410,0.01,0.0,900.0,0.0,0.0,0.0,146.0,22.0,1,1,1.1,200,760,8.0,693.8687744140625,777.8274536132812,17.447147369384766,61.658451080322266,293.15,44.0,0,False,False,False,True,False,False,False,False,False,False
1206,1219,0.1,0.42,0.91,0.0,0.01,0.17,8.9,0.98,0.21,0.03,0.01,0.0,390,0.01,410,0.0,0.0,900.0,0.0,0.0,0.0,146.0,22.0,1,1,1.1,200,760,8.0,693.8687744140625,777.8274536132812,17.433835983276367,60.678627014160156,313.15,83.0,0,False,False,False,True,False,False,False,False,False,False
1207,1220,0.1,0.27,0.6,0.0,0.01,0.13,8.75,1.02,0.2,0.09,0.02,0.04,0,20.0,390,160.0,9.52,0.0,30.0,40.0,0.0,400.0,31.5,0,1,1.4,177,746,4.0,650.0,747.0,19.0,63.0,,99.86479949951172,4,False,False,False,False,False,False,False,True,False,False
1208,1221,0.1,0.27,0.6,0.0,0.01,0.13,8.75,1.02,0.2,0.09,0.02,0.1,0,20.0,390,160.0,9.55,0.0,30.0,40.0,0.0,400.0,31.5,0,1,1.4,177,746,4.0,625.0,734.0,22.0,63.0,,99.86479949951172,4,False,False,False,False,False,False,False,True,False,False
1209,1222,0.11,0.27,0.6,0.0,0.01,0.14,8.77,1.01,0.2,0.1,0.02,0.1,0,20.0,370,0.01,9.24,0.0,40.0,50.0,0.0,400.0,31.5,0,1,1.4,177,746,4.0,626.0,727.0,23.0,69.0,,96.31793975830078,4,False,False,False,False,False,False,False,True,False,False
1210,1223,0.11,0.27,0.6,0.0,0.01,0.14,8.77,1.01,0.2,0.1,0.02,0.09,0,20.0,370,0.01,5.11,0.0,40.0,50.0,0.0,400.0,31.5,0,1,1.4,177,746,4.0,629.0,735.0,21.0,68.0,,95.97081756591797,4,False,False,False,False,False,False,False,True,False,False
1211,1224,0.09,0.34,0.48,0.0,0.01,0.08,8.6,0.98,0.22,0.05,0.02,0.06,0,20.0,260,0.0,6.35,0.0,30.0,50.0,0.0,390.0,11.5,1,1,1.9,177,746,4.0,647.0,747.0,20.0,68.0,,95.42546844482422,4,False,False,True,False,False,False,False,False,False,False
1212,1225,0.09,0.34,0.48,0.0,0.01,0.08,8.6,0.98,0.22,0.05,0.02,0.06,0,20.0,260,0.0,9.38,0.0,30.0,50.0,0.0,390.0,11.5,1,1,1.9,177,746,4.0,661.0,756.0,24.0,73.0,,95.42546844482422,4,False,False,True,False,False,False,False,False,False,False
1213,1226,0.08,0.34,0.49,0.0,0.01,0.08,8.57,0.98,0.22,0.05,0.02,0.09,0,20.0,240,0.0,9.73,0.0,30.0,60.0,0.0,300.0,12.5,1,1,1.4,177,746,1.0,682.0,783.0,26.0,74.0,,89.61907958984375,4,False,False,True,False,False,False,False,False,False,False
1214,1227,0.08,0.34,0.49,0.0,0.01,0.08,8.57,0.98,0.22,0.05,0.02,0.06,0,20.0,240,0.0,9.48,0.0,30.0,60.0,0.0,300.0,12.5,1,1,1.4,177,746,1.0,728.0,817.0,21.0,73.0,,89.71946716308594,4,False,False,True,False,False,False,False,False,False,False
1215,1228,0.11,0.3,0.44,0.0,0.01,0.08,8.58,1.0,0.22,0.05,0.02,0.1,0,20.0,340,0.0,9.8,0.0,20.0,50.0,0.0,275.0,28.5,1,1,1.2,177,746,4.0,605.0,726.0,20.0,68.0,,100.18681335449219,4,False,True,False,False,False,False,False,False,False,False
1216,1229,0.11,0.3,0.44,0.0,0.01,0.08,8.58,1.0,0.22,0.05,0.02,0.09,0,20.0,340,0.0,9.58,0.0,20.0,50.0,0.0,275.0,28.5,1,1,1.2,177,746,4.0,603.0,726.0,20.0,66.0,,100.18681335449219,4,False,True,False,False,False,False,False,False,False,False
1217,1230,0.12,0.24,0.53,0.0,0.01,0.13,8.61,1.03,0.2,0.09,0.02,0.1,0,20.0,430,0.01,5.64,0.0,30.0,50.0,0.0,285.0,28.5,1,1,1.3,177,746,4.0,654.0,767.0,20.0,62.0,,110.23908996582031,4,False,True,False,False,False,False,False,False,False,False
1218,1231,0.12,0.24,0.53,0.0,0.01,0.13,8.61,1.03,0.2,0.09,0.02,0.06,0,20.0,430,0.01,9.53,0.0,30.0,50.0,0.0,285.0,28.5,1,1,1.3,177,746,4.0,661.0,772.0,19.0,62.0,,110.13054656982422,4,False,True,False,False,False,False,False,False,False,False
1219,1232,0.1,0.22,0.55,0.01,0.01,0.21,2.68,1.05,0.0,0.0,0.0,0.0,260,0.0,0,200.0,0.0,0.0,0.0,0.0,0.0,500.0,32.0,1,1,2.0,250,690,10.0,492.0,610.0,27.0,62.02833557128906,,144.62997436523438,3,False,False,False,False,False,True,False,False,False,False
1220,1233,0.1,0.22,0.55,0.01,0.01,0.21,2.68,1.05,0.0,0.0,0.0,0.0,260,0.0,0,200.0,0.0,0.0,0.0,0.0,0.0,500.0,32.0,1,1,2.0,250,690,10.0,491.1479797363281,606.8865966796875,27.10761833190918,61.15505599975586,297.15,193.0,0,False,False,False,False,False,True,False,False,False,False
1221,1234,0.1,0.22,0.55,0.01,0.01,0.21,2.68,1.05,0.0,0.0,0.0,0.0,260,0.0,0,200.0,0.0,0.0,0.0,0.0,0.0,500.0,32.0,1,1,2.0,250,690,10.0,491.1479797363281,606.755859375,27.24135398864746,61.31528854370117,273.15,164.0,0,False,False,False,False,False,True,False,False,False,False
1222,1235,0.1,0.22,0.55,0.01,0.01,0.21,2.68,1.05,0.0,0.0,0.0,0.0,260,0.0,0,200.0,0.0,0.0,0.0,0.0,0.0,500.0,32.0,1,1,2.0,250,690,10.0,490.3143615722656,605.4728393554688,27.47076988220215,62.12229537963867,253.15,147.0,0,False,False,False,False,False,True,False,False,False,False
1223,1236,0.1,0.22,0.55,0.01,0.01,0.21,2.68,1.05,0.0,0.0,0.0,0.0,260,0.0,0,200.0,0.0,0.0,0.0,0.0,0.0,500.0,32.0,1,1,2.0,250,690,10.0,489.6212158203125,605.3509521484375,27.643342971801758,62.194793701171875,233.15,72.0,0,False,False,False,False,False,True,False,False,False,False
1224,1237,0.1,0.22,0.55,0.01,0.01,0.21,2.68,1.05,0.0,0.0,0.0,0.0,260,0.0,0,200.0,0.0,0.0,0.0,0.0,0.0,500.0,32.0,1,1,2.0,250,690,10.0,488.1715393066406,600.9696655273438,27.809202194213867,62.066192626953125,213.15,15.0,0,False,False,False,False,False,True,False,False,False,False
1225,1238,0.06,0.49,0.67,0.01,0.01,0.21,2.63,1.06,0.0,0.0,0.0,0.0,850,0.0,0,150.0,0.0,0.0,0.0,0.0,0.0,500.0,32.0,1,1,2.0,250,690,10.0,469.0,592.0,27.0,60.55838394165039,,79.75554656982422,3,False,False,False,False,False,True,False,False,False,False
1226,1239,0.06,0.49,0.67,0.01,0.01,0.21,2.63,1.06,0.0,0.0,0.0,0.0,850,0.0,0,150.0,0.0,0.0,0.0,0.0,0.0,500.0,32.0,1,1,2.0,250,690,10.0,542.0972290039062,629.2216796875,22.012584686279297,60.28345489501953,295.15,96.0,0,False,False,False,False,False,True,False,False,False,False
1227,1240,0.06,0.49,0.67,0.01,0.01,0.21,2.63,1.06,0.0,0.0,0.0,0.0,850,0.0,0,150.0,0.0,0.0,0.0,0.0,0.0,500.0,32.0,1,1,2.0,250,690,10.0,542.0972290039062,628.7946166992188,22.012584686279297,60.32460403442383,273.15,68.0,0,False,False,False,False,False,True,False,False,False,False
1228,1241,0.06,0.49,0.67,0.01,0.01,0.21,2.63,1.06,0.0,0.0,0.0,0.0,850,0.0,0,150.0,0.0,0.0,0.0,0.0,0.0,500.0,32.0,1,1,2.0,250,690,10.0,543.19970703125,627.5115966796875,22.289966583251953,61.429622650146484,253.15,38.0,0,False,False,False,False,False,True,False,False,False,False
1229,1242,0.06,0.49,0.67,0.01,0.01,0.21,2.63,1.06,0.0,0.0,0.0,0.0,850,0.0,0,150.0,0.0,0.0,0.0,0.0,0.0,500.0,32.0,1,1,2.0,250,690,10.0,543.229248046875,627.6072387695312,22.434337615966797,61.49665069580078,233.15,15.0,0,False,False,False,False,False,True,False,False,False,False
1230,1243,0.1,0.19,0.53,0.01,0.01,0.2,2.7,1.03,0.0,0.0,0.0,0.0,220,0.0,0,150.0,0.0,0.0,0.0,0.0,0.0,500.0,32.0,1,1,2.0,250,690,10.0,456.0,592.0,29.0,61.23914337158203,,196.5213165283203,3,False,False,False,False,False,True,False,False,False,False
1231,1244,0.1,0.19,0.53,0.01,0.01,0.2,2.7,1.03,0.0,0.0,0.0,0.0,220,0.0,0,150.0,0.0,0.0,0.0,0.0,0.0,500.0,32.0,1,1,2.0,250,690,10.0,461.3612365722656,598.4339599609375,28.210491180419922,60.38743209838867,297.15,270.0,0,False,False,False,False,False,True,False,False,False,False
1232,1245,0.1,0.19,0.53,0.01,0.01,0.2,2.7,1.03,0.0,0.0,0.0,0.0,220,0.0,0,150.0,0.0,0.0,0.0,0.0,0.0,500.0,32.0,1,1,2.0,250,690,10.0,461.3612365722656,598.30322265625,28.210491180419922,60.547664642333984,273.15,238.0,0,False,False,False,False,False,True,False,False,False,False
1233,1246,0.1,0.19,0.53,0.01,0.01,0.2,2.7,1.03,0.0,0.0,0.0,0.0,220,0.0,0,150.0,0.0,0.0,0.0,0.0,0.0,500.0,32.0,1,1,2.0,250,690,10.0,460.5276184082031,597.0202026367188,28.43990707397461,61.4208869934082,253.15,176.0,0,False,False,False,False,False,True,False,False,False,False
1234,1247,0.1,0.19,0.53,0.01,0.01,0.2,2.7,1.03,0.0,0.0,0.0,0.0,220,0.0,0,150.0,0.0,0.0,0.0,0.0,0.0,500.0,32.0,1,1,2.0,250,690,10.0,459.9228820800781,597.5664672851562,28.61248016357422,61.493385314941406,233.15,157.0,0,False,False,False,False,False,True,False,False,False,False
1235,1248,0.1,0.19,0.53,0.01,0.01,0.2,2.7,1.03,0.0,0.0,0.0,0.0,220,0.0,0,150.0,0.0,0.0,0.0,0.0,0.0,500.0,32.0,1,1,2.0,250,690,10.0,458.47320556640625,593.1851806640625,28.720006942749023,61.364784240722656,213.15,53.0,0,False,False,False,False,False,True,False,False,False,False
1236,1249,0.09,0.24,0.68,0.01,0.01,0.2,2.22,1.03,0.0,0.0,0.0,0.0,520,0.0,0,100.0,0.0,0.0,0.0,0.0,0.0,500.0,30.0,1,1,3.6,200,690,10.0,535.0,627.0,23.0,59.38078308105469,,133.44192504882812,3,False,False,False,False,True,False,False,False,False,False
1237,1250,0.09,0.24,0.68,0.01,0.01,0.2,2.22,1.03,0.0,0.0,0.0,0.0,520,0.0,0,100.0,0.0,0.0,0.0,0.0,0.0,500.0,30.0,1,1,3.6,200,690,10.0,524.8221435546875,622.6560668945312,22.867277145385742,60.330909729003906,300.15,144.0,0,False,False,False,False,True,False,False,False,False,False
1238,1251,0.09,0.24,0.68,0.01,0.01,0.2,2.22,1.03,0.0,0.0,0.0,0.0,520,0.0,0,100.0,0.0,0.0,0.0,0.0,0.0,500.0,30.0,1,1,3.6,200,690,10.0,524.8221435546875,622.5253295898438,22.867277145385742,60.147090911865234,275.15,127.0,0,False,False,False,False,True,False,False,False,False,False
1239,1252,0.09,0.24,0.68,0.01,0.01,0.2,2.22,1.03,0.0,0.0,0.0,0.0,520,0.0,0,100.0,0.0,0.0,0.0,0.0,0.0,500.0,30.0,1,1,3.6,200,690,10.0,524.6820068359375,621.2423095703125,23.060598373413086,61.40278625488281,253.15,111.0,0,False,False,False,False,True,False,False,False,False,False
1240,1253,0.09,0.24,0.68,0.01,0.01,0.2,2.22,1.03,0.0,0.0,0.0,0.0,520,0.0,0,100.0,0.0,0.0,0.0,0.0,0.0,500.0,30.0,1,1,3.6,200,690,10.0,525.2792358398438,619.9214477539062,23.17148780822754,61.475284576416016,233.15,81.0,0,False,False,False,False,True,False,False,False,False,False
1241,1254,0.09,0.24,0.68,0.01,0.01,0.2,2.22,1.03,0.0,0.0,0.0,0.0,520,0.0,0,100.0,0.0,0.0,0.0,0.0,0.0,500.0,30.0,1,1,3.6,200,690,10.0,520.2085571289062,615.5401611328125,23.30561065673828,61.3621940612793,213.15,36.0,0,False,False,False,False,True,False,False,False,False,False
1242,1255,0.11,0.14,0.73,0.0,0.0,0.0,2.3,1.03,0.27,0.0,0.0,0.0,254,0.0,26,0.0,0.0,200.0,0.0,0.0,0.0,500.0,29.0,0,0,2.9,200,690,8.0,553.0291137695312,738.0,23.68210220336914,68.9727783203125,,89.78898620605469,1,False,False,False,False,False,False,True,False,False,False
1243,1256,0.11,0.14,0.73,0.0,0.0,0.0,2.3,1.03,0.27,0.0,0.0,0.0,254,0.0,26,0.0,0.0,200.0,0.0,0.0,0.0,500.0,29.0,0,0,2.9,200,690,8.0,551.0109252929688,734.8352661132812,23.715267181396484,69.08751678466797,233.15,10.0,0,False,False,False,False,False,False,True,False,False,False
1244,1257,0.11,0.14,0.73,0.0,0.0,0.0,2.3,1.03,0.27,0.0,0.0,0.0,254,0.0,26,0.0,0.0,200.0,0.0,0.0,0.0,500.0,29.0,0,0,2.9,200,690,8.0,551.0109252929688,734.8352661132812,23.715267181396484,69.08751678466797,233.15,12.0,0,False,False,False,False,False,False,True,False,False,False
1245,1258,0.11,0.14,0.73,0.0,0.0,0.0,2.3,1.03,0.27,0.0,0.0,0.0,254,0.0,26,0.0,0.0,200.0,0.0,0.0,0.0,500.0,29.0,0,0,2.9,200,690,8.0,551.0109252929688,734.8352661132812,23.715267181396484,69.08751678466797,233.15,17.0,0,False,False,False,False,False,False,True,False,False,False
1246,1259,0.11,0.14,0.73,0.0,0.0,0.0,2.3,1.03,0.27,0.0,0.0,0.0,254,0.0,26,0.0,0.0,200.0,0.0,0.0,0.0,500.0,29.0,0,0,2.9,200,690,8.0,551.9893188476562,735.7061157226562,23.685102462768555,69.05674743652344,253.15,13.0,0,False,False,False,False,False,False,True,False,False,False
1247,1260,0.11,0.14,0.73,0.0,0.0,0.0,2.3,1.03,0.27,0.0,0.0,0.0,254,0.0,26,0.0,0.0,200.0,0.0,0.0,0.0,500.0,29.0,0,0,2.9,200,690,8.0,551.9893188476562,735.7061157226562,23.685102462768555,69.05674743652344,253.15,18.0,0,False,False,False,False,False,False,True,False,False,False
1248,1261,0.11,0.14,0.73,0.0,0.0,0.0,2.3,1.03,0.27,0.0,0.0,0.0,254,0.0,26,0.0,0.0,200.0,0.0,0.0,0.0,500.0,29.0,0,0,2.9,200,690,8.0,551.9893188476562,735.7061157226562,23.685102462768555,69.05674743652344,253.15,22.0,0,False,False,False,False,False,False,True,False,False,False
1249,1262,0.11,0.14,0.73,0.0,0.0,0.0,2.3,1.03,0.27,0.0,0.0,0.0,254,0.0,26,0.0,0.0,200.0,0.0,0.0,0.0,500.0,29.0,0,0,2.9,200,690,24.0,555.7514038085938,685.0,23.19121551513672,68.3783950805664,,96.49128723144531,1,False,False,False,False,False,False,True,False,False,False
1250,1263,0.12,0.14,1.03,0.0,0.01,0.0,2.3,1.03,0.27,0.0,0.0,0.0,166,0.0,22,0.0,0.0,200.0,0.0,0.0,0.0,500.0,29.0,0,0,2.9,200,690,8.0,578.7957763671875,745.0,23.86565399169922,69.31655883789062,,122.51994323730469,1,False,False,False,False,False,False,True,False,False,False
1251,1264,0.12,0.14,1.03,0.0,0.01,0.0,2.3,1.03,0.27,0.0,0.0,0.0,166,0.0,22,0.0,0.0,200.0,0.0,0.0,0.0,500.0,29.0,0,0,2.9,200,690,8.0,571.4271240234375,739.385498046875,23.83110237121582,69.1905288696289,233.15,37.0,0,False,False,False,False,False,False,True,False,False,False
1252,1265,0.12,0.14,1.03,0.0,0.01,0.0,2.3,1.03,0.27,0.0,0.0,0.0,166,0.0,22,0.0,0.0,200.0,0.0,0.0,0.0,500.0,29.0,0,0,2.9,200,690,8.0,571.4271240234375,739.385498046875,23.83110237121582,69.1905288696289,233.15,53.0,0,False,False,False,False,False,False,True,False,False,False
1253,1266,0.12,0.14,1.03,0.0,0.01,0.0,2.3,1.03,0.27,0.0,0.0,0.0,166,0.0,22,0.0,0.0,200.0,0.0,0.0,0.0,500.0,29.0,0,0,2.9,200,690,8.0,577.7559814453125,740.25634765625,23.80093765258789,69.15975952148438,253.15,96.0,0,False,False,False,False,False,False,True,False,False,False
1254,1267,0.12,0.14,1.03,0.0,0.01,0.0,2.3,1.03,0.27,0.0,0.0,0.0,166,0.0,22,0.0,0.0,200.0,0.0,0.0,0.0,500.0,29.0,0,0,2.9,200,690,8.0,577.7559814453125,740.25634765625,23.80093765258789,69.15975952148438,253.15,149.0,0,False,False,False,False,False,False,True,False,False,False
1255,1268,0.12,0.14,1.03,0.0,0.01,0.0,2.3,1.03,0.27,0.0,0.0,0.0,166,0.0,22,0.0,0.0,200.0,0.0,0.0,0.0,500.0,29.0,0,0,2.9,200,690,8.0,577.7559814453125,740.25634765625,23.80093765258789,69.15975952148438,253.15,172.0,0,False,False,False,False,False,False,True,False,False,False
1256,1269,0.12,0.14,1.03,0.0,0.01,0.0,2.3,1.03,0.27,0.0,0.0,0.0,166,0.0,22,0.0,0.0,200.0,0.0,0.0,0.0,500.0,29.0,0,0,2.9,200,690,24.0,580.8240966796875,696.0,23.379053115844727,68.7464599609375,,127.74861907958984,1,False,False,False,False,False,False,True,False,False,False
1257,1270,0.14,0.18,0.75,0.0,0.0,0.0,2.3,1.01,0.27,0.0,0.0,0.0,256,0.0,21,0.0,0.0,200.0,0.0,0.0,0.0,500.0,29.0,0,0,2.9,200,690,8.0,571.018798828125,770.0,22.7185115814209,68.2164077758789,,103.3318099975586,1,False,False,False,False,False,False,True,False,False,False
1258,1271,0.14,0.18,0.75,0.0,0.0,0.0,2.3,1.01,0.27,0.0,0.0,0.0,256,0.0,21,0.0,0.0,200.0,0.0,0.0,0.0,500.0,29.0,0,0,2.9,200,690,8.0,561.6548461914062,732.8076171875,22.72113037109375,68.31896209716797,233.15,24.0,0,False,False,False,False,False,False,True,False,False,False
1259,1272,0.14,0.18,0.75,0.0,0.0,0.0,2.3,1.01,0.27,0.0,0.0,0.0,256,0.0,21,0.0,0.0,200.0,0.0,0.0,0.0,500.0,29.0,0,0,2.9,200,690,8.0,561.6548461914062,732.8076171875,22.72113037109375,68.31896209716797,233.15,37.0,0,False,False,False,False,False,False,True,False,False,False
1260,1273,0.14,0.18,0.75,0.0,0.0,0.0,2.3,1.01,0.27,0.0,0.0,0.0,256,0.0,21,0.0,0.0,200.0,0.0,0.0,0.0,500.0,29.0,0,0,2.9,200,690,8.0,561.6548461914062,732.8076171875,22.72113037109375,68.31896209716797,233.15,52.0,0,False,False,False,False,False,False,True,False,False,False
1261,1274,0.14,0.18,0.75,0.0,0.0,0.0,2.3,1.01,0.27,0.0,0.0,0.0,256,0.0,21,0.0,0.0,200.0,0.0,0.0,0.0,500.0,29.0,0,0,2.9,200,690,8.0,569.97900390625,733.678466796875,22.729833602905273,68.32206726074219,253.15,37.0,0,False,False,False,False,False,False,True,False,False,False
1262,1275,0.14,0.18,0.75,0.0,0.0,0.0,2.3,1.01,0.27,0.0,0.0,0.0,256,0.0,21,0.0,0.0,200.0,0.0,0.0,0.0,500.0,29.0,0,0,2.9,200,690,8.0,569.97900390625,733.678466796875,22.729833602905273,68.32206726074219,253.15,80.0,0,False,False,False,False,False,False,True,False,False,False
1263,1276,0.14,0.18,0.75,0.0,0.0,0.0,2.3,1.01,0.27,0.0,0.0,0.0,256,0.0,21,0.0,0.0,200.0,0.0,0.0,0.0,500.0,29.0,0,0,2.9,200,690,24.0,573.4572143554688,714.0,22.36433982849121,67.640625,,108.92387390136719,1,False,False,False,False,False,False,True,False,False,False
1264,1277,0.12,0.14,1.34,0.0,0.01,0.0,2.23,1.0,0.31,0.0,0.0,0.0,292,0.0,37,0.0,0.0,200.0,0.0,0.0,0.0,500.0,29.0,0,0,2.9,200,690,8.0,599.3471069335938,741.7138671875,25.3,73.2,,103.7915267944336,2,False,False,False,False,False,False,True,False,False,False
1265,1278,0.12,0.13,1.29,0.0,0.01,0.0,2.26,0.99,0.3,0.0,0.0,0.0,344,0.0,35,0.0,0.0,200.0,0.0,0.0,0.0,500.0,29.0,0,0,2.9,200,690,24.0,600.22119140625,719.0625,21.8,70.7,,109.90962982177734,2,False,False,False,False,False,False,True,False,False,False
1266,1279,0.12,0.15,1.36,0.0,0.01,0.0,2.26,0.99,0.32,0.0,0.0,0.0,243,0.0,101,0.0,0.0,200.0,0.0,0.0,0.0,500.0,29.0,0,0,2.9,200,690,8.0,623.7316284179688,743.48095703125,24.3,72.4,,97.06405639648438,2,False,False,False,False,False,False,True,False,False,False
1267,1280,0.11,0.14,1.32,0.0,0.01,0.0,2.27,1.0,0.32,0.0,0.0,0.0,334,0.0,127,0.0,0.0,200.0,0.0,0.0,0.0,500.0,29.0,0,0,2.9,200,690,24.0,605.5609130859375,724.5532836914062,22.4,69.1,,103.88167572021484,2,False,False,False,False,False,False,True,False,False,False
1268,1281,0.12,0.13,1.23,0.0,0.01,0.0,2.29,1.01,0.32,0.0,0.0,0.0,303,0.0,166,0.0,0.0,200.0,0.0,0.0,0.0,500.0,29.0,0,0,2.9,200,690,8.0,614.2702026367188,740.6880493164062,24.7,69.9,,100.96075439453125,2,False,False,False,False,False,False,True,False,False,False
1269,1282,0.11,0.13,1.2,0.0,0.01,0.0,2.26,1.0,0.31,0.0,0.0,0.0,283,0.0,156,0.0,0.0,200.0,0.0,0.0,0.0,500.0,29.0,0,0,2.9,200,690,24.0,604.4688720703125,721.823486328125,21.6,69.8,,104.02125549316406,2,False,False,False,False,False,False,True,False,False,False
1270,1283,0.12,0.15,1.28,0.0,0.01,0.0,2.27,1.0,0.31,0.0,0.0,0.0,237,0.0,245,0.0,0.0,200.0,0.0,0.0,0.0,500.0,29.0,0,0,2.9,200,690,8.0,624.22216796875,743.8139038085938,20.8,68.8,,96.70317840576172,2,False,False,False,False,False,False,True,False,False,False
1271,1284,0.12,0.13,1.18,0.0,0.01,0.0,2.26,1.0,0.31,0.0,0.0,0.0,286,0.0,312,0.0,0.0,200.0,0.0,0.0,0.0,500.0,29.0,0,0,2.9,200,690,24.0,616.4102172851562,723.1651000976562,21.7,67.0,,105.00531768798828,2,False,False,False,False,False,False,True,False,False,False
1272,1285,0.08,0.42,1.24,0.01,0.02,0.05,0.04,0.38,0.0,0.1,0.0,0.0,480,0.0,86,0.0,0.0,0.0,60.0,150.0,5.0,512.1690063476562,29.502086639404297,1,1,2.4,100,550,1.83,529.0,635.0,25.6,70.0,,104.3139419555664,4,False,False,False,False,False,False,True,False,False,False
1273,1286,0.08,0.42,1.24,0.01,0.02,0.05,0.04,0.38,0.0,0.1,0.0,0.0,480,0.0,86,0.0,0.0,0.0,60.0,150.0,5.0,512.1690063476562,29.502086639404297,1,1,2.4,100,550,1.83,473.0,605.0,28.8,73.0,,104.3139419555664,4,False,False,False,False,False,False,True,False,False,False
1274,1287,0.08,0.42,1.24,0.01,0.02,0.05,0.04,0.38,0.0,0.1,0.0,0.0,480,0.0,86,0.0,0.0,0.0,60.0,150.0,5.0,512.1690063476562,29.502086639404297,1,1,2.4,100,550,1.83,557.0,658.0,23.8,68.5,,104.3139419555664,4,False,False,False,False,False,False,True,False,False,False
1275,1288,0.08,0.42,1.24,0.01,0.02,0.05,0.04,0.38,0.0,0.1,0.0,0.0,480,0.0,86,0.0,0.0,0.0,60.0,150.0,5.0,512.1690063476562,29.502086639404297,1,1,2.4,100,550,1.83,582.3712768554688,627.80029296875,25.840606689453125,70.66495513916016,233.15,96.0,0,False,False,False,False,False,False,True,False,False,False
1276,1289,0.08,0.42,1.24,0.01,0.02,0.05,0.04,0.38,0.0,0.1,0.0,0.0,480,0.0,86,0.0,0.0,0.0,60.0,150.0,5.0,512.1690063476562,29.502086639404297,1,1,2.4,100,550,1.83,579.5432739257812,619.7886352539062,26.1322021484375,70.1678695678711,194.15,40.0,0,False,False,False,False,False,False,True,False,False,False
1277,1290,0.08,0.42,1.24,0.01,0.02,0.05,0.04,0.38,0.0,0.1,0.0,0.0,480,0.0,86,0.0,0.0,0.0,60.0,150.0,5.0,512.1690063476562,29.502086639404297,1,1,2.4,100,550,1.83,580.357666015625,630.191650390625,25.955341339111328,70.51240539550781,,104.3139419555664,0,False,False,False,False,False,False,True,False,False,False
1278,1291,0.08,0.3,0.54,0.0,0.01,0.04,2.2,1.05,0.0,0.04,0.0,0.0,660,0.0,66,0.0,0.0,0.0,40.0,70.0,4.0,478.5335998535156,28.908004760742188,1,1,2.4,175,690,2.33,496.0,638.0,23.3,73.0,,134.10812377929688,4,False,False,False,False,False,False,True,False,False,False
1279,1292,0.08,0.3,0.54,0.0,0.01,0.04,2.2,1.05,0.0,0.04,0.0,0.0,660,0.0,66,0.0,0.0,0.0,40.0,70.0,4.0,478.5335998535156,28.908004760742188,1,1,2.4,175,690,2.33,524.0,664.0,23.6,66.5,,134.10812377929688,4,False,False,False,False,False,False,True,False,False,False
1280,1293,0.08,0.3,0.54,0.0,0.01,0.04,2.2,1.05,0.0,0.04,0.0,0.0,660,0.0,66,0.0,0.0,0.0,40.0,70.0,4.0,478.5335998535156,28.908004760742188,1,1,2.4,175,690,2.33,530.0,653.0,21.5,69.0,,134.10812377929688,4,False,False,False,False,False,False,True,False,False,False
1281,1294,0.08,0.3,0.54,0.0,0.01,0.04,2.2,1.05,0.0,0.04,0.0,0.0,660,0.0,66,0.0,0.0,0.0,40.0,70.0,4.0,478.5335998535156,28.908004760742188,1,1,2.4,175,690,2.33,524.1871948242188,651.64501953125,22.829381942749023,68.53413391113281,273.15,118.0,0,False,False,False,False,False,False,True,False,False,False
1282,1295,0.08,0.3,0.54,0.0,0.01,0.04,2.2,1.05,0.0,0.04,0.0,0.0,660,0.0,66,0.0,0.0,0.0,40.0,70.0,4.0,478.5335998535156,28.908004760742188,1,1,2.4,175,690,2.33,521.1896362304688,642.8711547851562,22.905982971191406,69.43021392822266,223.15,40.0,0,False,False,False,False,False,False,True,False,False,False
1283,1296,0.08,0.3,0.54,0.0,0.01,0.04,2.2,1.05,0.0,0.04,0.0,0.0,660,0.0,66,0.0,0.0,0.0,40.0,70.0,4.0,478.5335998535156,28.908004760742188,1,1,2.4,175,690,2.33,524.3316040039062,651.4024047851562,22.914594650268555,69.5441665649414,,134.10812377929688,0,False,False,False,False,False,False,True,False,False,False
1284,1297,0.06,0.2,1.15,0.01,0.02,0.16,0.05,0.45,0.0,0.13,0.0,0.0,350,0.0,97,0.0,0.0,0.0,140.0,160.0,15.0,512.1690063476562,29.502086639404297,1,1,2.4,125,605,1.92,598.0,678.0,24.5,74.0,,95.92227172851562,4,False,False,False,False,False,False,True,False,False,False
1285,1298,0.06,0.2,1.15,0.01,0.02,0.16,0.05,0.45,0.0,0.13,0.0,0.0,350,0.0,97,0.0,0.0,0.0,140.0,160.0,15.0,512.1690063476562,29.502086639404297,1,1,2.4,125,605,1.92,663.0,730.0,22.5,66.5,,95.92227172851562,4,False,False,False,False,False,False,True,False,False,False
1286,1299,0.06,0.2,1.15,0.01,0.02,0.16,0.05,0.45,0.0,0.13,0.0,0.0,350,0.0,97,0.0,0.0,0.0,140.0,160.0,15.0,512.1690063476562,29.502086639404297,1,1,2.4,125,605,1.92,630.0,708.0,24.8,63.0,,95.92227172851562,4,False,False,False,False,False,False,True,False,False,False
1287,1300,0.06,0.2,1.15,0.01,0.02,0.16,0.05,0.45,0.0,0.13,0.0,0.0,350,0.0,97,0.0,0.0,0.0,140.0,160.0,15.0,512.1690063476562,29.502086639404297,1,1,2.4,125,605,1.92,630.0873413085938,720.7618408203125,23.712154388427734,65.46316528320312,263.15,80.0,0,False,False,False,False,False,False,True,False,False,False
1288,1301,0.06,0.2,1.15,0.01,0.02,0.16,0.05,0.45,0.0,0.13,0.0,0.0,350,0.0,97,0.0,0.0,0.0,140.0,160.0,15.0,512.1690063476562,29.502086639404297,1,1,2.4,125,605,1.92,631.9113159179688,720.4100341796875,23.695341110229492,65.15260314941406,230.15,40.0,0,False,False,False,False,False,False,True,False,False,False
1289,1302,0.06,0.2,1.15,0.01,0.02,0.16,0.05,0.45,0.0,0.13,0.0,0.0,350,0.0,97,0.0,0.0,0.0,140.0,160.0,15.0,512.1690063476562,29.502086639404297,1,1,2.4,125,605,1.92,628.1910400390625,722.1966552734375,23.594038009643555,65.09105682373047,,95.92227172851562,0,False,False,False,False,False,False,True,False,False,False
1290,1303,0.11,0.18,0.7,0.0,0.0,0.13,2.28,0.27,0.0,0.0,0.0,0.0,0,0.0,62,0.0,0.0,200.0,0.0,0.0,0.0,535.0,63.0,0,0,1.8,225,690,24.0,606.0,707.0,22.0,63.0,,160.7578125,4,False,False,False,False,False,False,False,False,False,True
1291,1304,0.1,0.17,0.67,0.0,0.0,0.14,2.31,0.29,0.0,0.0,0.0,0.0,0,0.0,240,0.0,0.0,240.0,0.0,0.0,0.0,535.0,63.0,0,0,1.8,225,690,24.0,596.0,703.0,20.0,62.0,,158.6050567626953,4,False,False,False,False,False,False,False,False,False,True
1292,1305,0.11,0.17,0.65,0.0,0.0,0.02,2.28,0.27,0.0,0.0,0.0,0.0,0,0.0,68,0.0,0.0,68.0,0.0,0.0,0.0,535.0,63.0,0,0,1.8,225,690,24.0,597.0,700.0,22.0,58.0,,162.40951538085938,4,False,False,False,False,False,False,False,False,False,True
1293,1306,0.1,0.16,0.61,0.0,0.0,0.02,2.27,0.27,0.0,0.0,0.0,0.0,0,0.0,260,0.0,0.0,260.0,0.0,0.0,0.0,535.0,63.0,0,0,1.8,225,690,24.0,608.0,702.0,21.0,60.0,,161.5261688232422,4,False,False,False,False,False,False,False,False,False,True
1294,1307,0.07,0.08,0.98,0.01,0.01,0.27,2.07,1.07,0.02,0.0,0.0,0.0,891,0.0,97,0.0,0.0,0.0,0.01,0.01,0.01,300.0,28.0,1,1,2.04,150,690,10.0,440.0,540.0,24.0,67.0,,159.6207733154297,4,True,False,False,False,False,False,False,False,False,False
1295,1308,0.07,0.08,0.98,0.01,0.01,0.27,2.07,1.07,0.02,0.0,0.0,0.0,891,0.0,97,0.0,0.0,0.0,0.01,0.01,0.01,300.0,28.0,1,1,2.04,150,690,10.0,444.19293212890625,544.9895629882812,23.787429809570312,66.51945495605469,193.15,9.0,0,True,False,False,False,False,False,False,False,False,False
1296,1309,0.07,0.08,0.98,0.01,0.01,0.27,2.07,1.07,0.02,0.0,0.0,0.0,891,0.0,97,0.0,0.0,0.0,0.01,0.01,0.01,300.0,28.0,1,1,2.04,150,690,10.0,444.522705078125,547.1558837890625,23.787429809570312,66.54930877685547,203.15,9.0,0,True,False,False,False,False,False,False,False,False,False
1297,1310,0.07,0.08,0.98,0.01,0.01,0.27,2.07,1.07,0.02,0.0,0.0,0.0,891,0.0,97,0.0,0.0,0.0,0.01,0.01,0.01,300.0,28.0,1,1,2.04,150,690,10.0,444.6583251953125,546.8468017578125,23.823379516601562,67.34060668945312,213.15,9.0,0,True,False,False,False,False,False,False,False,False,False
1298,1311,0.07,0.08,0.98,0.01,0.01,0.27,2.07,1.07,0.02,0.0,0.0,0.0,891,0.0,97,0.0,0.0,0.0,0.01,0.01,0.01,300.0,28.0,1,1,2.04,150,690,10.0,447.6714782714844,546.33984375,23.634872436523438,67.36528015136719,233.15,19.0,0,True,False,False,False,False,False,False,False,False,False
1299,1312,0.07,0.08,0.98,0.01,0.01,0.27,2.07,1.07,0.02,0.0,0.0,0.0,891,0.0,97,0.0,0.0,0.0,0.01,0.01,0.01,300.0,28.0,1,1,2.04,150,690,10.0,447.46990966796875,547.27587890625,23.64580726623535,67.3430404663086,243.15,28.0,0,True,False,False,False,False,False,False,False,False,False
1300,1313,0.07,0.08,0.98,0.01,0.01,0.27,2.07,1.07,0.02,0.0,0.0,0.0,891,0.0,97,0.0,0.0,0.0,0.01,0.01,0.01,300.0,28.0,1,1,2.04,150,690,10.0,446.78759765625,547.27587890625,23.616214752197266,67.21223449707031,253.15,43.0,0,True,False,False,False,False,False,False,False,False,False
1301,1314,0.07,0.08,0.98,0.01,0.01,0.27,2.07,1.07,0.02,0.0,0.0,0.0,891,0.0,97,0.0,0.0,0.0,0.01,0.01,0.01,300.0,28.0,1,1,2.04,150,690,10.0,447.68011474609375,546.8441162109375,23.55101203918457,65.94756317138672,273.15,117.0,0,True,False,False,False,False,False,False,False,False,False
1302,1315,0.07,0.08,0.98,0.01,0.01,0.27,2.07,1.07,0.02,0.0,0.0,0.0,891,0.0,97,0.0,0.0,0.0,0.01,0.01,0.01,300.0,28.0,1,1,2.04,150,690,10.0,447.68011474609375,546.8441162109375,23.55101203918457,65.98609924316406,293.15,179.0,0,True,False,False,False,False,False,False,False,False,False
1303,1316,0.07,0.08,0.98,0.01,0.01,0.27,2.07,1.07,0.02,0.0,0.0,0.0,891,0.0,97,0.0,0.0,0.0,0.01,0.01,0.01,300.0,28.0,1,1,2.04,150,690,10.0,447.68011474609375,546.8441162109375,23.55101203918457,65.55901336669922,313.15,204.0,0,True,False,False,False,False,False,False,False,False,False
1304,1317,0.07,0.08,0.98,0.01,0.01,0.27,2.07,1.07,0.02,0.0,0.0,0.0,891,0.0,97,0.0,0.0,0.0,0.01,0.01,0.01,300.0,28.0,1,1,2.04,150,690,10.0,450.4192199707031,546.8441162109375,23.55101203918457,64.06922912597656,333.15,210.0,0,True,False,False,False,False,False,False,False,False,False
1305,1318,0.07,0.08,0.98,0.01,0.01,0.27,2.07,1.07,0.02,0.0,0.0,0.0,891,0.0,97,0.0,0.0,0.0,0.01,0.01,0.01,300.0,28.0,1,1,2.04,150,690,10.0,450.16302490234375,546.8441162109375,23.55101203918457,64.06922912597656,343.15,210.0,0,True,False,False,False,False,False,False,False,False,False
1306,1319,0.05,0.13,1.06,0.01,0.02,0.23,2.02,1.3,0.02,0.0,0.0,0.0,768,0.0,266,0.0,0.0,0.0,0.01,0.03,0.01,300.0,28.0,1,1,1.96,150,690,10.0,506.0,598.0,22.0,70.0,,144.23243713378906,4,True,False,False,False,False,False,False,False,False,False
1307,1320,0.05,0.13,1.06,0.01,0.02,0.23,2.02,1.3,0.02,0.0,0.0,0.0,768,0.0,266,0.0,0.0,0.0,0.01,0.03,0.01,300.0,28.0,1,1,1.96,150,690,10.0,505.9132080078125,593.9775390625,21.70730209350586,68.51693725585938,203.15,6.0,0,True,False,False,False,False,False,False,False,False,False
1308,1321,0.05,0.13,1.06,0.01,0.02,0.23,2.02,1.3,0.02,0.0,0.0,0.0,768,0.0,266,0.0,0.0,0.0,0.01,0.03,0.01,300.0,28.0,1,1,1.96,150,690,10.0,506.7055358886719,593.66845703125,21.712421417236328,68.94419860839844,213.15,6.0,0,True,False,False,False,False,False,False,False,False,False
1309,1322,0.05,0.13,1.06,0.01,0.02,0.23,2.02,1.3,0.02,0.0,0.0,0.0,768,0.0,266,0.0,0.0,0.0,0.01,0.03,0.01,300.0,28.0,1,1,1.96,150,690,10.0,509.46044921875,593.1614990234375,21.517892837524414,69.04304504394531,233.15,15.0,0,True,False,False,False,False,False,False,False,False,False
1310,1323,0.05,0.13,1.06,0.01,0.02,0.23,2.02,1.3,0.02,0.0,0.0,0.0,768,0.0,266,0.0,0.0,0.0,0.01,0.03,0.01,300.0,28.0,1,1,1.96,150,690,10.0,508.89483642578125,593.8008422851562,21.536836624145508,69.02899169921875,253.15,68.0,0,True,False,False,False,False,False,False,False,False,False
1311,1324,0.05,0.13,1.06,0.01,0.02,0.23,2.02,1.3,0.02,0.0,0.0,0.0,768,0.0,266,0.0,0.0,0.0,0.01,0.03,0.01,300.0,28.0,1,1,1.96,150,690,10.0,509.94366455078125,593.2529907226562,21.498456954956055,68.3624496459961,273.15,120.0,0,True,False,False,False,False,False,False,False,False,False
1312,1325,0.05,0.13,1.06,0.01,0.02,0.23,2.02,1.3,0.02,0.0,0.0,0.0,768,0.0,266,0.0,0.0,0.0,0.01,0.03,0.01,300.0,28.0,1,1,1.96,150,690,10.0,509.94366455078125,593.2529907226562,21.498456954956055,68.31419372558594,293.15,151.0,0,True,False,False,False,False,False,False,False,False,False
1313,1326,0.05,0.13,1.06,0.01,0.02,0.23,2.02,1.3,0.02,0.0,0.0,0.0,768,0.0,266,0.0,0.0,0.0,0.01,0.03,0.01,300.0,28.0,1,1,1.96,150,690,10.0,509.94366455078125,593.2529907226562,21.498456954956055,67.74076843261719,313.15,160.0,0,True,False,False,False,False,False,False,False,False,False
1314,1327,0.05,0.13,1.06,0.01,0.02,0.23,2.02,1.3,0.02,0.0,0.0,0.0,768,0.0,266,0.0,0.0,0.0,0.01,0.03,0.01,300.0,28.0,1,1,1.96,150,690,10.0,512.6822509765625,593.2529907226562,21.498456954956055,65.58389282226562,333.15,164.0,0,True,False,False,False,False,False,False,False,False,False
1315,1328,0.04,0.12,0.86,0.01,0.02,0.2,2.01,0.93,0.02,0.0,0.0,0.0,922,0.0,123,0.0,0.0,0.0,0.01,0.01,0.01,300.0,20.0,1,1,2.08,150,690,10.0,505.0,600.0,19.0,69.0,,81.22811889648438,4,True,False,False,False,False,False,False,False,False,False
1316,1329,0.04,0.12,0.86,0.01,0.02,0.2,2.01,0.93,0.02,0.0,0.0,0.0,922,0.0,123,0.0,0.0,0.0,0.01,0.01,0.01,300.0,20.0,1,1,2.08,150,690,10.0,498.7632751464844,599.16845703125,19.72072410583496,69.10224914550781,203.15,3.0,0,True,False,False,False,False,False,False,False,False,False
1317,1330,0.04,0.12,0.86,0.01,0.02,0.2,2.01,0.93,0.02,0.0,0.0,0.0,922,0.0,123,0.0,0.0,0.0,0.01,0.01,0.01,300.0,20.0,1,1,2.08,150,690,10.0,498.7658386230469,599.1070556640625,19.703784942626953,69.66485595703125,213.15,3.0,0,True,False,False,False,False,False,False,False,False,False
1318,1331,0.04,0.12,0.86,0.01,0.02,0.2,2.01,0.93,0.02,0.0,0.0,0.0,922,0.0,123,0.0,0.0,0.0,0.01,0.01,0.01,300.0,20.0,1,1,2.08,150,690,10.0,498.5785827636719,599.0384521484375,19.420089721679688,69.71150207519531,253.15,9.0,0,True,False,False,False,False,False,False,False,False,False
1319,1332,0.04,0.12,0.86,0.01,0.02,0.2,2.01,0.93,0.02,0.0,0.0,0.0,922,0.0,123,0.0,0.0,0.0,0.01,0.01,0.01,300.0,20.0,1,1,2.08,150,690,10.0,500.467041015625,598.1155395507812,19.268695831298828,69.87254333496094,273.15,12.0,0,True,False,False,False,False,False,False,False,False,False
1320,1333,0.04,0.12,0.86,0.01,0.02,0.2,2.01,0.93,0.02,0.0,0.0,0.0,922,0.0,123,0.0,0.0,0.0,0.01,0.01,0.01,300.0,20.0,1,1,2.08,150,690,10.0,500.467041015625,598.817138671875,19.268695831298828,69.64268493652344,283.15,43.0,0,True,False,False,False,False,False,False,False,False,False
1321,1334,0.04,0.12,0.86,0.01,0.02,0.2,2.01,0.93,0.02,0.0,0.0,0.0,922,0.0,123,0.0,0.0,0.0,0.01,0.01,0.01,300.0,20.0,1,1,2.08,150,690,10.0,500.467041015625,598.817138671875,19.268695831298828,69.69890594482422,293.15,65.0,0,True,False,False,False,False,False,False,False,False,False
1322,1335,0.04,0.12,0.86,0.01,0.02,0.2,2.01,0.93,0.02,0.0,0.0,0.0,922,0.0,123,0.0,0.0,0.0,0.01,0.01,0.01,300.0,20.0,1,1,2.08,150,690,10.0,500.467041015625,598.8898315429688,19.268695831298828,69.73735046386719,303.15,65.0,0,True,False,False,False,False,False,False,False,False,False
1323,1336,0.04,0.14,1.33,0.01,0.02,0.26,2.39,1.21,0.02,0.0,0.0,0.0,735,0.0,236,0.0,0.0,0.0,0.01,0.02,0.01,300.0,28.0,1,1,1.96,150,690,10.0,520.0,620.0,20.0,54.0,,136.19932556152344,4,True,False,False,False,False,False,False,False,False,False
1324,1337,0.04,0.14,1.33,0.01,0.02,0.26,2.39,1.21,0.02,0.0,0.0,0.0,735,0.0,236,0.0,0.0,0.0,0.01,0.02,0.01,300.0,28.0,1,1,1.96,150,690,10.0,517.9716796875,617.8622436523438,20.56778907775879,55.27683639526367,193.15,6.0,0,True,False,False,False,False,False,False,False,False,False
1325,1338,0.04,0.14,1.33,0.01,0.02,0.26,2.39,1.21,0.02,0.0,0.0,0.0,735,0.0,236,0.0,0.0,0.0,0.01,0.02,0.01,300.0,28.0,1,1,1.96,150,690,10.0,518.3014526367188,619.0101318359375,20.56778907775879,55.2774772644043,203.15,6.0,0,True,False,False,False,False,False,False,False,False,False
1326,1339,0.04,0.14,1.33,0.01,0.02,0.26,2.39,1.21,0.02,0.0,0.0,0.0,735,0.0,236,0.0,0.0,0.0,0.01,0.02,0.01,300.0,28.0,1,1,1.96,150,690,10.0,518.869140625,618.94873046875,20.521921157836914,55.619441986083984,213.15,12.0,0,True,False,False,False,False,False,False,False,False,False
1327,1340,0.04,0.14,1.33,0.01,0.02,0.26,2.39,1.21,0.02,0.0,0.0,0.0,735,0.0,236,0.0,0.0,0.0,0.01,0.02,0.01,300.0,28.0,1,1,1.96,150,690,10.0,518.7259521484375,619.55712890625,20.321081161499023,55.82904815673828,233.15,49.0,0,True,False,False,False,False,False,False,False,False,False
1328,1341,0.04,0.14,1.33,0.01,0.02,0.26,2.39,1.21,0.02,0.0,0.0,0.0,735,0.0,236,0.0,0.0,0.0,0.01,0.02,0.01,300.0,28.0,1,1,1.96,150,690,10.0,518.2913818359375,618.6727905273438,20.340024948120117,55.75733184814453,253.15,96.0,0,True,False,False,False,False,False,False,False,False,False
1329,1342,0.04,0.14,1.33,0.01,0.02,0.26,2.39,1.21,0.02,0.0,0.0,0.0,735,0.0,236,0.0,0.0,0.0,0.01,0.02,0.01,300.0,28.0,1,1,1.96,150,690,10.0,518.6875,617.6337890625,20.221633911132812,54.509273529052734,273.15,123.0,0,True,False,False,False,False,False,False,False,False,False
1330,1343,0.04,0.14,1.33,0.01,0.02,0.26,2.39,1.21,0.02,0.0,0.0,0.0,735,0.0,236,0.0,0.0,0.0,0.01,0.02,0.01,300.0,28.0,1,1,1.96,150,690,10.0,517.10693359375,618.3353881835938,20.221633911132812,54.52621078491211,293.15,139.0,0,True,False,False,False,False,False,False,False,False,False
1331,1344,0.04,0.14,1.33,0.01,0.02,0.26,2.39,1.21,0.02,0.0,0.0,0.0,735,0.0,236,0.0,0.0,0.0,0.01,0.02,0.01,300.0,28.0,1,1,1.96,150,690,10.0,517.10693359375,618.3353881835938,20.221633911132812,53.357398986816406,313.15,135.0,0,True,False,False,False,False,False,False,False,False,False
1332,1345,0.04,0.14,1.33,0.01,0.02,0.26,2.39,1.21,0.02,0.0,0.0,0.0,735,0.0,236,0.0,0.0,0.0,0.01,0.02,0.01,300.0,28.0,1,1,1.96,150,690,10.0,519.1475219726562,618.3353881835938,20.221633911132812,51.79561996459961,333.15,148.0,0,True,False,False,False,False,False,False,False,False,False
1333,1346,0.05,0.42,1.0,0.02,0.02,0.17,2.29,1.04,0.02,0.0,0.0,0.0,695,0.0,165,0.0,0.0,0.0,0.01,0.03,0.01,300.0,28.0,1,1,2.08,150,690,10.0,537.0,620.0,11.0,24.0,,125.14867401123047,4,True,False,False,False,False,False,False,False,False,False
1334,1347,0.05,0.42,1.0,0.02,0.02,0.17,2.29,1.04,0.02,0.0,0.0,0.0,695,0.0,165,0.0,0.0,0.0,0.01,0.03,0.01,300.0,28.0,1,1,2.08,150,690,10.0,546.9340209960938,624.2965087890625,12.272686004638672,28.906824111938477,203.15,9.0,0,True,False,False,False,False,False,False,False,False,False
1335,1348,0.05,0.42,1.0,0.02,0.02,0.17,2.29,1.04,0.02,0.0,0.0,0.0,695,0.0,165,0.0,0.0,0.0,0.01,0.03,0.01,300.0,28.0,1,1,2.08,150,690,10.0,547.4918823242188,623.9874267578125,12.306394577026367,28.852018356323242,213.15,9.0,0,True,False,False,False,False,False,False,False,False,False
1336,1349,0.05,0.42,1.0,0.02,0.02,0.17,2.29,1.04,0.02,0.0,0.0,0.0,695,0.0,165,0.0,0.0,0.0,0.01,0.03,0.01,300.0,28.0,1,1,2.08,150,690,10.0,550.246826171875,624.41357421875,12.004570960998535,28.863405227661133,233.15,12.0,0,True,False,False,False,False,False,False,False,False,False
1337,1350,0.05,0.42,1.0,0.02,0.02,0.17,2.29,1.04,0.02,0.0,0.0,0.0,695,0.0,165,0.0,0.0,0.0,0.01,0.03,0.01,300.0,28.0,1,1,2.08,150,690,10.0,549.1140747070312,625.349609375,11.994020462036133,28.664691925048828,253.15,22.0,0,True,False,False,False,False,False,False,False,False,False
1338,1351,0.05,0.42,1.0,0.02,0.02,0.17,2.29,1.04,0.02,0.0,0.0,0.0,695,0.0,165,0.0,0.0,0.0,0.01,0.03,0.01,300.0,28.0,1,1,2.08,150,690,10.0,549.8292846679688,624.9178466796875,11.9557523727417,28.736900329589844,273.15,46.0,0,True,False,False,False,False,False,False,False,False,False
1339,1352,0.05,0.42,1.0,0.02,0.02,0.17,2.29,1.04,0.02,0.0,0.0,0.0,695,0.0,165,0.0,0.0,0.0,0.01,0.03,0.01,300.0,28.0,1,1,2.08,150,690,10.0,549.8292846679688,624.9178466796875,11.9557523727417,28.87800407409668,293.15,96.0,0,True,False,False,False,False,False,False,False,False,False
1340,1353,0.05,0.42,1.0,0.02,0.02,0.17,2.29,1.04,0.02,0.0,0.0,0.0,695,0.0,165,0.0,0.0,0.0,0.01,0.03,0.01,300.0,28.0,1,1,2.08,150,690,10.0,549.8292846679688,624.9178466796875,11.9557523727417,26.43317222595215,313.15,154.0,0,True,False,False,False,False,False,False,False,False,False
1341,1354,0.05,0.42,1.0,0.02,0.02,0.17,2.29,1.04,0.02,0.0,0.0,0.0,695,0.0,165,0.0,0.0,0.0,0.01,0.03,0.01,300.0,28.0,1,1,2.08,150,690,10.0,549.8292846679688,624.9178466796875,11.92369556427002,25.57453155517578,333.15,164.0,0,True,False,False,False,False,False,False,False,False,False
1342,1355,0.05,0.42,1.0,0.02,0.02,0.17,2.29,1.04,0.02,0.0,0.0,0.0,695,0.0,165,0.0,0.0,0.0,0.01,0.03,0.01,300.0,28.0,1,1,2.08,150,690,10.0,549.5731201171875,624.9178466796875,11.92369556427002,25.57453155517578,343.15,167.0,0,True,False,False,False,False,False,False,False,False,False
1343,1356,0.07,0.27,1.11,0.01,0.02,0.17,2.3,0.96,0.02,0.0,0.0,0.0,556,0.0,113,0.0,0.0,0.0,0.01,0.03,0.01,290.0,29.0,1,1,2.0,150,690,10.0,595.0,675.0,24.0,69.0,,84.50244140625,4,True,False,False,False,False,False,False,False,False,False
1344,1357,0.07,0.27,1.11,0.01,0.02,0.17,2.3,0.96,0.02,0.0,0.0,0.0,556,0.0,113,0.0,0.0,0.0,0.01,0.03,0.01,290.0,29.0,1,1,2.0,150,690,10.0,572.8097534179688,672.2053833007812,22.724878311157227,67.17926788330078,203.15,3.0,0,True,False,False,False,False,False,False,False,False,False
1345,1358,0.07,0.27,1.11,0.01,0.02,0.17,2.3,0.96,0.02,0.0,0.0,0.0,556,0.0,113,0.0,0.0,0.0,0.01,0.03,0.01,290.0,29.0,1,1,2.0,150,690,10.0,573.7324829101562,671.8963012695312,22.70793914794922,67.5575180053711,213.15,3.0,0,True,False,False,False,False,False,False,False,False,False
1346,1359,0.07,0.27,1.11,0.01,0.02,0.17,2.3,0.96,0.02,0.0,0.0,0.0,556,0.0,113,0.0,0.0,0.0,0.01,0.03,0.01,290.0,29.0,1,1,2.0,150,690,10.0,576.4874267578125,672.3224487304688,22.522294998168945,67.70333099365234,233.15,6.0,0,True,False,False,False,False,False,False,False,False,False
1347,1360,0.07,0.27,1.11,0.01,0.02,0.17,2.3,0.96,0.02,0.0,0.0,0.0,556,0.0,113,0.0,0.0,0.0,0.01,0.03,0.01,290.0,29.0,1,1,2.0,150,690,10.0,575.775390625,673.1327514648438,22.53169059753418,67.66091918945312,253.15,12.0,0,True,False,False,False,False,False,False,False,False,False
1348,1361,0.07,0.27,1.11,0.01,0.02,0.17,2.3,0.96,0.02,0.0,0.0,0.0,556,0.0,113,0.0,0.0,0.0,0.01,0.03,0.01,290.0,29.0,1,1,2.0,150,690,10.0,577.16748046875,672.6929931640625,22.4558162689209,66.9138412475586,273.15,31.0,0,True,False,False,False,False,False,False,False,False,False
1349,1362,0.07,0.27,1.11,0.01,0.02,0.17,2.3,0.96,0.02,0.0,0.0,0.0,556,0.0,113,0.0,0.0,0.0,0.01,0.03,0.01,290.0,29.0,1,1,2.0,150,690,10.0,575.5869140625,672.6929931640625,22.4558162689209,66.89425659179688,293.15,52.0,0,True,False,False,False,False,False,False,False,False,False
1350,1363,0.07,0.27,1.11,0.01,0.02,0.17,2.3,0.96,0.02,0.0,0.0,0.0,556,0.0,113,0.0,0.0,0.0,0.01,0.03,0.01,290.0,29.0,1,1,2.0,150,690,10.0,575.5869140625,672.6929931640625,22.4425048828125,65.66151428222656,313.15,80.0,0,True,False,False,False,False,False,False,False,False,False
1351,1364,0.07,0.27,1.11,0.01,0.02,0.17,2.3,0.96,0.02,0.0,0.0,0.0,556,0.0,113,0.0,0.0,0.0,0.01,0.03,0.01,290.0,29.0,1,1,2.0,150,690,10.0,575.5869140625,672.6929931640625,22.4425048828125,65.66151428222656,323.15,93.0,0,True,False,False,False,False,False,False,False,False,False
1352,1365,0.07,0.27,1.11,0.01,0.02,0.17,2.3,0.96,0.02,0.0,0.0,0.0,556,0.0,113,0.0,0.0,0.0,0.01,0.03,0.01,290.0,29.0,1,1,2.0,150,690,10.0,575.5869140625,672.6929931640625,22.4425048828125,63.526546478271484,333.15,99.0,0,True,False,False,False,False,False,False,False,False,False
1353,1366,0.07,0.27,1.11,0.01,0.02,0.17,2.3,0.96,0.02,0.0,0.0,0.0,556,0.0,113,0.0,0.0,0.0,0.01,0.03,0.01,290.0,29.0,1,1,2.0,150,690,10.0,575.5869140625,672.6929931640625,22.4425048828125,63.526546478271484,343.15,105.0,0,True,False,False,False,False,False,False,False,False,False
1354,1367,0.06,0.24,1.24,0.14,0.25,0.22,2.17,0.98,0.18,0.0,0.0,0.0,408,0.0,269,0.0,0.0,0.0,0.01,0.31,0.01,290.0,29.0,1,1,2.0,150,690,10.0,643.0,708.0,16.0,32.0,,76.48551940917969,4,True,False,False,False,False,False,False,False,False,False
1355,1368,0.06,0.24,1.24,0.14,0.25,0.22,2.17,0.98,0.18,0.0,0.0,0.0,408,0.0,269,0.0,0.0,0.0,0.01,0.31,0.01,290.0,29.0,1,1,2.0,150,690,10.0,638.210693359375,704.9287719726562,16.528392791748047,34.286617279052734,203.15,6.0,0,True,False,False,False,False,False,False,False,False,False
1356,1369,0.06,0.24,1.24,0.14,0.25,0.22,2.17,0.98,0.18,0.0,0.0,0.0,408,0.0,269,0.0,0.0,0.0,0.01,0.31,0.01,290.0,29.0,1,1,2.0,150,690,10.0,639.3700561523438,704.9470825195312,16.5152530670166,34.47711944580078,213.15,9.0,0,True,False,False,False,False,False,False,False,False,False
1357,1370,0.06,0.24,1.24,0.14,0.25,0.22,2.17,0.98,0.18,0.0,0.0,0.0,408,0.0,269,0.0,0.0,0.0,0.01,0.31,0.01,290.0,29.0,1,1,2.0,150,690,10.0,639.494873046875,705.5284423828125,16.24410629272461,34.49275207519531,233.15,19.0,0,True,False,False,False,False,False,False,False,False,False
1358,1371,0.06,0.24,1.24,0.14,0.25,0.22,2.17,0.98,0.18,0.0,0.0,0.0,408,0.0,269,0.0,0.0,0.0,0.01,0.31,0.01,290.0,29.0,1,1,2.0,150,690,10.0,641.2196655273438,707.4220581054688,16.263050079345703,34.47258758544922,253.15,37.0,0,True,False,False,False,False,False,False,False,False,False
1359,1372,0.06,0.24,1.24,0.14,0.25,0.22,2.17,0.98,0.18,0.0,0.0,0.0,408,0.0,269,0.0,0.0,0.0,0.01,0.31,0.01,290.0,29.0,1,1,2.0,150,690,10.0,641.6026000976562,706.68798828125,16.21392822265625,34.645774841308594,273.15,56.0,0,True,False,False,False,False,False,False,False,False,False
1360,1373,0.06,0.24,1.24,0.14,0.25,0.22,2.17,0.98,0.18,0.0,0.0,0.0,408,0.0,269,0.0,0.0,0.0,0.01,0.31,0.01,290.0,29.0,1,1,2.0,150,690,10.0,641.6026000976562,706.68798828125,16.21392822265625,34.680397033691406,293.15,62.0,0,True,False,False,False,False,False,False,False,False,False
1361,1374,0.06,0.24,1.24,0.14,0.25,0.22,2.17,0.98,0.18,0.0,0.0,0.0,408,0.0,269,0.0,0.0,0.0,0.01,0.31,0.01,290.0,29.0,1,1,2.0,150,690,10.0,641.6026000976562,706.68798828125,16.21392822265625,32.608055114746094,313.15,68.0,0,True,False,False,False,False,False,False,False,False,False
1362,1375,0.06,0.24,1.24,0.14,0.25,0.22,2.17,0.98,0.18,0.0,0.0,0.0,408,0.0,269,0.0,0.0,0.0,0.01,0.31,0.01,290.0,29.0,1,1,2.0,150,690,10.0,643.195068359375,706.68798828125,16.21392822265625,31.398571014404297,333.15,68.0,0,True,False,False,False,False,False,False,False,False,False
1363,1376,0.06,0.24,1.24,0.14,0.25,0.22,2.17,0.98,0.18,0.0,0.0,0.0,408,0.0,269,0.0,0.0,0.0,0.01,0.31,0.01,290.0,29.0,1,1,2.0,150,690,10.0,643.195068359375,706.68798828125,16.21392822265625,31.398571014404297,343.15,71.0,0,True,False,False,False,False,False,False,False,False,False
1364,1377,0.06,0.37,0.82,0.02,0.01,0.09,2.5,0.99,0.01,0.51,0.0,0.0,694,50.0,160,130.0,0.0,0.0,50.0,50.0,9.0,537.222412109375,60.29869842529297,1,1,3.6,177,0,0.0,740.0,901.0,15.0,41.8,,119.6077880859375,4,False,False,False,False,False,False,False,False,False,True
1365,1378,0.06,0.37,0.82,0.02,0.01,0.09,2.5,0.99,0.01,0.51,0.0,0.0,694,50.0,160,130.0,0.0,0.0,50.0,50.0,9.0,537.222412109375,60.29869842529297,1,1,3.6,177,482,4.5,776.0,909.0,16.8,43.0,,121.78346252441406,4,False,False,False,False,False,False,False,False,False,True
1366,1379,0.06,0.37,0.82,0.02,0.01,0.09,2.5,0.99,0.01,0.51,0.0,0.0,694,50.0,160,130.0,0.0,0.0,50.0,50.0,9.0,537.222412109375,60.29869842529297,1,1,3.6,177,593,4.5,719.0,811.0,16.0,44.6,,122.51860809326172,4,False,False,False,False,False,False,False,False,False,True
1367,1380,0.06,0.37,0.82,0.02,0.01,0.09,2.5,0.99,0.01,0.51,0.0,0.0,694,50.0,160,130.0,0.0,0.0,50.0,50.0,9.0,537.222412109375,60.29869842529297,1,1,3.6,177,704,4.5,457.0,569.0,25.8,67.0,,121.94693756103516,4,False,False,False,False,False,False,False,False,False,True
1368,1381,0.13,0.17,0.73,0.0,0.01,0.06,2.3,1.0,0.02,0.08,0.0,0.0,0,9.71,0,140.0,0.0,10.0,4.47,50.0,20.0,450.0,26.0,1,1,2.8,225,690,14.0,437.0,585.0,23.0,64.88924407958984,,160.56683349609375,3,False,False,False,False,False,True,False,False,False,False
1369,1382,0.11,0.27,0.65,0.0,0.01,0.02,2.47,1.12,0.01,0.17,0.0,0.0,0,4.91,0,60.0,0.0,30.0,9.88,30.0,9.67,277.5,27.0,1,1,1.85,175,690,14.0,431.0,570.0,28.0,67.83013153076172,,134.23492431640625,3,False,False,False,False,True,False,False,False,False,False
1370,1383,0.07,0.53,0.58,0.02,0.01,0.0,2.6,1.1,0.0,0.0,0.0,0.0,430,0.0,0,0.0,0.0,0.0,0.0,0.0,0.0,150.0,37.5,1,1,1.0,300,690,3.0,593.0,698.0,17.0,67.0,,96.37667846679688,4,False,False,False,True,False,False,False,False,False,False
1371,1384,0.05,0.45,0.73,0.02,0.02,0.0,2.8,1.1,0.0,0.0,0.0,0.0,460,0.0,0,0.0,0.0,0.0,0.0,0.0,0.0,150.0,37.5,1,1,1.0,300,690,3.0,591.0,705.0,17.0,70.0,,107.6592025756836,4,False,False,False,True,False,False,False,False,False,False
1372,1385,0.05,0.43,0.76,0.02,0.02,0.0,2.8,1.1,0.0,0.0,0.0,0.0,410,0.0,0,0.0,0.0,0.0,0.0,0.0,0.0,150.0,37.5,1,1,1.0,300,690,3.0,614.0,713.0,18.0,67.0,,138.8160858154297,4,False,False,False,True,False,False,False,False,False,False
1373,1386,0.07,0.13,0.94,0.02,0.03,0.0,2.9,1.4,0.0,0.0,0.0,0.0,550,0.0,0,0.0,0.0,0.0,0.0,0.0,0.0,150.0,37.5,1,1,1.0,300,690,3.0,546.0,658.0,18.0,65.0,,152.1407470703125,4,False,False,False,True,False,False,False,False,False,False
1374,1387,0.06,0.2,0.55,0.03,0.03,0.0,1.8,1.2,0.0,0.0,0.0,0.0,730,0.0,0,0.0,0.0,0.0,0.0,0.0,0.0,150.0,37.5,1,1,1.0,300,690,3.0,464.0,578.0,23.0,71.0,,137.85736083984375,4,False,False,False,True,False,False,False,False,False,False
1375,1388,0.12,0.39,0.88,0.02,0.03,0.0,2.5,1.4,0.0,0.0,0.0,0.0,470,0.0,0,0.0,0.0,0.0,0.0,0.0,0.0,150.0,37.5,1,1,1.0,300,690,3.0,646.0,737.0,18.0,63.0,,130.71282958984375,4,False,False,False,True,False,False,False,False,False,False
1376,1389,0.05,0.3,0.84,0.02,0.01,0.0,2.1,1.3,0.0,0.0,0.0,0.0,690,0.0,0,0.0,0.0,0.0,0.0,0.0,0.0,150.0,37.5,1,1,1.0,300,690,3.0,536.0,652.0,20.0,73.0,,130.21005249023438,4,False,False,False,True,False,False,False,False,False,False
1377,1390,0.08,0.35,0.8,0.02,0.02,0.0,2.3,1.5,0.0,0.0,0.0,0.0,550,0.0,0,0.0,0.0,0.0,0.0,0.0,0.0,150.0,37.5,1,1,1.0,300,690,3.0,546.0,648.0,18.0,17.0,,131.5213165283203,4,False,False,False,True,False,False,False,False,False,False
1378,1391,0.06,0.39,0.77,0.03,0.02,0.0,2.4,1.4,0.0,0.0,0.0,0.0,560,0.0,0,0.0,0.0,0.0,0.0,0.0,0.0,150.0,37.5,1,1,1.0,300,690,3.0,581.0,693.0,20.0,69.0,,131.01539611816406,4,False,False,False,True,False,False,False,False,False,False
1379,1392,0.06,0.32,0.27,0.02,0.02,0.0,2.2,1.2,0.0,0.0,0.0,0.0,690,0.0,0,0.0,0.0,0.0,0.0,0.0,0.0,150.0,37.5,1,1,1.0,300,690,3.0,537.0,648.0,22.0,65.0,,135.45431518554688,4,False,False,False,True,False,False,False,False,False,False
1380,1393,0.04,0.34,0.45,0.02,0.02,0.0,2.2,1.4,0.0,0.0,0.0,0.0,580,0.0,0,0.0,0.0,0.0,0.0,0.0,0.0,150.0,37.5,1,1,1.0,300,690,3.0,527.0,635.0,20.0,67.0,,135.58596801757812,4,False,False,False,True,False,False,False,False,False,False
1381,1394,0.07,0.41,0.67,0.02,0.03,0.0,2.5,1.2,0.0,0.0,0.0,0.0,620,0.0,0,0.0,0.0,0.0,0.0,0.0,0.0,150.0,37.5,1,1,1.0,300,690,3.0,561.0,666.0,20.0,68.0,,131.22723388671875,4,False,False,False,True,False,False,False,False,False,False
1382,1395,0.1,0.44,0.8,0.02,0.02,0.0,2.5,1.2,0.0,0.0,0.0,0.0,520,0.0,0,0.0,0.0,0.0,0.0,0.0,0.0,150.0,37.5,1,1,1.0,300,690,3.0,576.0,678.0,17.0,70.0,,130.54788208007812,4,False,False,False,True,False,False,False,False,False,False
1383,1396,0.04,0.04,0.45,0.01,0.02,0.0,2.3,0.0,0.0,0.0,0.0,0.0,1650,0.0,0,0.0,0.0,0.0,0.0,0.0,0.0,150.0,37.5,1,1,1.0,300,690,3.0,392.0,524.0,22.0,67.0,,151.7969512939453,4,False,False,False,True,False,False,False,False,False,False
1384,1397,0.05,0.07,0.48,0.01,0.02,0.0,2.2,0.0,0.0,0.0,0.0,0.0,1440,0.0,0,0.0,0.0,0.0,0.0,0.0,0.0,150.0,37.5,1,1,1.0,300,690,3.0,473.0,578.0,21.0,71.0,,151.92002868652344,4,False,False,False,True,False,False,False,False,False,False
1385,1398,0.05,0.18,0.63,0.02,0.02,0.0,2.0,0.0,0.0,0.0,0.0,0.0,750,0.0,0,0.0,0.0,0.0,0.0,0.0,0.0,150.0,37.5,1,1,1.0,300,690,3.0,543.0,649.0,20.0,71.0,,142.73318481445312,4,False,False,False,True,False,False,False,False,False,False
1386,1399,0.05,0.39,0.78,0.02,0.02,0.0,2.2,1.1,0.0,0.0,0.0,0.0,680,0.0,0,0.0,0.0,0.0,0.0,0.0,0.0,150.0,37.5,1,1,1.0,300,690,3.0,546.0,661.0,20.0,69.0,,132.240966796875,4,False,False,False,True,False,False,False,False,False,False
1387,1400,0.08,0.41,0.77,0.02,0.02,0.0,2.2,1.1,0.0,0.0,0.0,0.0,1150,0.0,0,0.0,0.0,0.0,0.0,0.0,0.0,150.0,37.5,1,1,1.0,300,690,3.0,562.0,669.0,20.0,70.0,,130.2828826904297,4,False,False,False,True,False,False,False,False,False,False
1388,1401,0.04,0.45,0.8,0.01,0.02,0.0,2.4,1.0,0.0,0.0,0.0,0.0,1180,0.0,0,0.0,0.0,0.0,0.0,0.0,0.0,150.0,37.5,1,1,1.0,300,690,3.0,603.0,705.0,19.0,66.0,,96.97425079345703,4,False,False,False,True,False,False,False,False,False,False
1389,1402,0.04,0.55,0.84,0.01,0.02,0.0,2.5,1.0,0.0,0.0,0.0,0.0,1070,0.0,0,0.0,0.0,0.0,0.0,0.0,0.0,150.0,37.5,1,1,1.0,300,690,3.0,619.0,727.0,20.0,66.0,,88.52872467041016,4,False,False,False,True,False,False,False,False,False,False
1390,1403,0.06,0.61,0.93,0.01,0.02,0.0,2.5,1.1,0.0,0.0,0.0,0.0,1020,0.0,0,0.0,0.0,0.0,0.0,0.0,0.0,150.0,37.5,1,1,1.0,300,690,3.0,638.0,736.0,17.0,66.0,,90.05652618408203,4,False,False,False,True,False,False,False,False,False,False
1391,1404,0.09,0.2,1.25,0.01,0.02,0.0,2.4,0.9,0.0,0.0,0.0,0.0,690,0.0,0,0.0,0.0,0.0,0.0,0.0,0.0,150.0,37.5,1,1,1.0,300,690,3.0,594.0,680.0,20.0,66.0,,137.81680297851562,4,False,False,False,True,False,False,False,False,False,False
1392,1405,0.12,0.27,1.27,0.01,0.02,0.0,2.4,0.9,0.0,0.0,0.0,0.0,680,0.0,0,0.0,0.0,0.0,0.0,0.0,0.0,150.0,37.5,1,1,1.0,300,690,3.0,624.931396484375,708.1828002929688,19.80645751953125,63.55113983154297,,130.18975830078125,0,False,False,False,True,False,False,False,False,False,False
1393,1406,0.09,0.39,1.18,0.01,0.02,0.0,2.4,1.0,0.0,0.0,0.0,0.0,570,0.0,0,0.0,0.0,0.0,0.0,0.0,0.0,150.0,37.5,1,1,1.0,300,690,3.0,634.580810546875,718.6312255859375,19.23919105529785,64.2659683227539,,130.45848083496094,0,False,False,False,True,False,False,False,False,False,False
1394,1407,0.11,0.48,1.13,0.02,0.02,0.0,2.4,0.9,0.0,0.0,0.0,0.0,520,0.0,0,0.0,0.0,0.0,0.0,0.0,0.0,150.0,37.5,1,1,1.0,300,690,3.0,650.5741577148438,723.5987548828125,18.213655471801758,62.91728210449219,,95.5801010131836,0,False,False,False,True,False,False,False,False,False,False
1395,1408,0.09,0.59,1.1,0.01,0.02,0.0,2.4,0.8,0.0,0.0,0.0,0.0,540,0.0,0,0.0,0.0,0.0,0.0,0.0,0.0,150.0,37.5,1,1,1.0,300,690,3.0,648.0,743.0,18.0,58.0,,97.25930786132812,4,False,False,False,True,False,False,False,False,False,False
1396,1409,0.05,0.33,0.83,0.02,0.02,0.0,2.3,1.1,0.0,0.0,0.0,0.0,0,0.0,0,0.0,0.0,0.0,0.0,0.0,0.0,150.0,37.5,1,1,1.0,300,690,3.0,563.0341186523438,680.6316528320312,20.335378646850586,67.38428497314453,,126.9790267944336,0,False,False,False,True,False,False,False,False,False,False
1397,1410,0.09,0.3,1.25,0.02,0.02,0.0,2.0,1.1,0.0,0.0,0.0,0.0,0,0.0,0,0.0,0.0,0.0,0.0,0.0,0.0,150.0,37.5,1,1,1.0,300,690,3.0,578.843017578125,661.6364135742188,20.538827896118164,65.81455993652344,,134.91549682617188,0,False,False,False,True,False,False,False,False,False,False
1398,1411,0.06,0.26,0.94,0.01,0.02,0.0,2.3,1.2,0.0,0.0,0.0,0.0,0,0.0,0,0.0,0.0,0.0,0.0,0.0,0.0,150.0,37.5,1,1,1.0,300,690,3.0,553.713623046875,667.562255859375,21.310476303100586,68.10044860839844,,133.63963317871094,0,False,False,False,True,False,False,False,False,False,False
1399,1412,0.05,0.34,0.96,0.02,0.02,0.0,2.4,1.1,0.0,0.0,0.0,0.0,0,0.0,0,0.0,0.0,0.0,0.0,0.0,0.0,150.0,37.5,1,1,1.0,300,690,3.0,590.709716796875,698.502197265625,20.32172203063965,66.42118835449219,,125.75909423828125,0,False,False,False,True,False,False,False,False,False,False
1400,1413,0.05,0.27,0.94,0.01,0.02,0.0,2.3,1.3,0.0,0.0,0.0,0.0,0,0.0,0,0.0,0.0,0.0,0.0,0.0,0.0,150.0,37.5,1,1,1.0,300,690,3.0,556.556640625,666.7581176757812,21.326515197753906,68.52118682861328,,128.83868408203125,0,False,False,False,True,False,False,False,False,False,False
1401,1414,0.05,0.3,1.0,0.01,0.02,0.0,2.2,1.1,0.0,0.0,0.0,0.0,0,0.0,0,0.0,0.0,0.0,0.0,0.0,0.0,150.0,37.5,1,1,1.0,300,690,3.0,562.9459838867188,667.7801513671875,21.36640739440918,68.26924133300781,,130.92828369140625,0,False,False,False,True,False,False,False,False,False,False
1402,1415,0.08,0.25,0.8,0.01,0.01,0.03,2.3,1.05,0.01,0.02,0.0,0.0,0,0.0,0,0.0,0.0,0.0,0.0,0.0,0.0,525.0,30.0,1,1,1.75,210,700,20.0,507.0,613.0,23.63604736328125,65.02400207519531,,160.989990234375,2,False,False,False,False,False,False,True,False,False,False
1403,1416,0.08,0.25,0.8,0.01,0.01,0.03,2.3,1.05,0.01,0.02,0.0,0.0,0,0.0,0,0.0,0.0,0.0,0.0,0.0,0.0,525.0,30.0,1,1,1.75,210,700,20.0,511.8728332519531,614.5130615234375,23.57745933532715,64.21477508544922,293.15,231.0,0,False,False,False,False,False,False,True,False,False,False
1404,1417,0.08,0.25,0.8,0.01,0.01,0.03,2.3,1.05,0.01,0.02,0.0,0.0,0,0.0,0,0.0,0.0,0.0,0.0,0.0,0.0,525.0,30.0,1,1,1.75,210,700,20.0,511.8728332519531,614.5130615234375,23.727487564086914,65.34906005859375,263.15,197.0,0,False,False,False,False,False,False,True,False,False,False
1405,1418,0.08,0.25,0.8,0.01,0.01,0.03,2.3,1.05,0.01,0.02,0.0,0.0,0,0.0,0,0.0,0.0,0.0,0.0,0.0,0.0,525.0,30.0,1,1,1.75,210,700,20.0,510.85931396484375,614.4390869140625,23.808855056762695,65.35648345947266,243.15,170.0,0,False,False,False,False,False,False,True,False,False,False
1406,1419,0.08,0.25,0.8,0.01,0.01,0.03,2.3,1.05,0.01,0.02,0.0,0.0,0,0.0,0,0.0,0.0,0.0,0.0,0.0,0.0,525.0,30.0,1,1,1.75,210,700,20.0,527.0,627.0,23.63604736328125,65.02400207519531,,160.989990234375,2,False,False,False,False,False,False,True,False,False,False
1407,1420,0.08,0.25,0.8,0.01,0.01,0.03,2.3,1.05,0.01,0.02,0.0,0.0,0,0.0,0,0.0,0.0,0.0,0.0,0.0,0.0,525.0,30.0,1,1,1.75,210,700,20.0,511.8728332519531,614.5130615234375,23.57745933532715,64.21477508544922,293.15,224.0,0,False,False,False,False,False,False,True,False,False,False
1408,1421,0.08,0.25,0.8,0.01,0.01,0.03,2.3,1.05,0.01,0.02,0.0,0.0,0,0.0,0,0.0,0.0,0.0,0.0,0.0,0.0,525.0,30.0,1,1,1.75,210,700,20.0,511.8728332519531,614.5130615234375,23.727487564086914,65.34906005859375,263.15,203.0,0,False,False,False,False,False,False,True,False,False,False
1409,1422,0.08,0.25,0.8,0.01,0.01,0.03,2.3,1.05,0.01,0.02,0.0,0.0,0,0.0,0,0.0,0.0,0.0,0.0,0.0,0.0,525.0,30.0,1,1,1.75,210,700,20.0,510.85931396484375,614.4390869140625,23.808855056762695,65.35648345947266,243.15,171.0,0,False,False,False,False,False,False,True,False,False,False
1410,1423,0.08,0.25,0.8,0.01,0.01,0.03,2.3,1.05,0.01,0.02,0.0,0.0,0,0.0,0,0.0,0.0,0.0,0.0,0.0,0.0,525.0,30.0,1,1,1.75,210,700,20.0,515.0,616.0,23.63604736328125,65.02400207519531,,160.989990234375,2,False,False,False,False,False,False,True,False,False,False
1411,1424,0.08,0.25,0.8,0.01,0.01,0.03,2.3,1.05,0.01,0.02,0.0,0.0,0,0.0,0,0.0,0.0,0.0,0.0,0.0,0.0,525.0,30.0,1,1,1.75,210,700,20.0,511.8728332519531,614.5130615234375,23.57745933532715,64.21477508544922,293.15,227.0,0,False,False,False,False,False,False,True,False,False,False
1412,1425,0.08,0.25,0.8,0.01,0.01,0.03,2.3,1.05,0.01,0.02,0.0,0.0,0,0.0,0,0.0,0.0,0.0,0.0,0.0,0.0,525.0,30.0,1,1,1.75,210,700,20.0,511.8728332519531,614.5130615234375,23.727487564086914,65.34906005859375,263.15,175.0,0,False,False,False,False,False,False,True,False,False,False
1413,1426,0.08,0.25,0.8,0.01,0.01,0.03,2.3,1.05,0.01,0.02,0.0,0.0,0,0.0,0,0.0,0.0,0.0,0.0,0.0,0.0,525.0,30.0,1,1,1.75,210,700,20.0,510.85931396484375,614.4390869140625,23.808855056762695,65.35648345947266,243.15,152.0,0,False,False,False,False,False,False,True,False,False,False
1414,1427,0.08,0.25,0.8,0.01,0.01,0.03,2.3,1.05,0.01,0.02,0.0,0.0,0,0.0,0,0.0,0.0,0.0,0.0,0.0,0.0,525.0,30.0,1,1,1.75,210,700,20.0,509.0,610.0,23.63604736328125,65.02400207519531,,160.989990234375,2,False,False,False,False,False,False,True,False,False,False
1415,1428,0.08,0.25,0.8,0.01,0.01,0.03,2.3,1.05,0.01,0.02,0.0,0.0,0,0.0,0,0.0,0.0,0.0,0.0,0.0,0.0,525.0,30.0,1,1,1.75,210,700,20.0,511.8728332519531,614.5130615234375,23.57745933532715,64.21477508544922,293.15,221.0,0,False,False,False,False,False,False,True,False,False,False
1416,1429,0.08,0.25,0.8,0.01,0.01,0.03,2.3,1.05,0.01,0.02,0.0,0.0,0,0.0,0,0.0,0.0,0.0,0.0,0.0,0.0,525.0,30.0,1,1,1.75,210,700,20.0,511.8728332519531,614.5130615234375,23.54817771911621,61.83560562133789,461.15,141.0,0,False,False,False,False,False,False,True,False,False,False
1417,1430,0.08,0.25,0.8,0.01,0.01,0.03,2.3,1.05,0.01,0.02,0.0,0.0,0,0.0,0,0.0,0.0,0.0,0.0,0.0,0.0,525.0,30.0,1,1,1.75,210,700,20.0,510.85931396484375,614.4390869140625,23.808855056762695,65.35648345947266,243.15,141.0,0,False,False,False,False,False,False,True,False,False,False
1418,1431,0.08,0.25,0.8,0.01,0.01,0.03,2.3,1.05,0.01,0.02,0.0,0.0,0,0.0,0,0.0,0.0,0.0,0.0,0.0,0.0,525.0,30.0,1,1,1.75,210,700,20.0,504.0,612.0,23.63604736328125,65.02400207519531,,160.989990234375,2,False,False,False,False,False,False,True,False,False,False
1419,1432,0.08,0.25,0.8,0.01,0.01,0.03,2.3,1.05,0.01,0.02,0.0,0.0,0,0.0,0,0.0,0.0,0.0,0.0,0.0,0.0,525.0,30.0,1,1,1.75,210,700,20.0,511.8728332519531,614.5130615234375,23.57745933532715,64.21477508544922,293.15,233.0,0,False,False,False,False,False,False,True,False,False,False
1420,1433,0.08,0.25,0.8,0.01,0.01,0.03,2.3,1.05,0.01,0.02,0.0,0.0,0,0.0,0,0.0,0.0,0.0,0.0,0.0,0.0,525.0,30.0,1,1,1.75,210,700,20.0,511.8728332519531,614.5130615234375,23.727487564086914,65.34906005859375,263.15,199.0,0,False,False,False,False,False,False,True,False,False,False
1421,1434,0.08,0.25,0.8,0.01,0.01,0.03,2.3,1.05,0.01,0.02,0.0,0.0,0,0.0,0,0.0,0.0,0.0,0.0,0.0,0.0,525.0,30.0,1,1,1.75,210,700,20.0,510.85931396484375,614.4390869140625,23.808855056762695,65.35648345947266,243.15,170.0,0,False,False,False,False,False,False,True,False,False,False
1422,1435,0.03,0.55,0.88,0.01,0.01,0.0,2.06,1.08,0.0,0.0,0.0,0.0,0,0.0,0,0.0,0.0,0.0,0.0,0.0,0.0,545.0,32.0,1,1,3.7,200,720,3.5,315.0,500.0,25.615087509155273,68.6532974243164,,105.66686248779297,2,False,False,False,False,False,False,True,False,False,False
1423,1436,0.03,0.55,0.88,0.01,0.01,0.0,2.06,1.08,0.0,0.0,0.0,0.0,0,0.0,0,0.0,0.0,0.0,0.0,0.0,0.0,545.0,32.0,1,1,3.7,200,720,3.5,350.0,530.0,25.615087509155273,68.6532974243164,,105.66686248779297,2,False,False,False,False,False,False,True,False,False,False
1424,1437,0.1,0.35,0.9,0.01,0.02,0.0,0.0,0.0,0.0,0.0,0.0,0.0,269,0.0,54,170.0,0.0,0.0,0.0,0.0,0.0,450.0,30.0,1,1,2.025,250,200,1.0,408.0,501.0,32.6,77.0,,140.17648315429688,4,False,False,False,False,False,False,True,False,False,False
1425,1438,0.1,0.35,0.9,0.01,0.02,0.0,0.0,0.0,0.0,0.0,0.0,0.0,269,0.0,54,170.0,0.0,0.0,0.0,0.0,0.0,450.0,30.0,1,1,2.025,250,200,1.0,394.0,496.0,34.2,78.0,,140.17648315429688,4,False,False,False,False,False,False,True,False,False,False
1426,1439,0.09,0.32,0.86,0.01,0.02,0.0,0.0,0.0,0.0,0.0,0.0,0.0,236,0.0,54,180.0,0.0,0.0,0.0,0.0,0.0,550.0,30.0,1,1,2.475,250,200,1.0,390.0,486.0,33.0,76.0,,136.77330017089844,4,False,False,False,False,False,False,True,False,False,False
1427,1440,0.09,0.32,0.86,0.01,0.02,0.0,0.0,0.0,0.0,0.0,0.0,0.0,236,0.0,54,180.0,0.0,0.0,0.0,0.0,0.0,550.0,30.0,1,1,2.475,250,200,1.0,388.0,482.0,31.8,75.0,,136.77330017089844,4,False,False,False,False,False,False,True,False,False,False
1428,1441,0.1,0.3,0.8,0.01,0.01,0.0,0.0,0.0,0.0,0.0,0.0,0.0,265,0.0,47,170.0,0.0,0.0,0.0,0.0,0.0,650.0,30.0,1,1,2.925,250,200,1.0,370.0,481.0,33.6,76.0,,137.4730682373047,4,False,False,False,False,False,False,True,False,False,False
1429,1442,0.1,0.3,0.8,0.01,0.01,0.0,0.0,0.0,0.0,0.0,0.0,0.0,265,0.0,47,170.0,0.0,0.0,0.0,0.0,0.0,650.0,30.0,1,1,2.925,250,200,1.0,379.0,490.0,32.2,77.0,,137.4730682373047,4,False,False,False,False,False,False,True,False,False,False
1430,1443,0.1,0.28,0.82,0.01,0.01,0.0,0.0,0.0,0.0,0.0,0.0,0.0,258,0.0,45,200.0,0.0,0.0,0.0,0.0,0.0,900.0,33.0,1,1,4.8,100,200,1.0,337.0,477.0,32.6,71.0,,115.2859878540039,4,False,False,False,False,False,False,True,False,False,False
1431,1444,0.1,0.28,0.82,0.01,0.01,0.0,0.0,0.0,0.0,0.0,0.0,0.0,258,0.0,45,200.0,0.0,0.0,0.0,0.0,0.0,900.0,33.0,1,1,4.8,100,200,1.0,356.0,483.0,32.3,72.0,,115.2859878540039,4,False,False,False,False,False,False,True,False,False,False
1432,1445,0.09,0.35,1.38,0.0,0.02,0.0,0.0,0.0,0.0,0.0,0.0,0.0,268,0.0,109,200.0,0.0,0.0,0.0,0.0,0.0,450.0,30.0,1,1,2.025,250,200,1.0,456.0,563.0,30.2,75.0,,136.16392517089844,4,False,False,False,False,False,False,True,False,False,False
1433,1446,0.09,0.35,1.38,0.0,0.02,0.0,0.0,0.0,0.0,0.0,0.0,0.0,268,0.0,109,200.0,0.0,0.0,0.0,0.0,0.0,450.0,30.0,1,1,2.025,250,200,1.0,458.0,567.0,29.6,74.0,,136.16392517089844,4,False,False,False,False,False,False,True,False,False,False
1434,1447,0.09,0.32,1.36,0.0,0.02,0.0,0.0,0.0,0.0,0.0,0.0,0.0,237,0.0,85,180.0,0.0,0.0,0.0,0.0,0.0,550.0,30.0,1,1,2.475,250,200,1.0,428.0,539.0,28.0,75.0,,130.62904357910156,4,False,False,False,False,False,False,True,False,False,False
1435,1448,0.09,0.32,1.36,0.0,0.02,0.0,0.0,0.0,0.0,0.0,0.0,0.0,237,0.0,85,180.0,0.0,0.0,0.0,0.0,0.0,550.0,30.0,1,1,2.475,250,200,1.0,436.0,544.0,29.4,75.0,,130.62904357910156,4,False,False,False,False,False,False,True,False,False,False
1436,1449,0.09,0.31,1.33,0.0,0.02,0.0,0.0,0.0,0.0,0.0,0.0,0.0,252,0.0,84,170.0,0.0,0.0,0.0,0.0,0.0,650.0,30.0,1,1,2.925,250,200,1.0,439.0,543.0,28.8,75.0,,132.95738220214844,4,False,False,False,False,False,False,True,False,False,False
1437,1450,0.09,0.31,1.33,0.0,0.02,0.0,0.0,0.0,0.0,0.0,0.0,0.0,252,0.0,84,170.0,0.0,0.0,0.0,0.0,0.0,650.0,30.0,1,1,2.925,250,200,1.0,430.0,541.0,31.4,73.0,,132.95738220214844,4,False,False,False,False,False,False,True,False,False,False
1438,1451,0.09,0.33,1.19,0.01,0.02,0.0,0.0,0.0,0.0,0.0,0.0,0.0,234,0.0,78,200.0,0.0,0.0,0.0,0.0,0.0,900.0,33.0,1,1,4.8,100,200,1.0,402.07110595703125,539.0,27.1,67.0,,107.94791412353516,3,False,False,False,False,False,False,True,False,False,False
1439,1452,0.09,0.33,1.19,0.01,0.02,0.0,0.0,0.0,0.0,0.0,0.0,0.0,234,0.0,78,200.0,0.0,0.0,0.0,0.0,0.0,900.0,33.0,1,1,4.8,100,200,1.0,413.0,540.0,28.6,69.0,,107.94791412353516,4,False,False,False,False,False,False,True,False,False,False
1440,1453,0.08,0.47,1.31,0.01,0.02,0.0,0.0,0.0,0.0,0.0,0.0,0.0,465,0.0,49,190.0,0.0,0.0,0.0,0.0,0.0,450.0,30.0,1,1,2.025,250,200,1.0,405.0,497.0,31.6,76.0,,96.10691833496094,4,False,False,False,False,False,False,True,False,False,False
1441,1454,0.08,0.47,1.31,0.01,0.02,0.0,0.0,0.0,0.0,0.0,0.0,0.0,465,0.0,49,190.0,0.0,0.0,0.0,0.0,0.0,450.0,30.0,1,1,2.025,250,200,1.0,404.0,503.0,32.0,77.0,,96.10691833496094,4,False,False,False,False,False,False,True,False,False,False
1442,1455,0.08,0.44,1.24,0.01,0.02,0.0,0.0,0.0,0.0,0.0,0.0,0.0,479,0.0,61,220.0,0.0,0.0,0.0,0.0,0.0,550.0,30.0,1,1,2.475,250,200,1.0,383.0,487.0,32.4,77.0,,127.59383392333984,4,False,False,False,False,False,False,True,False,False,False
1443,1456,0.08,0.44,1.24,0.01,0.02,0.0,0.0,0.0,0.0,0.0,0.0,0.0,479,0.0,61,220.0,0.0,0.0,0.0,0.0,0.0,550.0,30.0,1,1,2.475,250,200,1.0,394.0,490.0,31.6,75.0,,127.59383392333984,4,False,False,False,False,False,False,True,False,False,False
1444,1457,0.08,0.36,1.02,0.01,0.01,0.0,0.0,0.0,0.0,0.0,0.0,0.0,513,0.0,51,230.0,0.0,0.0,0.0,0.0,0.0,650.0,30.0,1,1,2.925,250,200,1.0,386.0,483.0,30.8,74.0,,136.19570922851562,4,False,False,False,False,False,False,True,False,False,False
1445,1458,0.08,0.36,1.02,0.01,0.01,0.0,0.0,0.0,0.0,0.0,0.0,0.0,513,0.0,51,230.0,0.0,0.0,0.0,0.0,0.0,650.0,30.0,1,1,2.925,250,200,1.0,378.0,477.0,31.0,75.0,,136.19570922851562,4,False,False,False,False,False,False,True,False,False,False
1446,1459,0.08,0.44,1.61,0.01,0.02,0.0,0.0,0.0,0.0,0.0,0.0,0.0,434,0.0,105,180.0,0.0,0.0,0.0,0.0,0.0,450.0,30.0,1,1,2.025,250,200,1.0,456.0,567.0,27.6,73.0,,124.57412719726562,4,False,False,False,False,False,False,True,False,False,False
1447,1460,0.08,0.44,1.61,0.01,0.02,0.0,0.0,0.0,0.0,0.0,0.0,0.0,434,0.0,105,180.0,0.0,0.0,0.0,0.0,0.0,450.0,30.0,1,1,2.025,250,200,1.0,455.0,563.0,29.4,73.0,,124.57412719726562,4,False,False,False,False,False,False,True,False,False,False
1448,1461,0.07,0.4,1.55,0.01,0.02,0.0,0.0,0.0,0.0,0.0,0.0,0.0,423,0.0,81,200.0,0.0,0.0,0.0,0.0,0.0,550.0,30.0,1,1,2.475,250,200,1.0,439.0,549.0,28.8,71.0,,123.25292205810547,4,False,False,False,False,False,False,True,False,False,False
1449,1462,0.07,0.4,1.55,0.01,0.02,0.0,0.0,0.0,0.0,0.0,0.0,0.0,423,0.0,81,200.0,0.0,0.0,0.0,0.0,0.0,550.0,30.0,1,1,2.475,250,200,1.0,442.0,547.0,28.2,73.0,,123.25292205810547,4,False,False,False,False,False,False,True,False,False,False
1450,1463,0.03,0.55,1.08,0.01,0.01,0.0,0.0,0.0,0.0,0.0,0.0,0.0,342,0.0,72,20.0,0.0,0.0,0.0,0.0,0.0,190.0,23.0,1,1,1.0925,250,200,1.0,437.0,509.0,31.4,80.0,,100.00762176513672,4,False,False,False,True,False,False,False,False,False,False
1451,1464,0.06,0.53,1.01,0.01,0.01,0.0,0.0,0.0,0.0,0.0,0.0,0.0,307,0.0,79,10.0,0.0,0.0,0.0,0.0,0.0,190.0,23.0,1,1,1.0925,250,200,1.0,449.0,525.0,30.6,78.0,,109.90775299072266,4,False,False,False,True,False,False,False,False,False,False
1452,1465,0.08,0.58,1.15,0.01,0.01,0.0,0.0,0.0,0.0,0.0,0.0,0.0,310,0.0,52,10.0,0.0,0.0,0.0,0.0,0.0,190.0,23.0,1,1,1.0925,250,200,1.0,492.0,573.0,27.6,75.0,,107.27531433105469,4,False,False,False,True,False,False,False,False,False,False
1453,1466,0.1,0.55,1.02,0.01,0.01,0.0,0.0,0.0,0.0,0.0,0.0,0.0,262,0.0,62,10.0,0.0,0.0,0.0,0.0,0.0,190.0,23.0,1,1,1.0925,250,200,1.0,507.0,575.0,27.6,73.0,,108.75174713134766,4,False,False,False,True,False,False,False,False,False,False
1454,1467,0.07,0.39,1.55,0.01,0.02,0.0,0.0,0.0,0.0,0.0,0.0,0.0,463,0.0,72,220.0,0.0,0.0,0.0,0.0,0.0,650.0,30.0,1,1,2.925,250,200,1.0,435.0,546.0,27.0,73.0,,126.37921142578125,4,False,False,False,False,False,False,True,False,False,False
1455,1468,0.07,0.39,1.55,0.01,0.02,0.0,0.0,0.0,0.0,0.0,0.0,0.0,463,0.0,72,220.0,0.0,0.0,0.0,0.0,0.0,650.0,30.0,1,1,2.925,250,200,1.0,441.0,553.0,28.4,72.0,,126.37921142578125,4,False,False,False,False,False,False,True,False,False,False
1456,1469,0.07,0.9,1.2,0.02,0.02,0.0,0.0,0.0,0.0,0.0,0.0,0.0,789,0.0,27,270.0,0.0,0.0,0.0,0.0,0.0,450.0,30.0,1,1,2.025,250,200,1.0,473.0,582.0,26.8,70.0,,94.7929916381836,4,False,False,False,False,False,False,True,False,False,False
1457,1470,0.07,0.9,1.2,0.02,0.02,0.0,0.0,0.0,0.0,0.0,0.0,0.0,789,0.0,27,270.0,0.0,0.0,0.0,0.0,0.0,450.0,30.0,1,1,2.025,250,200,1.0,490.0,581.0,28.0,70.0,,94.7929916381836,4,False,False,False,False,False,False,True,False,False,False
1458,1471,0.07,0.8,1.12,0.02,0.02,0.0,0.0,0.0,0.0,0.0,0.0,0.0,774,0.0,26,330.0,0.0,0.0,0.0,0.0,0.0,550.0,30.0,1,1,2.475,250,200,1.0,469.0,561.0,29.0,69.0,,95.03675079345703,4,False,False,False,False,False,False,True,False,False,False
1459,1472,0.07,0.8,1.12,0.02,0.02,0.0,0.0,0.0,0.0,0.0,0.0,0.0,774,0.0,26,330.0,0.0,0.0,0.0,0.0,0.0,550.0,30.0,1,1,2.475,250,200,1.0,455.0,558.0,28.2,69.0,,95.03675079345703,4,False,False,False,False,False,False,True,False,False,False
1460,1473,0.06,0.68,1.0,0.02,0.02,0.0,0.0,0.0,0.0,0.0,0.0,0.0,821,0.0,27,400.0,0.0,0.0,0.0,0.0,0.0,650.0,30.0,1,1,2.925,250,200,1.0,449.0,540.0,26.8,66.0,,96.67562103271484,4,False,False,False,False,False,False,True,False,False,False
1461,1474,0.06,0.68,1.0,0.02,0.02,0.0,0.0,0.0,0.0,0.0,0.0,0.0,821,0.0,27,400.0,0.0,0.0,0.0,0.0,0.0,650.0,30.0,1,1,2.925,250,200,1.0,453.0,543.0,26.8,65.0,,96.67562103271484,4,False,False,False,False,False,False,True,False,False,False
1462,1475,0.07,1.14,1.45,0.02,0.03,0.0,0.0,0.0,0.0,0.0,0.0,0.0,699,0.0,37,230.0,0.0,0.0,0.0,0.0,0.0,450.0,30.0,1,1,2.025,250,200,1.0,530.0,636.0,26.6,64.0,,94.4598159790039,4,False,False,False,False,False,False,True,False,False,False
1463,1476,0.07,1.14,1.45,0.02,0.03,0.0,0.0,0.0,0.0,0.0,0.0,0.0,699,0.0,37,230.0,0.0,0.0,0.0,0.0,0.0,450.0,30.0,1,1,2.025,250,200,1.0,530.0,633.0,26.6,65.0,,94.4598159790039,4,False,False,False,False,False,False,True,False,False,False
1464,1477,0.06,0.95,1.33,0.01,0.02,0.0,0.0,0.0,0.0,0.0,0.0,0.0,765,0.0,42,280.0,0.0,0.0,0.0,0.0,0.0,550.0,30.0,1,1,2.475,250,200,1.0,516.0,613.0,23.6,63.0,,98.15174102783203,4,False,False,False,False,False,False,True,False,False,False
1465,1478,0.06,0.95,1.33,0.01,0.02,0.0,0.0,0.0,0.0,0.0,0.0,0.0,765,0.0,42,280.0,0.0,0.0,0.0,0.0,0.0,550.0,30.0,1,1,2.475,250,200,1.0,516.0,619.0,26.0,62.0,,98.15174102783203,4,False,False,False,False,False,False,True,False,False,False
1466,1479,0.07,0.76,1.14,0.02,0.02,0.0,0.0,0.0,0.0,0.0,0.0,0.0,711,0.0,46,350.0,0.0,0.0,0.0,0.0,0.0,650.0,30.0,1,1,2.925,250,200,1.0,481.0,577.0,27.8,65.0,,94.9902114868164,4,False,False,False,False,False,False,True,False,False,False
1467,1480,0.07,0.76,1.14,0.02,0.02,0.0,0.0,0.0,0.0,0.0,0.0,0.0,711,0.0,46,350.0,0.0,0.0,0.0,0.0,0.0,650.0,30.0,1,1,2.925,250,200,1.0,479.0,581.0,26.2,65.0,,94.9902114868164,4,False,False,False,False,False,False,True,False,False,False
1468,1481,0.07,1.08,1.71,0.02,0.03,0.0,0.0,0.0,0.0,0.0,0.0,0.0,609,0.0,65,320.0,0.0,0.0,0.0,0.0,0.0,450.0,30.0,1,1,2.025,250,200,1.0,592.0,690.0,23.4,51.0,,96.21358489990234,4,False,False,False,False,False,False,True,False,False,False
1469,1482,0.07,1.08,1.71,0.02,0.03,0.0,0.0,0.0,0.0,0.0,0.0,0.0,609,0.0,65,320.0,0.0,0.0,0.0,0.0,0.0,450.0,30.0,1,1,2.025,250,200,1.0,584.0,686.0,21.0,47.0,,96.21358489990234,4,False,False,False,False,False,False,True,False,False,False
1470,1483,0.07,0.84,1.53,0.01,0.02,0.0,0.0,0.0,0.0,0.0,0.0,0.0,720,0.0,72,310.0,0.0,0.0,0.0,0.0,0.0,550.0,30.0,1,1,2.475,250,200,1.0,560.0,652.0,25.0,56.0,,95.77225494384766,4,False,False,False,False,False,False,True,False,False,False
1471,1484,0.07,0.84,1.53,0.01,0.02,0.0,0.0,0.0,0.0,0.0,0.0,0.0,720,0.0,72,310.0,0.0,0.0,0.0,0.0,0.0,550.0,30.0,1,1,2.475,250,200,1.0,577.0,651.0,22.8,54.0,,95.77225494384766,4,False,False,False,False,False,False,True,False,False,False
1472,1485,0.08,0.64,1.43,0.01,0.02,0.0,0.0,0.0,0.0,0.0,0.0,0.0,646,0.0,75,330.0,0.0,0.0,0.0,0.0,0.0,650.0,30.0,1,1,2.925,250,200,1.0,516.0,613.0,25.4,59.0,,95.0627670288086,4,False,False,False,False,False,False,True,False,False,False
1473,1486,0.08,0.64,1.43,0.01,0.02,0.0,0.0,0.0,0.0,0.0,0.0,0.0,646,0.0,75,330.0,0.0,0.0,0.0,0.0,0.0,650.0,30.0,1,1,2.925,250,200,1.0,520.0,617.0,24.0,58.0,,95.0627670288086,4,False,False,False,False,False,False,True,False,False,False
1474,1487,0.07,0.34,0.64,0.01,0.01,0.0,0.0,0.0,0.0,0.0,0.0,0.0,450,7.0,63,4.83,4.57,4.86,0.0,0.0,0.0,170.2316436767578,21.607946395874023,1,1,1.0,200,250,14.0,404.0,494.0,32.4,76.0,,116.01598358154297,4,False,False,False,True,False,False,False,False,False,False
1475,1488,0.07,0.34,0.64,0.01,0.01,0.0,0.0,0.0,0.0,0.0,0.0,0.0,450,7.0,63,5.0,2.2,2.69,0.0,0.0,0.0,170.2316436767578,21.607946395874023,1,1,1.0,200,250,14.0,387.9704284667969,469.0771789550781,32.81232452392578,78.10652160644531,227.15,100.0,0,False,False,False,True,False,False,False,False,False,False
1476,1489,0.07,0.34,0.64,0.01,0.01,0.0,0.0,0.0,0.0,0.0,0.0,0.0,450,7.0,63,4.7,4.99,4.68,0.0,0.0,0.0,170.2316436767578,21.607946395874023,1,1,1.0,200,250,14.0,373.51605224609375,466.15264892578125,32.23551559448242,78.03691864013672,203.15,28.0,0,False,False,False,True,False,False,False,False,False,False
1477,1490,0.06,0.3,0.63,0.01,0.01,0.92,0.0,0.0,0.0,0.0,0.0,0.0,473,5.0,70,4.67,2.58,4.71,0.0,0.0,0.0,170.2316436767578,21.607946395874023,1,1,1.0,200,250,14.0,423.0,501.0,31.8,77.0,,119.3065414428711,4,False,False,False,True,False,False,False,False,False,False
1478,1491,0.06,0.3,0.63,0.01,0.01,0.92,0.0,0.0,0.0,0.0,0.0,0.0,473,5.0,70,4.79,4.98,4.6,0.0,0.0,0.0,170.2316436767578,21.607946395874023,1,1,1.0,200,250,14.0,383.3866882324219,475.6030578613281,30.697927474975586,75.99483489990234,210.15,100.0,0,False,False,False,True,False,False,False,False,False,False
1479,1492,0.06,0.3,0.63,0.01,0.01,0.92,0.0,0.0,0.0,0.0,0.0,0.0,473,5.0,70,4.91,4.92,4.69,0.0,0.0,0.0,170.2316436767578,21.607946395874023,1,1,1.0,200,250,14.0,387.0729675292969,477.07305908203125,30.778047561645508,75.98905181884766,185.15,28.0,0,False,False,False,True,False,False,False,False,False,False
1480,1493,0.06,0.26,0.61,0.01,0.01,2.14,0.0,0.0,0.0,0.0,0.0,0.0,488,5.0,86,4.52,2.87,4.78,0.0,0.0,0.0,170.2316436767578,21.607946395874023,1,1,1.0,200,250,14.0,443.0,528.0,32.4,76.0,,113.92303466796875,4,False,False,False,True,False,False,False,False,False,False
1481,1494,0.06,0.26,0.61,0.01,0.01,2.14,0.0,0.0,0.0,0.0,0.0,0.0,488,5.0,86,4.71,4.87,4.89,0.0,0.0,0.0,170.2316436767578,21.607946395874023,1,1,1.0,200,250,14.0,410.5130920410156,517.5508422851562,27.497848510742188,74.89713287353516,208.15,100.0,0,False,False,False,True,False,False,False,False,False,False
1482,1495,0.06,0.26,0.61,0.01,0.01,2.14,0.0,0.0,0.0,0.0,0.0,0.0,488,5.0,86,4.76,4.81,4.61,0.0,0.0,0.0,170.2316436767578,21.607946395874023,1,1,1.0,200,250,14.0,414.34423828125,517.0159912109375,28.4959716796875,75.25385284423828,178.14999999999998,28.0,0,False,False,False,True,False,False,False,False,False,False
1483,1496,0.06,0.29,0.62,0.01,0.01,3.01,0.0,0.0,0.0,0.0,0.0,0.0,500,6.0,72,2.65,4.59,4.74,0.0,0.0,0.0,170.2316436767578,21.607946395874023,1,1,1.0,200,250,14.0,457.0,543.0,27.6,77.0,,118.54088592529297,4,False,False,False,True,False,False,False,False,False,False
1484,1497,0.06,0.29,0.62,0.01,0.01,3.01,0.0,0.0,0.0,0.0,0.0,0.0,500,6.0,72,4.83,2.76,2.49,0.0,0.0,0.0,170.2316436767578,21.607946395874023,1,1,1.0,200,250,14.0,438.9807434082031,535.514892578125,29.49839210510254,68.35626983642578,208.15,100.0,0,False,False,False,True,False,False,False,False,False,False
1485,1498,0.06,0.29,0.62,0.01,0.01,3.01,0.0,0.0,0.0,0.0,0.0,0.0,500,6.0,72,4.72,2.68,4.81,0.0,0.0,0.0,170.2316436767578,21.607946395874023,1,1,1.0,200,250,14.0,435.15411376953125,533.8453979492188,29.43594741821289,68.56673431396484,175.14999999999998,28.0,0,False,False,False,True,False,False,False,False,False,False
1486,1499,0.07,0.31,0.66,0.01,0.01,0.0,0.0,0.24,0.0,0.0,0.0,0.0,430,5.0,79,4.69,3.08,4.79,0.0,0.0,0.0,170.2316436767578,21.607946395874023,1,1,1.0,200,250,14.0,433.0,518.0,26.0,78.9,,114.99640655517578,4,False,False,False,True,False,False,False,False,False,False
1487,1500,0.07,0.31,0.66,0.01,0.01,0.0,0.0,0.24,0.0,0.0,0.0,0.0,430,5.0,79,4.88,4.75,4.74,0.0,0.0,0.0,170.2316436767578,21.607946395874023,1,1,1.0,200,250,14.0,440.07342529296875,499.3642272949219,28.350955963134766,77.44131469726562,212.15,100.0,0,False,False,False,True,False,False,False,False,False,False
1488,1501,0.07,0.31,0.66,0.01,0.01,0.0,0.0,0.24,0.0,0.0,0.0,0.0,430,5.0,79,4.75,4.75,4.76,0.0,0.0,0.0,170.2316436767578,21.607946395874023,1,1,1.0,200,250,14.0,436.1133728027344,496.4926452636719,28.143251419067383,77.09622192382812,186.15,28.0,0,False,False,False,True,False,False,False,False,False,False
1489,1502,0.07,0.34,0.66,0.01,0.01,0.0,0.0,0.5,0.0,0.0,0.0,0.0,454,5.0,75,4.77,2.48,4.76,0.0,0.0,0.0,170.2316436767578,21.607946395874023,1,1,1.0,200,250,14.0,470.0,559.0,24.6,75.0,,118.02804565429688,4,False,False,False,True,False,False,False,False,False,False
1490,1503,0.07,0.34,0.66,0.01,0.01,0.0,0.0,0.5,0.0,0.0,0.0,0.0,454,5.0,75,4.83,4.7,2.1,0.0,0.0,0.0,170.2316436767578,21.607946395874023,1,1,1.0,200,250,14.0,467.3675231933594,569.1044921875,25.08014678955078,75.16532135009766,231.15,100.0,0,False,False,False,True,False,False,False,False,False,False
1491,1504,0.07,0.34,0.66,0.01,0.01,0.0,0.0,0.5,0.0,0.0,0.0,0.0,454,5.0,75,3.19,4.93,4.67,0.0,0.0,0.0,170.2316436767578,21.607946395874023,1,1,1.0,200,250,14.0,459.11431884765625,559.2727661132812,26.089567184448242,75.54242706298828,197.15,28.0,0,False,False,False,True,False,False,False,False,False,False
1492,1505,0.08,0.3,0.63,0.01,0.01,0.0,0.0,1.03,0.0,0.0,0.0,0.0,438,5.0,80,4.97,4.64,2.22,0.0,0.0,0.0,170.2316436767578,21.607946395874023,1,1,1.0,200,250,14.0,528.0,619.0,20.6,73.0,,113.04016876220703,4,False,False,False,True,False,False,False,False,False,False
1493,1506,0.08,0.3,0.63,0.01,0.01,0.0,0.0,1.03,0.0,0.0,0.0,0.0,438,5.0,80,3.09,4.54,4.73,0.0,0.0,0.0,170.2316436767578,21.607946395874023,1,1,1.0,200,250,14.0,500.77166748046875,610.2233276367188,21.498188018798828,73.05155944824219,280.15,100.0,0,False,False,False,True,False,False,False,False,False,False
1494,1507,0.08,0.3,0.63,0.01,0.01,0.0,0.0,1.03,0.0,0.0,0.0,0.0,438,5.0,80,4.78,4.85,4.68,0.0,0.0,0.0,170.2316436767578,21.607946395874023,1,1,1.0,200,250,14.0,485.69915771484375,590.635009765625,23.354053497314453,73.89511108398438,216.15,28.0,0,False,False,False,True,False,False,False,False,False,False
1495,1508,0.07,0.35,0.65,0.01,0.01,0.0,1.01,0.0,0.0,0.0,0.0,0.0,504,5.0,78,2.99,4.63,4.77,0.0,0.0,0.0,170.2316436767578,21.607946395874023,1,1,1.0,200,250,14.0,481.0,559.0,22.0,75.0,,117.62374877929688,4,False,False,False,True,False,False,False,False,False,False
1496,1509,0.07,0.35,0.65,0.01,0.01,0.0,1.01,0.0,0.0,0.0,0.0,0.0,504,5.0,78,4.69,4.93,4.88,0.0,0.0,0.0,170.2316436767578,21.607946395874023,1,1,1.0,200,250,14.0,456.888427734375,542.195556640625,22.49561309814453,75.52320861816406,233.15,100.0,0,False,False,False,True,False,False,False,False,False,False
1497,1510,0.07,0.35,0.65,0.01,0.01,0.0,1.01,0.0,0.0,0.0,0.0,0.0,504,5.0,78,4.67,4.83,4.78,0.0,0.0,0.0,170.2316436767578,21.607946395874023,1,1,1.0,200,250,14.0,437.9444274902344,527.9849853515625,23.84780502319336,75.88755798339844,205.15,28.0,0,False,False,False,True,False,False,False,False,False,False
1498,1511,0.07,0.25,0.58,0.01,0.01,0.0,1.59,0.0,0.0,0.0,0.0,0.0,500,4.0,89,5.0,4.66,4.68,0.0,0.0,0.0,170.2316436767578,21.607946395874023,1,1,1.0,200,250,14.0,494.0,593.0,19.0,71.9,,113.16374969482422,4,False,False,False,True,False,False,False,False,False,False
1499,1512,0.07,0.25,0.58,0.01,0.01,0.0,1.59,0.0,0.0,0.0,0.0,0.0,500,4.0,89,4.91,4.98,4.93,0.0,0.0,0.0,170.2316436767578,21.607946395874023,1,1,1.0,200,250,14.0,496.9039611816406,590.3998413085938,19.039640426635742,72.42748260498047,251.15,100.0,0,False,False,False,True,False,False,False,False,False,False
1500,1513,0.07,0.25,0.58,0.01,0.01,0.0,1.59,0.0,0.0,0.0,0.0,0.0,500,4.0,89,4.71,3.08,1.84,0.0,0.0,0.0,170.2316436767578,21.607946395874023,1,1,1.0,200,250,14.0,471.4648742675781,574.509033203125,20.021568298339844,73.16319274902344,225.15,28.0,0,False,False,False,True,False,False,False,False,False,False
1501,1514,0.08,0.28,0.64,0.01,0.01,0.0,2.1,0.0,0.0,0.0,0.0,0.0,492,8.0,81,4.78,4.75,4.93,0.0,0.0,0.0,170.2316436767578,21.607946395874023,1,1,1.0,200,250,14.0,565.0,660.0,18.470626831054688,68.6,,108.92718505859375,3,False,False,False,True,False,False,False,False,False,False
1502,1515,0.08,0.28,0.64,0.01,0.01,0.0,2.1,0.0,0.0,0.0,0.0,0.0,492,8.0,81,2.21,3.08,4.56,0.0,0.0,0.0,170.2316436767578,21.607946395874023,1,1,1.0,200,250,14.0,561.2562866210938,659.4136962890625,18.668567657470703,69.45933532714844,299.15,100.0,0,False,False,False,True,False,False,False,False,False,False
1503,1516,0.08,0.28,0.64,0.01,0.01,0.0,2.1,0.0,0.0,0.0,0.0,0.0,492,8.0,81,2.49,4.65,4.95,0.0,0.0,0.0,170.2316436767578,21.607946395874023,1,1,1.0,200,250,14.0,547.4387817382812,642.8231811523438,19.184240341186523,70.49215698242188,233.15,28.0,0,False,False,False,True,False,False,False,False,False,False
1504,1517,0.07,0.28,0.62,0.01,0.01,0.0,0.0,0.0,0.0,0.5,0.0,0.0,477,5.0,73,2.88,4.77,3.02,0.0,0.0,0.0,170.2316436767578,21.607946395874023,1,1,1.0,200,250,14.0,391.0,468.0,29.4,77.0,,115.06230163574219,4,False,False,False,True,False,False,False,False,False,False
1505,1518,0.07,0.28,0.62,0.01,0.01,0.0,0.0,0.0,0.0,0.5,0.0,0.0,477,5.0,73,4.99,3.04,4.77,0.0,0.0,0.0,170.2316436767578,21.607946395874023,1,1,1.0,200,250,14.0,376.40740966796875,467.45526123046875,31.384902954101562,77.61422729492188,210.15,100.0,0,False,False,False,True,False,False,False,False,False,False
1506,1519,0.07,0.28,0.62,0.01,0.01,0.0,0.0,0.0,0.0,0.5,0.0,0.0,477,5.0,73,4.83,4.79,4.82,0.0,0.0,0.0,170.2316436767578,21.607946395874023,1,1,1.0,200,250,14.0,372.7855529785156,466.3690490722656,31.032766342163086,77.80419921875,187.15,28.0,0,False,False,False,True,False,False,False,False,False,False
1507,1520,0.06,0.3,0.62,0.01,0.01,0.0,0.0,0.0,0.0,1.03,0.0,0.0,519,4.0,72,4.85,2.96,4.71,0.0,0.0,0.0,170.2316436767578,21.607946395874023,1,1,1.0,200,250,14.0,439.0,509.0,31.6,78.9,,117.37242889404297,4,False,False,False,True,False,False,False,False,False,False
1508,1521,0.06,0.3,0.62,0.01,0.01,0.0,0.0,0.0,0.0,1.03,0.0,0.0,519,4.0,72,2.75,4.63,4.72,0.0,0.0,0.0,170.2316436767578,21.607946395874023,1,1,1.0,200,250,14.0,390.60174560546875,479.24542236328125,31.94609832763672,78.48433685302734,219.15,100.0,0,False,False,False,True,False,False,False,False,False,False
1509,1522,0.06,0.3,0.62,0.01,0.01,0.0,0.0,0.0,0.0,1.03,0.0,0.0,519,4.0,72,4.78,4.88,4.57,0.0,0.0,0.0,170.2316436767578,21.607946395874023,1,1,1.0,200,250,14.0,386.10400390625,476.2095031738281,32.03240966796875,77.82506561279297,186.15,28.0,0,False,False,False,True,False,False,False,False,False,False
1510,1523,0.06,0.32,0.64,0.01,0.01,0.0,0.0,0.0,0.0,1.6,0.0,0.0,498,4.0,60,4.66,4.89,2.83,0.0,0.0,0.0,170.2316436767578,21.607946395874023,1,1,1.0,200,250,14.0,504.0,565.0,26.6,73.0,,108.37296295166016,4,False,False,False,True,False,False,False,False,False,False
1511,1524,0.06,0.32,0.64,0.01,0.01,0.0,0.0,0.0,0.0,1.6,0.0,0.0,498,4.0,60,4.99,2.75,4.6,0.0,0.0,0.0,170.2316436767578,21.607946395874023,1,1,1.0,200,250,14.0,491.01531982421875,553.4025268554688,31.22123146057129,73.76675415039062,249.15,100.0,0,False,False,False,True,False,False,False,False,False,False
1512,1525,0.06,0.32,0.64,0.01,0.01,0.0,0.0,0.0,0.0,1.6,0.0,0.0,498,4.0,60,4.71,2.81,4.66,0.0,0.0,0.0,170.2316436767578,21.607946395874023,1,1,1.0,200,250,14.0,461.1068115234375,515.7438354492188,31.987367630004883,74.2388916015625,203.15,28.0,0,False,False,False,True,False,False,False,False,False,False
1513,1526,0.07,0.35,0.64,0.0,0.0,0.0,0.0,0.0,0.0,0.0,0.0,0.0,428,38.0,77,2.42,4.81,4.6,0.0,0.0,0.0,170.2316436767578,21.607946395874023,1,1,1.0,200,250,14.0,402.0,494.0,33.3,77.5,,113.9312515258789,4,False,False,False,True,False,False,False,False,False,False
1514,1527,0.07,0.35,0.64,0.0,0.0,0.0,0.0,0.0,0.0,0.0,0.0,0.0,428,38.0,77,2.88,3.17,4.68,0.0,0.0,0.0,170.2316436767578,21.607946395874023,1,1,1.0,200,250,14.0,391.9191589355469,471.58343505859375,34.85020446777344,78.63269805908203,228.15,100.0,0,False,False,False,True,False,False,False,False,False,False
1515,1528,0.07,0.35,0.64,0.0,0.0,0.0,0.0,0.0,0.0,0.0,0.0,0.0,428,38.0,77,4.8,4.68,2.72,0.0,0.0,0.0,170.2316436767578,21.607946395874023,1,1,1.0,200,250,14.0,368.55511474609375,466.9862976074219,35.71292495727539,78.56686401367188,203.15,28.0,0,False,False,False,True,False,False,False,False,False,False
1516,1529,0.06,0.31,0.65,0.01,0.01,0.88,0.0,0.0,0.0,0.0,0.0,0.0,472,38.0,85,4.73,4.79,4.77,0.0,0.0,0.0,170.2316436767578,21.607946395874023,1,1,1.0,200,250,14.0,423.0,501.0,31.8,77.0,,116.76952362060547,4,False,False,False,True,False,False,False,False,False,False
1517,1530,0.06,0.31,0.65,0.01,0.01,0.88,0.0,0.0,0.0,0.0,0.0,0.0,472,38.0,85,4.61,4.81,4.91,0.0,0.0,0.0,170.2316436767578,21.607946395874023,1,1,1.0,200,250,14.0,396.71337890625,493.08203125,30.318233489990234,75.62940216064453,210.15,100.0,0,False,False,False,True,False,False,False,False,False,False
1518,1531,0.06,0.31,0.65,0.01,0.01,0.88,0.0,0.0,0.0,0.0,0.0,0.0,472,38.0,85,4.73,2.65,4.67,0.0,0.0,0.0,170.2316436767578,21.607946395874023,1,1,1.0,200,250,14.0,392.71600341796875,484.2176208496094,30.307598114013672,75.93688201904297,185.15,28.0,0,False,False,False,True,False,False,False,False,False,False
1519,1532,0.06,0.27,0.61,0.01,0.01,2.17,0.0,0.0,0.0,0.0,0.0,0.0,454,32.0,91,4.66,4.98,4.76,0.0,0.0,0.0,170.2316436767578,21.607946395874023,1,1,1.0,200,250,14.0,461.0,537.0,28.0,78.9,,116.96954345703125,4,False,False,False,True,False,False,False,False,False,False
1520,1533,0.06,0.27,0.61,0.01,0.01,2.17,0.0,0.0,0.0,0.0,0.0,0.0,454,32.0,91,4.95,4.7,4.96,0.0,0.0,0.0,170.2316436767578,21.607946395874023,1,1,1.0,200,250,14.0,430.9040222167969,526.3887329101562,28.783945083618164,75.38021850585938,190.15,100.0,0,False,False,False,True,False,False,False,False,False,False
1521,1534,0.06,0.27,0.61,0.01,0.01,2.17,0.0,0.0,0.0,0.0,0.0,0.0,454,32.0,91,4.75,2.63,2.46,0.0,0.0,0.0,170.2316436767578,21.607946395874023,1,1,1.0,200,250,14.0,426.3834533691406,516.1659545898438,28.928932189941406,75.67304992675781,160.14999999999998,28.0,0,False,False,False,True,False,False,False,False,False,False
1522,1535,0.07,0.3,0.65,0.01,0.01,3.03,0.0,0.0,0.0,0.0,0.0,0.0,460,36.0,72,4.91,3.07,4.82,0.0,0.0,0.0,170.2316436767578,21.607946395874023,1,1,1.0,200,250,14.0,477.0,557.0,29.4,78.0,,118.38211822509766,4,False,False,False,True,False,False,False,False,False,False
1523,1536,0.07,0.3,0.65,0.01,0.01,3.03,0.0,0.0,0.0,0.0,0.0,0.0,460,36.0,72,4.75,4.9,4.94,0.0,0.0,0.0,170.2316436767578,21.607946395874023,1,1,1.0,200,250,14.0,446.14788818359375,547.2960815429688,30.231287002563477,67.93853759765625,188.15,100.0,0,False,False,False,True,False,False,False,False,False,False
1524,1537,0.07,0.3,0.65,0.01,0.01,3.03,0.0,0.0,0.0,0.0,0.0,0.0,460,36.0,72,4.62,4.53,2.66,0.0,0.0,0.0,170.2316436767578,21.607946395874023,1,1,1.0,200,250,14.0,444.77081298828125,541.7099609375,30.065982818603516,67.91284942626953,159.14999999999998,28.0,0,False,False,False,True,False,False,False,False,False,False
1525,1538,0.07,0.33,0.68,0.01,0.01,0.0,0.0,0.24,0.0,0.0,0.0,0.0,395,36.0,67,4.6,4.75,2.58,0.0,0.0,0.0,170.2316436767578,21.607946395874023,1,1,1.0,200,250,14.0,436.0,519.0,24.6,78.6,,117.70398712158203,4,False,False,False,True,False,False,False,False,False,False
1526,1539,0.07,0.33,0.68,0.01,0.01,0.0,0.0,0.24,0.0,0.0,0.0,0.0,395,36.0,67,4.85,4.75,4.78,0.0,0.0,0.0,170.2316436767578,21.607946395874023,1,1,1.0,200,250,14.0,453.3076477050781,500.5372009277344,30.734451293945312,77.92854309082031,215.15,100.0,0,False,False,False,True,False,False,False,False,False,False
1527,1540,0.07,0.33,0.68,0.01,0.01,0.0,0.0,0.24,0.0,0.0,0.0,0.0,395,36.0,67,4.77,4.96,4.85,0.0,0.0,0.0,170.2316436767578,21.607946395874023,1,1,1.0,200,250,14.0,448.98260498046875,500.8866271972656,29.99491310119629,77.61323547363281,191.15,28.0,0,False,False,False,True,False,False,False,False,False,False
1528,1541,0.07,0.34,0.66,0.01,0.01,0.0,0.0,0.5,0.0,0.0,0.0,0.0,433,42.0,70,2.49,4.91,2.06,0.0,0.0,0.0,170.2316436767578,21.607946395874023,1,1,1.0,200,250,14.0,483.0,565.0,27.2,78.0,,118.41877746582031,4,False,False,False,True,False,False,False,False,False,False
1529,1542,0.07,0.34,0.66,0.01,0.01,0.0,0.0,0.5,0.0,0.0,0.0,0.0,433,42.0,70,4.52,4.85,4.53,0.0,0.0,0.0,170.2316436767578,21.607946395874023,1,1,1.0,200,250,14.0,470.74969482421875,569.270751953125,27.433990478515625,76.17604064941406,225.15,100.0,0,False,False,False,True,False,False,False,False,False,False
1530,1543,0.07,0.34,0.66,0.01,0.01,0.0,0.0,0.5,0.0,0.0,0.0,0.0,433,42.0,70,4.49,4.52,4.96,0.0,0.0,0.0,170.2316436767578,21.607946395874023,1,1,1.0,200,250,14.0,476.2119445800781,573.54296875,27.279346466064453,75.68477630615234,208.15,28.0,0,False,False,False,True,False,False,False,False,False,False
1531,1544,0.07,0.32,0.66,0.01,0.01,0.0,0.0,1.03,0.0,0.0,0.0,0.0,411,40.0,76,4.55,4.54,4.62,0.0,0.0,0.0,170.2316436767578,21.607946395874023,1,1,1.0,200,250,14.0,565.0,644.0,23.6,76.0,,116.6702651977539,4,False,False,False,True,False,False,False,False,False,False
1532,1545,0.07,0.32,0.66,0.01,0.01,0.0,0.0,1.03,0.0,0.0,0.0,0.0,411,40.0,76,2.42,4.86,4.98,0.0,0.0,0.0,170.2316436767578,21.607946395874023,1,1,1.0,200,250,14.0,524.3792724609375,621.8763427734375,24.7879695892334,74.021240234375,240.15,100.0,0,False,False,False,True,False,False,False,False,False,False
1533,1546,0.07,0.32,0.66,0.01,0.01,0.0,0.0,1.03,0.0,0.0,0.0,0.0,411,40.0,76,2.36,2.52,4.98,0.0,0.0,0.0,170.2316436767578,21.607946395874023,1,1,1.0,200,250,14.0,523.7526245117188,608.125,26.806020736694336,74.11170196533203,207.15,28.0,0,False,False,False,True,False,False,False,False,False,False
1534,1547,0.08,0.32,0.66,0.01,0.01,0.0,1.03,0.0,0.0,0.0,0.0,0.0,457,34.0,75,2.92,4.79,4.74,0.0,0.0,0.0,170.2316436767578,21.607946395874023,1,1,1.0,200,250,14.0,490.0,558.0,21.0,77.9,,112.20769500732422,4,False,False,False,True,False,False,False,False,False,False
1535,1548,0.08,0.32,0.66,0.01,0.01,0.0,1.03,0.0,0.0,0.0,0.0,0.0,457,34.0,75,4.91,4.59,4.79,0.0,0.0,0.0,170.2316436767578,21.607946395874023,1,1,1.0,200,250,14.0,481.10479736328125,554.3810424804688,21.6812686920166,76.54879760742188,238.15,100.0,0,False,False,False,True,False,False,False,False,False,False
1536,1549,0.08,0.32,0.66,0.01,0.01,0.0,1.03,0.0,0.0,0.0,0.0,0.0,457,34.0,75,4.96,4.8,4.84,0.0,0.0,0.0,170.2316436767578,21.607946395874023,1,1,1.0,200,250,14.0,447.80242919921875,533.2913208007812,22.099607467651367,77.00814819335938,219.15,28.0,0,False,False,False,True,False,False,False,False,False,False
1537,1550,0.08,0.26,0.62,0.01,0.0,0.0,1.6,0.0,0.0,0.0,0.0,0.0,472,29.0,100,4.98,4.89,2.32,0.0,0.0,0.0,170.2316436767578,21.607946395874023,1,1,1.0,200,250,14.0,509.0,596.0,17.0,74.0,,109.42867279052734,4,False,False,False,True,False,False,False,False,False,False
1538,1551,0.08,0.26,0.62,0.01,0.0,0.0,1.6,0.0,0.0,0.0,0.0,0.0,472,29.0,100,2.88,3.02,4.86,0.0,0.0,0.0,170.2316436767578,21.607946395874023,1,1,1.0,200,250,14.0,516.9190063476562,603.5904541015625,18.642358779907227,72.47239685058594,265.15,100.0,0,False,False,False,True,False,False,False,False,False,False
1539,1552,0.08,0.26,0.62,0.01,0.0,0.0,1.6,0.0,0.0,0.0,0.0,0.0,472,29.0,100,2.5,4.91,4.86,0.0,0.0,0.0,170.2316436767578,21.607946395874023,1,1,1.0,200,250,14.0,499.64471435546875,593.4761352539062,18.526395797729492,73.40837097167969,238.15,28.0,0,False,False,False,True,False,False,False,False,False,False
1540,1553,0.08,0.28,0.64,0.01,0.01,0.0,2.15,0.0,0.0,0.0,0.0,0.0,482,42.0,95,4.64,4.68,4.68,0.0,0.0,0.0,170.2316436767578,21.607946395874023,1,1,1.0,200,250,14.0,598.0,685.0,18.0,68.6,,108.01602935791016,4,False,False,False,True,False,False,False,False,False,False
1541,1554,0.08,0.28,0.64,0.01,0.01,0.0,2.15,0.0,0.0,0.0,0.0,0.0,482,42.0,95,4.76,4.63,4.64,0.0,0.0,0.0,170.2316436767578,21.607946395874023,1,1,1.0,200,250,14.0,585.4191284179688,675.7017211914062,18.264135360717773,69.80208587646484,281.15,100.0,0,False,False,False,True,False,False,False,False,False,False
1542,1555,0.08,0.28,0.64,0.01,0.01,0.0,2.15,0.0,0.0,0.0,0.0,0.0,482,42.0,95,4.94,4.76,4.71,0.0,0.0,0.0,170.2316436767578,21.607946395874023,1,1,1.0,200,250,14.0,569.7142944335938,664.06640625,18.906641006469727,70.22257232666016,240.15,28.0,0,False,False,False,True,False,False,False,False,False,False
1543,1556,0.06,0.3,0.64,0.01,0.01,0.0,0.0,0.0,0.0,0.53,0.0,0.0,453,43.0,74,4.69,4.78,4.68,0.0,0.0,0.0,170.2316436767578,21.607946395874023,1,1,1.0,200,250,14.0,417.0,498.0,29.2,78.9,,112.83509063720703,4,False,False,False,True,False,False,False,False,False,False
1544,1557,0.06,0.3,0.64,0.01,0.01,0.0,0.0,0.0,0.0,0.53,0.0,0.0,453,43.0,74,4.81,4.71,2.67,0.0,0.0,0.0,170.2316436767578,21.607946395874023,1,1,1.0,200,250,14.0,381.2178649902344,465.94464111328125,31.904491424560547,79.42388153076172,211.15,100.0,0,False,False,False,True,False,False,False,False,False,False
1545,1558,0.06,0.3,0.64,0.01,0.01,0.0,0.0,0.0,0.0,0.53,0.0,0.0,453,43.0,74,4.66,4.97,4.76,0.0,0.0,0.0,170.2316436767578,21.607946395874023,1,1,1.0,200,250,14.0,379.4658203125,462.1136169433594,31.233972549438477,79.18683624267578,179.14999999999998,28.0,0,False,False,False,True,False,False,False,False,False,False
1546,1559,0.06,0.3,0.63,0.01,0.01,0.0,0.0,0.0,0.0,1.05,0.0,0.0,456,42.0,65,4.86,4.89,4.84,0.0,0.0,0.0,170.2316436767578,21.607946395874023,1,1,1.0,200,250,14.0,429.0,497.0,26.6,77.0,,112.89163208007812,4,False,False,False,True,False,False,False,False,False,False
1547,1560,0.06,0.3,0.63,0.01,0.01,0.0,0.0,0.0,0.0,1.05,0.0,0.0,456,42.0,65,2.72,4.66,4.58,0.0,0.0,0.0,170.2316436767578,21.607946395874023,1,1,1.0,200,250,14.0,393.11981201171875,477.7040710449219,31.782974243164062,78.82838439941406,215.15,100.0,0,False,False,False,True,False,False,False,False,False,False
1548,1561,0.06,0.3,0.63,0.01,0.01,0.0,0.0,0.0,0.0,1.05,0.0,0.0,456,42.0,65,4.93,2.86,4.72,0.0,0.0,0.0,170.2316436767578,21.607946395874023,1,1,1.0,200,250,14.0,402.1262512207031,474.0647888183594,32.004554748535156,78.25511169433594,179.14999999999998,28.0,0,False,False,False,True,False,False,False,False,False,False
1549,1562,0.07,0.37,0.67,0.01,0.01,0.0,0.0,0.0,0.0,1.44,0.0,0.0,453,51.0,55,4.8,2.39,4.66,0.0,0.0,0.0,170.2316436767578,21.607946395874023,1,1,1.0,200,250,14.0,516.0,568.0,28.8,75.0,,114.7452163696289,4,False,False,False,True,False,False,False,False,False,False
1550,1563,0.07,0.37,0.67,0.01,0.01,0.0,0.0,0.0,0.0,1.44,0.0,0.0,453,51.0,55,4.61,4.75,2.82,0.0,0.0,0.0,170.2316436767578,21.607946395874023,1,1,1.0,200,250,14.0,495.48199462890625,542.0441284179688,29.963653564453125,75.3290023803711,230.15,100.0,0,False,False,False,True,False,False,False,False,False,False
1551,1564,0.07,0.37,0.67,0.01,0.01,0.0,0.0,0.0,0.0,1.44,0.0,0.0,453,51.0,55,4.86,4.67,4.83,0.0,0.0,0.0,170.2316436767578,21.607946395874023,1,1,1.0,200,250,14.0,467.48638916015625,519.3644409179688,30.79349708557129,76.16102600097656,196.15,28.0,0,False,False,False,True,False,False,False,False,False,False
1552,1565,0.08,0.26,1.43,0.01,0.01,0.0,0.0,0.0,0.0,0.0,0.0,0.0,481,5.0,86,4.71,4.82,3.05,0.0,0.0,0.0,170.2316436767578,21.607946395874023,1,1,1.0,200,250,14.0,434.0,526.0,29.2,78.0,,102.37702178955078,4,False,False,False,True,False,False,False,False,False,False
1553,1566,0.08,0.26,1.43,0.01,0.01,0.0,0.0,0.0,0.0,0.0,0.0,0.0,481,5.0,86,4.63,3.16,4.94,0.0,0.0,0.0,170.2316436767578,21.607946395874023,1,1,1.0,200,250,14.0,479.73114013671875,544.8560180664062,25.76604461669922,76.11692810058594,255.15,100.0,0,False,False,False,True,False,False,False,False,False,False
1554,1567,0.08,0.26,1.43,0.01,0.01,0.0,0.0,0.0,0.0,0.0,0.0,0.0,481,5.0,86,4.69,4.87,4.61,0.0,0.0,0.0,170.2316436767578,21.607946395874023,1,1,1.0,200,250,14.0,466.7550354003906,536.1412963867188,26.95358657836914,77.15198516845703,230.15,28.0,0,False,False,False,True,False,False,False,False,False,False
1555,1568,0.07,0.28,1.39,0.01,0.01,0.95,0.0,0.0,0.0,0.0,0.0,0.0,454,5.0,76,4.9,4.69,4.55,0.0,0.0,0.0,170.2316436767578,21.607946395874023,1,1,1.0,200,250,14.0,470.0,550.0,26.0,78.0,,102.83175659179688,4,False,False,False,True,False,False,False,False,False,False
1556,1569,0.07,0.28,1.39,0.01,0.01,0.95,0.0,0.0,0.0,0.0,0.0,0.0,454,5.0,76,2.59,2.29,4.76,0.0,0.0,0.0,170.2316436767578,21.607946395874023,1,1,1.0,200,250,14.0,474.8294982910156,548.3800048828125,26.547529220581055,76.91765594482422,260.15,100.0,0,False,False,False,True,False,False,False,False,False,False
1557,1570,0.07,0.28,1.39,0.01,0.01,0.95,0.0,0.0,0.0,0.0,0.0,0.0,454,5.0,76,2.75,4.55,4.7,0.0,0.0,0.0,170.2316436767578,21.607946395874023,1,1,1.0,200,250,14.0,464.980224609375,533.7632446289062,27.529064178466797,77.98977661132812,225.15,28.0,0,False,False,False,True,False,False,False,False,False,False
1558,1571,0.07,0.26,1.48,0.01,0.01,2.28,0.0,0.0,0.0,0.0,0.0,0.0,460,5.0,87,4.69,3.06,4.73,0.0,0.0,0.0,170.2316436767578,21.607946395874023,1,1,1.0,200,250,14.0,512.0,605.0,21.7,75.0,,103.17942810058594,4,False,False,False,True,False,False,False,False,False,False
1559,1572,0.07,0.26,1.48,0.01,0.01,2.28,0.0,0.0,0.0,0.0,0.0,0.0,460,5.0,87,4.97,4.76,4.69,0.0,0.0,0.0,170.2316436767578,21.607946395874023,1,1,1.0,200,250,14.0,506.5260009765625,596.2890014648438,21.33599090576172,74.55396270751953,253.15,100.0,0,False,False,False,True,False,False,False,False,False,False
1560,1573,0.07,0.26,1.48,0.01,0.01,2.28,0.0,0.0,0.0,0.0,0.0,0.0,460,5.0,87,4.91,4.83,2.86,0.0,0.0,0.0,170.2316436767578,21.607946395874023,1,1,1.0,200,250,14.0,492.68914794921875,588.2545166015625,23.423690795898438,75.20787048339844,212.15,28.0,0,False,False,False,True,False,False,False,False,False,False
1561,1574,0.07,0.24,1.43,0.01,0.01,3.12,0.0,0.0,0.0,0.0,0.0,0.0,460,5.0,77,2.8,2.27,2.91,0.0,0.0,0.0,170.2316436767578,21.607946395874023,1,1,1.0,200,250,14.0,573.0,666.0,16.0,70.8,,100.36933135986328,4,False,False,False,True,False,False,False,False,False,False
1562,1575,0.07,0.24,1.43,0.01,0.01,3.12,0.0,0.0,0.0,0.0,0.0,0.0,460,5.0,77,4.82,4.96,4.64,0.0,0.0,0.0,170.2316436767578,21.607946395874023,1,1,1.0,200,250,14.0,562.3602294921875,639.9635009765625,18.061189651489258,71.23279571533203,261.15,100.0,0,False,False,False,True,False,False,False,False,False,False
1563,1576,0.07,0.24,1.43,0.01,0.01,3.12,0.0,0.0,0.0,0.0,0.0,0.0,460,5.0,77,4.62,4.58,4.63,0.0,0.0,0.0,170.2316436767578,21.607946395874023,1,1,1.0,200,250,14.0,540.8505249023438,619.3280029296875,20.052648544311523,60.68014907836914,209.15,28.0,0,False,False,False,True,False,False,False,False,False,False
1564,1577,0.08,0.28,1.53,0.01,0.01,0.0,0.0,0.25,0.0,0.0,0.0,0.0,444,5.0,84,3.17,4.88,4.77,0.0,0.0,0.0,170.2316436767578,21.607946395874023,1,1,1.0,200,250,14.0,474.0,570.0,20.4,77.0,,104.11186218261719,4,False,False,False,True,False,False,False,False,False,False
1565,1578,0.08,0.28,1.53,0.01,0.01,0.0,0.0,0.25,0.0,0.0,0.0,0.0,444,5.0,84,4.83,4.57,4.79,0.0,0.0,0.0,170.2316436767578,21.607946395874023,1,1,1.0,200,250,14.0,494.337646484375,564.8660888671875,22.43669891357422,75.06018829345703,249.15,100.0,0,False,False,False,True,False,False,False,False,False,False
1566,1579,0.08,0.28,1.53,0.01,0.01,0.0,0.0,0.25,0.0,0.0,0.0,0.0,444,5.0,84,4.93,2.3,4.95,0.0,0.0,0.0,170.2316436767578,21.607946395874023,1,1,1.0,200,250,14.0,487.24066162109375,557.2249145507812,24.281679153442383,75.29360961914062,212.15,28.0,0,False,False,False,True,False,False,False,False,False,False
1567,1580,0.08,0.25,1.45,0.01,0.01,0.0,0.0,0.5,0.0,0.0,0.0,0.0,457,5.0,78,4.44,4.74,4.85,0.0,0.0,0.0,170.2316436767578,21.607946395874023,1,1,1.0,200,250,14.0,523.0,610.0,19.4,75.0,,106.54712677001953,4,False,False,False,True,False,False,False,False,False,False
1568,1581,0.08,0.25,1.45,0.01,0.01,0.0,0.0,0.5,0.0,0.0,0.0,0.0,457,5.0,78,2.54,4.88,4.68,0.0,0.0,0.0,170.2316436767578,21.607946395874023,1,1,1.0,200,250,14.0,519.7236328125,605.5119018554688,20.659271240234375,74.57615661621094,269.15,100.0,0,False,False,False,True,False,False,False,False,False,False
1569,1582,0.08,0.25,1.45,0.01,0.01,0.0,0.0,0.5,0.0,0.0,0.0,0.0,457,5.0,78,2.74,2.55,4.74,0.0,0.0,0.0,170.2316436767578,21.607946395874023,1,1,1.0,200,250,14.0,512.0389404296875,612.2905883789062,22.516542434692383,74.92166137695312,223.15,28.0,0,False,False,False,True,False,False,False,False,False,False
1570,1583,0.08,0.24,1.41,0.01,0.01,0.0,0.0,1.11,0.0,0.0,0.0,0.0,447,5.0,85,4.96,4.74,2.35,0.0,0.0,0.0,170.2316436767578,21.607946395874023,1,1,1.0,200,250,14.0,594.0,699.0,19.2,68.6,,105.78600311279297,4,False,False,False,True,False,False,False,False,False,False
1571,1584,0.08,0.24,1.41,0.01,0.01,0.0,0.0,1.11,0.0,0.0,0.0,0.0,447,5.0,85,4.67,4.81,2.57,0.0,0.0,0.0,170.2316436767578,21.607946395874023,1,1,1.0,200,250,14.0,581.113525390625,625.3324584960938,19.980459213256836,70.60535430908203,299.15,100.0,0,False,False,False,True,False,False,False,False,False,False
1572,1585,0.08,0.24,1.41,0.01,0.01,0.0,0.0,1.11,0.0,0.0,0.0,0.0,447,5.0,85,4.97,3.07,4.66,0.0,0.0,0.0,170.2316436767578,21.607946395874023,1,1,1.0,200,250,14.0,568.5568237304688,618.690673828125,21.451383590698242,70.82720184326172,223.15,28.0,0,False,False,False,True,False,False,False,False,False,False
1573,1586,0.08,0.28,1.48,0.01,0.01,0.0,1.07,0.0,0.0,0.0,0.0,0.0,436,5.0,94,4.63,4.76,4.58,0.0,0.0,0.0,170.2316436767578,21.607946395874023,1,1,1.0,200,250,14.0,570.0,658.0,18.0,68.6,,103.20822143554688,4,False,False,False,True,False,False,False,False,False,False
1574,1587,0.08,0.28,1.48,0.01,0.01,0.0,1.07,0.0,0.0,0.0,0.0,0.0,436,5.0,94,3.14,4.71,4.74,0.0,0.0,0.0,170.2316436767578,21.607946395874023,1,1,1.0,200,250,14.0,569.9996948242188,644.99072265625,20.28492546081543,74.10902404785156,253.15,100.0,0,False,False,False,True,False,False,False,False,False,False
1575,1588,0.08,0.28,1.48,0.01,0.01,0.0,1.07,0.0,0.0,0.0,0.0,0.0,436,5.0,94,3.16,4.78,4.66,0.0,0.0,0.0,170.2316436767578,21.607946395874023,1,1,1.0,200,250,14.0,550.2600708007812,629.496337890625,21.461238861083984,74.91193389892578,203.15,28.0,0,False,False,False,True,False,False,False,False,False,False
1576,1589,0.08,0.28,1.48,0.01,0.0,0.0,1.55,0.0,0.0,0.0,0.0,0.0,466,5.0,86,4.72,4.79,4.69,0.0,0.0,0.0,170.2316436767578,21.607946395874023,1,1,1.0,200,250,14.0,591.0,687.0,17.8,69.7,,101.8954086303711,4,False,False,False,True,False,False,False,False,False,False
1577,1590,0.08,0.28,1.48,0.01,0.0,0.0,1.55,0.0,0.0,0.0,0.0,0.0,466,5.0,86,4.58,4.82,4.58,0.0,0.0,0.0,170.2316436767578,21.607946395874023,1,1,1.0,200,250,14.0,588.2242431640625,689.0435791015625,18.657421112060547,70.9625473022461,279.15,100.0,0,False,False,False,True,False,False,False,False,False,False
1578,1591,0.08,0.28,1.48,0.01,0.0,0.0,1.55,0.0,0.0,0.0,0.0,0.0,466,5.0,86,4.92,4.63,4.96,0.0,0.0,0.0,170.2316436767578,21.607946395874023,1,1,1.0,200,250,14.0,570.3760986328125,654.8870239257812,19.054906845092773,71.3572769165039,218.15,28.0,0,False,False,False,True,False,False,False,False,False,False
1579,1592,0.08,0.28,1.44,0.01,0.01,0.0,1.96,0.0,0.0,0.0,0.0,0.0,476,5.0,84,4.64,4.77,4.62,0.0,0.0,0.0,170.2316436767578,21.607946395874023,1,1,1.0,200,250,14.0,637.0,730.0,18.5,68.6,,100.26033020019531,4,False,False,False,True,False,False,False,False,False,False
1580,1593,0.08,0.28,1.44,0.01,0.01,0.0,1.96,0.0,0.0,0.0,0.0,0.0,476,5.0,84,4.85,3.19,4.79,0.0,0.0,0.0,170.2316436767578,21.607946395874023,1,1,1.0,200,250,14.0,639.83154296875,711.1461791992188,18.17775535583496,69.4157485961914,297.15,100.0,0,False,False,False,True,False,False,False,False,False,False
1581,1594,0.08,0.28,1.44,0.01,0.01,0.0,1.96,0.0,0.0,0.0,0.0,0.0,476,5.0,84,4.89,4.75,2.79,0.0,0.0,0.0,170.2316436767578,21.607946395874023,1,1,1.0,200,250,14.0,614.6759643554688,698.1900024414062,19.621488571166992,70.61607360839844,223.15,28.0,0,False,False,False,True,False,False,False,False,False,False
1582,1595,0.08,0.24,1.47,0.01,0.01,0.0,0.0,0.0,0.0,0.55,0.0,0.0,455,5.0,96,2.63,2.53,4.87,0.0,0.0,0.0,170.2316436767578,21.607946395874023,1,1,1.0,200,250,14.0,453.0,535.0,26.6,78.9,,100.46605682373047,4,False,False,False,True,False,False,False,False,False,False
1583,1596,0.08,0.24,1.47,0.01,0.01,0.0,0.0,0.0,0.0,0.55,0.0,0.0,455,5.0,96,4.83,2.58,4.85,0.0,0.0,0.0,170.2316436767578,21.607946395874023,1,1,1.0,200,250,14.0,478.9643859863281,551.141845703125,25.817657470703125,76.79623413085938,263.15,100.0,0,False,False,False,True,False,False,False,False,False,False
1584,1597,0.08,0.24,1.47,0.01,0.01,0.0,0.0,0.0,0.0,0.55,0.0,0.0,455,5.0,96,4.7,3.12,2.77,0.0,0.0,0.0,170.2316436767578,21.607946395874023,1,1,1.0,200,250,14.0,467.67822265625,550.6346435546875,26.692514419555664,77.09056091308594,237.15,28.0,0,False,False,False,True,False,False,False,False,False,False
1585,1598,0.08,0.24,1.41,0.01,0.01,0.0,0.0,0.0,0.0,1.06,0.0,0.0,484,5.0,89,4.79,4.89,4.96,0.0,0.0,0.0,170.2316436767578,21.607946395874023,1,1,1.0,200,250,14.0,492.0,566.0,25.0,75.0,,99.1713638305664,4,False,False,False,True,False,False,False,False,False,False
1586,1599,0.08,0.24,1.41,0.01,0.01,0.0,0.0,0.0,0.0,1.06,0.0,0.0,484,5.0,89,4.89,4.66,4.94,0.0,0.0,0.0,170.2316436767578,21.607946395874023,1,1,1.0,200,250,14.0,485.6664123535156,565.43115234375,25.66042709350586,74.8598403930664,269.15,100.0,0,False,False,False,True,False,False,False,False,False,False
1587,1600,0.08,0.24,1.41,0.01,0.01,0.0,0.0,0.0,0.0,1.06,0.0,0.0,484,5.0,89,4.66,3.04,2.27,0.0,0.0,0.0,170.2316436767578,21.607946395874023,1,1,1.0,200,250,14.0,464.0158996582031,552.4033813476562,27.604429244995117,75.72362518310547,225.15,28.0,0,False,False,False,True,False,False,False,False,False,False
1588,1601,0.07,0.22,1.36,0.01,0.01,0.0,0.0,0.0,0.0,1.63,0.0,0.0,484,5.0,110,4.94,2.32,4.8,0.0,0.0,0.0,170.2316436767578,21.607946395874023,1,1,1.0,200,250,14.0,559.0,638.0,23.2,70.8,,98.7689437866211,4,False,False,False,True,False,False,False,False,False,False
1589,1602,0.07,0.22,1.36,0.01,0.01,0.0,0.0,0.0,0.0,1.63,0.0,0.0,484,5.0,110,2.7,4.61,4.79,0.0,0.0,0.0,170.2316436767578,21.607946395874023,1,1,1.0,200,250,14.0,551.5872802734375,626.9534912109375,26.380168914794922,72.2196044921875,296.15,100.0,0,False,False,False,True,False,False,False,False,False,False
1590,1603,0.07,0.22,1.36,0.01,0.01,0.0,0.0,0.0,0.0,1.63,0.0,0.0,484,5.0,110,4.83,4.91,4.82,0.0,0.0,0.0,170.2316436767578,21.607946395874023,1,1,1.0,200,250,14.0,543.128173828125,607.2221069335938,26.775209426879883,73.565185546875,243.15,28.0,0,False,False,False,True,False,False,False,False,False,False
1591,1604,0.07,0.28,1.46,0.01,0.01,0.0,0.0,0.0,0.0,0.0,0.0,0.0,443,35.0,79,4.66,4.95,2.71,0.0,0.0,0.0,170.2316436767578,21.607946395874023,1,1,1.0,200,250,14.0,460.0,533.0,27.6,78.9,,107.98351287841797,4,False,False,False,True,False,False,False,False,False,False
1592,1605,0.07,0.28,1.46,0.01,0.01,0.0,0.0,0.0,0.0,0.0,0.0,0.0,443,35.0,79,2.73,4.96,4.87,0.0,0.0,0.0,170.2316436767578,21.607946395874023,1,1,1.0,200,250,14.0,439.89398193359375,521.9877319335938,28.51137351989746,78.99143981933594,205.15,100.0,0,False,False,False,True,False,False,False,False,False,False
1593,1606,0.07,0.28,1.46,0.01,0.01,0.0,0.0,0.0,0.0,0.0,0.0,0.0,443,35.0,79,4.97,4.97,4.71,0.0,0.0,0.0,170.2316436767578,21.607946395874023,1,1,1.0,200,250,14.0,442.6366271972656,522.3084106445312,29.127315521240234,78.92957305908203,185.15,28.0,0,False,False,False,True,False,False,False,False,False,False
1594,1607,0.08,0.25,1.48,0.01,0.01,0.95,0.0,0.0,0.0,0.0,0.0,0.0,417,33.0,81,2.69,4.94,4.75,0.0,0.0,0.0,170.2316436767578,21.607946395874023,1,1,1.0,200,250,14.0,498.0,551.0,27.2,78.9,,107.18145751953125,4,False,False,False,True,False,False,False,False,False,False
1595,1608,0.08,0.25,1.48,0.01,0.01,0.95,0.0,0.0,0.0,0.0,0.0,0.0,417,33.0,81,4.82,4.65,4.93,0.0,0.0,0.0,170.2316436767578,21.607946395874023,1,1,1.0,200,250,14.0,495.1629638671875,548.7525634765625,26.947784423828125,77.193359375,211.15,100.0,0,False,False,False,True,False,False,False,False,False,False
1596,1609,0.08,0.25,1.48,0.01,0.01,0.95,0.0,0.0,0.0,0.0,0.0,0.0,417,33.0,81,4.76,4.92,2.44,0.0,0.0,0.0,170.2316436767578,21.607946395874023,1,1,1.0,200,250,14.0,482.2548828125,543.3131713867188,27.476835250854492,75.6836166381836,179.14999999999998,28.0,0,False,False,False,True,False,False,False,False,False,False
1597,1610,0.07,0.27,1.46,0.01,0.01,2.24,0.0,0.0,0.0,0.0,0.0,0.0,436,34.0,78,4.83,4.82,1.79,0.0,0.0,0.0,170.2316436767578,21.607946395874023,1,1,1.0,200,250,14.0,555.0,622.0,25.6,78.0,,106.48706817626953,4,False,False,False,True,False,False,False,False,False,False
1598,1611,0.07,0.27,1.46,0.01,0.01,2.24,0.0,0.0,0.0,0.0,0.0,0.0,436,34.0,78,2.78,4.69,4.97,0.0,0.0,0.0,170.2316436767578,21.607946395874023,1,1,1.0,200,250,14.0,518.18212890625,592.4672241210938,26.476337432861328,76.62532043457031,215.15,100.0,0,False,False,False,True,False,False,False,False,False,False
1599,1612,0.07,0.27,1.46,0.01,0.01,2.24,0.0,0.0,0.0,0.0,0.0,0.0,436,34.0,78,2.9,2.43,4.76,0.0,0.0,0.0,170.2316436767578,21.607946395874023,1,1,1.0,200,250,14.0,522.7484130859375,594.2918090820312,26.649946212768555,69.80419158935547,171.14999999999998,28.0,0,False,False,False,True,False,False,False,False,False,False
1600,1613,0.08,0.26,1.46,0.01,0.01,3.15,0.0,0.0,0.0,0.0,0.0,0.0,418,32.0,72,5.0,4.97,2.93,0.0,0.0,0.0,170.2316436767578,21.607946395874023,1,1,1.0,200,250,14.0,604.0,680.0,20.0,71.9,,110.7281265258789,4,False,False,False,True,False,False,False,False,False,False
1601,1614,0.08,0.26,1.46,0.01,0.01,3.15,0.0,0.0,0.0,0.0,0.0,0.0,418,32.0,72,4.79,4.55,4.68,0.0,0.0,0.0,170.2316436767578,21.607946395874023,1,1,1.0,200,250,14.0,575.4332275390625,654.4347534179688,22.720584869384766,72.9004898071289,224.15,100.0,0,False,False,False,True,False,False,False,False,False,False
1602,1615,0.08,0.26,1.46,0.01,0.01,3.15,0.0,0.0,0.0,0.0,0.0,0.0,418,32.0,72,4.95,4.87,4.81,0.0,0.0,0.0,170.2316436767578,21.607946395874023,1,1,1.0,200,250,14.0,569.2005615234375,654.1839599609375,22.8629207611084,61.02377700805664,178.14999999999998,28.0,0,False,False,False,True,False,False,False,False,False,False
1603,1616,0.08,0.26,1.49,0.01,0.01,0.0,0.0,0.25,4.98,0.0,0.0,0.0,412,34.0,89,4.84,4.92,2.65,0.0,0.0,0.0,170.2316436767578,21.607946395874023,1,1,1.0,200,250,14.0,560.0,600.0,25.0,77.0,,100.04869079589844,4,False,False,False,True,False,False,False,False,False,False
1604,1617,0.08,0.26,1.49,0.01,0.01,0.0,0.0,0.25,4.86,0.0,0.0,0.0,412,34.0,89,2.96,4.88,4.89,0.0,0.0,0.0,170.2316436767578,21.607946395874023,1,1,1.0,200,250,14.0,574.8471069335938,610.2166137695312,24.256858825683594,75.36286926269531,204.15,100.0,0,False,False,False,True,False,False,False,False,False,False
1605,1618,0.08,0.26,1.49,0.01,0.01,0.0,0.0,0.25,2.93,0.0,0.0,0.0,412,34.0,89,4.8,4.66,4.82,0.0,0.0,0.0,170.2316436767578,21.607946395874023,1,1,1.0,200,250,14.0,572.2551879882812,609.8067016601562,25.246196746826172,75.44110870361328,187.15,28.0,0,False,False,False,True,False,False,False,False,False,False
1606,1619,0.08,0.26,1.46,0.01,0.01,0.0,0.0,0.5,4.54,0.0,0.0,0.0,429,31.0,86,4.92,4.97,4.64,0.0,0.0,0.0,170.2316436767578,21.607946395874023,1,1,1.0,200,250,14.0,596.0,642.0,21.0,74.0,,102.11227416992188,4,False,False,False,True,False,False,False,False,False,False
1607,1620,0.08,0.26,1.46,0.01,0.01,0.0,0.0,0.5,4.79,0.0,0.0,0.0,429,31.0,86,4.83,3.05,4.69,0.0,0.0,0.0,170.2316436767578,21.607946395874023,1,1,1.0,200,250,14.0,607.149169921875,648.7498779296875,22.567808151245117,74.20706939697266,217.15,100.0,0,False,False,False,True,False,False,False,False,False,False
1608,1621,0.08,0.26,1.46,0.01,0.01,0.0,0.0,0.5,4.84,0.0,0.0,0.0,429,31.0,86,4.77,4.77,2.44,0.0,0.0,0.0,170.2316436767578,21.607946395874023,1,1,1.0,200,250,14.0,605.07470703125,648.088623046875,22.791318893432617,73.48329162597656,183.15,28.0,0,False,False,False,True,False,False,False,False,False,False
1609,1622,0.08,0.25,1.44,0.01,0.01,0.0,0.0,1.07,4.93,0.0,0.0,0.0,432,31.0,83,4.68,2.9,5.0,0.0,0.0,0.0,170.2316436767578,21.607946395874023,1,1,1.0,200,250,14.0,650.0,720.0,20.0,70.8,,102.14681243896484,4,False,False,False,True,False,False,False,False,False,False
1610,1623,0.08,0.25,1.44,0.01,0.01,0.0,0.0,1.07,2.59,0.0,0.0,0.0,432,31.0,83,4.74,4.85,4.88,0.0,0.0,0.0,170.2316436767578,21.607946395874023,1,1,1.0,200,250,14.0,635.7636108398438,688.2098999023438,19.386682510375977,71.29711151123047,234.15,100.0,0,False,False,False,True,False,False,False,False,False,False
1611,1624,0.08,0.25,1.44,0.01,0.01,0.0,0.0,1.07,4.85,0.0,0.0,0.0,432,31.0,83,4.81,2.76,4.92,0.0,0.0,0.0,170.2316436767578,21.607946395874023,1,1,1.0,200,250,14.0,635.1189575195312,696.8831787109375,21.02117156982422,71.21570587158203,188.15,28.0,0,False,False,False,True,False,False,False,False,False,False
1612,1625,0.08,0.3,1.56,0.01,0.01,0.0,1.03,0.0,0.0,0.0,0.0,0.0,431,27.0,98,4.8,2.44,4.59,0.0,0.0,0.0,170.2316436767578,21.607946395874023,1,1,1.0,200,250,14.0,624.0,672.0,20.0,73.0,,106.707275390625,4,False,False,False,True,False,False,False,False,False,False
1613,1626,0.08,0.3,1.56,0.01,0.01,0.0,1.03,0.0,0.0,0.0,0.0,0.0,431,27.0,98,3.08,4.86,2.92,0.0,0.0,0.0,170.2316436767578,21.607946395874023,1,1,1.0,200,250,14.0,559.0403442382812,640.0028076171875,21.545719146728516,74.6144790649414,215.15,100.0,0,False,False,False,True,False,False,False,False,False,False
1614,1627,0.08,0.3,1.56,0.01,0.01,0.0,1.03,0.0,0.0,0.0,0.0,0.0,431,27.0,98,4.85,4.86,2.9,0.0,0.0,0.0,170.2316436767578,21.607946395874023,1,1,1.0,200,250,14.0,553.9530639648438,638.2329711914062,21.76294708251953,74.53024291992188,189.15,28.0,0,False,False,False,True,False,False,False,False,False,False
1615,1628,0.07,0.29,1.53,0.01,0.01,0.0,1.53,0.0,0.0,0.0,0.0,0.0,438,27.0,79,4.92,2.88,4.81,0.0,0.0,0.0,170.2316436767578,21.607946395874023,1,1,1.0,200,250,14.0,650.0,710.0,18.4,73.0,,105.570068359375,4,False,False,False,True,False,False,False,False,False,False
1616,1629,0.07,0.29,1.53,0.01,0.01,0.0,1.53,0.0,0.0,0.0,0.0,0.0,438,27.0,79,4.73,4.67,2.24,0.0,0.0,0.0,170.2316436767578,21.607946395874023,1,1,1.0,200,250,14.0,619.4667358398438,663.4733276367188,19.85492706298828,72.48829650878906,235.15,100.0,0,False,False,False,True,False,False,False,False,False,False
1617,1630,0.07,0.29,1.53,0.01,0.01,0.0,1.53,0.0,0.0,0.0,0.0,0.0,438,27.0,79,4.96,4.66,4.7,0.0,0.0,0.0,170.2316436767578,21.607946395874023,1,1,1.0,200,250,14.0,610.203369140625,638.1578369140625,20.857192993164062,72.52872467041016,194.15,28.0,0,False,False,False,True,False,False,False,False,False,False
1618,1631,0.08,0.29,1.48,0.01,0.01,0.0,1.96,0.0,0.0,0.0,0.0,0.0,438,28.0,82,4.92,4.79,4.78,0.0,0.0,0.0,170.2316436767578,21.607946395874023,1,1,1.0,200,250,14.0,706.0,772.0,16.0,67.5,,102.47679138183594,4,False,False,False,True,False,False,False,False,False,False
1619,1632,0.08,0.29,1.48,0.01,0.01,0.0,1.96,0.0,0.0,0.0,0.0,0.0,438,28.0,82,5.0,2.7,4.72,0.0,0.0,0.0,170.2316436767578,21.607946395874023,1,1,1.0,200,250,14.0,669.230224609375,707.580810546875,18.53753662109375,71.13455200195312,267.15,100.0,0,False,False,False,True,False,False,False,False,False,False
1620,1633,0.08,0.29,1.48,0.01,0.01,0.0,1.96,0.0,0.0,0.0,0.0,0.0,438,28.0,82,4.65,3.02,4.78,0.0,0.0,0.0,170.2316436767578,21.607946395874023,1,1,1.0,200,250,14.0,668.1741943359375,691.3648071289062,19.905183792114258,71.51205444335938,203.15,28.0,0,False,False,False,True,False,False,False,False,False,False
1621,1634,0.08,0.27,1.48,0.01,0.01,0.0,0.0,0.0,0.0,0.53,0.0,0.0,454,22.0,81,4.68,2.79,4.58,0.0,0.0,0.0,170.2316436767578,21.607946395874023,1,1,1.0,200,250,14.0,495.0,557.0,27.6,78.9,,103.69251251220703,4,False,False,False,True,False,False,False,False,False,False
1622,1635,0.08,0.27,1.48,0.01,0.01,0.0,0.0,0.0,0.0,0.53,0.0,0.0,454,22.0,81,4.91,4.94,3.21,0.0,0.0,0.0,170.2316436767578,21.607946395874023,1,1,1.0,200,250,14.0,464.2132568359375,530.4977416992188,27.82187843322754,78.39193725585938,216.15,100.0,0,False,False,False,True,False,False,False,False,False,False
1623,1636,0.08,0.27,1.48,0.01,0.01,0.0,0.0,0.0,0.0,0.53,0.0,0.0,454,22.0,81,4.96,4.75,4.66,0.0,0.0,0.0,170.2316436767578,21.607946395874023,1,1,1.0,200,250,14.0,465.3844299316406,530.5464477539062,28.00163459777832,77.80574798583984,180.15,28.0,0,False,False,False,True,False,False,False,False,False,False
1624,1637,0.08,0.25,1.43,0.01,0.01,0.0,0.0,0.0,0.0,1.08,0.0,0.0,456,19.0,92,4.85,4.86,4.59,0.0,0.0,0.0,170.2316436767578,21.607946395874023,1,1,1.0,200,250,14.0,487.0,563.0,27.4,77.4,,109.09064483642578,4,False,False,False,True,False,False,False,False,False,False
1625,1638,0.08,0.25,1.43,0.01,0.01,0.0,0.0,0.0,0.0,1.08,0.0,0.0,456,19.0,92,4.66,4.83,4.8,0.0,0.0,0.0,170.2316436767578,21.607946395874023,1,1,1.0,200,250,14.0,482.663818359375,548.9952392578125,27.443349838256836,77.26288604736328,225.15,100.0,0,False,False,False,True,False,False,False,False,False,False
1626,1639,0.08,0.25,1.43,0.01,0.01,0.0,0.0,0.0,0.0,1.08,0.0,0.0,456,19.0,92,3.07,3.04,4.6,0.0,0.0,0.0,170.2316436767578,21.607946395874023,1,1,1.0,200,250,14.0,463.14837646484375,551.27490234375,27.805253982543945,76.80038452148438,188.15,28.0,0,False,False,False,True,False,False,False,False,False,False
1627,1640,0.07,0.25,1.37,0.01,0.01,0.0,0.0,0.0,0.0,1.6,0.0,0.0,475,23.0,75,4.47,2.69,4.85,0.0,0.0,0.0,170.2316436767578,21.607946395874023,1,1,1.0,200,250,14.0,570.0,625.0,25.8,75.0,,107.02886199951172,4,False,False,False,True,False,False,False,False,False,False
1628,1641,0.07,0.25,1.37,0.01,0.01,0.0,0.0,0.0,0.0,1.6,0.0,0.0,475,23.0,75,4.59,4.96,4.67,0.0,0.0,0.0,170.2316436767578,21.607946395874023,1,1,1.0,200,250,14.0,550.7177124023438,611.6992797851562,26.372493743896484,73.6207275390625,258.15,100.0,0,False,False,False,True,False,False,False,False,False,False
1629,1642,0.07,0.25,1.37,0.01,0.01,0.0,0.0,0.0,0.0,1.6,0.0,0.0,475,23.0,75,4.84,4.89,2.25,0.0,0.0,0.0,170.2316436767578,21.607946395874023,1,1,1.0,200,250,14.0,535.1162719726562,570.0310668945312,28.268434524536133,74.07575225830078,206.15,28.0,0,False,False,False,True,False,False,False,False,False,False
1630,1643,0.09,0.39,0.89,0.01,0.02,0.57,8.2,0.96,0.18,0.0,0.0,0.0,361,0.0,373,0.0,0.0,500.0,0.0,0.0,0.0,450.0,30.0,1,1,2.0,200,760,2.0,830.0,760.6574096679688,20.650968551635742,56.09502029418945,,85.67656707763672,1,False,False,False,False,False,False,True,False,False,False
1631,1644,0.09,0.38,0.55,0.01,0.02,0.52,8.6,0.98,0.19,0.0,0.0,0.0,363,0.0,376,0.0,0.0,500.0,0.0,0.0,0.0,450.0,30.0,1,1,2.0,200,760,2.0,830.0,759.32373046875,21.038969039916992,57.4371337890625,,86.12950134277344,1,False,False,False,False,False,False,True,False,False,False
1632,1645,0.1,0.39,1.63,0.01,0.02,0.79,8.6,0.98,0.2,0.0,0.0,0.0,330,0.0,390,0.0,0.0,500.0,0.0,0.0,0.0,450.0,30.0,1,1,2.0,200,760,2.0,825.0,771.2221069335938,20.723182678222656,54.65434265136719,,79.1153335571289,1,False,False,False,False,False,False,True,False,False,False
1633,1646,0.1,0.36,0.93,0.01,0.02,0.23,8.9,1.02,0.2,0.0,0.0,0.0,372,0.0,416,0.0,0.0,500.0,0.0,0.0,0.0,450.0,30.0,1,1,2.0,200,760,2.0,734.0,759.9087524414062,20.08275032043457,57.83847427368164,,87.78689575195312,1,False,False,False,False,False,False,True,False,False,False
1634,1647,0.1,0.35,0.9,0.01,0.02,0.6,8.6,0.98,0.18,0.0,0.0,0.0,368,0.0,398,0.0,0.0,24.34,0.0,0.0,0.0,450.0,30.0,1,1,2.0,200,760,2.0,834.0,763.382568359375,20.201189041137695,58.69371795654297,,84.18619537353516,1,False,False,False,False,False,False,True,False,False,False
1635,1648,0.09,0.36,0.88,0.01,0.02,0.57,8.4,0.94,0.19,0.0,0.0,0.0,441,0.0,394,0.0,0.0,1000.0,0.0,0.0,0.0,450.0,30.0,1,1,2.0,200,760,2.0,822.0,774.7659912109375,19.851909637451172,55.55249786376953,,88.69450378417969,1,False,False,False,False,False,False,True,False,False,False
1636,1649,0.09,0.34,0.89,0.01,0.02,0.17,8.2,0.94,0.02,0.0,0.0,0.0,396,0.0,96,0.0,0.0,46.51,0.0,0.0,0.0,450.0,30.0,1,1,2.0,200,760,2.0,660.0,736.33544921875,22.805334091186523,63.20017623901367,,96.15360260009766,1,False,False,False,False,False,False,True,False,False,False
1637,1650,0.09,0.35,0.9,0.01,0.02,0.54,8.4,0.97,0.17,0.0,0.0,0.0,426,0.0,99,0.0,0.0,500.0,0.0,0.0,0.0,450.0,30.0,1,1,2.0,200,760,2.0,832.0,750.5169677734375,21.513782501220703,60.10670852661133,,94.00951385498047,1,False,False,False,False,False,False,True,False,False,False
1638,1651,0.18,0.39,0.88,0.01,0.02,0.18,10.2,0.94,0.28,0.0,0.0,0.0,327,0.0,103,0.0,0.0,49.26,0.0,0.0,0.0,450.0,30.0,1,1,2.0,200,760,2.0,739.7595825195312,748.0059204101562,23.022377014160156,60.01571273803711,,85.5689468383789,0,False,False,False,False,False,False,True,False,False,False
