Unnamed: 0.1,Unnamed: 0,Carbon concentration (weight%),Silicon concentration (weight%),Manganese concentration (weight%),Sulphur concentration (weight%),Phosphorus concentration (weight%),Nickel concentration (weight%),Chromium concentration (weight%),Molybdenum concentration (weight%),Vanadium concentration (weight%),Copper concentration (weight%),Cobalt concentration (weight%),Tungsten concentration (weight%),Oxygen concentration (ppm by weight),Titanium concentration (ppm by weight),Nitrogen concentration (ppm by weight),Aluminium concentration (ppm by weight),Boron concentration (ppm by weight),Niobium concentration (ppm by weight),Tin concentration (ppm by weight),Arsenic concentration (ppm by weight),Antimony concentration (ppm by weight),Current (A),Voltage (V),AC or DC,Electrode polarity (positive or negative),Heat input (kJmm-1),Interpass temperature (°C),Post weld heat treatment temperature (°C),Post weld heat treatment time (hours),Yield strength (MPa),Ultimate tensile strength (MPa),Elongation (%),Reduction of Area (%),Charpy temperature (°C),Charpy impact toughness (J),mech_count,weld_type_FCA,weld_type_GMAA,weld_type_GTAA,weld_type_MMA,weld_type_NGGMA,weld_type_NGSAW,weld_type_SA,weld_type_SAA,weld_type_ShMA,weld_type_TSA,cluster_gmm,cluster_proba
0,0,0.04,0.3,0.65,0.01,0.01,0.0,0.0,0.0,0.0,0.0,0.0,0.0,0,0.0,0,0.0,0.0,0.0,0.0,0.0,0.0,170.0,21.0,1,1,1.0,200,250,14.0,392.0,466.0,31.9,80.6,,144.82321166992188,4,False,False,False,True,False,False,False,False,False,False,4.0,0.9260906278564832
1,1,0.04,0.3,0.65,0.01,0.01,0.0,0.0,0.0,0.0,0.0,0.0,0.0,0,0.0,0,0.0,0.0,0.0,0.0,0.0,0.0,170.0,21.0,1,1,1.0,200,0,0.0,389.6217041015625,469.3414916992188,33.847198486328125,80.177001953125,245.15,100.0,0,False,False,False,True,False,False,False,False,False,False,0.0,0.8709233909603783
2,2,0.04,0.3,0.65,0.01,0.01,0.0,0.0,0.0,0.0,0.0,0.0,0.0,0,0.0,0,0.0,0.0,0.0,0.0,0.0,0.0,170.0,21.0,1,1,1.0,200,580,2.0,370.0,456.0,35.2,80.6,235.15,100.0,4,False,False,False,True,False,False,False,False,False,False,0.0,0.9247861972745978
3,3,0.04,0.31,1.03,0.01,0.01,0.0,0.0,0.0,0.0,0.0,0.0,0.0,0,0.0,0,0.0,0.0,0.0,0.0,0.0,0.0,170.0,21.0,1,1,1.0,200,250,14.0,413.0,498.0,31.2,80.6,,151.0963134765625,4,False,False,False,True,False,False,False,False,False,False,4.0,0.8597187866824666
4,4,0.04,0.31,1.03,0.01,0.01,0.0,0.0,0.0,0.0,0.0,0.0,0.0,0,0.0,0,0.0,0.0,0.0,0.0,0.0,0.0,170.0,21.0,1,1,1.0,200,0,0.0,416.17681884765625,493.1879577636719,32.91132354736328,80.04510498046875,225.15,100.0,0,False,False,False,True,False,False,False,False,False,False,0.0,0.8101900607592616
5,5,0.04,0.31,1.03,0.01,0.01,0.0,0.0,0.0,0.0,0.0,0.0,0.0,0,0.0,0,0.0,0.0,0.0,0.0,0.0,0.0,170.0,21.0,1,1,1.0,200,580,2.0,402.0,490.0,31.0,80.6,229.15,100.0,4,False,False,False,True,False,False,False,False,False,False,0.0,0.801778794616461
6,6,0.04,0.35,1.43,0.01,0.01,0.0,0.0,0.0,0.0,0.0,0.0,0.0,0,0.0,0,0.0,0.0,0.0,0.0,0.0,0.0,170.0,21.0,1,1,1.0,200,250,14.0,468.0,551.0,29.4,78.7,,136.80947875976562,4,False,False,False,True,False,False,False,False,False,False,4.0,0.8494983467579146
7,7,0.04,0.35,1.43,0.01,0.01,0.0,0.0,0.0,0.0,0.0,0.0,0.0,0,0.0,0,0.0,0.0,0.0,0.0,0.0,0.0,170.0,21.0,1,1,1.0,200,0,0.0,456.8844604492188,536.173828125,31.148860931396484,79.21931457519531,220.15,100.0,0,False,False,False,True,False,False,False,False,False,False,0.0,0.7697480206236037
8,8,0.04,0.35,1.43,0.01,0.01,0.0,0.0,0.0,0.0,0.0,0.0,0.0,0,0.0,0,0.0,0.0,0.0,0.0,0.0,0.0,170.0,21.0,1,1,1.0,200,580,2.0,436.0,529.0,31.6,78.8,215.15,100.0,4,False,False,False,True,False,False,False,False,False,False,0.0,0.7674158116052135
9,9,0.04,0.33,1.85,0.01,0.02,0.0,0.0,0.0,0.0,0.0,0.0,0.0,0,0.0,0,0.0,0.0,0.0,0.0,0.0,0.0,170.0,21.0,1,1,1.0,200,250,14.0,514.0,588.0,28.0,76.8,,134.74246215820312,4,False,False,False,True,False,False,False,False,False,False,4.0,0.593433727647641
10,10,0.04,0.33,1.85,0.01,0.02,0.0,0.0,0.0,0.0,0.0,0.0,0.0,0,0.0,0,0.0,0.0,0.0,0.0,0.0,0.0,170.0,21.0,1,1,1.0,200,0,0.0,503.25384521484375,580.19384765625,27.995098114013672,76.69515228271484,235.15,100.0,0,False,False,False,True,False,False,False,False,False,False,0.0,0.8753365392932981
11,11,0.04,0.33,1.85,0.01,0.02,0.0,0.0,0.0,0.0,0.0,0.0,0.0,0,0.0,0,0.0,0.0,0.0,0.0,0.0,0.0,170.0,21.0,1,1,1.0,200,580,2.0,479.0,576.0,27.4,76.9,233.15,100.0,4,False,False,False,True,False,False,False,False,False,False,0.0,0.8594431835253729
12,12,0.04,0.32,0.66,0.01,0.01,0.53,0.0,0.0,0.0,0.0,0.0,0.0,0,0.0,0,0.0,0.0,0.0,0.0,0.0,0.0,170.0,21.0,1,1,1.0,200,250,14.0,411.0,484.0,32.6,79.3,,131.45462036132812,4,False,False,False,True,False,False,False,False,False,False,4.0,0.9640485395687428
13,13,0.04,0.32,0.66,0.01,0.01,0.53,0.0,0.0,0.0,0.0,0.0,0.0,0,0.0,0,0.0,0.0,0.0,0.0,0.0,0.0,170.0,21.0,1,1,1.0,200,580,2.0,401.0,475.0,34.2,80.6,,129.73300170898438,4,False,False,False,True,False,False,False,False,False,False,4.0,0.9716090690403207
14,14,0.04,0.33,1.01,0.01,0.01,0.49,0.0,0.0,0.0,0.0,0.0,0.0,0,0.0,0,0.0,0.0,0.0,0.0,0.0,0.0,170.0,21.0,1,1,1.0,200,250,14.0,464.0,522.0,29.6,77.8,,133.45529174804688,4,False,False,False,True,False,False,False,False,False,False,4.0,0.9016246308339569
15,15,0.04,0.33,1.01,0.01,0.01,0.49,0.0,0.0,0.0,0.0,0.0,0.0,0,0.0,0,0.0,0.0,0.0,0.0,0.0,0.0,170.0,21.0,1,1,1.0,200,0,0.0,437.1951599121094,521.1585693359375,31.469974517822266,78.80426788330078,,125.90094757080078,0,False,False,False,True,False,False,False,False,False,False,4.0,0.9578008847815723
16,16,0.04,0.33,1.01,0.01,0.01,0.49,0.0,0.0,0.0,0.0,0.0,0.0,0,0.0,0,0.0,0.0,0.0,0.0,0.0,0.0,170.0,21.0,1,1,1.0,200,580,2.0,426.0,506.0,31.6,79.7,,131.92030334472656,4,False,False,False,True,False,False,False,False,False,False,4.0,0.9536105793845244
17,17,0.05,0.32,1.4,0.01,0.01,0.47,0.0,0.0,0.0,0.0,0.0,0.0,0,0.0,0,0.0,0.0,0.0,0.0,0.0,0.0,170.0,21.0,1,1,1.0,200,250,14.0,509.0,568.0,28.6,76.9,,109.9027328491211,4,False,False,False,True,False,False,False,False,False,False,0.0,0.7195230364326602
18,18,0.05,0.32,1.4,0.01,0.01,0.47,0.0,0.0,0.0,0.0,0.0,0.0,0,0.0,0,0.0,0.0,0.0,0.0,0.0,0.0,170.0,21.0,1,1,1.0,200,580,2.0,450.0,536.0,28.2,78.8,,103.52628326416016,4,False,False,False,True,False,False,False,False,False,False,0.0,0.7834497312894162
19,19,0.05,0.33,1.85,0.01,0.01,0.51,0.0,0.0,0.0,0.0,0.0,0.0,0,0.0,0,0.0,0.0,0.0,0.0,0.0,0.0,170.0,21.0,1,1,1.0,200,250,14.0,547.0,618.0,26.0,74.9,,107.5369873046875,4,False,False,False,True,False,False,False,False,False,False,0.0,0.9121395332361368
20,20,0.05,0.33,1.85,0.01,0.01,0.51,0.0,0.0,0.0,0.0,0.0,0.0,0,0.0,0,0.0,0.0,0.0,0.0,0.0,0.0,170.0,21.0,1,1,1.0,200,0,0.0,531.439697265625,614.3411254882812,26.787824630737305,75.04582214355469,,100.66859436035156,0,False,False,False,True,False,False,False,False,False,False,0.0,0.9277380118756405
21,21,0.05,0.33,1.85,0.01,0.01,0.51,0.0,0.0,0.0,0.0,0.0,0.0,0,0.0,0,0.0,0.0,0.0,0.0,0.0,0.0,170.0,21.0,1,1,1.0,200,580,2.0,526.0,612.0,26.8,72.9,,100.4966278076172,4,False,False,False,True,False,False,False,False,False,False,0.0,0.9262387883667071
22,22,0.04,0.31,0.63,0.01,0.01,1.09,0.0,0.0,0.0,0.0,0.0,0.0,0,0.0,0,0.0,0.0,0.0,0.0,0.0,0.0,170.0,21.0,1,1,1.0,200,250,14.0,423.0,497.0,30.6,78.8,,131.47145080566406,4,False,False,False,True,False,False,False,False,False,False,4.0,0.951982772823332
23,23,0.04,0.31,0.63,0.01,0.01,1.09,0.0,0.0,0.0,0.0,0.0,0.0,0,0.0,0,0.0,0.0,0.0,0.0,0.0,0.0,170.0,21.0,1,1,1.0,200,0,0.0,415.6521606445313,493.9034118652344,32.977420806884766,79.0919418334961,235.15,100.0,0,False,False,False,True,False,False,False,False,False,False,0.0,0.8042022554634098
24,24,0.04,0.31,0.63,0.01,0.01,1.09,0.0,0.0,0.0,0.0,0.0,0.0,0,0.0,0,0.0,0.0,0.0,0.0,0.0,0.0,170.0,21.0,1,1,1.0,200,580,2.0,411.0,493.0,33.6,79.7,233.15,100.0,4,False,False,False,True,False,False,False,False,False,False,0.0,0.8215866112124334
25,25,0.04,0.33,1.0,0.01,0.01,1.1,0.0,0.0,0.0,0.0,0.0,0.0,0,0.0,0,0.0,0.0,0.0,0.0,0.0,0.0,170.0,21.0,1,1,1.0,200,250,14.0,475.0,541.0,29.6,77.9,,134.45370483398438,4,False,False,False,True,False,False,False,False,False,False,4.0,0.8678974218720318
26,26,0.04,0.33,1.0,0.01,0.01,1.1,0.0,0.0,0.0,0.0,0.0,0.0,0,0.0,0,0.0,0.0,0.0,0.0,0.0,0.0,170.0,21.0,1,1,1.0,200,0,0.0,440.9767150878906,524.9201049804688,31.76854705810547,78.32976531982422,218.15,100.0,0,False,False,False,True,False,False,False,False,False,False,0.0,0.7667789913733691
27,27,0.04,0.33,1.0,0.01,0.01,1.1,0.0,0.0,0.0,0.0,0.0,0.0,0,0.0,0,0.0,0.0,0.0,0.0,0.0,0.0,170.0,21.0,1,1,1.0,200,580,2.0,443.0,521.0,31.8,77.8,222.15,100.0,4,False,False,False,True,False,False,False,False,False,False,0.0,0.7659475289193107
28,28,0.05,0.35,1.37,0.01,0.01,1.06,0.0,0.0,0.0,0.0,0.0,0.0,0,0.0,0,0.0,0.0,0.0,0.0,0.0,0.0,170.0,21.0,1,1,1.0,200,250,14.0,498.0,569.0,28.4,78.8,,112.36766052246094,4,False,False,False,True,False,False,False,False,False,False,0.0,0.5002266643162437
29,29,0.05,0.35,1.37,0.01,0.01,1.06,0.0,0.0,0.0,0.0,0.0,0.0,0,0.0,0,0.0,0.0,0.0,0.0,0.0,0.0,170.0,21.0,1,1,1.0,200,0,0.0,474.3239440917969,554.1952514648438,30.429895401000977,77.787109375,215.15,100.0,0,False,False,False,True,False,False,False,False,False,False,0.0,0.7925899009845185
30,30,0.05,0.35,1.37,0.01,0.01,1.06,0.0,0.0,0.0,0.0,0.0,0.0,0,0.0,0,0.0,0.0,0.0,0.0,0.0,0.0,170.0,21.0,1,1,1.0,200,580,2.0,470.0,557.0,30.2,76.0,253.15,100.0,4,False,False,False,True,False,False,False,False,False,False,0.0,0.8006786096378351
31,31,0.05,0.35,1.83,0.01,0.01,1.06,0.0,0.0,0.0,0.0,0.0,0.0,0,0.0,0,0.0,0.0,0.0,0.0,0.0,0.0,170.0,21.0,1,1,1.0,200,250,14.0,566.0,641.0,26.4,76.0,,106.51250457763672,4,False,False,False,True,False,False,False,False,False,False,0.0,0.9186835979223551
32,32,0.05,0.35,1.83,0.01,0.01,1.06,0.0,0.0,0.0,0.0,0.0,0.0,0,0.0,0,0.0,0.0,0.0,0.0,0.0,0.0,170.0,21.0,1,1,1.0,200,0,0.0,535.9959716796875,629.0389404296875,27.14214134216309,75.53651428222656,234.15,100.0,0,False,False,False,True,False,False,False,False,False,False,0.0,0.9262346085509469
33,33,0.05,0.35,1.83,0.01,0.01,1.06,0.0,0.0,0.0,0.0,0.0,0.0,0,0.0,0,0.0,0.0,0.0,0.0,0.0,0.0,170.0,21.0,1,1,1.0,200,580,2.0,521.0,612.0,26.0,74.0,274.15,100.0,4,False,False,False,True,False,False,False,False,False,False,0.0,0.9243926471459072
34,34,0.04,0.3,0.62,0.01,0.01,2.38,0.0,0.0,0.0,0.0,0.0,0.0,0,0.0,0,0.0,0.0,0.0,0.0,0.0,0.0,170.0,21.0,1,1,1.0,200,250,14.0,466.0,538.0,30.6,77.8,,134.22596740722656,4,False,False,False,True,False,False,False,False,False,False,4.0,0.8970375632369157
35,35,0.04,0.3,0.62,0.01,0.01,2.38,0.0,0.0,0.0,0.0,0.0,0.0,0,0.0,0,0.0,0.0,0.0,0.0,0.0,0.0,170.0,21.0,1,1,1.0,200,0,0.0,447.0993041992188,531.5385131835938,32.081512451171875,77.1361312866211,223.15,100.0,0,False,False,False,True,False,False,False,False,False,False,0.0,0.7645719491521249
36,36,0.04,0.3,0.62,0.01,0.01,2.38,0.0,0.0,0.0,0.0,0.0,0.0,0,0.0,0,0.0,0.0,0.0,0.0,0.0,0.0,170.0,21.0,1,1,1.0,200,580,2.0,431.0,518.0,32.2,76.9,232.15,100.0,4,False,False,False,True,False,False,False,False,False,False,0.0,0.7661903457866733
37,37,0.04,0.31,0.96,0.01,0.01,2.38,0.0,0.0,0.0,0.0,0.0,0.0,0,0.0,0,0.0,0.0,0.0,0.0,0.0,0.0,170.0,21.0,1,1,1.0,200,250,14.0,489.0,567.0,30.6,76.9,,136.08343505859375,4,False,False,False,True,False,False,False,False,False,False,4.0,0.8142434572143606
38,38,0.04,0.31,0.96,0.01,0.01,2.38,0.0,0.0,0.0,0.0,0.0,0.0,0,0.0,0,0.0,0.0,0.0,0.0,0.0,0.0,170.0,21.0,1,1,1.0,200,0,0.0,475.2404479980469,559.0221557617188,30.528404235839844,76.38317108154297,214.15,100.0,0,False,False,False,True,False,False,False,False,False,False,0.0,0.8003776675218782
39,39,0.04,0.31,0.96,0.01,0.01,2.38,0.0,0.0,0.0,0.0,0.0,0.0,0,0.0,0,0.0,0.0,0.0,0.0,0.0,0.0,170.0,21.0,1,1,1.0,200,580,2.0,481.0,561.0,29.1,76.9,229.15,100.0,4,False,False,False,True,False,False,False,False,False,False,0.0,0.823446330566484
40,40,0.05,0.32,1.41,0.01,0.01,2.32,0.0,0.0,0.0,0.0,0.0,0.0,0,0.0,0,0.0,0.0,0.0,0.0,0.0,0.0,170.0,21.0,1,1,1.0,200,250,14.0,567.0,635.0,23.6,72.7,,109.0931625366211,4,False,False,False,True,False,False,False,False,False,False,0.0,0.8674083566362194
41,41,0.05,0.32,1.41,0.01,0.01,2.32,0.0,0.0,0.0,0.0,0.0,0.0,0,0.0,0,0.0,0.0,0.0,0.0,0.0,0.0,170.0,21.0,1,1,1.0,200,0,0.0,557.22998046875,631.9540405273438,25.83187866210937,74.16055297851562,235.15,100.0,0,False,False,False,True,False,False,False,False,False,False,0.0,0.9208223900735388
42,42,0.05,0.32,1.41,0.01,0.01,2.32,0.0,0.0,0.0,0.0,0.0,0.0,0,0.0,0,0.0,0.0,0.0,0.0,0.0,0.0,170.0,21.0,1,1,1.0,200,580,2.0,530.0,615.0,26.6,73.0,253.15,100.0,4,False,False,False,True,False,False,False,False,False,False,0.0,0.9240937844752729
43,43,0.05,0.32,1.81,0.01,0.02,2.33,0.0,0.0,0.0,0.0,0.0,0.0,0,0.0,0,0.0,0.0,0.0,0.0,0.0,0.0,170.0,21.0,1,1,1.0,200,250,14.0,621.0,684.0,23.5,73.9,,109.77782440185548,4,False,False,False,True,False,False,False,False,False,False,0.0,0.7767232330449653
44,44,0.05,0.32,1.81,0.01,0.02,2.33,0.0,0.0,0.0,0.0,0.0,0.0,0,0.0,0,0.0,0.0,0.0,0.0,0.0,0.0,170.0,21.0,1,1,1.0,200,0,0.0,565.6067504882812,649.0499877929688,24.66618537902832,72.78585815429688,243.15,100.0,0,False,False,False,True,False,False,False,False,False,False,0.0,0.894897787339744
45,45,0.05,0.32,1.81,0.01,0.02,2.33,0.0,0.0,0.0,0.0,0.0,0.0,0,0.0,0,0.0,0.0,0.0,0.0,0.0,0.0,170.0,21.0,1,1,1.0,200,580,2.0,574.0,665.0,26.4,70.7,,102.8870620727539,4,False,False,False,True,False,False,False,False,False,False,0.0,0.9069749179569745
46,46,0.04,0.3,0.65,0.01,0.01,3.5,0.0,0.0,0.0,0.0,0.0,0.0,0,0.0,0,0.0,0.0,0.0,0.0,0.0,0.0,170.0,21.0,1,1,1.0,200,250,14.0,479.0,561.0,30.4,76.6,,140.700439453125,4,False,False,False,True,False,False,False,False,False,False,4.0,0.7861734705909138
47,47,0.04,0.3,0.65,0.01,0.01,3.5,0.0,0.0,0.0,0.0,0.0,0.0,0,0.0,0,0.0,0.0,0.0,0.0,0.0,0.0,170.0,21.0,1,1,1.0,200,0,0.0,479.6186218261719,560.1082763671875,31.07806968688965,71.9964599609375,247.15,100.0,0,False,False,False,True,False,False,False,False,False,False,0.0,0.8151494187565276
48,48,0.04,0.3,0.65,0.01,0.01,3.5,0.0,0.0,0.0,0.0,0.0,0.0,0,0.0,0,0.0,0.0,0.0,0.0,0.0,0.0,170.0,21.0,1,1,1.0,200,580,2.0,482.0,560.0,31.4,48.8,210.15,100.0,4,False,False,False,True,False,False,False,False,False,False,0.0,0.8441348336448391
49,49,0.04,0.31,0.98,0.01,0.01,3.46,0.0,0.0,0.0,0.0,0.0,0.0,0,0.0,0,0.0,0.0,0.0,0.0,0.0,0.0,170.0,21.0,1,1,1.0,200,250,14.0,525.0,605.0,27.6,76.0,,137.6780242919922,4,False,False,False,True,False,False,False,False,False,False,5.0,0.5238635516897872
50,50,0.04,0.31,0.98,0.01,0.01,3.46,0.0,0.0,0.0,0.0,0.0,0.0,0,0.0,0,0.0,0.0,0.0,0.0,0.0,0.0,170.0,21.0,1,1,1.0,200,0,0.0,507.8491821289063,594.1049194335938,29.19709205627441,75.20075225830078,225.15,100.0,0,False,False,False,True,False,False,False,False,False,False,0.0,0.8805907326089832
51,51,0.04,0.31,0.98,0.01,0.01,3.46,0.0,0.0,0.0,0.0,0.0,0.0,0,0.0,0,0.0,0.0,0.0,0.0,0.0,0.0,170.0,21.0,1,1,1.0,200,580,2.0,521.0,599.0,28.4,74.0,235.15,100.0,4,False,False,False,True,False,False,False,False,False,False,0.0,0.9062078341358925
52,52,0.05,0.33,1.4,0.01,0.01,3.47,0.0,0.0,0.0,0.0,0.0,0.0,0,0.0,0,0.0,0.0,0.0,0.0,0.0,0.0,170.0,21.0,1,1,1.0,200,250,14.0,621.0,682.0,25.4,72.9,,107.39222717285156,4,False,False,False,True,False,False,False,False,False,False,0.0,0.8536177195454102
53,53,0.05,0.33,1.4,0.01,0.01,3.47,0.0,0.0,0.0,0.0,0.0,0.0,0,0.0,0,0.0,0.0,0.0,0.0,0.0,0.0,170.0,21.0,1,1,1.0,200,0,0.0,606.592041015625,687.9412231445312,26.09957504272461,71.63807678222656,255.15,100.0,0,False,False,False,True,False,False,False,False,False,False,0.0,0.8513091900624312
54,54,0.05,0.33,1.4,0.01,0.01,3.47,0.0,0.0,0.0,0.0,0.0,0.0,0,0.0,0,0.0,0.0,0.0,0.0,0.0,0.0,170.0,21.0,1,1,1.0,200,580,2.0,584.0,677.0,26.6,70.8,329.15,100.0,4,False,False,False,True,False,False,False,False,False,False,0.0,0.8724705831336836
55,55,0.05,0.36,1.79,0.01,0.01,3.42,0.0,0.0,0.0,0.0,0.0,0.0,0,0.0,0,0.0,0.0,0.0,0.0,0.0,0.0,170.0,21.0,1,1,1.0,200,250,14.0,692.0,753.0,22.2,69.7,,105.47711181640624,4,False,False,False,True,False,False,False,False,False,False,0.0,0.6974050101558804
56,56,0.05,0.36,1.79,0.01,0.01,3.42,0.0,0.0,0.0,0.0,0.0,0.0,0,0.0,0,0.0,0.0,0.0,0.0,0.0,0.0,170.0,21.0,1,1,1.0,200,0,0.0,650.9491577148438,750.6629638671875,22.894210815429688,69.79718017578125,297.15,100.0,0,False,False,False,True,False,False,False,False,False,False,0.0,0.6869440028703273
57,57,0.05,0.36,1.79,0.01,0.01,3.42,0.0,0.0,0.0,0.0,0.0,0.0,0,0.0,0,0.0,0.0,0.0,0.0,0.0,0.0,170.0,21.0,1,1,1.0,200,580,2.0,662.0,745.0,24.0,67.5,,98.74838256835938,4,False,False,False,True,False,False,False,False,False,False,0.0,0.6140711751416512
58,58,0.07,0.36,1.51,0.01,0.01,0.0,0.0,0.0,0.0,0.02,0.0,0.0,400,40.0,0,0.0,0.0,0.0,0.0,0.0,0.0,170.0,21.0,1,1,1.0,150,0,0.0,484.0,560.0,26.0,78.8,,120.70083618164062,4,False,False,False,True,False,False,False,False,False,False,4.0,0.8055748386977707
59,59,0.07,0.36,1.51,0.01,0.01,0.0,0.0,0.0,0.0,0.02,0.0,0.0,400,40.0,0,0.0,0.0,0.0,0.0,0.0,0.0,170.0,21.0,1,1,1.0,150,580,2.0,471.0,563.0,31.2,77.0,,131.4027099609375,4,False,False,False,True,False,False,False,False,False,False,4.0,0.8896199303098695
60,60,0.08,0.36,1.48,0.01,0.01,0.0,0.0,0.0,0.0,0.11,0.0,0.0,390,40.0,0,0.0,0.0,0.0,0.0,0.0,0.0,170.0,21.0,1,1,1.0,150,0,0.0,502.0,578.0,27.6,77.0,,121.24928283691406,4,False,False,False,True,False,False,False,False,False,False,4.0,0.7543747663852269
61,61,0.08,0.36,1.48,0.01,0.01,0.0,0.0,0.0,0.0,0.11,0.0,0.0,390,40.0,0,0.0,0.0,0.0,0.0,0.0,0.0,170.0,21.0,1,1,1.0,150,580,2.0,462.0,548.0,29.8,77.9,,130.8133087158203,4,False,False,False,True,False,False,False,False,False,False,4.0,0.898106829902494
62,62,0.07,0.32,1.42,0.01,0.01,0.0,0.0,0.0,0.0,0.19,0.0,0.0,380,40.0,0,0.0,0.0,0.0,0.0,0.0,0.0,170.0,21.0,1,1,1.0,150,0,0.0,488.0,566.0,28.2,77.0,,119.26422882080078,4,False,False,False,True,False,False,False,False,False,False,4.0,0.8075122493604338
63,63,0.07,0.32,1.42,0.01,0.01,0.0,0.0,0.0,0.0,0.19,0.0,0.0,380,40.0,0,0.0,0.0,0.0,0.0,0.0,0.0,170.0,21.0,1,1,1.0,150,580,2.0,453.0,549.0,31.2,78.8,,130.30618286132812,4,False,False,False,True,False,False,False,False,False,False,4.0,0.927324362129771
64,64,0.08,0.33,1.48,0.01,0.01,0.0,0.0,0.0,0.0,0.35,0.0,0.0,400,40.0,0,0.0,0.0,0.0,0.0,0.0,0.0,170.0,21.0,1,1,1.0,150,0,0.0,504.0,586.0,27.6,77.0,,120.0632553100586,4,False,False,False,True,False,False,False,False,False,False,4.0,0.7127999790038804
65,65,0.08,0.33,1.48,0.01,0.01,0.0,0.0,0.0,0.0,0.35,0.0,0.0,400,40.0,0,0.0,0.0,0.0,0.0,0.0,0.0,170.0,21.0,1,1,1.0,150,580,2.0,482.0,572.0,28.2,77.9,,130.61802673339844,4,False,False,False,True,False,False,False,False,False,False,4.0,0.8022350840007191
66,66,0.07,0.32,1.49,0.01,0.01,0.0,0.0,0.0,0.0,0.66,0.0,0.0,390,40.0,0,0.0,0.0,0.0,0.0,0.0,0.0,170.0,21.0,1,1,1.0,150,0,0.0,513.0,593.0,28.6,77.0,,120.13285064697266,4,False,False,False,True,False,False,False,False,False,False,4.0,0.7184400707282711
67,67,0.07,0.32,1.49,0.01,0.01,0.0,0.0,0.0,0.0,0.66,0.0,0.0,390,40.0,0,0.0,0.0,0.0,0.0,0.0,0.0,170.0,21.0,1,1,1.0,150,580,2.0,499.0,607.0,28.6,74.0,,131.08934020996094,4,False,False,False,True,False,False,False,False,False,False,4.0,0.5850966692063568
68,68,0.08,0.36,1.49,0.01,0.01,0.0,0.0,0.0,0.0,1.4,0.0,0.0,410,40.0,0,0.0,0.0,0.0,0.0,0.0,0.0,170.0,21.0,1,1,1.0,150,0,0.0,568.0,647.0,27.4,73.0,,120.9547119140625,4,False,False,False,True,False,False,False,False,False,False,3.0,0.4201654459291343
69,69,0.08,0.36,1.49,0.01,0.01,0.0,0.0,0.0,0.0,1.4,0.0,0.0,410,40.0,0,0.0,0.0,0.0,0.0,0.0,0.0,170.0,21.0,1,1,1.0,150,580,2.0,583.0,673.0,24.2,73.0,,130.59986877441406,4,False,False,False,True,False,False,False,False,False,False,3.0,0.6782081294613016
70,70,0.07,0.29,1.49,0.01,0.01,0.0,0.0,0.0,0.0,0.0,0.0,0.0,471,5.0,72,6.0,0.0,0.0,0.0,0.0,0.0,170.0,21.0,1,1,1.0,200,250,14.0,431.0,527.0,29.6,78.0,,108.0945281982422,4,False,False,False,True,False,False,False,False,False,False,0.0,0.6486566834627299
71,71,0.07,0.29,1.49,0.01,0.01,0.0,0.0,0.0,0.0,0.0,0.0,0.0,471,5.0,72,6.0,0.0,0.0,0.0,0.0,0.0,170.0,21.0,1,1,1.0,200,0,0.0,449.8576354980469,544.7838134765625,28.49805450439453,77.60615539550781,232.15,28.0,0,False,False,False,True,False,False,False,False,False,False,2.0,0.9983402356550989
72,72,0.07,0.29,1.49,0.01,0.01,0.0,0.0,0.0,0.0,0.0,0.0,0.0,471,5.0,72,6.0,0.0,0.0,0.0,0.0,0.0,170.0,21.0,1,1,1.0,200,0,0.0,453.3870849609375,547.5650024414062,28.34562492370605,76.80753326416016,254.15,100.0,0,False,False,False,True,False,False,False,False,False,False,0.0,0.801916138294126
73,73,0.07,0.29,1.49,0.01,0.01,0.0,0.0,0.0,0.0,0.0,0.0,0.0,471,5.0,72,6.0,0.0,0.0,0.0,0.0,0.0,170.0,21.0,1,1,1.0,200,0,0.0,452.1038513183594,546.598388671875,28.450380325317383,77.5396499633789,,107.5532455444336,0,False,False,False,True,False,False,False,False,False,False,0.0,0.7166150760421934
74,74,0.08,0.29,1.43,0.01,0.01,0.0,0.0,0.0,0.0,0.0,0.0,0.0,461,5.0,54,60.0,0.0,0.0,0.0,0.0,0.0,170.0,21.0,1,1,1.0,200,250,14.0,444.0,542.0,27.6,72.9,,98.90602111816406,4,False,False,False,True,False,False,False,False,False,False,0.0,0.7992303717766145
75,75,0.08,0.29,1.43,0.01,0.01,0.0,0.0,0.0,0.0,0.0,0.0,0.0,461,5.0,54,60.0,0.0,0.0,0.0,0.0,0.0,170.0,21.0,1,1,1.0,200,0,0.0,457.3616027832031,542.28564453125,28.01277732849121,76.89431762695312,234.15,28.0,0,False,False,False,True,False,False,False,False,False,False,2.0,0.9977281349229276
76,76,0.08,0.29,1.43,0.01,0.01,0.0,0.0,0.0,0.0,0.0,0.0,0.0,461,5.0,54,60.0,0.0,0.0,0.0,0.0,0.0,170.0,21.0,1,1,1.0,200,0,0.0,460.4659118652344,543.3135375976562,27.736961364746094,76.00921630859375,258.15,100.0,0,False,False,False,True,False,False,False,False,False,False,0.0,0.8157414492990748
77,77,0.08,0.29,1.43,0.01,0.01,0.0,0.0,0.0,0.0,0.0,0.0,0.0,461,5.0,54,60.0,0.0,0.0,0.0,0.0,0.0,170.0,21.0,1,1,1.0,200,0,0.0,454.6017761230469,538.0601196289062,27.87235450744629,76.84654998779297,,95.4994659423828,0,False,False,False,True,False,False,False,False,False,False,0.0,0.694920121817428
78,78,0.08,0.34,1.36,0.0,0.01,0.0,0.0,0.0,0.0,0.0,0.0,0.0,476,5.0,57,150.0,0.0,0.0,0.0,0.0,0.0,170.0,21.0,1,1,1.0,200,250,14.0,437.0,527.0,24.6,78.9,,106.83634948730467,4,False,False,False,True,False,False,False,False,False,False,0.0,0.7522328052381964
79,79,0.08,0.34,1.36,0.0,0.01,0.0,0.0,0.0,0.0,0.0,0.0,0.0,476,5.0,57,150.0,0.0,0.0,0.0,0.0,0.0,170.0,21.0,1,1,1.0,200,0,0.0,428.0246276855469,518.1051025390625,30.10518455505371,78.14215850830078,215.15,28.0,0,False,False,False,True,False,False,False,False,False,False,2.0,0.9994122806361273
80,80,0.08,0.34,1.36,0.0,0.01,0.0,0.0,0.0,0.0,0.0,0.0,0.0,476,5.0,57,150.0,0.0,0.0,0.0,0.0,0.0,170.0,21.0,1,1,1.0,200,0,0.0,449.0099792480469,540.1083374023438,29.45663452148437,77.04012298583984,253.15,100.0,0,False,False,False,True,False,False,False,False,False,False,0.0,0.7814727932598549
81,81,0.08,0.34,1.36,0.0,0.01,0.0,0.0,0.0,0.0,0.0,0.0,0.0,476,5.0,57,150.0,0.0,0.0,0.0,0.0,0.0,170.0,21.0,1,1,1.0,200,0,0.0,443.1458435058594,534.8549194335938,29.565223693847656,77.91746520996094,,104.72650909423828,0,False,False,False,True,False,False,False,False,False,False,0.0,0.7569456223303368
82,82,0.08,0.39,1.37,0.0,0.01,0.0,0.0,0.0,0.0,0.0,0.0,0.0,446,5.0,47,250.0,0.0,0.0,0.0,0.0,0.0,170.0,21.0,1,1,1.0,200,250,14.0,437.0,538.0,25.2,78.9,,106.78740692138672,4,False,False,False,True,False,False,False,False,False,False,0.0,0.7552815801072039
83,83,0.08,0.39,1.37,0.0,0.01,0.0,0.0,0.0,0.0,0.0,0.0,0.0,446,5.0,47,250.0,0.0,0.0,0.0,0.0,0.0,170.0,21.0,1,1,1.0,200,0,0.0,435.46527099609375,528.7095336914062,28.08523941040039,78.47724914550781,217.15,28.0,0,False,False,False,True,False,False,False,False,False,False,2.0,0.9989289437136487
84,84,0.08,0.39,1.37,0.0,0.01,0.0,0.0,0.0,0.0,0.0,0.0,0.0,446,5.0,47,250.0,0.0,0.0,0.0,0.0,0.0,170.0,21.0,1,1,1.0,200,0,0.0,454.2325134277344,549.3268432617188,27.20902442932129,77.61162567138672,248.15,100.0,0,False,False,False,True,False,False,False,False,False,False,0.0,0.8154396421418446
85,85,0.08,0.39,1.37,0.0,0.01,0.0,0.0,0.0,0.0,0.0,0.0,0.0,446,5.0,47,250.0,0.0,0.0,0.0,0.0,0.0,170.0,21.0,1,1,1.0,200,0,0.0,450.5016479492188,546.491455078125,27.08576202392578,78.0528335571289,,103.58512878417967,0,False,False,False,True,False,False,False,False,False,False,0.0,0.8102466839042926
86,86,0.08,0.44,1.4,0.0,0.01,0.0,0.0,0.0,0.0,0.0,0.0,0.0,436,5.0,44,420.0,0.0,0.0,0.0,0.0,0.0,170.0,21.0,1,1,1.0,200,250,14.0,469.0,545.0,24.4,77.0,,104.1444091796875,4,False,False,False,True,False,False,False,False,False,False,0.0,0.8685293796397399
87,87,0.08,0.44,1.4,0.0,0.01,0.0,0.0,0.0,0.0,0.0,0.0,0.0,436,5.0,44,420.0,0.0,0.0,0.0,0.0,0.0,170.0,21.0,1,1,1.0,200,0,0.0,452.7383728027344,541.8693237304688,27.75448608398437,77.88674926757812,211.15,28.0,0,False,False,False,True,False,False,False,False,False,False,2.0,0.9980100782490902
88,88,0.08,0.44,1.4,0.0,0.01,0.0,0.0,0.0,0.0,0.0,0.0,0.0,436,5.0,44,420.0,0.0,0.0,0.0,0.0,0.0,170.0,21.0,1,1,1.0,200,0,0.0,472.8874206542969,557.5941162109375,26.823925018310547,77.42943572998047,243.15,100.0,0,False,False,False,True,False,False,False,False,False,False,0.0,0.8443289444413193
89,89,0.08,0.44,1.4,0.0,0.01,0.0,0.0,0.0,0.0,0.0,0.0,0.0,436,5.0,44,420.0,0.0,0.0,0.0,0.0,0.0,170.0,21.0,1,1,1.0,200,0,0.0,470.23291015625,556.0751342773438,26.639236450195312,77.71730041503906,,100.9435577392578,0,False,False,False,True,False,False,False,False,False,False,0.0,0.8473761151523244
90,90,0.08,0.48,1.42,0.0,0.01,0.0,0.0,0.0,0.0,0.0,0.0,0.0,444,4.0,46,660.0,0.0,0.0,0.0,0.0,0.0,170.0,21.0,1,1,1.0,200,250,14.0,466.0,551.0,26.2,78.9,,101.8689422607422,4,False,False,False,True,False,False,False,False,False,False,0.0,0.8399019081598657
91,91,0.08,0.48,1.42,0.0,0.01,0.0,0.0,0.0,0.0,0.0,0.0,0.0,444,4.0,46,660.0,0.0,0.0,0.0,0.0,0.0,170.0,21.0,1,1,1.0,200,0,0.0,450.3855590820313,543.5888061523438,27.03591537475586,77.69837188720703,197.15,28.0,0,False,False,False,True,False,False,False,False,False,False,2.0,0.9974865164191101
92,92,0.08,0.48,1.42,0.0,0.01,0.0,0.0,0.0,0.0,0.0,0.0,0.0,444,4.0,46,660.0,0.0,0.0,0.0,0.0,0.0,170.0,21.0,1,1,1.0,200,0,0.0,472.7530212402344,562.2937622070312,26.27608108520508,77.2962417602539,244.15,100.0,0,False,False,False,True,False,False,False,False,False,False,0.0,0.8570064010343276
93,93,0.08,0.48,1.42,0.0,0.01,0.0,0.0,0.0,0.0,0.0,0.0,0.0,444,4.0,46,660.0,0.0,0.0,0.0,0.0,0.0,170.0,21.0,1,1,1.0,200,0,0.0,469.0221557617188,559.751708984375,25.954757690429688,77.71031188964844,,100.79751586914062,0,False,False,False,True,False,False,False,False,False,False,0.0,0.8588494697038258
94,94,0.07,0.3,1.36,0.01,0.01,0.0,0.0,0.0,0.0,0.0,0.0,0.0,432,37.0,68,5.0,0.0,0.0,0.0,0.0,0.0,170.0,21.0,1,1,1.0,200,250,14.0,468.0,529.0,32.6,80.7,,114.65692138671876,4,False,False,False,True,False,False,False,False,False,False,4.0,0.809395132105604
95,95,0.07,0.3,1.36,0.01,0.01,0.0,0.0,0.0,0.0,0.0,0.0,0.0,432,37.0,68,5.0,0.0,0.0,0.0,0.0,0.0,170.0,21.0,1,1,1.0,200,0,0.0,441.0042724609375,519.5743408203125,31.965312957763672,78.7872314453125,174.14999999999998,28.0,0,False,False,False,True,False,False,False,False,False,False,2.0,0.9995162173367889
96,96,0.07,0.3,1.36,0.01,0.01,0.0,0.0,0.0,0.0,0.0,0.0,0.0,432,37.0,68,5.0,0.0,0.0,0.0,0.0,0.0,170.0,21.0,1,1,1.0,200,0,0.0,441.8073425292969,519.5743408203125,31.93260955810547,78.85991668701172,201.15,100.0,0,False,False,False,True,False,False,False,False,False,False,0.0,0.7693075278277787
97,97,0.07,0.3,1.36,0.01,0.01,0.0,0.0,0.0,0.0,0.0,0.0,0.0,432,37.0,68,5.0,0.0,0.0,0.0,0.0,0.0,170.0,21.0,1,1,1.0,200,0,0.0,459.5007629394531,541.902587890625,30.633056640625,78.9390640258789,,114.25249481201172,0,False,False,False,True,False,False,False,False,False,False,4.0,0.7372169637586948
98,98,0.08,0.33,1.41,0.01,0.01,0.0,0.0,0.0,0.0,0.0,0.0,0.0,432,43.0,55,78.0,0.0,0.0,0.0,0.0,0.0,170.0,21.0,1,1,1.0,200,250,14.0,478.0,540.0,31.2,80.7,,111.96298217773438,4,False,False,False,True,False,False,False,False,False,False,4.0,0.610149961621364
99,99,0.08,0.33,1.41,0.01,0.01,0.0,0.0,0.0,0.0,0.0,0.0,0.0,432,43.0,55,78.0,0.0,0.0,0.0,0.0,0.0,170.0,21.0,1,1,1.0,200,0,0.0,452.5967102050781,531.9823608398438,30.376022338867188,78.8298568725586,196.15,28.0,0,False,False,False,True,False,False,False,False,False,False,2.0,0.9991860040575015
100,100,0.08,0.33,1.41,0.01,0.01,0.0,0.0,0.0,0.0,0.0,0.0,0.0,432,43.0,55,78.0,0.0,0.0,0.0,0.0,0.0,170.0,21.0,1,1,1.0,200,0,0.0,453.90924072265625,533.6658935546875,30.177738189697266,79.22160339355469,218.15,100.0,0,False,False,False,True,False,False,False,False,False,False,0.0,0.7723875930111894
101,101,0.08,0.33,1.41,0.01,0.01,0.0,0.0,0.0,0.0,0.0,0.0,0.0,432,43.0,55,78.0,0.0,0.0,0.0,0.0,0.0,170.0,21.0,1,1,1.0,200,0,0.0,470.5980529785156,548.524658203125,29.378841400146484,78.82807922363281,,110.35454559326172,0,False,False,False,True,False,False,False,False,False,False,0.0,0.5550079710943194
102,102,0.08,0.37,1.36,0.0,0.01,0.0,0.0,0.0,0.0,0.0,0.0,0.0,422,36.0,53,190.0,0.0,0.0,0.0,0.0,0.0,170.0,21.0,1,1,1.0,200,250,14.0,485.0,549.0,31.4,79.8,,113.59437561035156,4,False,False,False,True,False,False,False,False,False,False,4.0,0.6984497457170074
103,103,0.08,0.37,1.36,0.0,0.01,0.0,0.0,0.0,0.0,0.0,0.0,0.0,422,36.0,53,190.0,0.0,0.0,0.0,0.0,0.0,170.0,21.0,1,1,1.0,200,0,0.0,442.1774291992188,530.3839111328125,30.738056182861328,78.48077392578125,187.15,28.0,0,False,False,False,True,False,False,False,False,False,False,2.0,0.9993229678281094
104,104,0.08,0.37,1.36,0.0,0.01,0.0,0.0,0.0,0.0,0.0,0.0,0.0,422,36.0,53,190.0,0.0,0.0,0.0,0.0,0.0,170.0,21.0,1,1,1.0,200,0,0.0,444.55181884765625,532.4165649414062,30.549043655395508,78.8791732788086,215.15,100.0,0,False,False,False,True,False,False,False,False,False,False,0.0,0.7685724303510593
105,105,0.08,0.37,1.36,0.0,0.01,0.0,0.0,0.0,0.0,0.0,0.0,0.0,422,36.0,53,190.0,0.0,0.0,0.0,0.0,0.0,170.0,21.0,1,1,1.0,200,0,0.0,458.66253662109375,550.4622192382812,29.51512718200684,78.63687896728516,,111.79124450683594,0,False,False,False,True,False,False,False,False,False,False,4.0,0.5261762279595552
106,106,0.08,0.44,1.31,0.0,0.01,0.0,0.0,0.0,0.0,0.0,0.0,0.0,431,36.0,50,340.0,0.0,0.0,0.0,0.0,0.0,170.0,21.0,1,1,1.0,200,250,14.0,491.0,564.0,28.2,78.9,,111.53256225585938,4,False,False,False,True,False,False,False,False,False,False,0.0,0.5483452936465211
107,107,0.08,0.44,1.31,0.0,0.01,0.0,0.0,0.0,0.0,0.0,0.0,0.0,431,36.0,50,340.0,0.0,0.0,0.0,0.0,0.0,170.0,21.0,1,1,1.0,200,0,0.0,424.3938293457031,529.55810546875,29.64835548400879,78.5625991821289,185.15,28.0,0,False,False,False,True,False,False,False,False,False,False,2.0,0.9993253843876507
108,108,0.08,0.44,1.31,0.0,0.01,0.0,0.0,0.0,0.0,0.0,0.0,0.0,431,36.0,50,340.0,0.0,0.0,0.0,0.0,0.0,170.0,21.0,1,1,1.0,200,0,0.0,428.6725769042969,531.6227416992188,29.64835548400879,78.4777603149414,210.15,100.0,0,False,False,False,True,False,False,False,False,False,False,0.0,0.7680039433645727
109,109,0.08,0.44,1.31,0.0,0.01,0.0,0.0,0.0,0.0,0.0,0.0,0.0,431,36.0,50,340.0,0.0,0.0,0.0,0.0,0.0,170.0,21.0,1,1,1.0,200,0,0.0,460.8079528808594,559.008056640625,27.83011054992676,78.59021759033203,,109.70780181884766,0,False,False,False,True,False,False,False,False,False,False,0.0,0.6376051417547264
110,110,0.08,0.51,1.3,0.0,0.01,0.0,0.0,0.0,0.0,0.0,0.0,0.0,423,43.0,48,490.0,0.0,0.0,0.0,0.0,0.0,170.0,21.0,1,1,1.0,200,250,14.0,485.0,560.0,25.2,78.9,,106.74153900146484,4,False,False,False,True,False,False,False,False,False,False,0.0,0.8297371221635131
111,111,0.08,0.51,1.3,0.0,0.01,0.0,0.0,0.0,0.0,0.0,0.0,0.0,423,43.0,48,490.0,0.0,0.0,0.0,0.0,0.0,170.0,21.0,1,1,1.0,200,0,0.0,426.6733093261719,531.9939575195312,27.64953994750977,78.15577697753906,183.15,28.0,0,False,False,False,True,False,False,False,False,False,False,2.0,0.9988642994405408
112,112,0.08,0.51,1.3,0.0,0.01,0.0,0.0,0.0,0.0,0.0,0.0,0.0,423,43.0,48,490.0,0.0,0.0,0.0,0.0,0.0,170.0,21.0,1,1,1.0,200,0,0.0,430.3987426757813,533.7848510742188,27.692760467529297,78.57401275634766,218.15,100.0,0,False,False,False,True,False,False,False,False,False,False,0.0,0.7806441002885155
113,113,0.08,0.51,1.3,0.0,0.01,0.0,0.0,0.0,0.0,0.0,0.0,0.0,423,43.0,48,490.0,0.0,0.0,0.0,0.0,0.0,170.0,21.0,1,1,1.0,200,0,0.0,463.0874328613281,561.22021484375,25.66122817993164,78.21016693115234,,105.43310546875,0,False,False,False,True,False,False,False,False,False,False,0.0,0.8339416604640588
114,114,0.08,0.57,1.32,0.0,0.01,0.0,0.0,0.0,0.0,0.0,0.0,0.0,422,38.0,52,610.0,0.0,0.0,0.0,0.0,0.0,170.0,21.0,1,1,1.0,200,250,14.0,491.0,570.0,29.2,77.0,,103.0891571044922,4,False,False,False,True,False,False,False,False,False,False,0.0,0.843293304524163
115,115,0.08,0.57,1.32,0.0,0.01,0.0,0.0,0.0,0.0,0.0,0.0,0.0,422,38.0,52,610.0,0.0,0.0,0.0,0.0,0.0,170.0,21.0,1,1,1.0,200,0,0.0,448.2254333496094,544.2122192382812,29.40243911743164,76.73912048339844,199.15,28.0,0,False,False,False,True,False,False,False,False,False,False,2.0,0.9986266356220829
116,116,0.08,0.57,1.32,0.0,0.01,0.0,0.0,0.0,0.0,0.0,0.0,0.0,422,38.0,52,610.0,0.0,0.0,0.0,0.0,0.0,170.0,21.0,1,1,1.0,200,0,0.0,478.9331665039063,570.7705688476562,27.806116104125977,76.83844757080078,235.15,100.0,0,False,False,False,True,False,False,False,False,False,False,0.0,0.8492863123386637
117,117,0.08,0.57,1.32,0.0,0.01,0.0,0.0,0.0,0.0,0.0,0.0,0.0,422,38.0,52,610.0,0.0,0.0,0.0,0.0,0.0,170.0,21.0,1,1,1.0,200,0,0.0,480.77435302734375,575.3883666992188,27.693679809570312,76.75852966308594,,100.82013702392578,0,False,False,False,True,False,False,False,False,False,False,0.0,0.8620885723927155
118,118,0.07,0.32,1.5,0.01,0.01,0.0,0.0,0.0,0.0,0.0,0.0,0.0,375,99.0,89,8.0,0.0,0.0,0.0,0.0,0.0,170.0,21.0,1,1,1.0,200,250,14.0,484.0,547.0,29.4,79.8,,111.6463851928711,4,False,False,False,True,False,False,False,False,False,False,4.0,0.519901984132677
119,119,0.07,0.32,1.5,0.01,0.01,0.0,0.0,0.0,0.0,0.0,0.0,0.0,375,99.0,89,8.0,0.0,0.0,0.0,0.0,0.0,170.0,21.0,1,1,1.0,200,0,0.0,468.2388916015625,543.0494384765625,29.26285743713379,78.72991943359375,199.15,28.0,0,False,False,False,True,False,False,False,False,False,False,2.0,0.9984579120262542
120,120,0.07,0.32,1.5,0.01,0.01,0.0,0.0,0.0,0.0,0.0,0.0,0.0,375,99.0,89,8.0,0.0,0.0,0.0,0.0,0.0,170.0,21.0,1,1,1.0,200,0,0.0,470.3106689453125,546.2288818359375,28.98524284362793,79.15361785888672,221.15,100.0,0,False,False,False,True,False,False,False,False,False,False,0.0,0.7960996948373047
121,121,0.07,0.27,1.41,0.01,0.01,0.0,0.0,0.0,0.0,0.0,0.0,0.0,407,88.0,70,47.0,0.0,0.0,0.0,0.0,0.0,170.0,21.0,1,1,1.0,200,250,14.0,442.0,514.0,32.2,81.6,,106.30641174316406,4,False,False,False,True,False,False,False,False,False,False,0.0,0.6945441101857642
122,122,0.07,0.27,1.41,0.01,0.01,0.0,0.0,0.0,0.0,0.0,0.0,0.0,407,88.0,70,47.0,0.0,0.0,0.0,0.0,0.0,170.0,21.0,1,1,1.0,200,0,0.0,453.8796081542969,530.1641235351562,29.734050750732425,79.11236572265625,216.15,28.0,0,False,False,False,True,False,False,False,False,False,False,2.0,0.9990932872860941
123,123,0.07,0.27,1.41,0.01,0.01,0.0,0.0,0.0,0.0,0.0,0.0,0.0,407,88.0,70,47.0,0.0,0.0,0.0,0.0,0.0,170.0,21.0,1,1,1.0,200,0,0.0,475.9648132324219,551.6342163085938,28.210866928100582,78.81908416748047,242.15,100.0,0,False,False,False,True,False,False,False,False,False,False,0.0,0.8150080145649929
124,124,0.07,0.39,1.36,0.0,0.01,0.0,0.0,0.0,0.0,0.0,0.0,0.0,381,92.0,52,160.0,0.0,0.0,0.0,0.0,0.0,170.0,21.0,1,1,1.0,200,250,14.0,481.0,545.0,30.6,81.4,,116.6707763671875,4,False,False,False,True,False,False,False,False,False,False,4.0,0.8779226922035865
125,125,0.07,0.39,1.36,0.0,0.01,0.0,0.0,0.0,0.0,0.0,0.0,0.0,381,92.0,52,160.0,0.0,0.0,0.0,0.0,0.0,170.0,21.0,1,1,1.0,200,0,0.0,448.5673828125,532.9383544921875,30.33243560791016,79.48760986328125,205.15,28.0,0,False,False,False,True,False,False,False,False,False,False,2.0,0.9992418636348429
126,126,0.07,0.39,1.36,0.0,0.01,0.0,0.0,0.0,0.0,0.0,0.0,0.0,381,92.0,52,160.0,0.0,0.0,0.0,0.0,0.0,170.0,21.0,1,1,1.0,200,0,0.0,448.61334228515625,532.9598388671875,30.27649688720703,80.03206634521484,217.15,100.0,0,False,False,False,True,False,False,False,False,False,False,0.0,0.7702261912218844
127,127,0.07,0.45,1.36,0.0,0.01,0.0,0.0,0.0,0.0,0.0,0.0,0.0,374,63.0,44,280.0,0.0,0.0,0.0,0.0,0.0,170.0,21.0,1,1,1.0,200,250,14.0,474.0,540.0,28.0,80.7,,111.0917739868164,4,False,False,False,True,False,False,False,False,False,False,4.0,0.4913931767473942
128,128,0.07,0.45,1.36,0.0,0.01,0.0,0.0,0.0,0.0,0.0,0.0,0.0,374,63.0,44,280.0,0.0,0.0,0.0,0.0,0.0,170.0,21.0,1,1,1.0,200,0,0.0,459.5248107910156,535.3150024414062,28.92898941040039,79.09115600585938,205.15,28.0,0,False,False,False,True,False,False,False,False,False,False,2.0,0.9987332592848598
129,129,0.07,0.45,1.36,0.0,0.01,0.0,0.0,0.0,0.0,0.0,0.0,0.0,374,63.0,44,280.0,0.0,0.0,0.0,0.0,0.0,170.0,21.0,1,1,1.0,200,0,0.0,460.12408447265625,535.6456909179688,29.002918243408203,79.39476776123047,212.15,100.0,0,False,False,False,True,False,False,False,False,False,False,0.0,0.7832953078117083
130,130,0.07,0.51,1.39,0.0,0.01,0.0,0.0,0.0,0.0,0.0,0.0,0.0,379,69.0,41,480.0,0.0,0.0,0.0,0.0,0.0,170.0,21.0,1,1,1.0,200,250,14.0,466.0,533.0,27.2,77.0,,106.26942443847656,4,False,False,False,True,False,False,False,False,False,False,0.0,0.7784855358614234
131,131,0.07,0.51,1.39,0.0,0.01,0.0,0.0,0.0,0.0,0.0,0.0,0.0,379,69.0,41,480.0,0.0,0.0,0.0,0.0,0.0,170.0,21.0,1,1,1.0,200,0,0.0,455.7335510253906,537.3846435546875,28.490467071533203,77.43578338623047,203.15,28.0,0,False,False,False,True,False,False,False,False,False,False,2.0,0.9983492671785992
132,132,0.07,0.51,1.39,0.0,0.01,0.0,0.0,0.0,0.0,0.0,0.0,0.0,379,69.0,41,480.0,0.0,0.0,0.0,0.0,0.0,170.0,21.0,1,1,1.0,200,0,0.0,456.1982116699219,537.665283203125,28.41098976135254,77.90143585205078,219.15,100.0,0,False,False,False,True,False,False,False,False,False,False,0.0,0.7924160221899249
133,133,0.07,0.57,1.4,0.0,0.01,0.0,0.0,0.0,0.0,0.0,0.0,0.0,360,80.0,38,640.0,0.0,0.0,0.0,0.0,0.0,170.0,21.0,1,1,1.0,200,250,14.0,486.0,555.0,26.6,78.0,,102.04215240478516,4,False,False,False,True,False,False,False,False,False,False,0.0,0.8596844880254109
134,134,0.07,0.57,1.4,0.0,0.01,0.0,0.0,0.0,0.0,0.0,0.0,0.0,360,80.0,38,640.0,0.0,0.0,0.0,0.0,0.0,170.0,21.0,1,1,1.0,200,0,0.0,478.4468688964844,570.9727783203125,28.25257110595703,76.56155395507812,205.15,28.0,0,False,False,False,True,False,False,False,False,False,False,2.0,0.99424617781155
135,135,0.07,0.57,1.4,0.0,0.01,0.0,0.0,0.0,0.0,0.0,0.0,0.0,360,80.0,38,640.0,0.0,0.0,0.0,0.0,0.0,170.0,21.0,1,1,1.0,200,0,0.0,490.3677978515625,584.9087524414062,26.991342544555664,76.70158386230469,232.15,100.0,0,False,False,False,True,False,False,False,False,False,False,0.0,0.8824571200321565
136,136,0.08,0.34,1.54,0.01,0.01,0.0,0.0,0.0,0.0,0.0,0.0,0.0,312,180.0,80,3.0,0.0,0.0,0.0,0.0,0.0,170.0,21.0,1,1,1.0,200,250,14.0,502.0,555.0,26.6,78.9,,113.17877197265624,4,False,False,False,True,False,False,False,False,False,False,0.0,0.4633977767829473
137,137,0.08,0.34,1.54,0.01,0.01,0.0,0.0,0.0,0.0,0.0,0.0,0.0,312,180.0,80,3.0,0.0,0.0,0.0,0.0,0.0,170.0,21.0,1,1,1.0,200,0,0.0,482.6354064941406,555.5985107421875,28.47101783752441,77.68513488769531,206.15,28.0,0,False,False,False,True,False,False,False,False,False,False,2.0,0.996409005498309
138,138,0.08,0.34,1.54,0.01,0.01,0.0,0.0,0.0,0.0,0.0,0.0,0.0,312,180.0,80,3.0,0.0,0.0,0.0,0.0,0.0,170.0,21.0,1,1,1.0,200,0,0.0,481.58111572265625,555.080078125,28.217681884765625,78.0434341430664,221.15,100.0,0,False,False,False,True,False,False,False,False,False,False,0.0,0.825979210877238
139,139,0.08,0.34,1.54,0.01,0.01,0.0,0.0,0.0,0.0,0.0,0.0,0.0,312,180.0,80,3.0,0.0,0.0,0.0,0.0,0.0,170.0,21.0,1,1,1.0,200,0,0.0,493.4100341796875,567.1292724609375,26.711729049682617,77.28913116455078,,111.8749542236328,0,False,False,False,True,False,False,False,False,False,False,0.0,0.6249026037486363
140,140,0.07,0.24,1.32,0.01,0.01,0.0,0.0,0.0,0.0,0.0,0.0,0.0,397,180.0,68,47.0,0.0,0.0,0.0,0.0,0.0,170.0,21.0,1,1,1.0,200,250,14.0,452.0,535.0,30.7,78.9,,107.99577331542967,4,False,False,False,True,False,False,False,False,False,False,0.0,0.644208009575168
141,141,0.07,0.24,1.32,0.01,0.01,0.0,0.0,0.0,0.0,0.0,0.0,0.0,397,180.0,68,47.0,0.0,0.0,0.0,0.0,0.0,170.0,21.0,1,1,1.0,200,0,0.0,421.3528137207031,517.612060546875,30.28977394104004,79.02111053466797,219.15,28.0,0,False,False,False,True,False,False,False,False,False,False,2.0,0.999490106957958
142,142,0.07,0.24,1.32,0.01,0.01,0.0,0.0,0.0,0.0,0.0,0.0,0.0,397,180.0,68,47.0,0.0,0.0,0.0,0.0,0.0,170.0,21.0,1,1,1.0,200,0,0.0,448.2624206542969,541.0035400390625,28.656930923461918,78.88813018798828,238.15,100.0,0,False,False,False,True,False,False,False,False,False,False,0.0,0.7842084470948953
143,143,0.07,0.24,1.32,0.01,0.01,0.0,0.0,0.0,0.0,0.0,0.0,0.0,397,180.0,68,47.0,0.0,0.0,0.0,0.0,0.0,170.0,21.0,1,1,1.0,200,0,0.0,449.0827941894531,541.4872436523438,28.666608810424805,78.89221954345703,,106.83792114257812,0,False,False,False,True,False,False,False,False,False,False,0.0,0.7129377773304068
144,144,0.07,0.34,1.33,0.01,0.01,0.0,0.0,0.0,0.0,0.0,0.0,0.0,427,190.0,57,150.0,0.0,0.0,0.0,0.0,0.0,170.0,21.0,1,1,1.0,200,250,14.0,467.0,522.0,29.2,77.0,,115.35539245605467,4,False,False,False,True,False,False,False,False,False,False,4.0,0.7632307928496644
145,145,0.07,0.34,1.33,0.01,0.01,0.0,0.0,0.0,0.0,0.0,0.0,0.0,427,190.0,57,150.0,0.0,0.0,0.0,0.0,0.0,170.0,21.0,1,1,1.0,200,0,0.0,423.91644287109375,522.35107421875,30.286705017089844,78.63745880126953,209.15,28.0,0,False,False,False,True,False,False,False,False,False,False,2.0,0.999444390930053
146,146,0.07,0.34,1.33,0.01,0.01,0.0,0.0,0.0,0.0,0.0,0.0,0.0,427,190.0,57,150.0,0.0,0.0,0.0,0.0,0.0,170.0,21.0,1,1,1.0,200,0,0.0,435.1798706054688,521.9298095703125,30.28999710083008,78.93128204345703,221.15,100.0,0,False,False,False,True,False,False,False,False,False,False,0.0,0.7671815853867194
147,147,0.07,0.34,1.33,0.01,0.01,0.0,0.0,0.0,0.0,0.0,0.0,0.0,427,190.0,57,150.0,0.0,0.0,0.0,0.0,0.0,170.0,21.0,1,1,1.0,200,0,0.0,451.1108093261719,544.9563598632812,28.71421813964844,78.62759399414062,,114.2512435913086,0,False,False,False,True,False,False,False,False,False,False,4.0,0.7018243275861208
148,148,0.07,0.41,1.36,0.0,0.0,0.0,0.0,0.0,0.0,0.0,0.0,0.0,418,260.0,49,320.0,0.0,0.0,0.0,0.0,0.0,170.0,21.0,1,1,1.0,200,250,14.0,514.0,570.0,23.6,77.0,,114.2026824951172,4,False,False,False,True,False,False,False,False,False,False,0.0,0.5803439699387719
149,149,0.07,0.41,1.36,0.0,0.0,0.0,0.0,0.0,0.0,0.0,0.0,0.0,418,260.0,49,320.0,0.0,0.0,0.0,0.0,0.0,170.0,21.0,1,1,1.0,200,0,0.0,475.8567199707031,554.5537109375,26.460447311401367,77.2079849243164,210.15,28.0,0,False,False,False,True,False,False,False,False,False,False,2.0,0.993341244628523
150,150,0.07,0.41,1.36,0.0,0.0,0.0,0.0,0.0,0.0,0.0,0.0,0.0,418,260.0,49,320.0,0.0,0.0,0.0,0.0,0.0,170.0,21.0,1,1,1.0,200,0,0.0,480.376953125,558.9281005859375,26.187339782714844,77.49073028564453,226.15,100.0,0,False,False,False,True,False,False,False,False,False,False,0.0,0.860851508335176
151,151,0.07,0.41,1.36,0.0,0.0,0.0,0.0,0.0,0.0,0.0,0.0,0.0,418,260.0,49,320.0,0.0,0.0,0.0,0.0,0.0,170.0,21.0,1,1,1.0,200,0,0.0,491.9717712402344,570.9723510742188,24.411914825439453,77.23818969726562,,113.6032485961914,0,False,False,False,True,False,False,False,False,False,False,0.0,0.5735436227515585
152,152,0.07,0.46,1.41,0.0,0.01,0.0,0.0,0.0,0.0,0.0,0.0,0.0,407,240.0,49,440.0,0.0,0.0,0.0,0.0,0.0,170.0,21.0,1,1,1.0,200,250,14.0,522.0,580.0,24.0,76.0,,105.77814483642578,4,False,False,False,True,False,False,False,False,False,False,0.0,0.9201656228429739
153,153,0.07,0.46,1.41,0.0,0.01,0.0,0.0,0.0,0.0,0.0,0.0,0.0,407,240.0,49,440.0,0.0,0.0,0.0,0.0,0.0,170.0,21.0,1,1,1.0,200,0,0.0,486.0574645996094,571.7240600585938,25.886648178100582,76.28299713134766,205.15,28.0,0,False,False,False,True,False,False,False,False,False,False,2.0,0.9827967281472834
154,154,0.07,0.46,1.41,0.0,0.01,0.0,0.0,0.0,0.0,0.0,0.0,0.0,407,240.0,49,440.0,0.0,0.0,0.0,0.0,0.0,170.0,21.0,1,1,1.0,200,0,0.0,505.8873596191406,578.3955078125,24.72348976135254,76.4476089477539,231.15,100.0,0,False,False,False,True,False,False,False,False,False,False,0.0,0.9135551453287329
155,155,0.07,0.46,1.41,0.0,0.01,0.0,0.0,0.0,0.0,0.0,0.0,0.0,407,240.0,49,440.0,0.0,0.0,0.0,0.0,0.0,170.0,21.0,1,1,1.0,200,0,0.0,506.1291198730469,584.9473266601562,23.98786163330078,76.3210678100586,,104.26446533203124,0,False,False,False,True,False,False,False,False,False,False,0.0,0.9245854958323533
156,156,0.07,0.44,1.33,0.0,0.01,0.0,0.0,0.0,0.0,0.0,0.0,0.0,454,240.0,49,680.0,0.0,0.0,0.0,0.0,0.0,170.0,21.0,1,1,1.0,200,250,14.0,522.0,591.0,23.8,71.9,,114.1440658569336,4,False,False,False,True,False,False,False,False,False,False,0.0,0.7125818426005446
157,157,0.07,0.44,1.33,0.0,0.01,0.0,0.0,0.0,0.0,0.0,0.0,0.0,454,240.0,49,680.0,0.0,0.0,0.0,0.0,0.0,170.0,21.0,1,1,1.0,200,0,0.0,446.5804748535156,550.0787353515625,26.280197143554688,73.57325744628906,197.15,28.0,0,False,False,False,True,False,False,False,False,False,False,2.0,0.9936957345063012
158,158,0.07,0.44,1.33,0.0,0.01,0.0,0.0,0.0,0.0,0.0,0.0,0.0,454,240.0,49,680.0,0.0,0.0,0.0,0.0,0.0,170.0,21.0,1,1,1.0,200,0,0.0,476.6700134277344,564.9483032226562,24.986928939819336,73.6668930053711,231.15,100.0,0,False,False,False,True,False,False,False,False,False,False,0.0,0.8958812060712019
159,159,0.07,0.44,1.33,0.0,0.01,0.0,0.0,0.0,0.0,0.0,0.0,0.0,454,240.0,49,680.0,0.0,0.0,0.0,0.0,0.0,170.0,21.0,1,1,1.0,200,0,0.0,482.65325927734375,576.0414428710938,24.35075569152832,73.45099639892578,,111.9472198486328,0,False,False,False,True,False,False,False,False,False,False,0.0,0.7769123163892313
160,160,0.07,0.43,1.49,0.0,0.0,0.0,0.0,0.0,0.0,0.0,0.0,0.0,294,460.0,77,1.0,0.0,0.0,0.0,0.0,0.0,170.0,21.0,1,1,1.0,200,250,14.0,535.0,594.0,26.0,79.8,,119.37618255615234,4,False,False,False,True,False,False,False,False,False,False,4.0,0.5533290013625545
161,161,0.07,0.43,1.49,0.0,0.0,0.0,0.0,0.0,0.0,0.0,0.0,0.0,294,460.0,77,1.0,0.0,0.0,0.0,0.0,0.0,170.0,21.0,1,1,1.0,200,0,0.0,499.45013427734375,573.1138305664062,27.72860336303711,78.56307983398438,195.15,28.0,0,False,False,False,True,False,False,False,False,False,False,2.0,0.9918287268263549
162,162,0.07,0.43,1.49,0.0,0.0,0.0,0.0,0.0,0.0,0.0,0.0,0.0,294,460.0,77,1.0,0.0,0.0,0.0,0.0,0.0,170.0,21.0,1,1,1.0,200,0,0.0,501.6064147949219,575.0469360351562,27.675228118896484,78.9482192993164,213.15,100.0,0,False,False,False,True,False,False,False,False,False,False,0.0,0.8625671190891607
163,163,0.07,0.43,1.49,0.0,0.0,0.0,0.0,0.0,0.0,0.0,0.0,0.0,294,460.0,77,1.0,0.0,0.0,0.0,0.0,0.0,170.0,21.0,1,1,1.0,200,0,0.0,516.7299194335938,586.1435546875,25.771743774414062,78.57887268066406,,119.5218276977539,0,False,False,False,True,False,False,False,False,False,False,4.0,0.5999249719239845
164,164,0.07,0.36,1.44,0.01,0.0,0.0,0.0,0.0,0.0,0.0,0.0,0.0,373,460.0,94,67.0,0.0,0.0,0.0,0.0,0.0,170.0,21.0,1,1,1.0,200,250,14.0,522.0,583.0,22.0,78.9,,110.85401916503906,4,False,False,False,True,False,False,False,False,False,False,0.0,0.808845112745503
165,165,0.07,0.36,1.44,0.01,0.0,0.0,0.0,0.0,0.0,0.0,0.0,0.0,373,460.0,94,67.0,0.0,0.0,0.0,0.0,0.0,170.0,21.0,1,1,1.0,200,0,0.0,479.85833740234375,562.4151611328125,27.71462821960449,77.911376953125,204.15,28.0,0,False,False,False,True,False,False,False,False,False,False,2.0,0.9951117988348296
166,166,0.07,0.36,1.44,0.01,0.0,0.0,0.0,0.0,0.0,0.0,0.0,0.0,373,460.0,94,67.0,0.0,0.0,0.0,0.0,0.0,170.0,21.0,1,1,1.0,200,0,0.0,490.3357543945313,566.5511474609375,27.510164260864254,78.34679412841797,225.15,100.0,0,False,False,False,True,False,False,False,False,False,False,0.0,0.851695845580808
167,167,0.07,0.36,1.44,0.01,0.0,0.0,0.0,0.0,0.0,0.0,0.0,0.0,373,460.0,94,67.0,0.0,0.0,0.0,0.0,0.0,170.0,21.0,1,1,1.0,200,0,0.0,508.1583251953125,576.1704711914062,25.985713958740234,77.87306213378906,,109.20098876953124,0,False,False,False,True,False,False,False,False,False,False,0.0,0.80491099752604
168,168,0.07,0.42,1.39,0.01,0.0,0.0,0.0,0.0,0.0,0.0,0.0,0.0,446,420.0,65,150.0,0.0,0.0,0.0,0.0,0.0,170.0,21.0,1,1,1.0,200,250,14.0,531.0,587.0,25.2,78.0,,114.90130615234376,4,False,False,False,True,False,False,False,False,False,False,0.0,0.49212073472066176
169,169,0.07,0.42,1.39,0.01,0.0,0.0,0.0,0.0,0.0,0.0,0.0,0.0,446,420.0,65,150.0,0.0,0.0,0.0,0.0,0.0,170.0,21.0,1,1,1.0,200,0,0.0,467.7538757324219,542.1314086914062,27.917495727539062,78.37672424316406,199.15,28.0,0,False,False,False,True,False,False,False,False,False,False,2.0,0.9976824928260029
170,170,0.07,0.42,1.39,0.01,0.0,0.0,0.0,0.0,0.0,0.0,0.0,0.0,446,420.0,65,150.0,0.0,0.0,0.0,0.0,0.0,170.0,21.0,1,1,1.0,200,0,0.0,470.92327880859375,543.1400146484375,27.77720260620117,78.75961303710938,217.15,100.0,0,False,False,False,True,False,False,False,False,False,False,0.0,0.8107146214359058
171,171,0.07,0.42,1.39,0.01,0.0,0.0,0.0,0.0,0.0,0.0,0.0,0.0,446,420.0,65,150.0,0.0,0.0,0.0,0.0,0.0,170.0,21.0,1,1,1.0,200,0,0.0,488.2491760253906,558.68408203125,26.63583755493164,78.20775604248047,,114.29065704345705,0,False,False,False,True,False,False,False,False,False,False,4.0,0.5408052334564071
172,172,0.07,0.52,1.44,0.0,0.0,0.0,0.0,0.0,0.0,0.0,0.0,0.0,466,460.0,67,300.0,0.0,0.0,0.0,0.0,0.0,170.0,21.0,1,1,1.0,200,250,14.0,538.0,604.0,23.2,77.0,,108.7655792236328,4,False,False,False,True,False,False,False,False,False,False,0.0,0.8873361154889946
173,173,0.07,0.52,1.44,0.0,0.0,0.0,0.0,0.0,0.0,0.0,0.0,0.0,466,460.0,67,300.0,0.0,0.0,0.0,0.0,0.0,170.0,21.0,1,1,1.0,200,0,0.0,497.1988525390625,574.732177734375,25.53270149230957,77.33171081542969,208.15,28.0,0,False,False,False,True,False,False,False,False,False,False,2.0,0.9775848182894543
174,174,0.07,0.52,1.44,0.0,0.0,0.0,0.0,0.0,0.0,0.0,0.0,0.0,466,460.0,67,300.0,0.0,0.0,0.0,0.0,0.0,170.0,21.0,1,1,1.0,200,0,0.0,498.1966247558594,575.7006225585938,25.333972930908203,77.60626983642578,224.15,100.0,0,False,False,False,True,False,False,False,False,False,False,0.0,0.8978147703837387
175,175,0.07,0.52,1.44,0.0,0.0,0.0,0.0,0.0,0.0,0.0,0.0,0.0,466,460.0,67,300.0,0.0,0.0,0.0,0.0,0.0,170.0,21.0,1,1,1.0,200,0,0.0,516.889404296875,587.8727416992188,23.94620513916016,77.28795623779297,,108.70050048828124,0,False,False,False,True,False,False,False,False,False,False,0.0,0.8752308332971814
176,176,0.07,0.54,1.41,0.0,0.0,0.0,0.0,0.0,0.0,0.0,0.0,0.0,439,460.0,58,420.0,0.0,0.0,0.0,0.0,0.0,170.0,21.0,1,1,1.0,200,250,14.0,561.0,622.0,26.0,77.0,,108.51617431640624,4,False,False,False,True,False,False,False,False,False,False,0.0,0.8913749297279322
177,177,0.07,0.54,1.41,0.0,0.0,0.0,0.0,0.0,0.0,0.0,0.0,0.0,439,460.0,58,420.0,0.0,0.0,0.0,0.0,0.0,170.0,21.0,1,1,1.0,200,0,0.0,512.7543334960938,595.22705078125,26.71288299560547,77.24498748779297,210.15,28.0,0,False,False,False,True,False,False,False,False,False,False,2.0,0.9680443577783157
178,178,0.07,0.54,1.41,0.0,0.0,0.0,0.0,0.0,0.0,0.0,0.0,0.0,439,460.0,58,420.0,0.0,0.0,0.0,0.0,0.0,170.0,21.0,1,1,1.0,200,0,0.0,528.6790771484375,602.2888793945312,25.937843322753903,77.42509460449219,230.15,100.0,0,False,False,False,True,False,False,False,False,False,False,0.0,0.9217112286141447
179,179,0.07,0.54,1.41,0.0,0.0,0.0,0.0,0.0,0.0,0.0,0.0,0.0,439,460.0,58,420.0,0.0,0.0,0.0,0.0,0.0,170.0,21.0,1,1,1.0,200,0,0.0,531.3631591796875,608.7811889648438,25.33349609375,77.1999282836914,,108.02507019042967,0,False,False,False,True,False,False,False,False,False,False,0.0,0.8937840987011871
180,180,0.07,0.57,1.4,0.0,0.0,0.0,0.0,0.0,0.0,0.0,0.0,0.0,451,450.0,60,500.0,0.0,0.0,0.0,0.0,0.0,170.0,21.0,1,1,1.0,200,250,14.0,547.0,616.0,22.6,75.0,,106.6217803955078,4,False,False,False,True,False,False,False,False,False,False,0.0,0.9123153746790996
181,181,0.07,0.57,1.4,0.0,0.0,0.0,0.0,0.0,0.0,0.0,0.0,0.0,451,450.0,60,500.0,0.0,0.0,0.0,0.0,0.0,170.0,21.0,1,1,1.0,200,0,0.0,506.7225036621094,592.9550170898438,26.292760848999023,76.2940673828125,197.15,28.0,0,False,False,False,True,False,False,False,False,False,False,2.0,0.9632916032681377
182,182,0.07,0.57,1.4,0.0,0.0,0.0,0.0,0.0,0.0,0.0,0.0,0.0,451,450.0,60,500.0,0.0,0.0,0.0,0.0,0.0,170.0,21.0,1,1,1.0,200,0,0.0,517.6748657226562,600.0306396484375,25.40942001342773,76.43820190429688,229.15,100.0,0,False,False,False,True,False,False,False,False,False,False,0.0,0.921889429374917
183,183,0.07,0.57,1.4,0.0,0.0,0.0,0.0,0.0,0.0,0.0,0.0,0.0,451,450.0,60,500.0,0.0,0.0,0.0,0.0,0.0,170.0,21.0,1,1,1.0,200,0,0.0,529.0538940429688,610.0966186523438,24.8021183013916,76.12335205078125,,105.7728271484375,0,False,False,False,True,False,False,False,False,False,False,0.0,0.9250854855157068
184,184,0.09,0.18,0.98,0.01,0.01,0.0,8.9,1.0,0.22,0.0,0.0,0.0,642,0.0,460,0.0,3.0,520.0,0.0,0.0,0.0,180.0,34.0,1,1,1.0,175,750,8.0,542.0,697.0,18.8,65.3,,114.5659637451172,4,False,False,False,True,False,False,False,False,False,False,0.0,0.5584776943389373
185,185,0.09,0.18,0.98,0.01,0.01,0.0,8.9,1.0,0.22,0.0,0.0,0.0,642,0.0,460,0.0,3.0,520.0,0.0,0.0,0.0,180.0,34.0,1,1,1.0,175,750,8.0,546.7640380859375,706.541259765625,18.170352935791016,64.84174346923828,249.15,28.0,0,False,False,False,True,False,False,False,False,False,False,3.0,0.665722034463202
186,186,0.09,0.18,0.98,0.01,0.01,0.0,8.9,1.0,0.22,0.0,0.0,0.0,642,0.0,460,0.0,3.0,520.0,0.0,0.0,0.0,180.0,34.0,1,1,1.0,175,750,8.0,546.7640380859375,705.5056762695312,18.207429885864254,64.80980682373047,260.15,50.0,0,False,False,False,True,False,False,False,False,False,False,3.0,0.6250082663927623
187,187,0.09,0.18,0.98,0.01,0.01,0.0,8.9,1.0,0.22,0.0,0.0,0.0,642,0.0,460,0.0,3.0,520.0,0.0,0.0,0.0,180.0,34.0,1,1,1.0,175,750,8.0,546.7640380859375,705.5056762695312,18.12125968933105,64.75679016113281,285.15,100.0,0,False,False,False,True,False,False,False,False,False,False,0.0,0.6714164481674713
188,188,0.09,0.17,1.03,0.01,0.01,0.0,9.1,1.01,0.23,0.0,0.0,0.0,604,0.0,460,0.0,17.0,530.0,0.0,0.0,0.0,180.0,34.0,1,1,1.0,175,750,8.0,574.0,723.0,17.1,59.1,,111.29693603515624,4,False,False,False,True,False,False,False,False,False,False,0.0,0.5978625028206749
189,189,0.09,0.17,1.03,0.01,0.01,0.0,9.1,1.01,0.23,0.0,0.0,0.0,604,0.0,460,0.0,17.0,530.0,0.0,0.0,0.0,180.0,34.0,1,1,1.0,175,750,8.0,573.391845703125,724.0109252929688,16.943342208862305,59.32392501831055,243.15,28.0,0,False,False,False,True,False,False,False,False,False,False,1.0,0.6966542222889774
190,190,0.09,0.17,1.03,0.01,0.01,0.0,9.1,1.01,0.23,0.0,0.0,0.0,604,0.0,460,0.0,17.0,530.0,0.0,0.0,0.0,180.0,34.0,1,1,1.0,175,750,8.0,573.391845703125,723.4071044921875,16.957914352416992,59.2919921875,256.15,50.0,0,False,False,False,True,False,False,False,False,False,False,1.0,0.741014435816376
191,191,0.09,0.17,1.03,0.01,0.01,0.0,9.1,1.01,0.23,0.0,0.0,0.0,604,0.0,460,0.0,17.0,530.0,0.0,0.0,0.0,180.0,34.0,1,1,1.0,175,750,8.0,573.9503784179688,722.9934692382812,16.87174415588379,59.30342483520508,285.15,100.0,0,False,False,False,True,False,False,False,False,False,False,0.0,0.44123597412456567
192,192,0.09,0.2,1.04,0.01,0.01,0.0,9.02,1.01,0.24,0.0,0.0,0.0,591,0.0,480,0.0,32.0,620.0,0.0,0.0,0.0,180.0,34.0,1,1,1.0,175,750,8.0,642.0,778.0,16.8,59.8,,97.82292175292967,4,False,False,False,True,False,False,False,False,False,False,1.0,0.8263531920971393
193,193,0.09,0.2,1.04,0.01,0.01,0.0,9.02,1.01,0.24,0.0,0.0,0.0,591,0.0,480,0.0,32.0,620.0,0.0,0.0,0.0,180.0,34.0,1,1,1.0,175,750,8.0,603.24267578125,745.3360595703125,16.804431915283203,59.800140380859375,260.15,28.0,0,False,False,False,True,False,False,False,False,False,False,1.0,0.831238878334774
194,194,0.09,0.2,1.04,0.01,0.01,0.0,9.02,1.01,0.24,0.0,0.0,0.0,591,0.0,480,0.0,32.0,620.0,0.0,0.0,0.0,180.0,34.0,1,1,1.0,175,750,8.0,603.24267578125,745.3360595703125,16.71826171875,59.81157302856445,283.15,50.0,0,False,False,False,True,False,False,False,False,False,False,1.0,0.8648649379972817
195,195,0.09,0.2,1.04,0.01,0.01,0.0,9.02,1.01,0.24,0.0,0.0,0.0,591,0.0,480,0.0,32.0,620.0,0.0,0.0,0.0,180.0,34.0,1,1,1.0,175,750,8.0,603.24267578125,745.3360595703125,16.67374038696289,59.385990142822266,326.15,100.0,0,False,False,False,True,False,False,False,False,False,False,1.0,0.5721811883686566
196,196,0.09,0.22,1.05,0.01,0.01,0.0,9.0,1.04,0.23,0.0,0.0,0.0,592,0.0,460,0.0,64.0,700.0,0.0,0.0,0.0,180.0,34.0,1,1,1.0,175,750,8.0,643.0,777.0,15.7,60.2,,89.53903198242188,4,False,False,False,True,False,False,False,False,False,False,1.0,0.9591864624358377
197,197,0.09,0.22,1.05,0.01,0.01,0.0,9.0,1.04,0.23,0.0,0.0,0.0,592,0.0,460,0.0,64.0,700.0,0.0,0.0,0.0,180.0,34.0,1,1,1.0,175,750,8.0,638.494384765625,770.3500366210938,16.21275520324707,60.117069244384766,273.15,28.0,0,False,False,False,True,False,False,False,False,False,False,1.0,0.9367438648962748
198,198,0.09,0.22,1.05,0.01,0.01,0.0,9.0,1.04,0.23,0.0,0.0,0.0,592,0.0,460,0.0,64.0,700.0,0.0,0.0,0.0,180.0,34.0,1,1,1.0,175,750,8.0,637.7045288085938,770.3500366210938,16.21275520324707,60.16740417480469,294.15,50.0,0,False,False,False,True,False,False,False,False,False,False,1.0,0.9492733125230123
199,199,0.09,0.22,1.05,0.01,0.01,0.0,9.0,1.04,0.23,0.0,0.0,0.0,592,0.0,460,0.0,64.0,700.0,0.0,0.0,0.0,180.0,34.0,1,1,1.0,175,750,8.0,637.7045288085938,770.3500366210938,16.16823387145996,58.508636474609375,332.15,100.0,0,False,False,False,True,False,False,False,False,False,False,1.0,0.7790557705140863
200,200,0.09,0.17,1.0,0.01,0.01,0.0,8.99,1.03,0.21,0.0,0.0,0.0,636,0.0,160,0.0,3.0,520.0,0.0,0.0,0.0,180.0,34.0,1,1,1.0,175,750,8.0,558.0,705.0,20.8,64.5,,107.24420166015624,4,False,False,False,True,False,False,False,False,False,False,0.0,0.8057538969061718
201,201,0.09,0.17,1.0,0.01,0.01,0.0,8.99,1.03,0.21,0.0,0.0,0.0,636,0.0,160,0.0,3.0,520.0,0.0,0.0,0.0,180.0,34.0,1,1,1.0,175,750,8.0,551.0986938476562,714.9257202148438,17.786083221435547,63.55857849121094,259.15,28.0,0,False,False,False,True,False,False,False,False,False,False,3.0,0.573184335582803
202,202,0.09,0.17,1.0,0.01,0.01,0.0,8.99,1.03,0.21,0.0,0.0,0.0,636,0.0,160,0.0,3.0,520.0,0.0,0.0,0.0,180.0,34.0,1,1,1.0,175,750,8.0,551.0986938476562,714.9257202148438,17.699913024902344,63.570011138916016,273.15,50.0,0,False,False,False,True,False,False,False,False,False,False,3.0,0.5166884536024574
203,203,0.09,0.17,1.0,0.01,0.01,0.0,8.99,1.03,0.21,0.0,0.0,0.0,636,0.0,160,0.0,3.0,520.0,0.0,0.0,0.0,180.0,34.0,1,1,1.0,175,750,8.0,551.0986938476562,714.9257202148438,17.699913024902344,63.618896484375,304.15,100.0,0,False,False,False,True,False,False,False,False,False,False,0.0,0.6227334247975003
204,204,0.09,0.2,1.01,0.01,0.01,0.0,8.9,1.01,0.21,0.0,0.0,0.0,596,0.0,160,0.0,19.0,510.0,0.0,0.0,0.0,180.0,34.0,1,1,1.0,175,750,8.0,569.0,709.0,17.4,62.7,,106.81224060058594,4,False,False,False,True,False,False,False,False,False,False,0.0,0.7314267430877524
205,205,0.09,0.2,1.01,0.01,0.01,0.0,8.9,1.01,0.21,0.0,0.0,0.0,596,0.0,160,0.0,19.0,510.0,0.0,0.0,0.0,180.0,34.0,1,1,1.0,175,750,8.0,569.22265625,712.3099365234375,17.072763442993164,62.95661926269531,251.15,28.0,0,False,False,False,True,False,False,False,False,False,False,1.0,0.5369093700789529
206,206,0.09,0.2,1.01,0.01,0.01,0.0,8.9,1.01,0.21,0.0,0.0,0.0,596,0.0,160,0.0,19.0,510.0,0.0,0.0,0.0,180.0,34.0,1,1,1.0,175,750,8.0,569.7811889648438,711.1346435546875,17.04936981201172,62.924686431884766,264.15,50.0,0,False,False,False,True,False,False,False,False,False,False,1.0,0.5891117552580687
207,207,0.09,0.2,1.01,0.01,0.01,0.0,8.9,1.01,0.21,0.0,0.0,0.0,596,0.0,160,0.0,19.0,510.0,0.0,0.0,0.0,180.0,34.0,1,1,1.0,175,750,8.0,569.7811889648438,711.1346435546875,17.039033889770508,62.87165832519531,297.15,100.0,0,False,False,False,True,False,False,False,False,False,False,0.0,0.5702202144700447
208,208,0.09,0.2,1.04,0.01,0.01,0.0,8.98,1.01,0.22,0.0,0.0,0.0,567,0.0,160,0.0,36.0,560.0,0.0,0.0,0.0,180.0,34.0,1,1,1.0,175,750,8.0,609.0,743.0,16.9,61.9,,92.83208465576172,4,False,False,False,True,False,False,False,False,False,False,1.0,0.7661414219238623
209,209,0.09,0.2,1.04,0.01,0.01,0.0,8.98,1.01,0.22,0.0,0.0,0.0,567,0.0,160,0.0,36.0,560.0,0.0,0.0,0.0,180.0,34.0,1,1,1.0,175,750,8.0,603.6261596679688,741.513916015625,16.922527313232422,61.48510360717773,254.15,28.0,0,False,False,False,True,False,False,False,False,False,False,1.0,0.7862282671178696
210,210,0.09,0.2,1.04,0.01,0.01,0.0,8.98,1.01,0.22,0.0,0.0,0.0,567,0.0,160,0.0,36.0,560.0,0.0,0.0,0.0,180.0,34.0,1,1,1.0,175,750,8.0,604.1846923828125,740.8856811523438,16.888896942138672,61.49653625488281,272.15,50.0,0,False,False,False,True,False,False,False,False,False,False,1.0,0.8235524244927188
211,211,0.09,0.2,1.04,0.01,0.01,0.0,8.98,1.01,0.22,0.0,0.0,0.0,567,0.0,160,0.0,36.0,560.0,0.0,0.0,0.0,180.0,34.0,1,1,1.0,175,750,8.0,604.1846923828125,740.8856811523438,16.844375610351562,61.066856384277344,311.15,100.0,0,False,False,False,True,False,False,False,False,False,False,1.0,0.4909804297271487
212,212,0.09,0.24,1.06,0.01,0.01,0.0,9.08,1.0,0.23,0.0,0.0,0.0,538,0.0,155,0.0,69.0,560.0,0.0,0.0,0.0,180.0,34.0,1,1,1.0,175,750,8.0,620.0,753.0,16.8,58.8,,78.85105895996094,4,False,False,False,True,False,False,False,False,False,False,1.0,0.9154949203583128
213,213,0.09,0.24,1.06,0.01,0.01,0.0,9.08,1.0,0.23,0.0,0.0,0.0,538,0.0,155,0.0,69.0,560.0,0.0,0.0,0.0,180.0,34.0,1,1,1.0,175,750,8.0,622.9261474609375,751.0895385742188,16.87759780883789,59.28535461425781,281.15,28.0,0,False,False,False,True,False,False,False,False,False,False,1.0,0.8847617200978669
214,214,0.09,0.24,1.06,0.01,0.01,0.0,9.08,1.0,0.23,0.0,0.0,0.0,538,0.0,155,0.0,69.0,560.0,0.0,0.0,0.0,180.0,34.0,1,1,1.0,175,750,8.0,622.9261474609375,751.0895385742188,16.864286422729492,59.41852569580078,305.15,50.0,0,False,False,False,True,False,False,False,False,False,False,1.0,0.9064507813216248
215,215,0.09,0.24,1.06,0.01,0.01,0.0,9.08,1.0,0.23,0.0,0.0,0.0,538,0.0,155,0.0,69.0,560.0,0.0,0.0,0.0,180.0,34.0,1,1,1.0,175,750,8.0,621.9701538085938,753.2872314453125,17.217586517333984,59.1534309387207,203.15,100.0,0,False,False,False,True,False,False,False,False,False,False,1.0,0.6311570454688842
216,216,0.04,0.3,0.65,0.01,0.01,0.0,0.0,0.0,0.0,0.0,0.0,0.0,0,0.0,0,0.0,0.0,0.0,0.0,0.0,0.0,170.0,21.0,1,1,1.0,200,250,14.0,392.0,466.0,31.9,80.6,,144.82321166992188,4,False,False,False,True,False,False,False,False,False,False,4.0,0.9260906278564832
217,217,0.04,0.3,0.65,0.01,0.01,0.0,0.0,0.0,0.0,0.0,0.0,0.0,0,0.0,0,0.0,0.0,0.0,0.0,0.0,0.0,170.0,21.0,1,1,1.0,200,580,2.0,370.0,456.0,35.2,80.6,243.15,100.0,4,False,False,False,True,False,False,False,False,False,False,0.0,0.9247861972745978
218,218,0.04,0.3,0.65,0.01,0.01,0.0,0.0,0.0,0.0,0.0,0.0,0.0,0,0.0,0,0.0,0.0,0.0,0.0,0.0,0.0,170.0,21.0,1,1,1.0,200,0,0.0,396.1140441894531,479.4187927246094,33.30521011352539,80.177001953125,247.15,100.0,0,False,False,False,True,False,False,False,False,False,False,0.0,0.8461511365757062
219,219,0.04,0.31,1.03,0.01,0.01,0.0,0.0,0.0,0.0,0.0,0.0,0.0,0,0.0,0,0.0,0.0,0.0,0.0,0.0,0.0,170.0,21.0,1,1,1.0,200,250,14.0,413.0,498.0,31.2,80.6,,151.0963134765625,4,False,False,False,True,False,False,False,False,False,False,4.0,0.8597187866824666
220,220,0.04,0.31,1.03,0.01,0.01,0.0,0.0,0.0,0.0,0.0,0.0,0.0,0,0.0,0,0.0,0.0,0.0,0.0,0.0,0.0,170.0,21.0,1,1,1.0,200,580,2.0,402.0,490.0,31.0,80.6,229.15,100.0,4,False,False,False,True,False,False,False,False,False,False,0.0,0.801778794616461
221,221,0.04,0.31,1.03,0.01,0.01,0.0,0.0,0.0,0.0,0.0,0.0,0.0,0,0.0,0,0.0,0.0,0.0,0.0,0.0,0.0,170.0,21.0,1,1,1.0,200,0,0.0,416.17681884765625,493.1879577636719,32.77775192260742,80.07215881347656,226.15,100.0,0,False,False,False,True,False,False,False,False,False,False,0.0,0.8085905721816515
222,222,0.04,0.35,1.43,0.01,0.01,0.0,0.0,0.0,0.0,0.0,0.0,0.0,0,0.0,0,0.0,0.0,0.0,0.0,0.0,0.0,170.0,21.0,1,1,1.0,200,250,14.0,468.0,551.0,29.4,78.7,,136.80947875976562,4,False,False,False,True,False,False,False,False,False,False,4.0,0.8494983467579146
223,223,0.04,0.35,1.43,0.01,0.01,0.0,0.0,0.0,0.0,0.0,0.0,0.0,0,0.0,0,0.0,0.0,0.0,0.0,0.0,0.0,170.0,21.0,1,1,1.0,200,580,2.0,436.0,529.0,31.6,78.8,224.15,100.0,4,False,False,False,True,False,False,False,False,False,False,0.0,0.7674158116052135
224,224,0.04,0.35,1.43,0.01,0.01,0.0,0.0,0.0,0.0,0.0,0.0,0.0,0,0.0,0,0.0,0.0,0.0,0.0,0.0,0.0,170.0,21.0,1,1,1.0,200,0,0.0,456.8844604492188,536.173828125,31.148860931396484,79.16970825195312,221.15,100.0,0,False,False,False,True,False,False,False,False,False,False,0.0,0.7697528929143026
225,225,0.04,0.33,1.85,0.01,0.02,0.0,0.0,0.0,0.0,0.0,0.0,0.0,0,0.0,0,0.0,0.0,0.0,0.0,0.0,0.0,170.0,21.0,1,1,1.0,200,250,14.0,514.0,588.0,28.0,76.8,,134.74246215820312,4,False,False,False,True,False,False,False,False,False,False,4.0,0.593433727647641
226,226,0.04,0.33,1.85,0.01,0.02,0.0,0.0,0.0,0.0,0.0,0.0,0.0,0,0.0,0,0.0,0.0,0.0,0.0,0.0,0.0,170.0,21.0,1,1,1.0,200,580,2.0,479.0,576.0,27.4,76.9,235.15,100.0,4,False,False,False,True,False,False,False,False,False,False,0.0,0.8594431835253729
227,227,0.04,0.33,1.85,0.01,0.02,0.0,0.0,0.0,0.0,0.0,0.0,0.0,0,0.0,0,0.0,0.0,0.0,0.0,0.0,0.0,170.0,21.0,1,1,1.0,200,0,0.0,503.8560791015625,572.5548095703125,29.105247497558597,76.82504272460938,228.15,100.0,0,False,False,False,True,False,False,False,False,False,False,0.0,0.8529239151938329
228,228,0.04,0.3,0.65,0.01,0.01,0.0,0.22,0.0,0.0,0.0,0.0,0.0,0,0.0,0,0.0,0.0,0.0,0.0,0.0,0.0,170.0,21.0,1,1,1.0,200,250,14.0,422.0,496.0,30.4,78.8,,121.39584350585938,4,False,False,False,True,False,False,False,False,False,False,4.0,0.9621344699861677
229,229,0.04,0.3,0.65,0.01,0.01,0.0,0.22,0.0,0.0,0.0,0.0,0.0,0,0.0,0,0.0,0.0,0.0,0.0,0.0,0.0,170.0,21.0,1,1,1.0,200,580,2.0,410.0,496.0,31.0,79.7,,116.18020629882812,4,False,False,False,True,False,False,False,False,False,False,4.0,0.8704474594011385
230,230,0.04,0.32,1.01,0.01,0.01,0.0,0.24,0.0,0.0,0.0,0.0,0.0,0,0.0,0,0.0,0.0,0.0,0.0,0.0,0.0,170.0,21.0,1,1,1.0,200,250,14.0,463.0,532.0,30.0,77.8,,125.7721176147461,4,False,False,False,True,False,False,False,False,False,False,4.0,0.930230010831148
231,231,0.04,0.32,1.01,0.01,0.01,0.0,0.24,0.0,0.0,0.0,0.0,0.0,0,0.0,0,0.0,0.0,0.0,0.0,0.0,0.0,170.0,21.0,1,1,1.0,200,580,2.0,426.0,519.0,29.8,78.8,,120.9866943359375,4,False,False,False,True,False,False,False,False,False,False,4.0,0.9521849006911695
232,232,0.04,0.32,1.01,0.01,0.01,0.0,0.24,0.0,0.0,0.0,0.0,0.0,0,0.0,0,0.0,0.0,0.0,0.0,0.0,0.0,170.0,21.0,1,1,1.0,200,0,0.0,453.94915771484375,527.3792724609375,29.55877685546875,78.20259094238281,,116.83605194091795,0,False,False,False,True,False,False,False,False,False,False,4.0,0.8616179042274134
233,233,0.04,0.32,1.45,0.01,0.01,0.0,0.24,0.0,0.0,0.0,0.0,0.0,0,0.0,0,0.0,0.0,0.0,0.0,0.0,0.0,170.0,21.0,1,1,1.0,200,250,14.0,500.0,575.0,28.0,78.8,,119.12991333007812,4,False,False,False,True,False,False,False,False,False,False,4.0,0.7928760715995233
234,234,0.04,0.32,1.45,0.01,0.01,0.0,0.24,0.0,0.0,0.0,0.0,0.0,0,0.0,0,0.0,0.0,0.0,0.0,0.0,0.0,170.0,21.0,1,1,1.0,200,580,2.0,468.0,559.0,28.0,76.9,,113.88025665283205,4,False,False,False,True,False,False,False,False,False,False,4.0,0.5616851264831734
235,235,0.05,0.33,1.85,0.01,0.01,0.0,0.26,0.0,0.0,0.0,0.0,0.0,0,0.0,0,0.0,0.0,0.0,0.0,0.0,0.0,170.0,21.0,1,1,1.0,200,250,14.0,567.0,622.0,26.0,75.0,,108.562744140625,4,False,False,False,True,False,False,False,False,False,False,0.0,0.8958506177069722
236,236,0.05,0.33,1.85,0.01,0.01,0.0,0.26,0.0,0.0,0.0,0.0,0.0,0,0.0,0,0.0,0.0,0.0,0.0,0.0,0.0,170.0,21.0,1,1,1.0,200,580,2.0,535.0,620.0,27.0,74.0,,103.83399200439452,4,False,False,False,True,False,False,False,False,False,False,0.0,0.9338240223246946
237,237,0.05,0.33,1.85,0.01,0.01,0.0,0.26,0.0,0.0,0.0,0.0,0.0,0,0.0,0,0.0,0.0,0.0,0.0,0.0,0.0,170.0,21.0,1,1,1.0,200,0,0.0,554.258056640625,646.7467651367188,26.202449798583984,74.05184173583984,,100.41997528076172,0,False,False,False,True,False,False,False,False,False,False,0.0,0.9214888701755561
238,238,0.04,0.33,0.6,0.01,0.01,0.0,0.51,0.0,0.0,0.0,0.0,0.0,0,0.0,0,0.0,0.0,0.0,0.0,0.0,0.0,170.0,21.0,1,1,1.0,200,250,14.0,446.0,510.0,32.2,78.8,,118.3208999633789,4,False,False,False,True,False,False,False,False,False,False,4.0,0.9312232443819476
239,239,0.04,0.33,0.6,0.01,0.01,0.0,0.51,0.0,0.0,0.0,0.0,0.0,0,0.0,0,0.0,0.0,0.0,0.0,0.0,0.0,170.0,21.0,1,1,1.0,200,580,2.0,417.0,496.0,29.0,78.8,256.15,100.0,4,False,False,False,True,False,False,False,False,False,False,0.0,0.7685140070761104
240,240,0.04,0.33,0.6,0.01,0.01,0.0,0.51,0.0,0.0,0.0,0.0,0.0,0,0.0,0,0.0,0.0,0.0,0.0,0.0,0.0,170.0,21.0,1,1,1.0,200,0,0.0,439.4439392089844,507.8335266113281,29.92793083190918,78.34877014160156,256.15,100.0,0,False,False,False,True,False,False,False,False,False,False,0.0,0.7667178998025205
241,241,0.04,0.31,0.95,0.01,0.01,0.0,0.53,0.0,0.0,0.0,0.0,0.0,0,0.0,0,0.0,0.0,0.0,0.0,0.0,0.0,170.0,21.0,1,1,1.0,200,250,14.0,494.0,545.0,29.6,77.0,,125.24126434326172,4,False,False,False,True,False,False,False,False,False,False,4.0,0.8853596334651184
242,242,0.04,0.31,0.95,0.01,0.01,0.0,0.53,0.0,0.0,0.0,0.0,0.0,0,0.0,0,0.0,0.0,0.0,0.0,0.0,0.0,170.0,21.0,1,1,1.0,200,580,2.0,460.0,536.0,28.8,77.0,238.15,100.0,4,False,False,False,True,False,False,False,False,False,False,0.0,0.7925553632174338
243,243,0.04,0.31,0.95,0.01,0.01,0.0,0.53,0.0,0.0,0.0,0.0,0.0,0,0.0,0,0.0,0.0,0.0,0.0,0.0,0.0,170.0,21.0,1,1,1.0,200,0,0.0,467.0537414550781,523.6155395507812,28.586782455444336,77.47712707519531,228.15,100.0,0,False,False,False,True,False,False,False,False,False,False,0.0,0.7901665723065532
244,244,0.05,0.33,1.42,0.01,0.01,0.0,0.53,0.0,0.0,0.0,0.0,0.0,0,0.0,0,0.0,0.0,0.0,0.0,0.0,0.0,170.0,21.0,1,1,1.0,200,250,14.0,543.0,603.0,28.2,77.0,,109.75127410888672,4,False,False,False,True,False,False,False,False,False,False,0.0,0.8236559731019047
245,245,0.05,0.33,1.42,0.01,0.01,0.0,0.53,0.0,0.0,0.0,0.0,0.0,0,0.0,0,0.0,0.0,0.0,0.0,0.0,0.0,170.0,21.0,1,1,1.0,200,580,2.0,514.0,600.0,25.8,76.0,238.15,100.0,4,False,False,False,True,False,False,False,False,False,False,0.0,0.91904183607597
246,246,0.05,0.33,1.42,0.01,0.01,0.0,0.53,0.0,0.0,0.0,0.0,0.0,0,0.0,0,0.0,0.0,0.0,0.0,0.0,0.0,170.0,21.0,1,1,1.0,200,0,0.0,523.3897094726562,593.96923828125,27.129623413085938,76.01671600341797,229.15,100.0,0,False,False,False,True,False,False,False,False,False,False,0.0,0.9105375317938329
247,247,0.05,0.33,1.83,0.01,0.01,0.0,0.52,0.0,0.0,0.0,0.0,0.0,0,0.0,0,0.0,0.0,0.0,0.0,0.0,0.0,170.0,21.0,1,1,1.0,200,250,14.0,617.0,674.0,23.0,70.2,,108.72515869140624,4,False,False,False,True,False,False,False,False,False,False,0.0,0.8060328327479119
248,248,0.05,0.33,1.83,0.01,0.01,0.0,0.52,0.0,0.0,0.0,0.0,0.0,0,0.0,0,0.0,0.0,0.0,0.0,0.0,0.0,170.0,21.0,1,1,1.0,200,580,2.0,570.0,650.0,24.0,68.7,271.15,100.0,4,False,False,False,True,False,False,False,False,False,False,0.0,0.8516176706721256
249,249,0.05,0.33,1.83,0.01,0.01,0.0,0.52,0.0,0.0,0.0,0.0,0.0,0,0.0,0,0.0,0.0,0.0,0.0,0.0,0.0,170.0,21.0,1,1,1.0,200,0,0.0,573.4118041992188,656.6719970703125,25.23788833618164,71.75444030761719,238.15,100.0,0,False,False,False,True,False,False,False,False,False,False,0.0,0.8847515274609093
250,250,0.04,0.3,0.59,0.01,0.01,0.0,1.0,0.0,0.0,0.0,0.0,0.0,0,0.0,0,0.0,0.0,0.0,0.0,0.0,0.0,170.0,21.0,1,1,1.0,200,250,14.0,472.0,531.0,25.8,77.8,,120.10440063476562,4,False,False,False,True,False,False,False,False,False,False,4.0,0.8505908158084763
251,251,0.04,0.3,0.59,0.01,0.01,0.0,1.0,0.0,0.0,0.0,0.0,0.0,0,0.0,0,0.0,0.0,0.0,0.0,0.0,0.0,170.0,21.0,1,1,1.0,200,580,2.0,427.0,514.0,29.2,77.9,261.15,100.0,4,False,False,False,True,False,False,False,False,False,False,0.0,0.7663004029530747
252,252,0.04,0.3,0.59,0.01,0.01,0.0,1.0,0.0,0.0,0.0,0.0,0.0,0,0.0,0,0.0,0.0,0.0,0.0,0.0,0.0,170.0,21.0,1,1,1.0,200,0,0.0,455.3433837890625,524.2625122070312,27.439584732055664,77.6964111328125,263.15,100.0,0,False,False,False,True,False,False,False,False,False,False,0.0,0.7949012630632803
253,253,0.04,0.32,0.97,0.01,0.01,0.0,1.04,0.0,0.0,0.0,0.0,0.0,0,0.0,0,0.0,0.0,0.0,0.0,0.0,0.0,170.0,21.0,1,1,1.0,200,250,14.0,531.0,592.0,24.6,76.0,,123.83932495117188,4,False,False,False,True,False,False,False,False,False,False,5.0,0.44046118198495743
254,254,0.04,0.32,0.97,0.01,0.01,0.0,1.04,0.0,0.0,0.0,0.0,0.0,0,0.0,0,0.0,0.0,0.0,0.0,0.0,0.0,170.0,21.0,1,1,1.0,200,580,2.0,471.0,568.0,26.2,77.0,242.15,100.0,4,False,False,False,True,False,False,False,False,False,False,0.0,0.8629784419039348
255,255,0.04,0.32,0.97,0.01,0.01,0.0,1.04,0.0,0.0,0.0,0.0,0.0,0,0.0,0,0.0,0.0,0.0,0.0,0.0,0.0,170.0,21.0,1,1,1.0,200,0,0.0,490.7141723632813,566.178955078125,26.55739402770996,76.88285064697266,231.15,100.0,0,False,False,False,True,False,False,False,False,False,False,0.0,0.8731446651473812
256,256,0.05,0.33,1.37,0.01,0.01,0.0,1.08,0.0,0.0,0.0,0.0,0.0,0,0.0,0,0.0,0.0,0.0,0.0,0.0,0.0,170.0,21.0,1,1,1.0,200,250,14.0,626.0,676.0,24.4,70.9,,111.44158172607422,4,False,False,False,True,False,False,False,False,False,False,0.0,0.7290593236904066
257,257,0.05,0.33,1.37,0.01,0.01,0.0,1.08,0.0,0.0,0.0,0.0,0.0,0,0.0,0,0.0,0.0,0.0,0.0,0.0,0.0,170.0,21.0,1,1,1.0,200,580,2.0,548.0,630.0,26.0,72.0,256.15,100.0,4,False,False,False,True,False,False,False,False,False,False,0.0,0.9163365577580072
258,258,0.05,0.33,1.37,0.01,0.01,0.0,1.08,0.0,0.0,0.0,0.0,0.0,0,0.0,0,0.0,0.0,0.0,0.0,0.0,0.0,170.0,21.0,1,1,1.0,200,0,0.0,538.275390625,635.475830078125,24.76223945617676,72.91871643066406,233.15,100.0,0,False,False,False,True,False,False,False,False,False,False,0.0,0.9141752407671078
259,259,0.05,0.33,1.81,0.01,0.01,0.0,1.1,0.0,0.0,0.0,0.0,0.0,0,0.0,0,0.0,0.0,0.0,0.0,0.0,0.0,170.0,21.0,1,1,1.0,200,250,14.0,692.0,723.0,21.6,70.9,,109.58969116210938,4,False,False,False,True,False,False,False,False,False,False,0.0,0.6549130492884039
260,260,0.05,0.33,1.81,0.01,0.01,0.0,1.1,0.0,0.0,0.0,0.0,0.0,0,0.0,0,0.0,0.0,0.0,0.0,0.0,0.0,170.0,21.0,1,1,1.0,200,580,2.0,592.0,671.0,22.8,72.0,301.15,100.0,4,False,False,False,True,False,False,False,False,False,False,0.0,0.8356821055265186
261,261,0.05,0.33,1.81,0.01,0.01,0.0,1.1,0.0,0.0,0.0,0.0,0.0,0,0.0,0,0.0,0.0,0.0,0.0,0.0,0.0,170.0,21.0,1,1,1.0,200,0,0.0,605.8343505859375,681.7633056640625,22.470478057861328,70.42536926269531,245.15,100.0,0,False,False,False,True,False,False,False,False,False,False,0.0,0.7969343670364353
262,262,0.04,0.27,0.59,0.01,0.01,0.0,2.34,0.0,0.0,0.0,0.0,0.0,0,0.0,0,0.0,0.0,0.0,0.0,0.0,0.0,170.0,21.0,1,1,1.0,200,250,14.0,587.0,652.0,21.4,72.0,,116.25674438476562,4,False,False,False,True,False,False,False,False,False,False,3.0,0.48421968796089276
263,263,0.04,0.27,0.59,0.01,0.01,0.0,2.34,0.0,0.0,0.0,0.0,0.0,0,0.0,0,0.0,0.0,0.0,0.0,0.0,0.0,170.0,21.0,1,1,1.0,200,580,2.0,534.0,619.0,22.0,75.0,273.15,100.0,4,False,False,False,True,False,False,False,False,False,False,0.0,0.9139649147633001
264,264,0.04,0.27,0.59,0.01,0.01,0.0,2.34,0.0,0.0,0.0,0.0,0.0,0,0.0,0,0.0,0.0,0.0,0.0,0.0,0.0,170.0,21.0,1,1,1.0,200,0,0.0,567.4216918945312,647.7599487304688,21.616046905517575,73.0088882446289,282.15,100.0,0,False,False,False,True,False,False,False,False,False,False,0.0,0.8635107363208201
265,265,0.05,0.3,0.93,0.01,0.01,0.0,2.38,0.0,0.0,0.0,0.0,0.0,0,0.0,0,0.0,0.0,0.0,0.0,0.0,0.0,170.0,21.0,1,1,1.0,200,250,14.0,655.0,722.0,19.6,67.5,,118.6983642578125,4,False,False,False,True,False,False,False,False,False,False,3.0,0.4323359571552317
266,266,0.05,0.3,0.93,0.01,0.01,0.0,2.38,0.0,0.0,0.0,0.0,0.0,0,0.0,0,0.0,0.0,0.0,0.0,0.0,0.0,170.0,21.0,1,1,1.0,200,580,2.0,605.0,683.0,19.8,71.9,270.15,100.0,4,False,False,False,True,False,False,False,False,False,False,0.0,0.7748857318946731
267,267,0.05,0.3,0.93,0.01,0.01,0.0,2.38,0.0,0.0,0.0,0.0,0.0,0,0.0,0,0.0,0.0,0.0,0.0,0.0,0.0,170.0,21.0,1,1,1.0,200,0,0.0,647.7630615234375,722.2960205078125,19.881668090820312,69.01203155517578,289.15,100.0,0,False,False,False,True,False,False,False,False,False,False,0.0,0.6483236382975248
268,268,0.05,0.31,1.29,0.01,0.01,0.0,2.32,0.0,0.0,0.0,0.0,0.0,0,0.0,0,0.0,0.0,0.0,0.0,0.0,0.0,170.0,21.0,1,1,1.0,200,250,14.0,738.0,789.0,20.0,67.0,,113.7542495727539,4,False,False,False,True,False,False,False,False,False,False,1.0,0.7394551834442876
269,269,0.05,0.31,1.29,0.01,0.01,0.0,2.32,0.0,0.0,0.0,0.0,0.0,0,0.0,0,0.0,0.0,0.0,0.0,0.0,0.0,170.0,21.0,1,1,1.0,200,580,2.0,662.0,731.0,18.6,68.7,301.15,100.0,4,False,False,False,True,False,False,False,False,False,False,0.0,0.5654182869399844
270,270,0.05,0.31,1.29,0.01,0.01,0.0,2.32,0.0,0.0,0.0,0.0,0.0,0,0.0,0,0.0,0.0,0.0,0.0,0.0,0.0,170.0,21.0,1,1,1.0,200,0,0.0,689.9107666015625,789.8226928710938,19.485746383666992,68.50020599365234,282.15,100.0,0,False,False,False,True,False,False,False,False,False,False,1.0,0.5202062809838088
271,271,0.05,0.33,1.72,0.01,0.01,0.0,2.36,0.0,0.0,0.0,0.0,0.0,0,0.0,0,0.0,0.0,0.0,0.0,0.0,0.0,170.0,21.0,1,1,1.0,200,250,14.0,808.0,865.0,18.2,65.2,,106.82354736328124,4,False,False,False,True,False,False,False,False,False,False,1.0,0.8894180527681135
272,272,0.05,0.33,1.72,0.01,0.01,0.0,2.36,0.0,0.0,0.0,0.0,0.0,0,0.0,0,0.0,0.0,0.0,0.0,0.0,0.0,170.0,21.0,1,1,1.0,200,580,2.0,697.0,757.0,19.6,69.7,,101.92693328857422,4,False,False,False,True,False,False,False,False,False,False,0.0,0.5629344198943015
273,273,0.05,0.33,1.72,0.01,0.01,0.0,2.36,0.0,0.0,0.0,0.0,0.0,0,0.0,0,0.0,0.0,0.0,0.0,0.0,0.0,170.0,21.0,1,1,1.0,200,0,0.0,735.8953247070312,837.485595703125,18.959552764892575,67.06092071533203,297.15,100.0,0,False,False,False,True,False,False,False,False,False,False,1.0,0.8122972720519751
274,274,0.07,0.3,1.36,0.01,0.01,0.0,0.0,0.0,0.0,0.0,0.0,0.0,432,37.0,67,4.79,4.59,4.99,0.0,0.0,0.0,170.0,21.0,1,1,1.0,200,250,14.0,468.0,529.0,32.6,80.7,,108.13590240478516,4,False,False,False,True,False,False,False,False,False,False,0.0,0.6100653880395307
275,275,0.07,0.3,1.36,0.01,0.01,0.0,0.0,0.0,0.0,0.0,0.0,0.0,432,37.0,67,4.85,4.72,4.96,0.0,0.0,0.0,170.0,21.0,1,1,1.0,200,0,0.0,435.1935119628906,513.2655639648438,31.523828506469727,78.50627899169922,174.14999999999998,28.0,0,False,False,False,True,False,False,False,False,False,False,2.0,0.9995294360085166
276,276,0.07,0.3,1.36,0.01,0.01,0.0,0.0,0.0,0.0,0.0,0.0,0.0,432,37.0,67,4.7,4.7,4.63,0.0,0.0,0.0,170.0,21.0,1,1,1.0,200,0,0.0,436.2763366699219,515.848388671875,31.736297607421875,78.98388671875,201.15,100.0,0,False,False,False,True,False,False,False,False,False,False,0.0,0.770909093238698
277,277,0.07,0.3,1.36,0.01,0.01,0.0,0.0,0.0,0.0,0.0,0.0,0.0,432,37.0,67,4.83,4.67,4.75,0.0,0.0,0.0,170.0,21.0,1,1,1.0,200,0,0.0,457.8757934570313,541.7431640625,30.52363967895508,78.96099853515625,,110.3140106201172,0,False,False,False,True,False,False,False,False,False,False,0.0,0.5216260178908427
278,278,0.07,0.3,1.36,0.01,0.01,0.0,0.0,0.0,0.0,0.0,0.0,0.0,432,37.0,67,4.57,4.69,4.89,0.0,0.0,0.0,170.0,21.0,1,1,1.0,200,580,2.0,393.0,500.0,31.8,77.0,,112.04241943359376,4,False,False,False,True,False,False,False,False,False,False,4.0,0.5563370011113936
279,279,0.07,0.3,1.36,0.01,0.01,0.0,0.0,0.0,0.0,0.0,0.0,0.0,432,37.0,67,2.6,4.79,4.98,0.0,0.0,0.0,170.0,21.0,1,1,1.0,200,580,2.0,396.3171691894531,502.6627197265625,31.980430603027344,78.81013488769531,173.14999999999998,28.0,0,False,False,False,True,False,False,False,False,False,False,2.0,0.9997066378051389
280,280,0.07,0.3,1.36,0.01,0.01,0.0,0.0,0.0,0.0,0.0,0.0,0.0,432,37.0,67,4.84,2.84,4.97,0.0,0.0,0.0,170.0,21.0,1,1,1.0,200,580,2.0,401.8641662597656,504.1593322753906,32.317955017089844,78.8185043334961,195.15,100.0,0,False,False,False,True,False,False,False,False,False,False,0.0,0.7958543966118404
281,281,0.07,0.33,1.39,0.01,0.01,0.0,0.0,0.0,0.0,0.0,0.0,0.0,427,39.0,66,20.0,2.61,4.81,0.0,0.0,0.0,170.0,21.0,1,1,1.0,200,250,14.0,475.0,536.0,33.4,80.7,,113.07481384277344,4,False,False,False,True,False,False,False,False,False,False,4.0,0.7098252609494833
282,282,0.07,0.33,1.39,0.01,0.01,0.0,0.0,0.0,0.0,0.0,0.0,0.0,427,39.0,66,20.0,4.69,4.83,0.0,0.0,0.0,170.0,21.0,1,1,1.0,200,0,0.0,437.86029052734375,516.5731811523438,30.928024291992188,78.62044525146484,178.14999999999998,28.0,0,False,False,False,True,False,False,False,False,False,False,2.0,0.999457430726268
283,283,0.07,0.33,1.39,0.01,0.01,0.0,0.0,0.0,0.0,0.0,0.0,0.0,427,39.0,66,20.0,4.68,4.77,0.0,0.0,0.0,170.0,21.0,1,1,1.0,200,0,0.0,440.6121520996094,518.0496215820312,31.229454040527344,78.69313049316406,203.15,100.0,0,False,False,False,True,False,False,False,False,False,False,0.0,0.7675238644284547
284,284,0.07,0.33,1.39,0.01,0.01,0.0,0.0,0.0,0.0,0.0,0.0,0.0,427,39.0,66,20.0,2.49,4.93,0.0,0.0,0.0,170.0,21.0,1,1,1.0,200,580,2.0,387.0,493.0,32.5,80.7,,114.54612731933594,4,False,False,False,True,False,False,False,False,False,False,4.0,0.7564435150187251
285,285,0.07,0.33,1.39,0.01,0.01,0.0,0.0,0.0,0.0,0.0,0.0,0.0,427,39.0,66,20.0,2.58,4.66,0.0,0.0,0.0,170.0,21.0,1,1,1.0,200,580,2.0,403.3040161132813,499.7138366699219,32.0155029296875,78.92169952392578,195.15,100.0,0,False,False,False,True,False,False,False,False,False,False,0.0,0.7952086263363506
286,286,0.08,0.32,1.39,0.01,0.01,0.0,0.0,0.0,0.0,0.0,0.0,0.0,436,42.0,66,44.0,4.83,4.83,0.0,0.0,0.0,170.0,21.0,1,1,1.0,200,250,14.0,478.0,541.0,30.4,78.9,,109.72748565673828,4,False,False,False,True,False,False,False,False,False,False,0.0,0.5722774013658763
287,287,0.08,0.32,1.39,0.01,0.01,0.0,0.0,0.0,0.0,0.0,0.0,0.0,436,42.0,66,44.0,4.98,4.99,0.0,0.0,0.0,170.0,21.0,1,1,1.0,200,0,0.0,430.2205810546875,511.8515930175781,30.12729263305664,78.6684341430664,185.15,28.0,0,False,False,False,True,False,False,False,False,False,False,2.0,0.9994511395705502
288,288,0.08,0.32,1.39,0.01,0.01,0.0,0.0,0.0,0.0,0.0,0.0,0.0,436,42.0,66,44.0,4.94,4.95,0.0,0.0,0.0,170.0,21.0,1,1,1.0,200,0,0.0,435.6244201660156,511.65673828125,29.907960891723636,79.0293960571289,213.15,100.0,0,False,False,False,True,False,False,False,False,False,False,0.0,0.7675080780589738
289,289,0.08,0.32,1.39,0.01,0.01,0.0,0.0,0.0,0.0,0.0,0.0,0.0,436,42.0,66,44.0,4.74,4.92,0.0,0.0,0.0,170.0,21.0,1,1,1.0,200,580,2.0,398.0,499.0,32.8,80.7,,111.0642547607422,4,False,False,False,True,False,False,False,False,False,False,4.0,0.49710440075218976
290,290,0.08,0.32,1.39,0.01,0.01,0.0,0.0,0.0,0.0,0.0,0.0,0.0,436,42.0,66,44.0,4.79,4.82,0.0,0.0,0.0,170.0,21.0,1,1,1.0,200,580,2.0,395.3153381347656,487.9939270019531,31.48427963256836,79.13624572753906,179.14999999999998,28.0,0,False,False,False,True,False,False,False,False,False,False,2.0,0.9997228377196868
291,291,0.08,0.32,1.39,0.01,0.01,0.0,0.0,0.0,0.0,0.0,0.0,0.0,436,42.0,66,44.0,4.85,4.77,0.0,0.0,0.0,170.0,21.0,1,1,1.0,200,580,2.0,397.05279541015625,488.0587768554688,31.06484603881836,79.21492767333984,198.15,100.0,0,False,False,False,True,False,False,False,False,False,False,0.0,0.7981993401739058
292,292,0.08,0.33,1.41,0.01,0.01,0.0,0.0,0.0,0.0,0.0,0.0,0.0,432,43.0,61,78.0,4.74,3.21,0.0,0.0,0.0,170.0,21.0,1,1,1.0,200,250,14.0,478.0,540.0,31.2,80.7,,110.18265533447266,4,False,False,False,True,False,False,False,False,False,False,0.0,0.4985862834575695
293,293,0.08,0.33,1.41,0.01,0.01,0.0,0.0,0.0,0.0,0.0,0.0,0.0,432,43.0,61,78.0,4.59,4.82,0.0,0.0,0.0,170.0,21.0,1,1,1.0,200,0,0.0,448.5178527832031,526.8840942382812,30.51288414001465,78.88201904296875,196.15,28.0,0,False,False,False,True,False,False,False,False,False,False,2.0,0.9992884476454893
294,294,0.08,0.33,1.41,0.01,0.01,0.0,0.0,0.0,0.0,0.0,0.0,0.0,432,43.0,61,78.0,4.9,4.65,0.0,0.0,0.0,170.0,21.0,1,1,1.0,200,0,0.0,451.7771911621094,526.1839599609375,29.903966903686523,79.30899047851562,218.15,100.0,0,False,False,False,True,False,False,False,False,False,False,0.0,0.7711366527555594
295,295,0.08,0.33,1.41,0.01,0.01,0.0,0.0,0.0,0.0,0.0,0.0,0.0,432,43.0,61,78.0,2.38,4.88,0.0,0.0,0.0,170.0,21.0,1,1,1.0,200,0,0.0,463.1933898925781,544.5228271484375,29.511024475097656,78.54523468017578,,106.56290435791016,0,False,False,False,True,False,False,False,False,False,False,0.0,0.7260545838687716
296,296,0.08,0.33,1.41,0.01,0.01,0.0,0.0,0.0,0.0,0.0,0.0,0.0,432,43.0,61,78.0,4.83,4.68,0.0,0.0,0.0,170.0,21.0,1,1,1.0,200,580,2.0,391.0,504.0,31.8,78.9,,110.62936401367188,4,False,False,False,True,False,False,False,False,False,False,0.0,0.522675227623728
297,297,0.08,0.33,1.41,0.01,0.01,0.0,0.0,0.0,0.0,0.0,0.0,0.0,432,43.0,61,78.0,4.77,4.82,0.0,0.0,0.0,170.0,21.0,1,1,1.0,200,580,2.0,408.8878173828125,500.3187561035156,31.253070831298828,79.03618621826172,184.15,28.0,0,False,False,False,True,False,False,False,False,False,False,2.0,0.999652099622396
298,298,0.08,0.33,1.41,0.01,0.01,0.0,0.0,0.0,0.0,0.0,0.0,0.0,432,43.0,61,78.0,4.85,4.69,0.0,0.0,0.0,170.0,21.0,1,1,1.0,200,580,2.0,416.3433532714844,504.4416198730469,30.980079650878903,79.16454315185547,205.15,100.0,0,False,False,False,True,False,False,False,False,False,False,0.0,0.777353625389089
299,299,0.08,0.37,1.42,0.01,0.01,0.0,0.0,0.0,0.0,0.0,0.0,0.0,439,43.0,54,120.0,4.71,4.62,0.0,0.0,0.0,170.0,21.0,1,1,1.0,200,250,14.0,480.0,543.0,29.0,78.9,,109.54422760009766,4,False,False,False,True,False,False,False,False,False,False,0.0,0.6122080473684619
300,300,0.08,0.37,1.42,0.01,0.01,0.0,0.0,0.0,0.0,0.0,0.0,0.0,439,43.0,54,120.0,2.59,4.54,0.0,0.0,0.0,170.0,21.0,1,1,1.0,200,0,0.0,441.9794921875,531.1589965820312,30.315921783447266,78.7430419921875,187.15,28.0,0,False,False,False,True,False,False,False,False,False,False,2.0,0.999273787985605
301,301,0.08,0.37,1.42,0.01,0.01,0.0,0.0,0.0,0.0,0.0,0.0,0.0,439,43.0,54,120.0,4.9,2.38,0.0,0.0,0.0,170.0,21.0,1,1,1.0,200,0,0.0,470.5218505859375,552.7041625976562,29.491117477416992,78.56046295166016,245.15,100.0,0,False,False,False,True,False,False,False,False,False,False,0.0,0.7969230646072283
302,302,0.08,0.37,1.42,0.01,0.01,0.0,0.0,0.0,0.0,0.0,0.0,0.0,439,43.0,54,120.0,2.25,4.86,0.0,0.0,0.0,170.0,21.0,1,1,1.0,200,580,2.0,397.0,518.0,31.0,79.8,,109.73321533203124,4,False,False,False,True,False,False,False,False,False,False,0.0,0.5524623705659644
303,303,0.08,0.37,1.42,0.01,0.01,0.0,0.0,0.0,0.0,0.0,0.0,0.0,439,43.0,54,120.0,4.98,4.79,0.0,0.0,0.0,170.0,21.0,1,1,1.0,200,580,2.0,396.6238403320313,501.8372192382813,30.58994483947754,79.16931915283203,182.15,28.0,0,False,False,False,True,False,False,False,False,False,False,2.0,0.9996528855535272
304,304,0.08,0.37,1.42,0.01,0.01,0.0,0.0,0.0,0.0,0.0,0.0,0.0,439,43.0,54,120.0,2.73,2.53,0.0,0.0,0.0,170.0,21.0,1,1,1.0,200,580,2.0,406.6478576660156,511.10003662109375,30.76956558227539,79.00071716308594,204.15,100.0,0,False,False,False,True,False,False,False,False,False,False,0.0,0.7758639466709766
305,305,0.08,0.37,1.36,0.0,0.01,0.0,0.0,0.0,0.0,0.0,0.0,0.0,422,36.0,54,190.0,3.14,4.51,0.0,0.0,0.0,170.0,21.0,1,1,1.0,200,250,14.0,485.0,549.0,31.4,79.8,,111.71810150146484,4,False,False,False,True,False,False,False,False,False,False,4.0,0.5629655267184609
306,306,0.08,0.37,1.36,0.0,0.01,0.0,0.0,0.0,0.0,0.0,0.0,0.0,422,36.0,54,190.0,4.96,4.78,0.0,0.0,0.0,170.0,21.0,1,1,1.0,200,0,0.0,436.2135925292969,521.3204345703125,30.5938663482666,78.84586334228516,187.15,28.0,0,False,False,False,True,False,False,False,False,False,False,2.0,0.9994162454604474
307,307,0.08,0.37,1.36,0.0,0.01,0.0,0.0,0.0,0.0,0.0,0.0,0.0,422,36.0,54,190.0,2.28,4.91,0.0,0.0,0.0,170.0,21.0,1,1,1.0,200,0,0.0,436.2888488769531,527.1602172851562,30.49716567993164,78.46266174316406,215.15,100.0,0,False,False,False,True,False,False,False,False,False,False,0.0,0.7667333834315798
308,308,0.08,0.37,1.36,0.0,0.01,0.0,0.0,0.0,0.0,0.0,0.0,0.0,422,36.0,54,190.0,2.5,4.49,0.0,0.0,0.0,170.0,21.0,1,1,1.0,200,0,0.0,456.7821960449219,549.091064453125,29.74228858947754,78.62353515625,,109.46915435791016,0,False,False,False,True,False,False,False,False,False,False,0.0,0.5969600918717884
309,309,0.08,0.37,1.36,0.0,0.01,0.0,0.0,0.0,0.0,0.0,0.0,0.0,422,36.0,54,190.0,2.48,4.62,0.0,0.0,0.0,170.0,21.0,1,1,1.0,200,580,2.0,403.0,519.0,29.1,78.9,,113.3143081665039,4,False,False,False,True,False,False,False,False,False,False,4.0,0.6890671734608272
310,310,0.08,0.37,1.36,0.0,0.01,0.0,0.0,0.0,0.0,0.0,0.0,0.0,422,36.0,54,190.0,2.41,4.95,0.0,0.0,0.0,170.0,21.0,1,1,1.0,200,580,2.0,396.6392517089844,504.5955505371094,31.09769058227539,78.49534606933594,181.15,28.0,0,False,False,False,True,False,False,False,False,False,False,2.0,0.9996622380037931
311,311,0.08,0.37,1.36,0.0,0.01,0.0,0.0,0.0,0.0,0.0,0.0,0.0,422,36.0,54,190.0,4.68,4.81,0.0,0.0,0.0,170.0,21.0,1,1,1.0,200,580,2.0,397.8587951660156,502.19378662109375,31.75971984863281,78.95590209960938,199.15,100.0,0,False,False,False,True,False,False,False,False,False,False,0.0,0.7941627210776773
312,312,0.08,0.44,1.31,0.0,0.01,0.0,0.0,0.0,0.0,0.0,0.0,0.0,431,36.0,52,340.0,4.69,2.03,0.0,0.0,0.0,170.0,21.0,1,1,1.0,200,250,14.0,491.0,564.0,28.2,78.9,,109.82418823242188,4,False,False,False,True,False,False,False,False,False,False,0.0,0.6595124272218211
313,313,0.08,0.44,1.31,0.0,0.01,0.0,0.0,0.0,0.0,0.0,0.0,0.0,431,36.0,52,340.0,4.75,4.68,0.0,0.0,0.0,170.0,21.0,1,1,1.0,200,0,0.0,420.3149719238281,522.03515625,30.272674560546875,78.63414764404297,185.15,28.0,0,False,False,False,True,False,False,False,False,False,False,2.0,0.9994637019862143
314,314,0.08,0.44,1.31,0.0,0.01,0.0,0.0,0.0,0.0,0.0,0.0,0.0,431,36.0,52,340.0,4.91,4.78,0.0,0.0,0.0,170.0,21.0,1,1,1.0,200,0,0.0,425.3455200195313,524.3400268554688,29.860971450805664,78.60582733154297,210.15,100.0,0,False,False,False,True,False,False,False,False,False,False,0.0,0.7665024349979576
315,315,0.08,0.44,1.31,0.0,0.01,0.0,0.0,0.0,0.0,0.0,0.0,0.0,431,36.0,52,340.0,4.59,2.33,0.0,0.0,0.0,170.0,21.0,1,1,1.0,200,0,0.0,459.6897583007813,557.31591796875,28.44221305847168,78.59886169433594,,107.49899291992188,0,False,False,False,True,False,False,False,False,False,False,0.0,0.7213456851160848
316,316,0.08,0.44,1.31,0.0,0.01,0.0,0.0,0.0,0.0,0.0,0.0,0.0,431,36.0,52,340.0,4.88,2.22,0.0,0.0,0.0,170.0,21.0,1,1,1.0,200,580,2.0,409.0,528.0,31.0,78.9,,111.7641830444336,4,False,False,False,True,False,False,False,False,False,False,4.0,0.5765643894614183
317,317,0.08,0.44,1.31,0.0,0.01,0.0,0.0,0.0,0.0,0.0,0.0,0.0,431,36.0,52,340.0,4.97,4.83,0.0,0.0,0.0,170.0,21.0,1,1,1.0,200,580,2.0,369.9165954589844,498.3214416503906,30.63086700439453,79.17535400390625,183.15,28.0,0,False,False,False,True,False,False,False,False,False,False,2.0,0.999726861965777
318,318,0.08,0.44,1.31,0.0,0.01,0.0,0.0,0.0,0.0,0.0,0.0,0.0,431,36.0,52,340.0,4.97,4.95,0.0,0.0,0.0,170.0,21.0,1,1,1.0,200,580,2.0,373.2122192382813,497.8151550292969,30.740949630737305,78.79409790039062,199.15,100.0,0,False,False,False,True,False,False,False,False,False,False,0.0,0.8000783115284972
319,319,0.08,0.51,1.3,0.0,0.01,0.0,0.0,0.0,0.0,0.0,0.0,0.0,423,43.0,50,490.0,4.95,4.75,0.0,0.0,0.0,170.0,21.0,1,1,1.0,200,250,14.0,485.0,560.0,25.2,78.9,,105.97138214111328,4,False,False,False,True,False,False,False,False,False,False,0.0,0.8444652177730112
320,320,0.08,0.51,1.3,0.0,0.01,0.0,0.0,0.0,0.0,0.0,0.0,0.0,423,43.0,50,490.0,4.69,4.91,0.0,0.0,0.0,170.0,21.0,1,1,1.0,200,0,0.0,416.8777465820313,522.892333984375,28.19036293029785,78.00633239746094,183.15,28.0,0,False,False,False,True,False,False,False,False,False,False,2.0,0.9992054010545255
321,321,0.08,0.51,1.3,0.0,0.01,0.0,0.0,0.0,0.0,0.0,0.0,0.0,423,43.0,50,490.0,4.97,4.75,0.0,0.0,0.0,170.0,21.0,1,1,1.0,200,0,0.0,427.1521301269531,525.21484375,27.857149124145508,78.8856430053711,218.15,100.0,0,False,False,False,True,False,False,False,False,False,False,0.0,0.7740341470277516
322,322,0.08,0.51,1.3,0.0,0.01,0.0,0.0,0.0,0.0,0.0,0.0,0.0,423,43.0,50,490.0,4.49,4.83,0.0,0.0,0.0,170.0,21.0,1,1,1.0,200,0,0.0,460.3442993164063,557.286376953125,26.005022048950195,78.3370590209961,,102.04173278808594,0,False,False,False,True,False,False,False,False,False,False,0.0,0.8472051625064029
323,323,0.08,0.51,1.3,0.0,0.01,0.0,0.0,0.0,0.0,0.0,0.0,0.0,423,43.0,50,490.0,2.61,4.58,0.0,0.0,0.0,170.0,21.0,1,1,1.0,200,580,2.0,417.0,528.0,29.0,78.9,,106.96763610839844,4,False,False,False,True,False,False,False,False,False,False,0.0,0.6855858192213881
324,324,0.08,0.51,1.3,0.0,0.01,0.0,0.0,0.0,0.0,0.0,0.0,0.0,423,43.0,50,490.0,4.81,4.71,0.0,0.0,0.0,170.0,21.0,1,1,1.0,200,580,2.0,376.767333984375,502.5203247070313,29.68016242980957,78.76602935791016,189.15,28.0,0,False,False,False,True,False,False,False,False,False,False,2.0,0.9996599184540942
325,325,0.08,0.51,1.3,0.0,0.01,0.0,0.0,0.0,0.0,0.0,0.0,0.0,423,43.0,50,490.0,4.88,2.23,0.0,0.0,0.0,170.0,21.0,1,1,1.0,200,580,2.0,383.68603515625,507.45513916015625,29.57836151123047,78.7853775024414,204.15,100.0,0,False,False,False,True,False,False,False,False,False,False,0.0,0.7765998327444107
326,326,0.08,0.57,1.32,0.0,0.01,0.0,0.0,0.0,0.0,0.0,0.0,0.0,422,38.0,48,610.0,4.86,2.71,0.0,0.0,0.0,170.0,21.0,1,1,1.0,200,250,14.0,491.0,570.0,29.2,77.0,,101.542724609375,4,False,False,False,True,False,False,False,False,False,False,0.0,0.8451552016553305
327,327,0.08,0.57,1.32,0.0,0.01,0.0,0.0,0.0,0.0,0.0,0.0,0.0,422,38.0,48,610.0,2.69,2.97,0.0,0.0,0.0,170.0,21.0,1,1,1.0,200,0,0.0,442.847900390625,538.7244262695312,29.44022560119629,76.68622589111328,199.15,28.0,0,False,False,False,True,False,False,False,False,False,False,2.0,0.9988391282606247
328,328,0.08,0.57,1.32,0.0,0.01,0.0,0.0,0.0,0.0,0.0,0.0,0.0,422,38.0,48,610.0,4.93,3.13,0.0,0.0,0.0,170.0,21.0,1,1,1.0,200,0,0.0,476.2918090820313,565.803955078125,28.17786026000977,76.92987060546875,235.15,100.0,0,False,False,False,True,False,False,False,False,False,False,0.0,0.8367892777096275
329,329,0.08,0.57,1.32,0.0,0.01,0.0,0.0,0.0,0.0,0.0,0.0,0.0,422,38.0,48,610.0,4.86,4.66,0.0,0.0,0.0,170.0,21.0,1,1,1.0,200,0,0.0,477.0185241699219,571.2564086914062,28.10721969604492,76.70768737792969,,99.72286224365234,0,False,False,False,True,False,False,False,False,False,False,0.0,0.8417442687725403
330,330,0.08,0.57,1.32,0.0,0.01,0.0,0.0,0.0,0.0,0.0,0.0,0.0,422,38.0,48,610.0,4.95,4.88,0.0,0.0,0.0,170.0,21.0,1,1,1.0,200,580,2.0,443.0,550.0,29.4,76.0,,103.16560363769533,4,False,False,False,True,False,False,False,False,False,False,0.0,0.7960470591434561
331,331,0.08,0.57,1.32,0.0,0.01,0.0,0.0,0.0,0.0,0.0,0.0,0.0,422,38.0,48,610.0,4.62,4.75,0.0,0.0,0.0,170.0,21.0,1,1,1.0,200,580,2.0,400.0180969238281,519.2549438476562,31.15612030029297,76.92706298828125,185.15,28.0,0,False,False,False,True,False,False,False,False,False,False,2.0,0.9995922448707084
332,332,0.08,0.57,1.32,0.0,0.01,0.0,0.0,0.0,0.0,0.0,0.0,0.0,422,38.0,48,610.0,4.69,4.71,0.0,0.0,0.0,170.0,21.0,1,1,1.0,200,580,2.0,421.9768676757813,522.3837280273438,31.028324127197266,77.30684661865234,221.15,100.0,0,False,False,False,True,False,False,False,False,False,False,0.0,0.764620093199044
333,333,0.07,0.35,0.64,0.0,0.0,0.0,0.0,0.0,0.0,0.0,0.0,0.0,428,38.0,77,2.52,4.63,4.69,0.0,0.0,0.0,170.0,21.0,1,1,1.0,200,250,14.0,402.0,494.0,33.3,77.5,,112.13753509521484,4,False,False,False,True,False,False,False,False,False,False,4.0,0.5517550282695209
334,334,0.07,0.35,0.64,0.0,0.0,0.0,0.0,0.0,0.0,0.0,0.0,0.0,428,38.0,77,2.63,2.22,4.92,0.0,0.0,0.0,170.0,21.0,1,1,1.0,200,0,0.0,387.59619140625,474.88427734375,34.009971618652344,78.45619201660156,228.15,100.0,0,False,False,False,True,False,False,False,False,False,False,0.0,0.8556681417432207
335,335,0.07,0.35,0.64,0.0,0.0,0.0,0.0,0.0,0.0,0.0,0.0,0.0,428,38.0,77,4.72,2.24,2.91,0.0,0.0,0.0,170.0,21.0,1,1,1.0,200,580,2.0,329.0,447.0,36.4,80.5,219.15,100.0,4,False,False,False,True,False,False,False,False,False,False,0.0,0.9686583190915218
336,336,0.07,0.36,0.63,0.01,0.01,0.0,0.0,0.0,0.02,0.0,0.0,0.0,435,43.0,78,4.65,4.77,5.0,0.0,0.0,0.0,170.0,21.0,1,1,1.0,200,250,14.0,436.0,513.0,29.2,77.0,,111.27852630615234,4,False,False,False,True,False,False,False,False,False,False,4.0,0.5090975113217422
337,337,0.07,0.36,0.63,0.01,0.01,0.0,0.0,0.0,0.02,0.0,0.0,0.0,435,43.0,78,4.92,2.33,5.0,0.0,0.0,0.0,170.0,21.0,1,1,1.0,200,0,0.0,423.7091369628906,506.7203979492188,28.750043869018555,77.4737548828125,230.15,100.0,0,False,False,False,True,False,False,False,False,False,False,0.0,0.7657076237782603
338,338,0.07,0.36,0.63,0.01,0.01,0.0,0.0,0.0,0.02,0.0,0.0,0.0,435,43.0,78,5.0,4.99,5.0,0.0,0.0,0.0,170.0,21.0,1,1,1.0,200,580,2.0,398.0,481.0,30.8,76.0,226.15,100.0,4,False,False,False,True,False,False,False,False,False,False,0.0,0.7788840940665467
339,339,0.07,0.4,0.64,0.01,0.01,0.0,0.0,0.0,0.04,0.0,0.0,0.0,411,36.0,88,4.85,4.83,5.0,0.0,0.0,0.0,170.0,21.0,1,1,1.0,200,250,14.0,478.0,546.0,28.2,78.0,,105.80458068847656,4,False,False,False,True,False,False,False,False,False,False,0.0,0.7839135036319048
340,340,0.07,0.4,0.64,0.01,0.01,0.0,0.0,0.0,0.04,0.0,0.0,0.0,411,36.0,88,4.71,4.68,5.0,0.0,0.0,0.0,170.0,21.0,1,1,1.0,200,0,0.0,463.0340881347656,538.4746704101562,28.23696517944336,76.65424346923828,230.15,100.0,0,False,False,False,True,False,False,False,False,False,False,0.0,0.8044975692726176
341,341,0.07,0.4,0.64,0.01,0.01,0.0,0.0,0.0,0.04,0.0,0.0,0.0,411,36.0,88,4.61,2.84,5.0,0.0,0.0,0.0,170.0,21.0,1,1,1.0,200,580,2.0,446.0,526.0,28.185121536254883,76.0,243.15,100.0,3,False,False,False,True,False,False,False,False,False,False,0.0,0.7871808483292513
342,342,0.07,0.36,0.63,0.01,0.0,0.0,0.0,0.0,0.06,0.0,0.0,0.0,432,31.0,75,4.74,4.79,5.0,0.0,0.0,0.0,170.0,21.0,1,1,1.0,200,250,14.0,488.0,548.0,25.6,77.5,,108.25725555419922,4,False,False,False,True,False,False,False,False,False,False,0.0,0.7897807740931013
343,343,0.07,0.36,0.63,0.01,0.0,0.0,0.0,0.0,0.06,0.0,0.0,0.0,432,31.0,75,4.59,4.56,5.0,0.0,0.0,0.0,170.0,21.0,1,1,1.0,200,0,0.0,455.2155456542969,540.4168701171875,26.379209518432617,76.10808563232422,231.15,100.0,0,False,False,False,True,False,False,False,False,False,False,0.0,0.8280250873587831
344,344,0.07,0.36,0.63,0.01,0.0,0.0,0.0,0.0,0.06,0.0,0.0,0.0,432,31.0,75,4.66,4.93,5.0,0.0,0.0,0.0,170.0,21.0,1,1,1.0,200,580,2.0,458.0,547.0,25.6,76.0,245.15,100.0,4,False,False,False,True,False,False,False,False,False,False,0.0,0.8481762902497761
345,345,0.07,0.36,0.64,0.01,0.01,0.0,0.0,0.0,0.08,0.0,0.0,0.0,436,34.0,84,4.87,4.97,5.0,0.0,0.0,0.0,170.0,21.0,1,1,1.0,200,250,14.0,490.0,563.0,25.2,77.0,,108.3814697265625,4,False,False,False,True,False,False,False,False,False,False,0.0,0.8238630929688151
346,346,0.07,0.36,0.64,0.01,0.01,0.0,0.0,0.0,0.08,0.0,0.0,0.0,436,34.0,84,2.92,4.79,5.0,0.0,0.0,0.0,170.0,21.0,1,1,1.0,200,0,0.0,456.4577026367188,564.6417846679688,26.4968376159668,75.71601104736328,233.15,100.0,0,False,False,False,True,False,False,False,False,False,False,0.0,0.8500051201911397
347,347,0.07,0.36,0.64,0.01,0.01,0.0,0.0,0.0,0.08,0.0,0.0,0.0,436,34.0,84,4.71,4.71,5.0,0.0,0.0,0.0,170.0,21.0,1,1,1.0,200,580,2.0,483.0,576.0,25.2,76.0,251.15,100.0,4,False,False,False,True,False,False,False,False,False,False,0.0,0.8960094935644768
348,348,0.08,0.35,1.02,0.01,0.0,0.0,0.0,0.0,0.0,0.0,0.0,0.0,399,41.0,75,4.85,2.86,5.0,0.0,0.0,0.0,170.0,21.0,1,1,1.0,200,250,14.0,443.0,522.0,31.1,77.0,,113.48129272460938,4,False,False,False,True,False,False,False,False,False,False,4.0,0.6765466831143787
349,349,0.08,0.35,1.02,0.01,0.0,0.0,0.0,0.0,0.0,0.0,0.0,0.0,399,41.0,75,4.94,4.73,5.0,0.0,0.0,0.0,170.0,21.0,1,1,1.0,200,0,0.0,396.4925842285156,496.1989135742188,31.607799530029297,78.0539779663086,213.15,100.0,0,False,False,False,True,False,False,False,False,False,False,0.0,0.7915145712140166
350,350,0.08,0.35,1.02,0.01,0.0,0.0,0.0,0.0,0.0,0.0,0.0,0.0,399,41.0,75,4.72,4.97,5.0,0.0,0.0,0.0,170.0,21.0,1,1,1.0,200,580,2.0,332.0,461.0,33.3,80.3,193.15,100.0,4,False,False,False,True,False,False,False,False,False,False,0.0,0.9215887133699121
351,351,0.08,0.34,1.01,0.01,0.01,0.0,0.0,0.0,0.02,0.0,0.0,0.0,426,37.0,75,4.57,4.79,5.0,0.0,0.0,0.0,170.0,21.0,1,1,1.0,200,250,14.0,456.0,534.0,25.0,79.6,,109.0676727294922,4,False,False,False,True,False,False,False,False,False,False,0.0,0.6733791167839158
352,352,0.08,0.34,1.01,0.01,0.01,0.0,0.0,0.0,0.02,0.0,0.0,0.0,426,37.0,75,4.69,4.69,5.0,0.0,0.0,0.0,170.0,21.0,1,1,1.0,200,0,0.0,423.7901916503906,507.9983520507813,29.263383865356445,78.16934967041016,204.15,100.0,0,False,False,False,True,False,False,False,False,False,False,0.0,0.7659948087976346
353,353,0.08,0.34,1.01,0.01,0.01,0.0,0.0,0.0,0.02,0.0,0.0,0.0,426,37.0,75,2.59,4.68,5.0,0.0,0.0,0.0,170.0,21.0,1,1,1.0,200,580,2.0,434.0,515.0,29.8,78.9,206.15,100.0,4,False,False,False,True,False,False,False,False,False,False,0.0,0.767252836527236
354,354,0.08,0.31,1.04,0.01,0.01,0.0,0.0,0.0,0.04,0.0,0.0,0.0,429,32.0,48,4.94,4.82,5.0,0.0,0.0,0.0,170.0,21.0,1,1,1.0,200,250,14.0,505.0,570.0,24.8,77.4,,108.1962890625,4,False,False,False,True,False,False,False,False,False,False,0.0,0.852297157748283
355,355,0.08,0.31,1.04,0.01,0.01,0.0,0.0,0.0,0.04,0.0,0.0,0.0,429,32.0,48,3.25,4.74,5.0,0.0,0.0,0.0,170.0,21.0,1,1,1.0,200,0,0.0,473.2514953613281,555.586181640625,27.0146541595459,77.18407440185547,210.15,100.0,0,False,False,False,True,False,False,False,False,False,False,0.0,0.8414001581887262
356,356,0.08,0.31,1.04,0.01,0.01,0.0,0.0,0.0,0.04,0.0,0.0,0.0,429,32.0,48,4.74,4.72,5.0,0.0,0.0,0.0,170.0,21.0,1,1,1.0,200,580,2.0,478.0,554.0,27.2,78.0,222.15,100.0,4,False,False,False,True,False,False,False,False,False,False,0.0,0.8370517642811891
357,357,0.08,0.33,1.04,0.01,0.01,0.0,0.0,0.0,0.06,0.0,0.0,0.0,429,31.0,70,2.26,2.62,5.0,0.0,0.0,0.0,170.0,21.0,1,1,1.0,200,250,14.0,509.0,576.0,25.6,77.4,,108.49803161621094,4,False,False,False,True,False,False,False,False,False,False,0.0,0.8411293215610215
358,358,0.08,0.33,1.04,0.01,0.01,0.0,0.0,0.0,0.06,0.0,0.0,0.0,429,31.0,70,4.7,4.87,5.0,0.0,0.0,0.0,170.0,21.0,1,1,1.0,200,0,0.0,474.9912414550781,568.7109375,26.27315139770508,76.15668487548828,214.15,100.0,0,False,False,False,True,False,False,False,False,False,False,0.0,0.870093357113585
359,359,0.08,0.33,1.04,0.01,0.01,0.0,0.0,0.0,0.06,0.0,0.0,0.0,429,31.0,70,2.85,4.56,5.0,0.0,0.0,0.0,170.0,21.0,1,1,1.0,200,580,2.0,493.0,569.0,27.0,77.0,229.15,100.0,4,False,False,False,True,False,False,False,False,False,False,0.0,0.8704736764504997
360,360,0.08,0.32,1.05,0.01,0.01,0.0,0.0,0.0,0.08,0.0,0.0,0.0,400,34.0,72,4.94,2.79,5.0,0.0,0.0,0.0,170.0,21.0,1,1,1.0,200,250,14.0,538.0,592.0,25.2,74.0,,111.2302474975586,4,False,False,False,True,False,False,False,False,False,False,0.0,0.8327931444135974
361,361,0.08,0.32,1.05,0.01,0.01,0.0,0.0,0.0,0.08,0.0,0.0,0.0,400,34.0,72,4.49,4.75,5.0,0.0,0.0,0.0,170.0,21.0,1,1,1.0,200,0,0.0,502.3063659667969,586.4205932617188,27.278369903564453,75.18035125732422,213.15,100.0,0,False,False,False,True,False,False,False,False,False,False,0.0,0.8950541500292095
362,362,0.08,0.32,1.05,0.01,0.01,0.0,0.0,0.0,0.08,0.0,0.0,0.0,400,34.0,72,2.72,4.73,5.0,0.0,0.0,0.0,170.0,21.0,1,1,1.0,200,580,2.0,538.0,609.0,25.4,75.0,233.15,100.0,4,False,False,False,True,False,False,False,False,False,False,0.0,0.9271041866410149
363,363,0.08,0.31,1.33,0.01,0.0,0.0,0.0,0.0,0.0,0.0,0.0,0.0,419,38.0,80,2.43,2.48,6.0,0.0,0.0,0.0,170.0,21.0,1,1,1.0,200,250,14.0,463.0,541.0,27.1,75.9,,109.12586212158205,4,False,False,False,True,False,False,False,False,False,False,0.0,0.7125592580317207
364,364,0.08,0.31,1.33,0.01,0.0,0.0,0.0,0.0,0.0,0.0,0.0,0.0,419,38.0,80,4.93,4.81,6.0,0.0,0.0,0.0,170.0,21.0,1,1,1.0,200,0,0.0,418.0115051269531,513.703369140625,30.2950496673584,77.09133911132812,205.15,100.0,0,False,False,False,True,False,False,False,False,False,False,0.0,0.7641710491676321
365,365,0.08,0.31,1.33,0.01,0.0,0.0,0.0,0.0,0.0,0.0,0.0,0.0,419,38.0,80,4.53,4.79,6.0,0.0,0.0,0.0,170.0,21.0,1,1,1.0,200,580,2.0,372.0,497.0,31.4,76.4,192.15,100.0,4,False,False,False,True,False,False,False,False,False,False,0.0,0.7924768289926938
366,366,0.07,0.33,1.22,0.01,0.01,0.0,0.0,0.0,0.02,0.0,0.0,0.0,447,29.0,85,2.88,4.81,5.0,0.0,0.0,0.0,170.0,21.0,1,1,1.0,200,250,14.0,486.0,545.0,29.6,78.2,,103.4874496459961,4,False,False,False,True,False,False,False,False,False,False,0.0,0.800716945273421
367,367,0.07,0.33,1.22,0.01,0.01,0.0,0.0,0.0,0.02,0.0,0.0,0.0,447,29.0,85,4.59,2.6,5.0,0.0,0.0,0.0,170.0,21.0,1,1,1.0,200,0,0.0,452.70989990234375,528.8579711914062,28.59108161926269,77.23177337646484,207.15,100.0,0,False,False,False,True,False,False,False,False,False,False,0.0,0.7852728401333879
368,368,0.07,0.33,1.22,0.01,0.01,0.0,0.0,0.0,0.02,0.0,0.0,0.0,447,29.0,85,4.84,4.56,5.0,0.0,0.0,0.0,170.0,21.0,1,1,1.0,200,580,2.0,455.0,533.0,28.4,77.9,206.15,100.0,4,False,False,False,True,False,False,False,False,False,False,0.0,0.788973256307141
369,369,0.08,0.26,1.36,0.01,0.01,0.0,0.0,0.0,0.04,0.0,0.0,0.0,410,29.0,79,4.86,4.65,5.0,0.0,0.0,0.0,170.0,21.0,1,1,1.0,200,250,14.0,536.0,590.0,24.4,78.1,,101.38829040527344,4,False,False,False,True,False,False,False,False,False,False,0.0,0.9309843402465041
370,370,0.08,0.26,1.36,0.01,0.01,0.0,0.0,0.0,0.04,0.0,0.0,0.0,410,29.0,79,4.8,4.81,5.0,0.0,0.0,0.0,170.0,21.0,1,1,1.0,200,0,0.0,506.6999816894531,591.1038818359375,25.28836250305176,76.71744537353516,203.15,100.0,0,False,False,False,True,False,False,False,False,False,False,0.0,0.9145124843891206
371,371,0.08,0.26,1.36,0.01,0.01,0.0,0.0,0.0,0.04,0.0,0.0,0.0,410,29.0,79,4.84,4.83,5.0,0.0,0.0,0.0,170.0,21.0,1,1,1.0,200,580,2.0,526.0,594.0,26.0,76.0,211.15,100.0,4,False,False,False,True,False,False,False,False,False,False,0.0,0.9200730077246299
372,372,0.08,0.3,1.35,0.01,0.01,0.0,0.0,0.0,0.06,0.0,0.0,0.0,405,30.0,76,4.89,4.74,5.0,0.0,0.0,0.0,170.0,21.0,1,1,1.0,200,250,14.0,521.0,589.0,22.6,76.0,,104.59774017333984,4,False,False,False,True,False,False,False,False,False,False,0.0,0.93193702136434
373,373,0.08,0.3,1.35,0.01,0.01,0.0,0.0,0.0,0.06,0.0,0.0,0.0,405,30.0,76,2.72,4.85,5.0,0.0,0.0,0.0,170.0,21.0,1,1,1.0,200,0,0.0,516.2715454101562,598.9295043945312,25.22547149658203,75.16092681884766,203.15,100.0,0,False,False,False,True,False,False,False,False,False,False,0.0,0.9234307227739067
374,374,0.08,0.3,1.35,0.01,0.01,0.0,0.0,0.0,0.06,0.0,0.0,0.0,405,30.0,76,2.18,2.88,5.0,0.0,0.0,0.0,170.0,21.0,1,1,1.0,200,580,2.0,527.0,600.0,26.0,75.0,213.15,100.0,4,False,False,False,True,False,False,False,False,False,False,0.0,0.9232839075067437
375,375,0.08,0.26,1.36,0.01,0.01,0.0,0.0,0.0,0.1,0.0,0.0,0.0,407,29.0,83,4.92,2.41,5.0,0.0,0.0,0.0,170.0,21.0,1,1,1.0,200,250,14.0,599.0,638.0,20.8,74.0,,100.84403228759766,4,False,False,False,True,False,False,False,False,False,False,0.0,0.8599877288740245
376,376,0.08,0.26,1.36,0.01,0.01,0.0,0.0,0.0,0.1,0.0,0.0,0.0,407,29.0,83,2.6,4.7,5.0,0.0,0.0,0.0,170.0,21.0,1,1,1.0,200,0,0.0,544.6109619140625,624.2308349609375,24.05809593200684,74.47135925292969,218.15,100.0,0,False,False,False,True,False,False,False,False,False,False,0.0,0.9188089762278343
377,377,0.08,0.26,1.36,0.01,0.01,0.0,0.0,0.0,0.1,0.0,0.0,0.0,407,29.0,83,4.65,4.82,5.0,0.0,0.0,0.0,170.0,21.0,1,1,1.0,200,580,2.0,574.0,642.0,22.6,73.0,237.15,100.0,4,False,False,False,True,False,False,False,False,False,False,0.0,0.8749177985402887
378,378,0.08,0.29,1.74,0.01,0.01,0.0,0.0,0.0,0.0,0.0,0.0,0.0,415,35.0,92,4.97,2.37,6.0,0.0,0.0,0.0,170.0,21.0,1,1,1.0,200,250,14.0,500.0,571.0,28.8,77.0,,107.8156967163086,4,False,False,False,True,False,False,False,False,False,False,0.0,0.7864851685282725
379,379,0.08,0.29,1.74,0.01,0.01,0.0,0.0,0.0,0.0,0.0,0.0,0.0,415,35.0,92,4.88,4.81,6.0,0.0,0.0,0.0,170.0,21.0,1,1,1.0,200,0,0.0,462.116943359375,538.2276000976562,28.959341049194336,77.32622528076172,211.15,100.0,0,False,False,False,True,False,False,False,False,False,False,0.0,0.7924781245266945
380,380,0.08,0.29,1.74,0.01,0.01,0.0,0.0,0.0,0.0,0.0,0.0,0.0,415,35.0,92,4.81,4.82,6.0,0.0,0.0,0.0,170.0,21.0,1,1,1.0,200,580,2.0,414.0,518.0,29.2,78.4,202.15,100.0,4,False,False,False,True,False,False,False,False,False,False,0.0,0.7658911512864806
381,381,0.08,0.26,1.73,0.01,0.01,0.0,0.0,0.0,0.02,0.0,0.0,0.0,423,27.0,72,4.74,4.64,5.0,0.0,0.0,0.0,170.0,21.0,1,1,1.0,200,250,14.0,543.0,607.0,23.2,77.0,,106.12813568115234,4,False,False,False,True,False,False,False,False,False,False,0.0,0.9213279281970861
382,382,0.08,0.26,1.73,0.01,0.01,0.0,0.0,0.0,0.02,0.0,0.0,0.0,423,27.0,72,2.5,4.75,5.0,0.0,0.0,0.0,170.0,21.0,1,1,1.0,200,0,0.0,505.0377197265625,573.90185546875,25.93780899047852,76.02715301513672,211.15,100.0,0,False,False,False,True,False,False,False,False,False,False,0.0,0.9005297878272346
383,383,0.08,0.26,1.73,0.01,0.01,0.0,0.0,0.0,0.02,0.0,0.0,0.0,423,27.0,72,2.92,2.77,5.0,0.0,0.0,0.0,170.0,21.0,1,1,1.0,200,580,2.0,523.0,602.0,25.6,75.0,214.15,100.0,4,False,False,False,True,False,False,False,False,False,False,0.0,0.9242827996432897
384,384,0.08,0.26,1.72,0.01,0.01,0.0,0.0,0.0,0.04,0.0,0.0,0.0,423,25.0,74,4.8,2.41,5.0,0.0,0.0,0.0,170.0,21.0,1,1,1.0,200,250,14.0,578.0,617.0,21.8,75.0,,103.99191284179688,4,False,False,False,True,False,False,False,False,False,False,0.0,0.908303536594104
385,385,0.08,0.26,1.72,0.01,0.01,0.0,0.0,0.0,0.04,0.0,0.0,0.0,423,25.0,74,4.87,2.44,5.0,0.0,0.0,0.0,170.0,21.0,1,1,1.0,200,0,0.0,525.871337890625,619.2515258789062,24.48380470275879,75.1965103149414,206.15,100.0,0,False,False,False,True,False,False,False,False,False,False,0.0,0.9265209981182391
386,386,0.08,0.26,1.72,0.01,0.01,0.0,0.0,0.0,0.04,0.0,0.0,0.0,423,25.0,74,4.89,4.6,5.0,0.0,0.0,0.0,170.0,21.0,1,1,1.0,200,580,2.0,538.0,626.0,21.8,74.0,218.15,100.0,4,False,False,False,True,False,False,False,False,False,False,0.0,0.9023463320584438
387,387,0.08,0.25,1.72,0.0,0.01,0.0,0.0,0.0,0.06,0.0,0.0,0.0,405,25.0,86,4.93,4.6,5.0,0.0,0.0,0.0,170.0,21.0,1,1,1.0,200,250,14.0,589.0,650.0,21.6,75.0,,102.19210052490234,4,False,False,False,True,False,False,False,False,False,False,0.0,0.8822647839765941
388,388,0.08,0.25,1.72,0.0,0.01,0.0,0.0,0.0,0.06,0.0,0.0,0.0,405,25.0,86,4.98,4.67,5.0,0.0,0.0,0.0,170.0,21.0,1,1,1.0,200,0,0.0,523.8046264648438,604.29833984375,24.376035690307617,74.13745880126953,209.15,100.0,0,False,False,False,True,False,False,False,False,False,False,0.0,0.925791510364803
389,389,0.08,0.25,1.72,0.0,0.01,0.0,0.0,0.0,0.06,0.0,0.0,0.0,405,25.0,86,4.93,4.62,5.0,0.0,0.0,0.0,170.0,21.0,1,1,1.0,200,580,2.0,521.0,597.0,24.4,74.0,229.15,100.0,4,False,False,False,True,False,False,False,False,False,False,0.0,0.9256615618611052
390,390,0.08,0.26,1.74,0.01,0.01,0.0,0.0,0.0,0.08,0.0,0.0,0.0,411,25.0,90,4.78,4.9,5.0,0.0,0.0,0.0,170.0,21.0,1,1,1.0,200,250,14.0,639.0,681.0,19.6,71.9,,102.0913314819336,4,False,False,False,True,False,False,False,False,False,False,0.0,0.7857901499537374
391,391,0.08,0.26,1.74,0.01,0.01,0.0,0.0,0.0,0.08,0.0,0.0,0.0,411,25.0,90,4.73,4.66,5.0,0.0,0.0,0.0,170.0,21.0,1,1,1.0,200,0,0.0,539.7781372070312,629.3899536132812,24.403491973876957,73.69085693359375,212.15,100.0,0,False,False,False,True,False,False,False,False,False,False,0.0,0.9171619387773319
392,392,0.08,0.26,1.74,0.01,0.01,0.0,0.0,0.0,0.08,0.0,0.0,0.0,411,25.0,90,2.89,4.68,5.0,0.0,0.0,0.0,170.0,21.0,1,1,1.0,200,580,2.0,570.0,647.0,24.0,74.0,,100.83736419677734,4,False,False,False,True,False,False,False,False,False,False,0.0,0.9028201249072088
393,393,0.07,0.35,0.64,0.0,0.0,0.0,0.0,0.0,0.0,0.0,0.0,0.0,428,38.0,77,4.66,2.63,4.89,0.0,0.0,0.0,170.0,21.0,1,1,1.0,200,250,14.0,402.0,494.0,33.3,77.5,,114.28936767578124,4,False,False,False,True,False,False,False,False,False,False,4.0,0.7191905697070006
394,394,0.07,0.35,0.64,0.0,0.0,0.0,0.0,0.0,0.0,0.0,0.0,0.0,428,38.0,77,5.0,4.85,4.62,0.0,0.0,0.0,170.0,21.0,1,1,1.0,200,0,0.0,386.8386535644531,471.8453979492188,34.39553451538086,78.7203598022461,228.15,100.0,0,False,False,False,True,False,False,False,False,False,False,0.0,0.8681057444246603
395,395,0.07,0.35,0.64,0.0,0.0,0.0,0.0,0.0,0.0,0.0,0.0,0.0,428,38.0,77,4.68,3.08,4.82,0.0,0.0,0.0,170.0,21.0,1,1,1.0,200,580,2.0,329.0,447.0,36.4,80.5,218.15,100.0,4,False,False,False,True,False,False,False,False,False,False,0.0,0.9686583190915218
396,396,0.07,0.34,0.64,0.01,0.0,0.0,0.0,0.0,0.0,0.0,0.0,0.0,431,41.0,80,4.99,4.76,120.0,0.0,0.0,0.0,170.0,21.0,1,1,1.0,200,250,14.0,450.0,532.0,28.0,76.0,,111.34249877929688,4,False,False,False,True,False,False,False,False,False,False,0.0,0.537733067809305
397,397,0.07,0.34,0.64,0.01,0.0,0.0,0.0,0.0,0.0,0.0,0.0,0.0,431,41.0,80,2.8,4.61,120.0,0.0,0.0,0.0,170.0,21.0,1,1,1.0,200,0,0.0,434.7774963378906,520.40673828125,26.418046951293945,76.61796569824219,240.15,100.0,0,False,False,False,True,False,False,False,False,False,False,0.0,0.7940615849879706
398,398,0.07,0.34,0.64,0.01,0.0,0.0,0.0,0.0,0.0,0.0,0.0,0.0,431,41.0,80,2.45,4.97,120.0,0.0,0.0,0.0,170.0,21.0,1,1,1.0,200,580,2.0,415.0,497.0,24.6,78.7,235.15,100.0,4,False,False,False,True,False,False,False,False,False,False,0.0,0.7812801668599382
399,399,0.08,0.33,0.62,0.01,0.0,0.0,0.0,0.0,0.0,0.0,0.0,0.0,429,42.0,85,4.98,4.63,220.0,0.0,0.0,0.0,170.0,21.0,1,1,1.0,200,250,14.0,474.0,553.0,26.8,80.7,,109.5419692993164,4,False,False,False,True,False,False,False,False,False,False,0.0,0.6314998936754808
400,400,0.08,0.33,0.62,0.01,0.0,0.0,0.0,0.0,0.0,0.0,0.0,0.0,429,42.0,85,4.94,4.79,220.0,0.0,0.0,0.0,170.0,21.0,1,1,1.0,200,0,0.0,483.3340148925781,549.972412109375,25.567747116088867,76.06951904296875,251.15,100.0,0,False,False,False,True,False,False,False,False,False,False,0.0,0.8720793727797155
401,401,0.08,0.33,0.62,0.01,0.0,0.0,0.0,0.0,0.0,0.0,0.0,0.0,429,42.0,85,4.97,4.81,220.0,0.0,0.0,0.0,170.0,21.0,1,1,1.0,200,580,2.0,451.0,539.0,24.4,78.0,246.15,100.0,4,False,False,False,True,False,False,False,False,False,False,0.0,0.8426722956918252
402,402,0.07,0.33,0.64,0.01,0.0,0.0,0.0,0.0,0.0,0.0,0.0,0.0,413,42.0,85,2.45,2.75,450.0,0.0,0.0,0.0,170.0,21.0,1,1,1.0,200,250,14.0,522.0,580.0,25.0,76.0,,108.63282775878906,4,False,False,False,True,False,False,False,False,False,False,0.0,0.8747766427755511
403,403,0.07,0.33,0.64,0.01,0.0,0.0,0.0,0.0,0.0,0.0,0.0,0.0,413,42.0,85,2.49,4.84,450.0,0.0,0.0,0.0,170.0,21.0,1,1,1.0,200,0,0.0,505.6476440429688,577.8068237304688,22.6921329498291,74.9879379272461,266.15,100.0,0,False,False,False,True,False,False,False,False,False,False,0.0,0.9257826746378389
404,404,0.07,0.33,0.64,0.01,0.0,0.0,0.0,0.0,0.0,0.0,0.0,0.0,413,42.0,85,4.57,4.67,450.0,0.0,0.0,0.0,170.0,21.0,1,1,1.0,200,580,2.0,484.0,576.0,23.0,74.9,269.15,100.0,4,False,False,False,True,False,False,False,False,False,False,0.0,0.9188510544375079
405,405,0.07,0.33,0.64,0.01,0.01,0.0,0.0,0.0,0.0,0.0,0.0,0.0,460,39.0,110,2.3,4.58,880.0,0.0,0.0,0.0,170.0,21.0,1,1,1.0,200,250,14.0,549.0,614.0,24.0,70.8,,107.4215316772461,4,False,False,False,True,False,False,False,False,False,False,0.0,0.9091919925239959
406,406,0.07,0.33,0.64,0.01,0.01,0.0,0.0,0.0,0.0,0.0,0.0,0.0,460,39.0,110,4.75,2.86,880.0,0.0,0.0,0.0,170.0,21.0,1,1,1.0,200,0,0.0,545.1505737304688,624.7030639648438,22.563770294189453,70.98298645019531,286.15,100.0,0,False,False,False,True,False,False,False,False,False,False,0.0,0.8872240728934041
407,407,0.07,0.33,0.64,0.01,0.01,0.0,0.0,0.0,0.0,0.0,0.0,0.0,460,39.0,110,4.98,4.68,880.0,0.0,0.0,0.0,170.0,21.0,1,1,1.0,200,580,2.0,544.0,621.0,22.6,71.9,291.15,100.0,4,False,False,False,True,False,False,False,False,False,False,0.0,0.8966168150469815
408,408,0.08,0.35,1.02,0.01,0.0,0.0,0.0,0.0,0.0,0.0,0.0,0.0,399,41.0,75,4.59,4.86,4.76,0.0,0.0,0.0,170.0,21.0,1,1,1.0,200,250,14.0,443.0,522.0,31.1,77.0,,115.69596099853516,4,False,False,False,True,False,False,False,False,False,False,4.0,0.8166431539031566
409,409,0.08,0.35,1.02,0.01,0.0,0.0,0.0,0.0,0.0,0.0,0.0,0.0,399,41.0,75,4.75,2.31,4.91,0.0,0.0,0.0,170.0,21.0,1,1,1.0,200,0,0.0,382.528076171875,485.2646789550781,31.06991577148437,78.64286804199219,213.15,100.0,0,False,False,False,True,False,False,False,False,False,False,0.0,0.8064888110640646
410,410,0.08,0.35,1.02,0.01,0.0,0.0,0.0,0.0,0.0,0.0,0.0,0.0,399,41.0,75,4.94,4.66,4.71,0.0,0.0,0.0,170.0,21.0,1,1,1.0,200,580,2.0,332.0,461.0,33.3,80.3,193.15,100.0,4,False,False,False,True,False,False,False,False,False,False,0.0,0.9215887133699121
411,411,0.08,0.35,1.02,0.01,0.0,0.0,0.0,0.0,0.0,0.0,0.0,0.0,368,36.0,83,2.71,4.92,120.0,0.0,0.0,0.0,170.0,21.0,1,1,1.0,200,250,14.0,480.0,557.0,25.4,75.0,,110.546142578125,4,False,False,False,True,False,False,False,False,False,False,0.0,0.7564190049268584
412,412,0.08,0.35,1.02,0.01,0.0,0.0,0.0,0.0,0.0,0.0,0.0,0.0,368,36.0,83,4.83,4.65,120.0,0.0,0.0,0.0,170.0,21.0,1,1,1.0,200,0,0.0,462.35247802734375,539.9492797851562,27.62202453613281,76.3840103149414,231.15,100.0,0,False,False,False,True,False,False,False,False,False,False,0.0,0.8144936419492483
413,413,0.08,0.35,1.02,0.01,0.0,0.0,0.0,0.0,0.0,0.0,0.0,0.0,368,36.0,83,4.91,4.61,120.0,0.0,0.0,0.0,170.0,21.0,1,1,1.0,200,580,2.0,447.0,540.0,30.4,77.0,218.15,100.0,4,False,False,False,True,False,False,False,False,False,False,0.0,0.7729814424564487
414,414,0.07,0.34,1.0,0.01,0.01,0.0,0.0,0.0,0.0,0.0,0.0,0.0,424,37.0,86,4.72,4.65,255.0,0.0,0.0,0.0,170.0,21.0,1,1,1.0,200,250,14.0,513.0,594.0,28.0,76.0,,108.1633758544922,4,False,False,False,True,False,False,False,False,False,False,0.0,0.8484195322567145
415,415,0.07,0.34,1.0,0.01,0.01,0.0,0.0,0.0,0.0,0.0,0.0,0.0,424,37.0,86,4.42,4.57,255.0,0.0,0.0,0.0,170.0,21.0,1,1,1.0,200,0,0.0,499.9878234863281,590.1957397460938,25.80377197265625,75.56317138671875,235.15,100.0,0,False,False,False,True,False,False,False,False,False,False,0.0,0.9096181662646716
416,416,0.07,0.34,1.0,0.01,0.01,0.0,0.0,0.0,0.0,0.0,0.0,0.0,424,37.0,86,4.85,4.87,255.0,0.0,0.0,0.0,170.0,21.0,1,1,1.0,200,580,2.0,492.0,575.0,25.2,76.0,232.15,100.0,4,False,False,False,True,False,False,False,False,False,False,0.0,0.9011194138568974
417,417,0.07,0.33,0.99,0.01,0.01,0.0,0.0,0.0,0.0,0.0,0.0,0.0,393,37.0,88,4.77,4.87,465.0,0.0,0.0,0.0,170.0,21.0,1,1,1.0,200,250,14.0,553.0,618.0,22.8,74.0,,107.81842803955078,4,False,False,False,True,False,False,False,False,False,False,0.0,0.8969887082700607
418,418,0.07,0.33,0.99,0.01,0.01,0.0,0.0,0.0,0.0,0.0,0.0,0.0,393,37.0,88,4.85,4.81,465.0,0.0,0.0,0.0,170.0,21.0,1,1,1.0,200,0,0.0,540.7201538085938,616.751220703125,21.97713851928711,74.59400939941406,262.15,100.0,0,False,False,False,True,False,False,False,False,False,False,0.0,0.9103760083247364
419,419,0.07,0.33,0.99,0.01,0.01,0.0,0.0,0.0,0.0,0.0,0.0,0.0,393,37.0,88,4.81,4.69,465.0,0.0,0.0,0.0,170.0,21.0,1,1,1.0,200,580,2.0,540.0,616.0,22.4,75.0,253.15,100.0,4,False,False,False,True,False,False,False,False,False,False,0.0,0.9157320665099826
420,420,0.08,0.34,1.02,0.01,0.01,0.0,0.0,0.0,0.0,0.0,0.0,0.0,417,37.0,79,4.65,4.99,985.0,0.0,0.0,0.0,170.0,21.0,1,1,1.0,200,250,14.0,615.0,655.0,20.2,72.9,,108.50444793701172,4,False,False,False,True,False,False,False,False,False,False,0.0,0.7946113577987121
421,421,0.08,0.34,1.02,0.01,0.01,0.0,0.0,0.0,0.0,0.0,0.0,0.0,417,37.0,79,4.68,4.73,985.0,0.0,0.0,0.0,170.0,21.0,1,1,1.0,200,0,0.0,599.9802856445312,670.3451538085938,20.031089782714844,71.08834075927734,287.15,100.0,0,False,False,False,True,False,False,False,False,False,False,0.0,0.7842031622418166
422,422,0.08,0.34,1.02,0.01,0.01,0.0,0.0,0.0,0.0,0.0,0.0,0.0,417,37.0,79,4.51,4.69,985.0,0.0,0.0,0.0,170.0,21.0,1,1,1.0,200,580,2.0,603.0,676.0,19.8,70.8,281.15,100.0,4,False,False,False,True,False,False,False,False,False,False,0.0,0.7703027754799839
423,423,0.08,0.31,1.33,0.01,0.0,0.0,0.0,0.0,0.0,0.0,0.0,0.0,419,38.0,80,4.64,4.74,6.0,0.0,0.0,0.0,170.0,21.0,1,1,1.0,200,250,14.0,463.0,541.0,27.1,75.9,,108.40423583984376,4,False,False,False,True,False,False,False,False,False,False,0.0,0.7408791222540012
424,424,0.08,0.31,1.33,0.01,0.0,0.0,0.0,0.0,0.0,0.0,0.0,0.0,419,38.0,80,4.85,2.69,6.0,0.0,0.0,0.0,170.0,21.0,1,1,1.0,200,0,0.0,418.5206298828125,516.5806884765625,29.6539306640625,76.79903411865234,206.15,100.0,0,False,False,False,True,False,False,False,False,False,False,0.0,0.7635395986866306
425,425,0.08,0.31,1.33,0.01,0.0,0.0,0.0,0.0,0.0,0.0,0.0,0.0,419,38.0,80,4.96,2.85,6.0,0.0,0.0,0.0,170.0,21.0,1,1,1.0,200,580,2.0,372.0,497.0,31.4,76.4,192.15,100.0,4,False,False,False,True,False,False,False,False,False,False,0.0,0.7924768289926938
426,426,0.08,0.33,1.37,0.01,0.01,0.0,0.0,0.0,0.0,0.0,0.0,0.0,417,34.0,97,4.71,4.91,105.0,0.0,0.0,0.0,170.0,21.0,1,1,1.0,200,250,14.0,505.0,586.0,25.8,77.9,,103.36759948730467,4,False,False,False,True,False,False,False,False,False,False,0.0,0.9053839911326472
427,427,0.08,0.33,1.37,0.01,0.01,0.0,0.0,0.0,0.0,0.0,0.0,0.0,417,34.0,97,4.92,4.7,105.0,0.0,0.0,0.0,170.0,21.0,1,1,1.0,200,0,0.0,485.6394348144531,575.57373046875,27.41412734985352,75.62073516845703,218.15,100.0,0,False,False,False,True,False,False,False,False,False,False,0.0,0.87087854025812
428,428,0.08,0.33,1.37,0.01,0.01,0.0,0.0,0.0,0.0,0.0,0.0,0.0,417,34.0,97,4.81,4.83,105.0,0.0,0.0,0.0,170.0,21.0,1,1,1.0,200,580,2.0,500.0,578.0,24.8,76.0,212.15,100.0,4,False,False,False,True,False,False,False,False,False,False,0.0,0.9110827573672363
429,429,0.08,0.3,1.36,0.01,0.01,0.0,0.0,0.0,0.0,0.0,0.0,0.0,370,33.0,84,4.93,4.81,235.0,0.0,0.0,0.0,170.0,21.0,1,1,1.0,200,250,14.0,540.0,597.0,26.4,76.0,,103.4236068725586,4,False,False,False,True,False,False,False,False,False,False,0.0,0.9288175525924512
430,430,0.08,0.3,1.36,0.01,0.01,0.0,0.0,0.0,0.0,0.0,0.0,0.0,370,33.0,84,4.72,4.95,235.0,0.0,0.0,0.0,170.0,21.0,1,1,1.0,200,0,0.0,493.2784118652344,597.8599243164062,23.53905868530273,75.71643829345703,228.15,100.0,0,False,False,False,True,False,False,False,False,False,False,0.0,0.9239628252724269
431,431,0.08,0.3,1.36,0.01,0.01,0.0,0.0,0.0,0.0,0.0,0.0,0.0,370,33.0,84,4.69,4.76,235.0,0.0,0.0,0.0,170.0,21.0,1,1,1.0,200,580,2.0,539.0,607.0,25.0,76.0,232.15,100.0,4,False,False,False,True,False,False,False,False,False,False,0.0,0.9282115780791762
432,432,0.08,0.34,1.39,0.01,0.01,0.0,0.0,0.0,0.0,0.0,0.0,0.0,409,32.0,99,4.94,4.82,455.0,0.0,0.0,0.0,170.0,21.0,1,1,1.0,200,250,14.0,586.0,641.0,24.2,76.0,,102.00640106201172,4,False,False,False,True,False,False,False,False,False,False,0.0,0.9152132922143998
433,433,0.08,0.34,1.39,0.01,0.01,0.0,0.0,0.0,0.0,0.0,0.0,0.0,409,32.0,99,4.99,4.77,455.0,0.0,0.0,0.0,170.0,21.0,1,1,1.0,200,0,0.0,571.9240112304688,650.1203002929688,22.186004638671875,73.46379089355469,250.15,100.0,0,False,False,False,True,False,False,False,False,False,False,0.0,0.8693543019208589
434,434,0.08,0.34,1.39,0.01,0.01,0.0,0.0,0.0,0.0,0.0,0.0,0.0,409,32.0,99,2.16,2.4,455.0,0.0,0.0,0.0,170.0,21.0,1,1,1.0,200,580,2.0,583.0,651.0,22.6,71.9,246.15,100.0,4,False,False,False,True,False,False,False,False,False,False,0.0,0.8538323223819094
435,435,0.08,0.3,1.36,0.01,0.01,0.0,0.0,0.0,0.0,0.0,0.0,0.0,432,33.0,91,4.7,4.67,940.0,0.0,0.0,0.0,170.0,21.0,1,1,1.0,200,250,14.0,610.0,685.0,20.6,71.9,,101.92091369628906,4,False,False,False,True,False,False,False,False,False,False,0.0,0.8134073308881524
436,436,0.08,0.3,1.36,0.01,0.01,0.0,0.0,0.0,0.0,0.0,0.0,0.0,432,33.0,91,4.8,4.8,940.0,0.0,0.0,0.0,170.0,21.0,1,1,1.0,200,0,0.0,606.2197875976562,678.0671997070312,19.278499603271484,71.39366912841797,272.15,100.0,0,False,False,False,True,False,False,False,False,False,False,0.0,0.7651413158650838
437,437,0.08,0.3,1.36,0.01,0.01,0.0,0.0,0.0,0.0,0.0,0.0,0.0,432,33.0,91,4.79,4.76,940.0,0.0,0.0,0.0,170.0,21.0,1,1,1.0,200,580,2.0,614.0,686.0,19.0,70.8,280.15,100.0,4,False,False,False,True,False,False,False,False,False,False,0.0,0.7395871579750314
438,438,0.08,0.29,1.74,0.01,0.01,0.0,0.0,0.0,0.0,0.0,0.0,0.0,415,35.0,92,4.46,4.65,5.87,0.0,0.0,0.0,170.0,21.0,1,1,1.0,200,250,14.0,500.0,571.0,28.8,77.0,,107.31072235107422,4,False,False,False,True,False,False,False,False,False,False,0.0,0.800351278734404
439,439,0.08,0.29,1.74,0.01,0.01,0.0,0.0,0.0,0.0,0.0,0.0,0.0,415,35.0,92,4.84,4.87,5.73,0.0,0.0,0.0,170.0,21.0,1,1,1.0,200,0,0.0,459.7407836914063,538.3587646484375,28.34060478210449,77.36382293701172,211.15,100.0,0,False,False,False,True,False,False,False,False,False,False,0.0,0.7979571201858771
440,440,0.08,0.29,1.74,0.01,0.01,0.0,0.0,0.0,0.0,0.0,0.0,0.0,415,35.0,92,4.69,4.86,5.98,0.0,0.0,0.0,170.0,21.0,1,1,1.0,200,580,2.0,414.0,518.0,29.2,78.4,202.15,100.0,4,False,False,False,True,False,False,False,False,False,False,0.0,0.7658911512864806
441,441,0.08,0.32,1.77,0.01,0.01,0.0,0.0,0.0,0.0,0.0,0.0,0.0,418,31.0,89,2.16,4.84,125.0,0.0,0.0,0.0,170.0,21.0,1,1,1.0,200,250,14.0,540.0,614.0,22.0,75.9,,104.02008819580078,4,False,False,False,True,False,False,False,False,False,False,0.0,0.9267458555233988
442,442,0.08,0.32,1.77,0.01,0.01,0.0,0.0,0.0,0.0,0.0,0.0,0.0,418,31.0,89,2.75,4.57,125.0,0.0,0.0,0.0,170.0,21.0,1,1,1.0,200,0,0.0,524.6839599609375,602.2672119140625,24.61954689025879,74.84214782714844,219.15,100.0,0,False,False,False,True,False,False,False,False,False,False,0.0,0.9266091294696355
443,443,0.08,0.32,1.77,0.01,0.01,0.0,0.0,0.0,0.0,0.0,0.0,0.0,418,31.0,89,2.83,2.99,125.0,0.0,0.0,0.0,170.0,21.0,1,1,1.0,200,580,2.0,524.0,605.0,24.4,74.0,212.15,100.0,4,False,False,False,True,False,False,False,False,False,False,0.0,0.925548260637352
444,444,0.08,0.3,1.76,0.01,0.01,0.0,0.0,0.0,0.0,0.0,0.0,0.0,433,32.0,110,4.75,4.75,230.0,0.0,0.0,0.0,170.0,21.0,1,1,1.0,200,250,14.0,575.0,635.0,22.6,74.0,,103.44213104248048,4,False,False,False,True,False,False,False,False,False,False,0.0,0.9045728031011362
445,445,0.08,0.3,1.76,0.01,0.01,0.0,0.0,0.0,0.0,0.0,0.0,0.0,433,32.0,110,4.77,4.62,230.0,0.0,0.0,0.0,170.0,21.0,1,1,1.0,200,0,0.0,550.2991943359375,625.6986694335938,22.933177947998047,74.199951171875,231.15,100.0,0,False,False,False,True,False,False,False,False,False,False,0.0,0.9076130248282314
446,446,0.08,0.3,1.76,0.01,0.01,0.0,0.0,0.0,0.0,0.0,0.0,0.0,433,32.0,110,4.9,2.26,230.0,0.0,0.0,0.0,170.0,21.0,1,1,1.0,200,580,2.0,553.0,627.0,22.0,76.8,242.15,100.0,4,False,False,False,True,False,False,False,False,False,False,0.0,0.911948246863155
447,447,0.08,0.29,1.77,0.01,0.01,0.0,0.0,0.0,0.0,0.0,0.0,0.0,432,31.0,97,2.19,2.39,450.0,0.0,0.0,0.0,170.0,21.0,1,1,1.0,200,250,14.0,606.0,660.0,22.0,74.0,,102.49437713623048,4,False,False,False,True,False,False,False,False,False,False,0.0,0.866606510115567
448,448,0.08,0.29,1.77,0.01,0.01,0.0,0.0,0.0,0.0,0.0,0.0,0.0,432,31.0,97,4.79,2.38,450.0,0.0,0.0,0.0,170.0,21.0,1,1,1.0,200,0,0.0,577.868896484375,661.8785400390625,21.81521797180176,72.91236114501953,247.15,100.0,0,False,False,False,True,False,False,False,False,False,False,0.0,0.8478963766427324
449,449,0.08,0.29,1.77,0.01,0.01,0.0,0.0,0.0,0.0,0.0,0.0,0.0,432,31.0,97,4.92,4.66,450.0,0.0,0.0,0.0,170.0,21.0,1,1,1.0,200,580,2.0,577.0,661.0,21.6,71.9,258.15,100.0,4,False,False,False,True,False,False,False,False,False,False,0.0,0.8372798245079733
450,450,0.08,0.29,1.79,0.01,0.01,0.0,0.0,0.0,0.0,0.0,0.0,0.0,406,33.0,105,2.33,4.79,895.0,0.0,0.0,0.0,170.0,21.0,1,1,1.0,200,250,14.0,654.0,708.0,19.2,70.8,,102.7041244506836,4,False,False,False,True,False,False,False,False,False,False,0.0,0.7358733259232615
451,451,0.08,0.29,1.79,0.01,0.01,0.0,0.0,0.0,0.0,0.0,0.0,0.0,406,33.0,105,4.62,4.94,895.0,0.0,0.0,0.0,170.0,21.0,1,1,1.0,200,0,0.0,600.8274536132812,692.9175415039062,18.557167053222656,70.91686248779297,267.15,100.0,0,False,False,False,True,False,False,False,False,False,False,0.0,0.7375729733735495
452,452,0.08,0.29,1.79,0.01,0.01,0.0,0.0,0.0,0.0,0.0,0.0,0.0,406,33.0,105,4.9,2.63,895.0,0.0,0.0,0.0,170.0,21.0,1,1,1.0,200,580,2.0,638.0,716.0,17.2,68.6,277.15,100.0,4,False,False,False,True,False,False,False,False,False,False,0.0,0.5888034472539094
453,453,0.06,0.22,1.17,0.01,0.01,0.0,0.0,0.0,0.0,0.0,0.0,0.0,330,0.0,120,0.0,0.0,0.0,0.0,0.0,0.0,180.0,34.0,0,0,2.0,200,250,14.0,427.0,512.0,31.4,81.5,,115.31461334228516,4,False,False,False,True,False,False,False,False,False,False,4.0,0.8485389844220315
454,454,0.06,0.26,1.2,0.01,0.01,0.0,0.0,0.0,0.0,0.0,0.0,0.0,320,0.0,150,0.0,0.0,0.0,0.0,0.0,0.0,180.0,34.0,0,0,2.0,200,250,14.0,440.0,523.0,33.0,81.5,,113.99989318847656,4,False,False,False,True,False,False,False,False,False,False,4.0,0.7744225826285867
455,455,0.06,0.25,1.19,0.01,0.01,0.0,0.0,0.0,0.0,0.0,0.0,0.0,353,0.0,110,0.0,0.0,0.0,0.0,0.0,0.0,180.0,34.0,0,0,2.0,200,250,14.0,443.0,508.0,30.4,82.4,,113.31523895263672,4,False,False,False,True,False,False,False,False,False,False,4.0,0.7476583293705968
456,456,0.06,0.31,1.24,0.01,0.01,0.0,0.0,0.0,0.0,0.0,0.0,0.0,366,0.0,110,0.0,0.0,0.0,0.0,0.0,0.0,180.0,34.0,0,0,2.0,200,250,14.0,468.0,531.0,29.6,81.5,,115.0252685546875,4,False,False,False,True,False,False,False,False,False,False,4.0,0.8172811474218383
457,457,0.06,0.33,1.39,0.01,0.01,0.0,0.0,0.0,0.0,0.0,0.0,0.0,323,0.0,70,0.0,0.0,0.0,0.0,0.0,0.0,180.0,34.0,1,1,1.0,200,250,14.0,435.0,510.0,35.6,81.5,,113.5949478149414,4,False,False,False,True,False,False,False,False,False,False,4.0,0.7087747282307476
458,458,0.05,0.34,1.39,0.01,0.01,0.0,0.0,0.0,0.0,0.0,0.0,0.0,339,0.0,65,0.0,0.0,0.0,0.0,0.0,0.0,180.0,34.0,1,1,1.0,200,250,14.0,430.0,505.0,31.2,82.3,,110.80233001708984,4,False,False,False,True,False,False,False,False,False,False,4.0,0.5525789503583005
459,459,0.05,0.31,1.34,0.01,0.01,0.0,0.0,0.0,0.0,0.0,0.0,0.0,371,0.0,75,0.0,0.0,0.0,0.0,0.0,0.0,180.0,34.0,1,1,1.0,200,250,14.0,433.0,504.0,31.0,82.3,,111.35597229003906,4,False,False,False,True,False,False,False,False,False,False,4.0,0.5973907638637123
460,460,0.05,0.36,1.3,0.01,0.01,0.0,0.0,0.0,0.0,0.0,0.0,0.0,401,0.0,70,0.0,0.0,0.0,0.0,0.0,0.0,180.0,34.0,1,1,1.0,200,250,14.0,465.0,526.0,30.4,80.6,,110.27200317382812,4,False,False,False,True,False,False,False,False,False,False,4.0,0.49631550295150034
461,461,0.06,0.29,1.49,0.01,0.02,0.0,0.0,0.0,0.0,0.0,0.0,0.0,305,0.0,110,0.0,0.0,0.0,0.0,0.0,0.0,180.0,34.0,1,1,1.0,200,250,14.0,442.0,524.0,31.6,80.6,,111.42621612548828,4,False,False,False,True,False,False,False,False,False,False,4.0,0.5842112070738152
462,462,0.05,0.31,1.64,0.0,0.02,0.0,0.0,0.0,0.0,0.0,0.0,0.0,330,0.0,60,0.0,0.0,0.0,0.0,0.0,0.0,180.0,34.0,1,1,1.0,200,250,14.0,497.0,559.0,30.0,77.8,,111.24757385253906,4,False,False,False,True,False,False,False,False,False,False,0.0,0.5474923077131298
463,463,0.07,0.53,1.17,0.01,0.01,0.0,0.0,0.0,0.0,0.0,0.0,0.0,365,0.0,120,0.0,0.0,0.0,0.0,0.0,0.0,180.0,34.0,1,1,1.0,200,250,14.0,487.0,555.0,31.4,78.8,,111.08477783203124,4,False,False,False,True,False,False,False,False,False,False,0.0,0.4893958317990315
464,464,0.07,0.36,1.56,0.01,0.01,0.0,0.0,0.0,0.0,0.0,0.0,0.0,396,0.0,90,0.0,0.0,0.0,0.0,0.0,0.0,180.0,34.0,1,1,1.0,200,250,14.0,494.0,569.0,28.4,79.6,,105.48871612548828,4,False,False,False,True,False,False,False,False,False,False,0.0,0.8066616362141495
465,465,0.04,0.3,0.69,0.01,0.01,0.0,0.0,0.0,0.0,0.0,0.0,0.0,0,0.0,0,0.0,0.0,0.0,0.0,0.0,0.0,170.0,21.0,1,1,1.0,200,580,2.0,373.0,448.0,34.4,83.0,,156.15667724609375,4,False,False,False,True,False,False,False,False,False,False,4.0,0.8438740131865549
466,466,0.04,0.3,0.69,0.01,0.01,0.0,0.0,0.0,0.0,0.0,0.0,0.0,0,0.0,0,0.0,0.0,0.0,0.0,0.0,0.0,170.0,21.0,1,1,1.0,200,580,2.0,362.7715148925781,454.14263916015625,34.3056526184082,79.85218811035156,203.15,9.0,0,False,False,False,True,False,False,False,False,False,False,2.0,0.9999527701187393
467,467,0.04,0.3,0.69,0.01,0.01,0.0,0.0,0.0,0.0,0.0,0.0,0.0,0,0.0,0,0.0,0.0,0.0,0.0,0.0,0.0,170.0,21.0,1,1,1.0,200,580,2.0,363.9383850097656,454.3148193359375,34.41746139526367,80.43009948730469,213.15,15.0,0,False,False,False,True,False,False,False,False,False,False,2.0,0.9999688470429248
468,468,0.04,0.3,0.69,0.01,0.01,0.0,0.0,0.0,0.0,0.0,0.0,0.0,0,0.0,0,0.0,0.0,0.0,0.0,0.0,0.0,170.0,21.0,1,1,1.0,200,580,2.0,370.3829956054688,455.6753845214844,34.44431686401367,80.54895782470703,223.15,53.0,0,False,False,False,True,False,False,False,False,False,False,4.0,0.5607023980396705
469,469,0.04,0.3,0.69,0.01,0.01,0.0,0.0,0.0,0.0,0.0,0.0,0.0,0,0.0,0,0.0,0.0,0.0,0.0,0.0,0.0,170.0,21.0,1,1,1.0,200,580,2.0,378.1152648925781,459.4187927246094,33.540653228759766,80.55400085449219,233.15,117.0,0,False,False,False,True,False,False,False,False,False,False,4.0,0.8574549809687764
470,470,0.04,0.3,0.69,0.01,0.01,0.0,0.0,0.0,0.0,0.0,0.0,0.0,0,0.0,0,0.0,0.0,0.0,0.0,0.0,0.0,170.0,21.0,1,1,1.0,200,580,2.0,381.30560302734375,470.19915771484375,32.776519775390625,80.1754150390625,253.15,220.0,0,False,False,False,True,False,False,False,False,False,False,5.0,0.9981690214686593
471,471,0.04,0.3,0.69,0.01,0.01,0.0,0.0,0.0,0.0,0.0,0.0,0.0,0,0.0,0,0.0,0.0,0.0,0.0,0.0,0.0,170.0,21.0,1,1,1.0,200,580,2.0,387.3338012695313,475.9259948730469,32.47703552246094,79.42964935302734,293.15,222.0,0,False,False,False,True,False,False,False,False,False,False,5.0,0.9987137291907721
472,472,0.04,0.31,0.98,0.01,0.01,0.0,0.0,0.0,0.0,0.0,0.0,0.0,0,0.0,0,0.0,0.0,0.0,0.0,0.0,0.0,170.0,21.0,1,1,1.0,200,580,2.0,392.0,476.0,34.4,80.6,,164.0174102783203,4,False,False,False,True,False,False,False,False,False,False,4.0,0.7274627434977489
473,473,0.04,0.31,0.98,0.01,0.01,0.0,0.0,0.0,0.0,0.0,0.0,0.0,0,0.0,0,0.0,0.0,0.0,0.0,0.0,0.0,170.0,21.0,1,1,1.0,200,580,2.0,382.8526306152344,475.7027282714844,32.97884750366211,79.66708374023438,203.15,21.0,0,False,False,False,True,False,False,False,False,False,False,2.0,0.9999255511205408
474,474,0.04,0.31,0.98,0.01,0.01,0.0,0.0,0.0,0.0,0.0,0.0,0.0,0,0.0,0,0.0,0.0,0.0,0.0,0.0,0.0,170.0,21.0,1,1,1.0,200,580,2.0,385.8302001953125,475.8749084472656,33.06206512451172,80.28650665283203,213.15,38.0,0,False,False,False,True,False,False,False,False,False,False,2.0,0.9974380672386796
475,475,0.04,0.31,0.98,0.01,0.01,0.0,0.0,0.0,0.0,0.0,0.0,0.0,0,0.0,0,0.0,0.0,0.0,0.0,0.0,0.0,170.0,21.0,1,1,1.0,200,580,2.0,398.2826843261719,479.20599365234375,33.08892059326172,80.29176330566406,223.15,74.0,0,False,False,False,True,False,False,False,False,False,False,4.0,0.9898361913582139
476,476,0.04,0.31,0.98,0.01,0.01,0.0,0.0,0.0,0.0,0.0,0.0,0.0,0,0.0,0,0.0,0.0,0.0,0.0,0.0,0.0,170.0,21.0,1,1,1.0,200,580,2.0,407.6315612792969,489.3626098632813,31.787355422973636,80.25528717041016,233.15,182.0,0,False,False,False,True,False,False,False,False,False,False,5.0,0.7577564753810203
477,477,0.04,0.31,0.98,0.01,0.01,0.0,0.0,0.0,0.0,0.0,0.0,0.0,0,0.0,0,0.0,0.0,0.0,0.0,0.0,0.0,170.0,21.0,1,1,1.0,200,580,2.0,406.1224060058594,497.4320373535156,31.49371337890625,79.72490692138672,253.15,220.0,0,False,False,False,True,False,False,False,False,False,False,5.0,0.9985125695769761
478,478,0.04,0.31,0.98,0.01,0.01,0.0,0.0,0.0,0.0,0.0,0.0,0.0,0,0.0,0,0.0,0.0,0.0,0.0,0.0,0.0,170.0,21.0,1,1,1.0,200,580,2.0,412.1505432128906,501.9388122558594,31.175493240356445,78.85401153564453,293.15,222.0,0,False,False,False,True,False,False,False,False,False,False,5.0,0.998983100645243
479,479,0.04,0.31,1.39,0.0,0.01,0.0,0.0,0.0,0.0,0.0,0.0,0.0,0,0.0,0,0.0,0.0,0.0,0.0,0.0,0.0,170.0,21.0,1,1,1.0,200,580,2.0,414.0,502.0,31.0,80.6,,160.12416076660156,4,False,False,False,True,False,False,False,False,False,False,4.0,0.731284686269099
480,480,0.04,0.31,1.39,0.0,0.01,0.0,0.0,0.0,0.0,0.0,0.0,0.0,0,0.0,0,0.0,0.0,0.0,0.0,0.0,0.0,170.0,21.0,1,1,1.0,200,580,2.0,420.7097473144531,508.2624206542969,32.03288269042969,79.60990142822266,203.15,38.0,0,False,False,False,True,False,False,False,False,False,False,2.0,0.9956891933927762
481,481,0.04,0.31,1.39,0.0,0.01,0.0,0.0,0.0,0.0,0.0,0.0,0.0,0,0.0,0,0.0,0.0,0.0,0.0,0.0,0.0,170.0,21.0,1,1,1.0,200,580,2.0,421.4935607910156,508.4345703125,32.09627914428711,80.22932434082031,213.15,81.0,0,False,False,False,True,False,False,False,False,False,False,4.0,0.9785250011091718
482,482,0.04,0.31,1.39,0.0,0.01,0.0,0.0,0.0,0.0,0.0,0.0,0.0,0,0.0,0,0.0,0.0,0.0,0.0,0.0,0.0,170.0,21.0,1,1,1.0,200,580,2.0,421.4935607910156,509.4684143066406,32.18480682373047,80.31804656982422,223.15,129.0,0,False,False,False,True,False,False,False,False,False,False,4.0,0.9630028832171069
483,483,0.04,0.31,1.39,0.0,0.01,0.0,0.0,0.0,0.0,0.0,0.0,0.0,0,0.0,0,0.0,0.0,0.0,0.0,0.0,0.0,170.0,21.0,1,1,1.0,200,580,2.0,437.7676696777344,523.15380859375,30.880016326904297,80.28655242919922,233.15,172.0,0,False,False,False,True,False,False,False,False,False,False,5.0,0.6082466059546152
484,484,0.04,0.31,1.39,0.0,0.01,0.0,0.0,0.0,0.0,0.0,0.0,0.0,0,0.0,0,0.0,0.0,0.0,0.0,0.0,0.0,170.0,21.0,1,1,1.0,200,580,2.0,438.9006958007813,525.2737426757812,30.703611373901367,79.75617218017578,253.15,220.0,0,False,False,False,True,False,False,False,False,False,False,5.0,0.9988768282698196
485,485,0.04,0.31,1.39,0.0,0.01,0.0,0.0,0.0,0.0,0.0,0.0,0.0,0,0.0,0,0.0,0.0,0.0,0.0,0.0,0.0,170.0,21.0,1,1,1.0,200,580,2.0,442.267333984375,535.295166015625,30.337722778320312,78.8852767944336,293.15,222.0,0,False,False,False,True,False,False,False,False,False,False,5.0,0.9991451118211931
486,486,0.04,0.29,1.83,0.0,0.01,0.0,0.0,0.0,0.0,0.0,0.0,0.0,0,0.0,0,0.0,0.0,0.0,0.0,0.0,0.0,170.0,21.0,1,1,1.0,200,580,2.0,444.0,525.0,29.8,79.9,,156.39691162109375,4,False,False,False,True,False,False,False,False,False,False,4.0,0.7000001694407503
487,487,0.04,0.29,1.83,0.0,0.01,0.0,0.0,0.0,0.0,0.0,0.0,0.0,0,0.0,0,0.0,0.0,0.0,0.0,0.0,0.0,170.0,21.0,1,1,1.0,200,580,2.0,444.3694763183594,530.77392578125,30.98223876953125,78.38530731201172,203.15,36.0,0,False,False,False,True,False,False,False,False,False,False,2.0,0.9965539408371935
488,488,0.04,0.29,1.83,0.0,0.01,0.0,0.0,0.0,0.0,0.0,0.0,0.0,0,0.0,0,0.0,0.0,0.0,0.0,0.0,0.0,170.0,21.0,1,1,1.0,200,580,2.0,445.5688171386719,531.6077880859375,30.99995231628418,78.95087432861328,213.15,76.0,0,False,False,False,True,False,False,False,False,False,False,4.0,0.9768389470569145
489,489,0.04,0.29,1.83,0.0,0.01,0.0,0.0,0.0,0.0,0.0,0.0,0.0,0,0.0,0,0.0,0.0,0.0,0.0,0.0,0.0,170.0,21.0,1,1,1.0,200,580,2.0,445.5688171386719,531.6207885742188,31.080284118652344,79.02470397949219,223.15,117.0,0,False,False,False,True,False,False,False,False,False,False,4.0,0.8885789945663012
490,490,0.04,0.29,1.83,0.0,0.01,0.0,0.0,0.0,0.0,0.0,0.0,0.0,0,0.0,0,0.0,0.0,0.0,0.0,0.0,0.0,170.0,21.0,1,1,1.0,200,580,2.0,458.1791687011719,539.5679931640625,29.666837692260746,78.82536315917969,233.15,153.0,0,False,False,False,True,False,False,False,False,False,False,4.0,0.6953077808905664
491,491,0.04,0.29,1.83,0.0,0.01,0.0,0.0,0.0,0.0,0.0,0.0,0.0,0,0.0,0,0.0,0.0,0.0,0.0,0.0,0.0,170.0,21.0,1,1,1.0,200,580,2.0,466.6109924316406,546.5996704101562,29.15262794494629,78.32229614257812,253.15,203.0,0,False,False,False,True,False,False,False,False,False,False,5.0,0.9920176894686589
492,492,0.04,0.29,1.83,0.0,0.01,0.0,0.0,0.0,0.0,0.0,0.0,0.0,0,0.0,0,0.0,0.0,0.0,0.0,0.0,0.0,170.0,21.0,1,1,1.0,200,580,2.0,469.9776306152344,556.270751953125,28.81801986694336,77.72002410888672,293.15,222.0,0,False,False,False,True,False,False,False,False,False,False,5.0,0.9983329332633624
493,493,0.06,0.33,0.63,0.01,0.01,0.0,0.0,0.0,0.0,0.0,0.0,0.0,0,0.0,0,0.0,0.0,0.0,0.0,0.0,0.0,170.0,21.0,1,1,1.0,200,580,2.0,386.0,465.0,33.4,78.8,,137.175048828125,4,False,False,False,True,False,False,False,False,False,False,4.0,0.9574217353970059
494,494,0.06,0.33,0.63,0.01,0.01,0.0,0.0,0.0,0.0,0.0,0.0,0.0,0,0.0,0,0.0,0.0,0.0,0.0,0.0,0.0,170.0,21.0,1,1,1.0,200,580,2.0,375.6452026367188,463.4786987304688,34.14704132080078,79.28753662109375,213.15,13.0,0,False,False,False,True,False,False,False,False,False,False,2.0,0.9999529827416368
495,495,0.06,0.33,0.63,0.01,0.01,0.0,0.0,0.0,0.0,0.0,0.0,0.0,0,0.0,0,0.0,0.0,0.0,0.0,0.0,0.0,170.0,21.0,1,1,1.0,200,580,2.0,384.2112426757813,464.8392333984375,34.1601448059082,79.32933807373047,223.15,27.0,0,False,False,False,True,False,False,False,False,False,False,2.0,0.999874147378893
496,496,0.06,0.33,0.63,0.01,0.01,0.0,0.0,0.0,0.0,0.0,0.0,0.0,0,0.0,0,0.0,0.0,0.0,0.0,0.0,0.0,170.0,21.0,1,1,1.0,200,580,2.0,394.1686706542969,480.2606201171875,33.3244743347168,79.12967681884766,233.15,78.0,0,False,False,False,True,False,False,False,False,False,False,4.0,0.9885974872308719
497,497,0.06,0.33,0.63,0.01,0.01,0.0,0.0,0.0,0.0,0.0,0.0,0.0,0,0.0,0,0.0,0.0,0.0,0.0,0.0,0.0,170.0,21.0,1,1,1.0,200,580,2.0,405.8885498046875,493.2381591796875,31.85939216613769,78.0235366821289,253.15,178.0,0,False,False,False,True,False,False,False,False,False,False,5.0,0.6703304821946025
498,498,0.06,0.33,0.63,0.01,0.01,0.0,0.0,0.0,0.0,0.0,0.0,0.0,0,0.0,0,0.0,0.0,0.0,0.0,0.0,0.0,170.0,21.0,1,1,1.0,200,580,2.0,411.9167175292969,494.8353271484375,31.58287239074707,77.34852600097656,293.15,220.0,0,False,False,False,True,False,False,False,False,False,False,5.0,0.9985289285045733
499,499,0.06,0.34,0.97,0.01,0.01,0.0,0.0,0.0,0.0,0.0,0.0,0.0,0,0.0,0,0.0,0.0,0.0,0.0,0.0,0.0,170.0,21.0,1,1,1.0,200,580,2.0,418.0,500.0,35.0,80.6,,151.79660034179688,4,False,False,False,True,False,False,False,False,False,False,4.0,0.8783166563533632
500,500,0.06,0.34,0.97,0.01,0.01,0.0,0.0,0.0,0.0,0.0,0.0,0.0,0,0.0,0,0.0,0.0,0.0,0.0,0.0,0.0,170.0,21.0,1,1,1.0,200,580,2.0,388.6764831542969,480.1233520507813,32.803070068359375,78.84141540527344,203.15,15.0,0,False,False,False,True,False,False,False,False,False,False,2.0,0.9999207845460091
501,501,0.06,0.34,0.97,0.01,0.01,0.0,0.0,0.0,0.0,0.0,0.0,0.0,0,0.0,0,0.0,0.0,0.0,0.0,0.0,0.0,170.0,21.0,1,1,1.0,200,580,2.0,394.0803527832031,480.0478820800781,32.868019104003906,79.28849792480469,213.15,45.0,0,False,False,False,True,False,False,False,False,False,False,2.0,0.9610015909487746
502,502,0.06,0.34,0.97,0.01,0.01,0.0,0.0,0.0,0.0,0.0,0.0,0.0,0,0.0,0,0.0,0.0,0.0,0.0,0.0,0.0,170.0,21.0,1,1,1.0,200,580,2.0,406.5328369140625,483.37896728515625,32.850399017333984,79.3302993774414,223.15,100.0,0,False,False,False,True,False,False,False,False,False,False,0.0,0.8197908615264164
503,503,0.06,0.34,0.97,0.01,0.01,0.0,0.0,0.0,0.0,0.0,0.0,0.0,0,0.0,0,0.0,0.0,0.0,0.0,0.0,0.0,170.0,21.0,1,1,1.0,200,580,2.0,418.10687255859375,504.80181884765625,31.410228729248047,79.1306381225586,233.15,155.0,0,False,False,False,True,False,False,False,False,False,False,4.0,0.8046231976450863
504,504,0.06,0.34,0.97,0.01,0.01,0.0,0.0,0.0,0.0,0.0,0.0,0.0,0,0.0,0,0.0,0.0,0.0,0.0,0.0,0.0,170.0,21.0,1,1,1.0,200,580,2.0,421.8727416992188,514.7255249023438,31.175052642822266,77.87474060058594,253.15,201.0,0,False,False,False,True,False,False,False,False,False,False,5.0,0.9794571835646383
505,505,0.06,0.34,0.97,0.01,0.01,0.0,0.0,0.0,0.0,0.0,0.0,0.0,0,0.0,0,0.0,0.0,0.0,0.0,0.0,0.0,170.0,21.0,1,1,1.0,200,580,2.0,427.9009094238281,515.0396118164062,30.85683250427246,77.1426773071289,293.15,220.0,0,False,False,False,True,False,False,False,False,False,False,5.0,0.9987804142383666
506,506,0.07,0.35,1.36,0.01,0.01,0.0,0.0,0.0,0.0,0.0,0.0,0.0,0,0.0,0,0.0,0.0,0.0,0.0,0.0,0.0,170.0,21.0,1,1,1.0,200,580,2.0,455.0,540.0,31.2,77.9,,149.20689392089844,4,False,False,False,True,False,False,False,False,False,False,4.0,0.7900841859550637
507,507,0.07,0.35,1.36,0.01,0.01,0.0,0.0,0.0,0.0,0.0,0.0,0.0,0,0.0,0,0.0,0.0,0.0,0.0,0.0,0.0,170.0,21.0,1,1,1.0,200,580,2.0,436.6851806640625,524.5274658203125,31.80083465576172,77.89442443847656,203.15,30.0,0,False,False,False,True,False,False,False,False,False,False,2.0,0.9992829395461816
508,508,0.07,0.35,1.36,0.01,0.01,0.0,0.0,0.0,0.0,0.0,0.0,0.0,0,0.0,0,0.0,0.0,0.0,0.0,0.0,0.0,170.0,21.0,1,1,1.0,200,580,2.0,440.87396240234375,524.451904296875,31.87455368041992,78.34150695800781,213.15,72.0,0,False,False,False,True,False,False,False,False,False,False,4.0,0.9792773792888222
509,509,0.07,0.35,1.36,0.01,0.01,0.0,0.0,0.0,0.0,0.0,0.0,0.0,0,0.0,0,0.0,0.0,0.0,0.0,0.0,0.0,170.0,21.0,1,1,1.0,200,580,2.0,440.87396240234375,525.4857788085938,31.83296012878418,78.41602325439453,223.15,119.0,0,False,False,False,True,False,False,False,False,False,False,4.0,0.9367508556343628
510,510,0.07,0.35,1.36,0.01,0.01,0.0,0.0,0.0,0.0,0.0,0.0,0.0,0,0.0,0,0.0,0.0,0.0,0.0,0.0,0.0,170.0,21.0,1,1,1.0,200,580,2.0,458.6431274414063,543.1021118164062,30.36435317993164,78.21636199951172,233.15,165.0,0,False,False,False,True,False,False,False,False,False,False,5.0,0.5483741106596569
511,511,0.07,0.35,1.36,0.01,0.01,0.0,0.0,0.0,0.0,0.0,0.0,0.0,0,0.0,0,0.0,0.0,0.0,0.0,0.0,0.0,170.0,21.0,1,1,1.0,200,580,2.0,462.9984436035156,546.3321533203125,30.246414184570312,77.16384887695312,253.15,201.0,0,False,False,False,True,False,False,False,False,False,False,5.0,0.9886596192926781
512,512,0.07,0.35,1.36,0.01,0.01,0.0,0.0,0.0,0.0,0.0,0.0,0.0,0,0.0,0,0.0,0.0,0.0,0.0,0.0,0.0,170.0,21.0,1,1,1.0,200,580,2.0,466.3650512695313,552.1609497070312,29.91439819335937,76.49569702148438,293.15,206.0,0,False,False,False,True,False,False,False,False,False,False,5.0,0.9942852466866149
513,513,0.07,0.36,1.8,0.01,0.01,0.0,0.0,0.0,0.0,0.0,0.0,0.0,0,0.0,0,0.0,0.0,0.0,0.0,0.0,0.0,170.0,21.0,1,1,1.0,200,580,2.0,504.0,594.0,26.2,75.0,,136.23594665527344,4,False,False,False,True,False,False,False,False,False,False,5.0,0.5017454825792441
514,514,0.07,0.36,1.8,0.01,0.01,0.0,0.0,0.0,0.0,0.0,0.0,0.0,0,0.0,0,0.0,0.0,0.0,0.0,0.0,0.0,170.0,21.0,1,1,1.0,200,580,2.0,479.8297729492188,579.6466064453125,28.389667510986328,76.01461029052734,203.15,30.0,0,False,False,False,True,False,False,False,False,False,False,2.0,0.99164329480897
515,515,0.07,0.36,1.8,0.01,0.01,0.0,0.0,0.0,0.0,0.0,0.0,0.0,0,0.0,0,0.0,0.0,0.0,0.0,0.0,0.0,170.0,21.0,1,1,1.0,200,580,2.0,484.43408203125,580.2327880859375,28.417713165283203,76.4078369140625,213.15,55.0,0,False,False,False,True,False,False,False,False,False,False,4.0,0.5624010959629876
516,516,0.07,0.36,1.8,0.01,0.01,0.0,0.0,0.0,0.0,0.0,0.0,0.0,0,0.0,0,0.0,0.0,0.0,0.0,0.0,0.0,170.0,21.0,1,1,1.0,200,580,2.0,484.43408203125,579.4071044921875,28.43637084960937,76.46746063232422,223.15,89.0,0,False,False,False,True,False,False,False,False,False,False,4.0,0.6110315200750815
517,517,0.07,0.36,1.8,0.01,0.01,0.0,0.0,0.0,0.0,0.0,0.0,0.0,0,0.0,0,0.0,0.0,0.0,0.0,0.0,0.0,170.0,21.0,1,1,1.0,200,580,2.0,498.8426208496094,602.47412109375,26.96738815307617,75.9990463256836,233.15,121.0,0,False,False,False,True,False,False,False,False,False,False,4.0,0.6166137421265292
518,518,0.07,0.36,1.8,0.01,0.01,0.0,0.0,0.0,0.0,0.0,0.0,0.0,0,0.0,0,0.0,0.0,0.0,0.0,0.0,0.0,170.0,21.0,1,1,1.0,200,580,2.0,509.8900146484375,612.3565063476562,26.578012466430664,74.92878723144531,253.15,161.0,0,False,False,False,True,False,False,False,False,False,False,5.0,0.8392335342848224
519,519,0.07,0.36,1.8,0.01,0.01,0.0,0.0,0.0,0.0,0.0,0.0,0.0,0,0.0,0,0.0,0.0,0.0,0.0,0.0,0.0,170.0,21.0,1,1,1.0,200,580,2.0,513.2567749023438,620.48095703125,26.21261405944824,74.42041015625,293.15,188.0,0,False,False,False,True,False,False,False,False,False,False,5.0,0.9372234380561378
520,520,0.09,0.35,0.68,0.01,0.01,0.0,0.0,0.0,0.0,0.0,0.0,0.0,0,0.0,0,0.0,0.0,0.0,0.0,0.0,0.0,170.0,21.0,1,1,1.0,200,580,2.0,394.0,499.0,34.2,78.8,,146.77589416503906,4,False,False,False,True,False,False,False,False,False,False,4.0,0.915891575131404
521,521,0.09,0.35,0.68,0.01,0.01,0.0,0.0,0.0,0.0,0.0,0.0,0.0,0,0.0,0,0.0,0.0,0.0,0.0,0.0,0.0,170.0,21.0,1,1,1.0,200,580,2.0,371.5774230957031,468.5657653808594,33.015235900878906,77.77776336669922,203.15,23.0,0,False,False,False,True,False,False,False,False,False,False,2.0,0.9999165686361275
522,522,0.09,0.35,0.68,0.01,0.01,0.0,0.0,0.0,0.0,0.0,0.0,0.0,0,0.0,0,0.0,0.0,0.0,0.0,0.0,0.0,170.0,21.0,1,1,1.0,200,580,2.0,373.1373901367188,468.49029541015625,32.99697494506836,78.20476531982422,213.15,27.0,0,False,False,False,True,False,False,False,False,False,False,2.0,0.9998566851005364
523,523,0.09,0.35,0.68,0.01,0.01,0.0,0.0,0.0,0.0,0.0,0.0,0.0,0,0.0,0,0.0,0.0,0.0,0.0,0.0,0.0,170.0,21.0,1,1,1.0,200,580,2.0,383.9214782714844,469.850830078125,33.06099319458008,78.1617431640625,223.15,45.0,0,False,False,False,True,False,False,False,False,False,False,2.0,0.9673610389464593
524,524,0.09,0.35,0.68,0.01,0.01,0.0,0.0,0.0,0.0,0.0,0.0,0.0,0,0.0,0,0.0,0.0,0.0,0.0,0.0,0.0,170.0,21.0,1,1,1.0,200,580,2.0,393.87890625,484.41351318359375,32.338844299316406,77.94145965576172,233.15,95.0,0,False,False,False,True,False,False,False,False,False,False,0.0,0.7047709634344865
525,525,0.09,0.35,0.68,0.01,0.01,0.0,0.0,0.0,0.0,0.0,0.0,0.0,0,0.0,0,0.0,0.0,0.0,0.0,0.0,0.0,170.0,21.0,1,1,1.0,200,580,2.0,401.27154541015625,497.2782287597656,31.677675247192383,77.01156616210938,253.15,157.0,0,False,False,False,True,False,False,False,False,False,False,4.0,0.7929661914232965
526,526,0.09,0.35,0.68,0.01,0.01,0.0,0.0,0.0,0.0,0.0,0.0,0.0,0,0.0,0,0.0,0.0,0.0,0.0,0.0,0.0,170.0,21.0,1,1,1.0,200,580,2.0,407.2997131347656,498.6043701171875,31.40645980834961,76.40046691894531,293.15,220.0,0,False,False,False,True,False,False,False,False,False,False,5.0,0.9985411081959306
527,527,0.1,0.36,1.05,0.01,0.01,0.0,0.0,0.0,0.0,0.0,0.0,0.0,0,0.0,0,0.0,0.0,0.0,0.0,0.0,0.0,170.0,21.0,1,1,1.0,200,580,2.0,435.0,546.0,34.0,77.0,,147.76455688476562,4,False,False,False,True,False,False,False,False,False,False,4.0,0.8640801404247548
528,528,0.1,0.36,1.05,0.01,0.01,0.0,0.0,0.0,0.0,0.0,0.0,0.0,0,0.0,0,0.0,0.0,0.0,0.0,0.0,0.0,170.0,21.0,1,1,1.0,200,580,2.0,400.6368408203125,510.6844787597656,30.986534118652344,77.5195541381836,203.15,11.0,0,False,False,False,True,False,False,False,False,False,False,2.0,0.9995768699813151
529,529,0.1,0.36,1.05,0.01,0.01,0.0,0.0,0.0,0.0,0.0,0.0,0.0,0,0.0,0,0.0,0.0,0.0,0.0,0.0,0.0,170.0,21.0,1,1,1.0,200,580,2.0,405.6361999511719,510.6090087890625,30.96827507019043,78.04132843017578,213.15,34.0,0,False,False,False,True,False,False,False,False,False,False,2.0,0.9986360903834415
530,530,0.1,0.36,1.05,0.01,0.01,0.0,0.0,0.0,0.0,0.0,0.0,0.0,0,0.0,0,0.0,0.0,0.0,0.0,0.0,0.0,170.0,21.0,1,1,1.0,200,580,2.0,420.3067321777344,513.940185546875,30.99513053894043,78.05157470703125,223.15,74.0,0,False,False,False,True,False,False,False,False,False,False,4.0,0.982010687000694
531,531,0.1,0.36,1.05,0.01,0.01,0.0,0.0,0.0,0.0,0.0,0.0,0.0,0,0.0,0,0.0,0.0,0.0,0.0,0.0,0.0,170.0,21.0,1,1,1.0,200,580,2.0,435.78759765625,532.590087890625,30.07993507385254,77.83129119873047,233.15,110.0,0,False,False,False,True,False,False,False,False,False,False,0.0,0.5506307604939457
532,532,0.1,0.36,1.05,0.01,0.01,0.0,0.0,0.0,0.0,0.0,0.0,0.0,0,0.0,0,0.0,0.0,0.0,0.0,0.0,0.0,170.0,21.0,1,1,1.0,200,580,2.0,438.19622802734375,542.74951171875,29.78596305847168,76.77877807617188,253.15,165.0,0,False,False,False,True,False,False,False,False,False,False,5.0,0.5430378235259001
533,533,0.1,0.36,1.05,0.01,0.01,0.0,0.0,0.0,0.0,0.0,0.0,0.0,0,0.0,0,0.0,0.0,0.0,0.0,0.0,0.0,170.0,21.0,1,1,1.0,200,580,2.0,444.2243957519531,542.7926025390625,29.46313095092773,76.11062622070312,293.15,220.0,0,False,False,False,True,False,False,False,False,False,False,5.0,0.9986789228261486
534,534,0.09,0.34,1.33,0.01,0.01,0.0,0.0,0.0,0.0,0.0,0.0,0.0,0,0.0,0,0.0,0.0,0.0,0.0,0.0,0.0,170.0,21.0,1,1,1.0,200,580,2.0,461.0,568.0,28.6,77.9,,154.4049072265625,4,False,False,False,True,False,False,False,False,False,False,4.0,0.540877465423704
535,535,0.09,0.34,1.33,0.01,0.01,0.0,0.0,0.0,0.0,0.0,0.0,0.0,0,0.0,0,0.0,0.0,0.0,0.0,0.0,0.0,170.0,21.0,1,1,1.0,200,580,2.0,413.1740417480469,521.8677368164062,30.68235206604004,77.16451263427734,203.15,72.0,0,False,False,False,True,False,False,False,False,False,False,4.0,0.9790383078390706
536,536,0.09,0.34,1.33,0.01,0.01,0.0,0.0,0.0,0.0,0.0,0.0,0.0,0,0.0,0,0.0,0.0,0.0,0.0,0.0,0.0,170.0,21.0,1,1,1.0,200,580,2.0,418.746337890625,521.7921752929688,30.61567497253418,77.59151458740234,213.15,106.0,0,False,False,False,True,False,False,False,False,False,False,0.0,0.7197814527472113
537,537,0.09,0.34,1.33,0.01,0.01,0.0,0.0,0.0,0.0,0.0,0.0,0.0,0,0.0,0,0.0,0.0,0.0,0.0,0.0,0.0,170.0,21.0,1,1,1.0,200,580,2.0,424.5694580078125,522.8260498046875,30.64253044128418,77.7508544921875,223.15,133.0,0,False,False,False,True,False,False,False,False,False,False,4.0,0.936276160883243
538,538,0.09,0.34,1.33,0.01,0.01,0.0,0.0,0.0,0.0,0.0,0.0,0.0,0,0.0,0,0.0,0.0,0.0,0.0,0.0,0.0,170.0,21.0,1,1,1.0,200,580,2.0,440.0503234863281,543.764892578125,29.714618682861328,77.53057098388672,233.15,155.0,0,False,False,False,True,False,False,False,False,False,False,4.0,0.6725594329003697
539,539,0.09,0.34,1.33,0.01,0.01,0.0,0.0,0.0,0.0,0.0,0.0,0.0,0,0.0,0,0.0,0.0,0.0,0.0,0.0,0.0,170.0,21.0,1,1,1.0,200,580,2.0,443.9005737304688,555.4733276367188,29.5966796875,76.41809844970703,253.15,188.0,0,False,False,False,True,False,False,False,False,False,False,5.0,0.9465425715394526
540,540,0.09,0.34,1.33,0.01,0.01,0.0,0.0,0.0,0.0,0.0,0.0,0.0,0,0.0,0,0.0,0.0,0.0,0.0,0.0,0.0,170.0,21.0,1,1,1.0,200,580,2.0,449.2759704589844,557.6052856445312,29.316452026367188,75.68603515625,293.15,208.0,0,False,False,False,True,False,False,False,False,False,False,5.0,0.9953361135598531
541,541,0.09,0.33,1.69,0.01,0.01,0.0,0.0,0.0,0.0,0.0,0.0,0.0,0,0.0,0,0.0,0.0,0.0,0.0,0.0,0.0,170.0,21.0,1,1,1.0,200,580,2.0,490.0,597.0,30.2,75.0,,133.58071899414062,4,False,False,False,True,False,False,False,False,False,False,4.0,0.7305294672212577
542,542,0.09,0.33,1.69,0.01,0.01,0.0,0.0,0.0,0.0,0.0,0.0,0.0,0,0.0,0,0.0,0.0,0.0,0.0,0.0,0.0,170.0,21.0,1,1,1.0,200,580,2.0,467.9560241699219,561.8073120117188,29.253740310668945,75.66913604736328,203.15,53.0,0,False,False,False,True,False,False,False,False,False,False,4.0,0.596510861457061
543,543,0.09,0.33,1.69,0.01,0.01,0.0,0.0,0.0,0.0,0.0,0.0,0.0,0,0.0,0,0.0,0.0,0.0,0.0,0.0,0.0,170.0,21.0,1,1,1.0,200,580,2.0,472.1772766113281,562.3934936523438,29.18706321716309,76.04228210449219,213.15,74.0,0,False,False,False,True,False,False,False,False,False,False,4.0,0.9086302037052821
544,544,0.09,0.33,1.69,0.01,0.01,0.0,0.0,0.0,0.0,0.0,0.0,0.0,0,0.0,0,0.0,0.0,0.0,0.0,0.0,0.0,170.0,21.0,1,1,1.0,200,580,2.0,472.1772766113281,562.9326782226562,29.205720901489254,76.12223052978516,223.15,95.0,0,False,False,False,True,False,False,False,False,False,False,0.0,0.6920311808850452
545,545,0.09,0.33,1.69,0.01,0.01,0.0,0.0,0.0,0.0,0.0,0.0,0.0,0,0.0,0,0.0,0.0,0.0,0.0,0.0,0.0,170.0,21.0,1,1,1.0,200,580,2.0,486.5104370117188,579.4880981445312,27.98612403869629,75.63319396972656,233.15,114.0,0,False,False,False,True,False,False,False,False,False,False,0.0,0.47889665545208937
546,546,0.09,0.33,1.69,0.01,0.01,0.0,0.0,0.0,0.0,0.0,0.0,0.0,0,0.0,0,0.0,0.0,0.0,0.0,0.0,0.0,170.0,21.0,1,1,1.0,200,580,2.0,490.5660095214844,583.14794921875,27.59675025939941,74.54934692382812,253.15,151.0,0,False,False,False,True,False,False,False,False,False,False,5.0,0.6169532012376783
547,547,0.09,0.33,1.69,0.01,0.01,0.0,0.0,0.0,0.0,0.0,0.0,0.0,0,0.0,0,0.0,0.0,0.0,0.0,0.0,0.0,170.0,21.0,1,1,1.0,200,580,2.0,493.9326171875,588.7057495117188,27.39366149902344,73.91905975341797,293.15,188.0,0,False,False,False,True,False,False,False,False,False,False,5.0,0.9677295893638692
548,548,0.15,0.36,0.63,0.01,0.01,0.0,0.0,0.0,0.0,0.0,0.0,0.0,0,0.0,0,0.0,0.0,0.0,0.0,0.0,0.0,170.0,21.0,1,1,1.0,200,580,2.0,449.0,533.0,30.6,76.0,,135.348388671875,4,False,False,False,True,False,False,False,False,False,False,4.0,0.8989344045703115
549,549,0.15,0.36,0.63,0.01,0.01,0.0,0.0,0.0,0.0,0.0,0.0,0.0,0,0.0,0,0.0,0.0,0.0,0.0,0.0,0.0,170.0,21.0,1,1,1.0,200,580,2.0,412.6211242675781,507.86663818359375,31.75987243652344,76.53300476074219,213.15,15.0,0,False,False,False,True,False,False,False,False,False,False,2.0,0.9997392539713733
550,550,0.15,0.36,0.63,0.01,0.01,0.0,0.0,0.0,0.0,0.0,0.0,0.0,0,0.0,0,0.0,0.0,0.0,0.0,0.0,0.0,170.0,21.0,1,1,1.0,200,580,2.0,423.40521240234375,509.5269470214844,31.82387924194336,76.55425262451172,223.15,34.0,0,False,False,False,True,False,False,False,False,False,False,2.0,0.9985963481924425
551,551,0.15,0.36,0.63,0.01,0.01,0.0,0.0,0.0,0.0,0.0,0.0,0.0,0,0.0,0,0.0,0.0,0.0,0.0,0.0,0.0,170.0,21.0,1,1,1.0,200,580,2.0,433.3626403808594,524.160400390625,31.394271850585938,76.42373657226562,233.15,64.0,0,False,False,False,True,False,False,False,False,False,False,4.0,0.9685090143969662
552,552,0.15,0.36,0.63,0.01,0.01,0.0,0.0,0.0,0.0,0.0,0.0,0.0,0,0.0,0,0.0,0.0,0.0,0.0,0.0,0.0,170.0,21.0,1,1,1.0,200,580,2.0,443.5616455078125,536.5723876953125,30.093475341796875,75.69292449951172,253.15,131.0,0,False,False,False,True,False,False,False,False,False,False,4.0,0.9129241169528733
553,553,0.15,0.36,0.63,0.01,0.01,0.0,0.0,0.0,0.0,0.0,0.0,0.0,0,0.0,0,0.0,0.0,0.0,0.0,0.0,0.0,170.0,21.0,1,1,1.0,200,580,2.0,449.7271728515625,537.8984985351562,29.968830108642575,75.08182525634766,293.15,188.0,0,False,False,False,True,False,False,False,False,False,False,5.0,0.9417387239212583
554,554,0.15,0.36,1.02,0.01,0.01,0.0,0.0,0.0,0.0,0.0,0.0,0.0,0,0.0,0,0.0,0.0,0.0,0.0,0.0,0.0,170.0,21.0,1,1,1.0,200,580,2.0,482.0,576.0,29.4,76.9,,142.2823486328125,4,False,False,False,True,False,False,False,False,False,False,4.0,0.6952916342760213
555,555,0.15,0.36,1.02,0.01,0.01,0.0,0.0,0.0,0.0,0.0,0.0,0.0,0,0.0,0,0.0,0.0,0.0,0.0,0.0,0.0,170.0,21.0,1,1,1.0,200,580,2.0,435.49365234375,535.71923828125,30.561429977416992,76.15666961669922,203.15,17.0,0,False,False,False,True,False,False,False,False,False,False,2.0,0.9992069695751751
556,556,0.15,0.36,1.02,0.01,0.01,0.0,0.0,0.0,0.0,0.0,0.0,0.0,0,0.0,0,0.0,0.0,0.0,0.0,0.0,0.0,170.0,21.0,1,1,1.0,200,580,2.0,441.0069580078125,535.5499877929688,30.54317092895508,76.6784439086914,213.15,34.0,0,False,False,False,True,False,False,False,False,False,False,2.0,0.9977047565034804
557,557,0.15,0.36,1.02,0.01,0.01,0.0,0.0,0.0,0.0,0.0,0.0,0.0,0,0.0,0,0.0,0.0,0.0,0.0,0.0,0.0,170.0,21.0,1,1,1.0,200,580,2.0,455.677490234375,538.8811645507812,30.57002639770508,76.75296020507812,223.15,63.0,0,False,False,False,True,False,False,False,False,False,False,4.0,0.943894239290541
558,558,0.15,0.36,1.02,0.01,0.01,0.0,0.0,0.0,0.0,0.0,0.0,0.0,0,0.0,0,0.0,0.0,0.0,0.0,0.0,0.0,170.0,21.0,1,1,1.0,200,580,2.0,469.1177062988281,558.1146850585938,29.61708068847656,76.62244415283203,233.15,98.0,0,False,False,False,True,False,False,False,False,False,False,0.0,0.7755042851332344
559,559,0.15,0.36,1.02,0.01,0.01,0.0,0.0,0.0,0.0,0.0,0.0,0.0,0,0.0,0,0.0,0.0,0.0,0.0,0.0,0.0,170.0,21.0,1,1,1.0,200,580,2.0,471.5968322753906,571.1058349609375,29.40634155273437,75.74187469482422,253.15,150.0,0,False,False,False,True,False,False,False,False,False,False,4.0,0.5888329685464004
560,560,0.15,0.36,1.02,0.01,0.01,0.0,0.0,0.0,0.0,0.0,0.0,0.0,0,0.0,0,0.0,0.0,0.0,0.0,0.0,0.0,170.0,21.0,1,1,1.0,200,580,2.0,477.7623596191406,571.14892578125,29.16645050048828,75.07372283935547,293.15,197.0,0,False,False,False,True,False,False,False,False,False,False,5.0,0.9863678212615329
561,561,0.15,0.35,1.38,0.01,0.01,0.0,0.0,0.0,0.0,0.0,0.0,0.0,0,0.0,0,0.0,0.0,0.0,0.0,0.0,0.0,170.0,21.0,1,1,1.0,200,580,2.0,513.0,623.0,27.4,72.9,,134.2203826904297,4,False,False,False,True,False,False,False,False,False,False,5.0,0.5417467927910282
562,562,0.15,0.35,1.38,0.01,0.01,0.0,0.0,0.0,0.0,0.0,0.0,0.0,0,0.0,0,0.0,0.0,0.0,0.0,0.0,0.0,170.0,21.0,1,1,1.0,200,580,2.0,479.5178527832031,567.3778686523438,29.22903060913086,73.23361206054688,203.15,38.0,0,False,False,False,True,False,False,False,False,False,False,2.0,0.9776661244123457
563,563,0.15,0.35,1.38,0.01,0.01,0.0,0.0,0.0,0.0,0.0,0.0,0.0,0,0.0,0,0.0,0.0,0.0,0.0,0.0,0.0,170.0,21.0,1,1,1.0,200,580,2.0,483.8160705566406,567.2086181640625,29.19094467163086,73.75538635253906,213.15,57.0,0,False,False,False,True,False,False,False,False,False,False,4.0,0.6375316028938951
564,564,0.15,0.35,1.38,0.01,0.01,0.0,0.0,0.0,0.0,0.0,0.0,0.0,0,0.0,0,0.0,0.0,0.0,0.0,0.0,0.0,170.0,21.0,1,1,1.0,200,580,2.0,483.8160705566406,568.2424926757812,29.21780014038086,73.82990264892578,223.15,80.0,0,False,False,False,True,False,False,False,False,False,False,4.0,0.8701294266458626
565,565,0.15,0.35,1.38,0.01,0.01,0.0,0.0,0.0,0.0,0.0,0.0,0.0,0,0.0,0,0.0,0.0,0.0,0.0,0.0,0.0,170.0,21.0,1,1,1.0,200,580,2.0,501.5852355957031,585.265380859375,28.314088821411133,73.69938659667969,233.15,104.0,0,False,False,False,True,False,False,False,False,False,False,0.0,0.8966317259414266
566,566,0.15,0.35,1.38,0.01,0.01,0.0,0.0,0.0,0.0,0.0,0.0,0.0,0,0.0,0,0.0,0.0,0.0,0.0,0.0,0.0,170.0,21.0,1,1,1.0,200,580,2.0,506.0110473632813,588.4954223632812,28.19869804382324,72.81881713867188,253.15,150.0,0,False,False,False,True,False,False,False,False,False,False,5.0,0.6539209118853376
567,567,0.15,0.35,1.38,0.01,0.01,0.0,0.0,0.0,0.0,0.0,0.0,0.0,0,0.0,0,0.0,0.0,0.0,0.0,0.0,0.0,170.0,21.0,1,1,1.0,200,580,2.0,509.5150146484375,594.05322265625,27.95880699157715,72.15066528320312,293.15,184.0,0,False,False,False,True,False,False,False,False,False,False,5.0,0.9526758263957569
568,568,0.14,0.35,1.76,0.01,0.01,0.0,0.0,0.0,0.0,0.0,0.0,0.0,0,0.0,0,0.0,0.0,0.0,0.0,0.0,0.0,170.0,21.0,1,1,1.0,200,580,2.0,567.0,679.0,24.0,69.8,,116.81827545166016,4,False,False,False,True,False,False,False,False,False,False,3.0,0.4589202971750603
569,569,0.14,0.35,1.76,0.01,0.01,0.0,0.0,0.0,0.0,0.0,0.0,0.0,0,0.0,0,0.0,0.0,0.0,0.0,0.0,0.0,170.0,21.0,1,1,1.0,200,580,2.0,522.5120849609375,637.1314086914062,26.856130599975582,71.41537475585938,203.15,27.0,0,False,False,False,True,False,False,False,False,False,False,2.0,0.7773150724407292
570,570,0.14,0.35,1.76,0.01,0.01,0.0,0.0,0.0,0.0,0.0,0.0,0.0,0,0.0,0,0.0,0.0,0.0,0.0,0.0,0.0,170.0,21.0,1,1,1.0,200,580,2.0,526.7117919921875,636.962158203125,26.772371292114254,71.88329315185547,213.15,32.0,0,False,False,False,True,False,False,False,False,False,False,2.0,0.7287777027661235
571,571,0.14,0.35,1.76,0.01,0.01,0.0,0.0,0.0,0.0,0.0,0.0,0.0,0,0.0,0,0.0,0.0,0.0,0.0,0.0,0.0,170.0,21.0,1,1,1.0,200,580,2.0,526.7117919921875,636.136474609375,26.79102897644043,71.79100036621094,223.15,42.0,0,False,False,False,True,False,False,False,False,False,False,3.0,0.612874912829277
572,572,0.14,0.35,1.76,0.01,0.01,0.0,0.0,0.0,0.0,0.0,0.0,0.0,0,0.0,0,0.0,0.0,0.0,0.0,0.0,0.0,170.0,21.0,1,1,1.0,200,580,2.0,542.25048828125,660.2269287109375,25.724018096923828,71.39173126220703,233.15,55.0,0,False,False,False,True,False,False,False,False,False,False,3.0,0.9225134705365906
573,573,0.14,0.35,1.76,0.01,0.01,0.0,0.0,0.0,0.0,0.0,0.0,0.0,0,0.0,0,0.0,0.0,0.0,0.0,0.0,0.0,170.0,21.0,1,1,1.0,200,580,2.0,555.5814208984375,671.03662109375,25.33719062805176,70.36738586425781,253.15,117.0,0,False,False,False,True,False,False,False,False,False,False,0.0,0.43233171841927504
574,574,0.14,0.35,1.76,0.01,0.01,0.0,0.0,0.0,0.0,0.0,0.0,0.0,0,0.0,0,0.0,0.0,0.0,0.0,0.0,0.0,170.0,21.0,1,1,1.0,200,580,2.0,559.0853881835938,676.711669921875,24.99967193603516,69.80101013183594,293.15,160.0,0,False,False,False,True,False,False,False,False,False,False,5.0,0.4978262419671718
575,575,0.07,0.33,1.45,0.0,0.0,0.0,0.0,0.0,0.0,0.0,0.0,0.0,408,6.0,90,0.0,0.0,0.0,0.0,0.0,0.0,170.0,21.0,1,1,1.0,200,250,14.0,463.0,537.0,31.2,78.8,,104.66891479492188,4,False,False,False,False,False,False,False,False,True,False,0.0,0.7484662108847616
576,576,0.07,0.33,1.45,0.0,0.0,0.0,0.0,0.0,0.0,0.0,0.0,0.0,408,6.0,90,0.0,0.0,0.0,0.0,0.0,0.0,170.0,21.0,1,1,1.0,200,0,0.0,457.5852355957031,540.44140625,31.29326438903809,77.82279205322266,213.15,28.0,0,False,False,False,False,False,False,False,False,True,False,2.0,0.9991497748724669
577,577,0.07,0.33,1.45,0.0,0.0,0.0,0.0,0.0,0.0,0.0,0.0,0.0,408,6.0,90,0.0,0.0,0.0,0.0,0.0,0.0,170.0,21.0,1,1,1.0,200,0,0.0,478.640625,555.8810424804688,30.706039428710938,77.58024597167969,237.15,100.0,0,False,False,False,False,False,False,False,False,True,False,0.0,0.7941035991817511
578,578,0.07,0.33,1.45,0.0,0.0,0.0,0.0,0.0,0.0,0.0,0.0,0.0,408,6.0,90,0.0,0.0,0.0,0.0,0.0,0.0,170.0,21.0,1,1,1.0,200,0,0.0,477.1625061035156,553.7897338867188,30.559911727905277,77.49201965332031,,102.80783081054688,0,False,False,False,False,False,False,False,False,True,False,0.0,0.7991881951834422
579,579,0.07,0.34,1.49,0.0,0.01,0.0,0.0,0.0,0.0,0.0,0.0,0.0,396,16.0,84,0.0,0.0,0.0,0.0,0.0,0.0,170.0,21.0,1,1,1.0,200,250,14.0,482.0,548.0,33.6,78.8,,109.94161987304688,4,False,False,False,False,False,False,False,False,True,False,0.0,0.5322957757731788
580,580,0.07,0.34,1.49,0.0,0.01,0.0,0.0,0.0,0.0,0.0,0.0,0.0,396,16.0,84,0.0,0.0,0.0,0.0,0.0,0.0,170.0,21.0,1,1,1.0,200,0,0.0,460.8815612792969,539.9041137695312,30.732749938964844,77.66233825683594,188.15,28.0,0,False,False,False,False,False,False,False,False,True,False,2.0,0.9989877867148506
581,581,0.07,0.34,1.49,0.0,0.01,0.0,0.0,0.0,0.0,0.0,0.0,0.0,396,16.0,84,0.0,0.0,0.0,0.0,0.0,0.0,170.0,21.0,1,1,1.0,200,0,0.0,463.8384399414063,542.9234008789062,30.72991180419922,77.97797393798828,214.15,100.0,0,False,False,False,False,False,False,False,False,True,False,0.0,0.7775532234387276
582,582,0.07,0.34,1.49,0.0,0.01,0.0,0.0,0.0,0.0,0.0,0.0,0.0,396,16.0,84,0.0,0.0,0.0,0.0,0.0,0.0,170.0,21.0,1,1,1.0,200,0,0.0,481.8978271484375,556.271728515625,29.93914031982422,77.79644775390625,,109.8332977294922,0,False,False,False,False,False,False,False,False,True,False,0.0,0.618735299845375
583,583,0.07,0.36,1.46,0.0,0.01,0.0,0.0,0.0,0.0,0.0,0.0,0.0,400,22.0,85,0.0,0.0,0.0,0.0,0.0,0.0,170.0,21.0,1,1,1.0,200,250,14.0,497.0,563.0,30.6,77.0,,110.3829574584961,4,False,False,False,False,False,False,False,False,True,False,0.0,0.6151500787651945
584,584,0.07,0.36,1.46,0.0,0.01,0.0,0.0,0.0,0.0,0.0,0.0,0.0,400,22.0,85,0.0,0.0,0.0,0.0,0.0,0.0,170.0,21.0,1,1,1.0,200,0,0.0,463.3469848632813,551.1744384765625,30.33735466003418,77.48101043701172,191.15,28.0,0,False,False,False,False,False,False,False,False,True,False,2.0,0.9986124532599457
585,585,0.07,0.36,1.46,0.0,0.01,0.0,0.0,0.0,0.0,0.0,0.0,0.0,400,22.0,85,0.0,0.0,0.0,0.0,0.0,0.0,170.0,21.0,1,1,1.0,200,0,0.0,466.857177734375,553.91357421875,30.314319610595703,77.51252746582031,208.15,100.0,0,False,False,False,False,False,False,False,False,True,False,0.0,0.7898355532134328
586,586,0.07,0.36,1.46,0.0,0.01,0.0,0.0,0.0,0.0,0.0,0.0,0.0,400,22.0,85,0.0,0.0,0.0,0.0,0.0,0.0,170.0,21.0,1,1,1.0,200,0,0.0,490.1267395019531,567.2918701171875,29.708084106445312,77.48282623291016,,110.0807647705078,0,False,False,False,False,False,False,False,False,True,False,0.0,0.6426758009688733
587,587,0.06,0.33,1.36,0.0,0.01,0.0,0.0,0.0,0.0,0.0,0.0,0.0,419,28.0,81,0.0,0.0,0.0,0.0,0.0,0.0,170.0,21.0,1,1,1.0,200,250,14.0,474.0,538.0,32.2,78.8,,113.57868957519533,4,False,False,False,False,False,False,False,False,True,False,4.0,0.7048125447491509
588,588,0.06,0.33,1.36,0.0,0.01,0.0,0.0,0.0,0.0,0.0,0.0,0.0,419,28.0,81,0.0,0.0,0.0,0.0,0.0,0.0,170.0,21.0,1,1,1.0,200,0,0.0,445.7930908203125,522.9076538085938,31.59054183959961,78.2442626953125,187.15,28.0,0,False,False,False,False,False,False,False,False,True,False,2.0,0.999432357146839
589,589,0.06,0.33,1.36,0.0,0.01,0.0,0.0,0.0,0.0,0.0,0.0,0.0,419,28.0,81,0.0,0.0,0.0,0.0,0.0,0.0,170.0,21.0,1,1,1.0,200,0,0.0,446.904052734375,522.9076538085938,31.59054183959961,78.2257080078125,202.15,100.0,0,False,False,False,False,False,False,False,False,True,False,0.0,0.7663978934542213
590,590,0.06,0.33,1.36,0.0,0.01,0.0,0.0,0.0,0.0,0.0,0.0,0.0,419,28.0,81,0.0,0.0,0.0,0.0,0.0,0.0,170.0,21.0,1,1,1.0,200,0,0.0,464.8455810546875,544.44921875,30.910364151000977,78.38994598388672,,113.27568817138672,0,False,False,False,False,False,False,False,False,True,False,4.0,0.6573166437661533
591,591,0.07,0.32,1.48,0.0,0.01,0.0,0.0,0.0,0.0,0.0,0.0,0.0,373,55.0,75,0.0,0.0,0.0,0.0,0.0,0.0,170.0,21.0,1,1,1.0,200,250,14.0,488.0,549.0,32.4,78.8,,110.80778503417967,4,False,False,False,False,False,False,False,False,True,False,4.0,0.49229689839688356
592,592,0.07,0.32,1.48,0.0,0.01,0.0,0.0,0.0,0.0,0.0,0.0,0.0,373,55.0,75,0.0,0.0,0.0,0.0,0.0,0.0,170.0,21.0,1,1,1.0,200,0,0.0,462.758056640625,541.6043090820312,32.08502578735352,78.97392272949219,197.15,28.0,0,False,False,False,False,False,False,False,False,True,False,2.0,0.9992793896867381
593,593,0.07,0.32,1.48,0.0,0.01,0.0,0.0,0.0,0.0,0.0,0.0,0.0,373,55.0,75,0.0,0.0,0.0,0.0,0.0,0.0,170.0,21.0,1,1,1.0,200,0,0.0,465.65826416015625,543.6464233398438,32.15896987915039,79.31265258789062,212.15,100.0,0,False,False,False,False,False,False,False,False,True,False,0.0,0.7695674356727452
594,594,0.07,0.32,1.48,0.0,0.01,0.0,0.0,0.0,0.0,0.0,0.0,0.0,373,55.0,75,0.0,0.0,0.0,0.0,0.0,0.0,170.0,21.0,1,1,1.0,200,0,0.0,486.295654296875,558.0435791015625,30.781322479248047,79.14559936523438,,110.5951919555664,0,False,False,False,False,False,False,False,False,True,False,0.0,0.5309422079740181
595,595,0.07,0.32,1.38,0.0,0.0,0.0,0.0,0.0,0.0,0.0,0.0,0.0,376,77.0,74,0.0,0.0,0.0,0.0,0.0,0.0,170.0,21.0,1,1,1.0,200,250,14.0,466.0,542.0,30.6,80.6,,109.77850341796876,4,False,False,False,False,False,False,False,False,True,False,0.0,0.5307309611384625
596,596,0.07,0.32,1.38,0.0,0.0,0.0,0.0,0.0,0.0,0.0,0.0,0.0,376,77.0,74,0.0,0.0,0.0,0.0,0.0,0.0,170.0,21.0,1,1,1.0,200,0,0.0,442.9087829589844,526.5975341796875,31.56822967529297,79.03091430664062,205.15,28.0,0,False,False,False,False,False,False,False,False,True,False,2.0,0.9994479841928473
597,597,0.07,0.32,1.38,0.0,0.0,0.0,0.0,0.0,0.0,0.0,0.0,0.0,376,77.0,74,0.0,0.0,0.0,0.0,0.0,0.0,170.0,21.0,1,1,1.0,200,0,0.0,444.1531677246094,527.98388671875,31.329103469848636,79.48234558105469,222.15,100.0,0,False,False,False,False,False,False,False,False,True,False,0.0,0.7681152638809932
598,598,0.07,0.32,1.38,0.0,0.0,0.0,0.0,0.0,0.0,0.0,0.0,0.0,376,77.0,74,0.0,0.0,0.0,0.0,0.0,0.0,170.0,21.0,1,1,1.0,200,0,0.0,460.1352233886719,544.036376953125,30.174034118652344,79.16732788085938,,109.86685180664062,0,False,False,False,False,False,False,False,False,True,False,0.0,0.5542440083847736
599,599,0.07,0.35,1.51,0.01,0.01,0.0,0.0,0.0,0.0,0.0,0.0,0.0,351,100.0,87,0.0,0.0,0.0,0.0,0.0,0.0,170.0,21.0,1,1,1.0,200,250,14.0,499.0,569.0,29.0,77.9,,109.84473419189452,4,False,False,False,False,False,False,False,False,True,False,0.0,0.6785598434453517
600,600,0.07,0.35,1.51,0.01,0.01,0.0,0.0,0.0,0.0,0.0,0.0,0.0,351,100.0,87,0.0,0.0,0.0,0.0,0.0,0.0,170.0,21.0,1,1,1.0,200,0,0.0,478.5049133300781,551.9657592773438,29.5836124420166,78.31292724609375,207.15,28.0,0,False,False,False,False,False,False,False,False,True,False,2.0,0.9979809424977204
601,601,0.07,0.35,1.51,0.01,0.01,0.0,0.0,0.0,0.0,0.0,0.0,0.0,351,100.0,87,0.0,0.0,0.0,0.0,0.0,0.0,170.0,21.0,1,1,1.0,200,0,0.0,486.147705078125,555.3695678710938,29.25257682800293,78.57420349121094,226.15,100.0,0,False,False,False,False,False,False,False,False,True,False,0.0,0.8129683121563622
602,602,0.07,0.35,1.51,0.01,0.01,0.0,0.0,0.0,0.0,0.0,0.0,0.0,351,100.0,87,0.0,0.0,0.0,0.0,0.0,0.0,170.0,21.0,1,1,1.0,200,0,0.0,494.8516845703125,565.5052490234375,28.252870559692383,78.31237030029297,,108.4815673828125,0,False,False,False,False,False,False,False,False,True,False,0.0,0.7405793092251531
603,603,0.06,0.39,1.53,0.0,0.01,0.0,0.0,0.0,0.0,0.0,0.0,0.0,351,140.0,93,0.0,0.0,0.0,0.0,0.0,0.0,170.0,21.0,1,1,1.0,200,250,14.0,513.0,579.0,27.0,77.9,,112.35867309570312,4,False,False,False,False,False,False,False,False,True,False,0.0,0.6187712080206847
604,604,0.06,0.39,1.53,0.0,0.01,0.0,0.0,0.0,0.0,0.0,0.0,0.0,351,140.0,93,0.0,0.0,0.0,0.0,0.0,0.0,170.0,21.0,1,1,1.0,200,0,0.0,483.8424682617188,561.9295654296875,28.098264694213867,78.3321304321289,209.15,28.0,0,False,False,False,False,False,False,False,False,True,False,2.0,0.9956926068811413
605,605,0.06,0.39,1.53,0.0,0.01,0.0,0.0,0.0,0.0,0.0,0.0,0.0,351,140.0,93,0.0,0.0,0.0,0.0,0.0,0.0,170.0,21.0,1,1,1.0,200,0,0.0,491.0523986816406,566.1087646484375,27.555648803710938,78.24620056152344,229.15,100.0,0,False,False,False,False,False,False,False,False,True,False,0.0,0.8518050005666643
606,606,0.06,0.39,1.53,0.0,0.01,0.0,0.0,0.0,0.0,0.0,0.0,0.0,351,140.0,93,0.0,0.0,0.0,0.0,0.0,0.0,170.0,21.0,1,1,1.0,200,0,0.0,503.5862121582031,579.8269653320312,26.77671432495117,77.77354431152344,,111.0809097290039,0,False,False,False,False,False,False,False,False,True,False,0.0,0.7012769672883481
607,607,0.07,0.48,1.64,0.0,0.01,0.0,0.0,0.0,0.0,0.0,0.0,0.0,290,210.0,102,0.0,0.0,0.0,0.0,0.0,0.0,170.0,21.0,1,1,1.0,200,250,14.0,515.0,592.0,27.2,78.9,,112.47366333007812,4,False,False,False,False,False,False,False,False,True,False,0.0,0.604564586073975
608,608,0.07,0.48,1.64,0.0,0.01,0.0,0.0,0.0,0.0,0.0,0.0,0.0,290,210.0,102,0.0,0.0,0.0,0.0,0.0,0.0,170.0,21.0,1,1,1.0,200,0,0.0,495.4783935546875,591.37060546875,27.81130027770996,76.36481475830078,197.15,28.0,0,False,False,False,False,False,False,False,False,True,False,2.0,0.9845223469573813
609,609,0.07,0.48,1.64,0.0,0.01,0.0,0.0,0.0,0.0,0.0,0.0,0.0,290,210.0,102,0.0,0.0,0.0,0.0,0.0,0.0,170.0,21.0,1,1,1.0,200,0,0.0,497.1129455566406,594.0654907226562,27.646892547607425,76.75544738769531,218.15,100.0,0,False,False,False,False,False,False,False,False,True,False,0.0,0.8855752583110007
610,610,0.07,0.48,1.64,0.0,0.01,0.0,0.0,0.0,0.0,0.0,0.0,0.0,290,210.0,102,0.0,0.0,0.0,0.0,0.0,0.0,170.0,21.0,1,1,1.0,200,0,0.0,519.416259765625,605.3467407226562,26.07935905456543,75.79981994628906,,111.15819549560548,0,False,False,False,False,False,False,False,False,True,False,0.0,0.8066175191997005
611,611,0.08,0.29,1.75,0.01,0.0,0.0,0.0,0.0,0.0,0.0,0.0,0.0,272,255.0,96,0.0,0.0,0.0,0.0,0.0,0.0,170.0,21.0,1,1,1.0,200,250,14.0,588.0,654.0,26.4,72.0,,115.69792938232422,4,False,False,False,False,False,False,False,False,True,False,0.0,0.5317843323386775
612,612,0.08,0.29,1.75,0.01,0.0,0.0,0.0,0.0,0.0,0.0,0.0,0.0,272,255.0,96,0.0,0.0,0.0,0.0,0.0,0.0,170.0,21.0,1,1,1.0,200,0,0.0,473.7948913574219,562.5250854492188,28.897218704223636,75.1474838256836,193.15,28.0,0,False,False,False,False,False,False,False,False,True,False,2.0,0.9956479831745915
613,613,0.08,0.29,1.75,0.01,0.0,0.0,0.0,0.0,0.0,0.0,0.0,0.0,272,255.0,96,0.0,0.0,0.0,0.0,0.0,0.0,170.0,21.0,1,1,1.0,200,0,0.0,477.9250793457031,565.9944458007812,28.621976852416992,75.6366195678711,218.15,100.0,0,False,False,False,False,False,False,False,False,True,False,0.0,0.8383641455611729
614,614,0.08,0.29,1.75,0.01,0.0,0.0,0.0,0.0,0.0,0.0,0.0,0.0,272,255.0,96,0.0,0.0,0.0,0.0,0.0,0.0,170.0,21.0,1,1,1.0,200,0,0.0,504.6169738769531,586.7327880859375,27.02907943725586,74.0267333984375,,114.21642303466795,0,False,False,False,False,False,False,False,False,True,False,0.0,0.5891465866285821
615,615,0.07,0.35,0.63,0.01,0.01,0.0,0.0,0.0,0.0,0.0,0.0,0.0,472,8.0,66,4.66,4.69,4.87,0.0,0.0,0.0,170.0,21.0,1,1,1.0,200,250,14.0,404.0,494.0,32.4,76.0,,116.62457275390624,4,False,False,False,True,False,False,False,False,False,False,4.0,0.8576389486014525
616,616,0.07,0.35,0.63,0.01,0.01,0.0,0.0,0.0,0.0,0.0,0.0,0.0,472,8.0,66,4.66,4.83,4.89,0.0,0.0,0.0,170.0,21.0,1,1,1.0,200,0,0.0,372.6658630371094,465.9500732421875,31.97135353088379,77.27364349365234,227.15,100.0,0,False,False,False,True,False,False,False,False,False,False,0.0,0.8342331990701229
617,617,0.07,0.35,0.63,0.01,0.01,0.0,0.0,0.0,0.0,0.0,0.0,0.0,472,8.0,66,4.81,4.93,4.83,0.0,0.0,0.0,170.0,21.0,1,1,1.0,200,580,2.0,333.0,450.0,30.4,78.9,220.15,100.0,4,False,False,False,True,False,False,False,False,False,False,0.0,0.8742595354180518
618,618,0.07,0.35,0.65,0.0,0.0,0.0,0.0,0.0,0.0,0.0,0.0,0.0,426,36.0,73,4.63,4.54,4.75,0.0,0.0,0.0,170.0,21.0,1,1,1.0,200,250,14.0,402.0,494.0,33.3,77.5,,115.92876434326172,4,False,False,False,True,False,False,False,False,False,False,4.0,0.8270891927856696
619,619,0.07,0.35,0.65,0.0,0.0,0.0,0.0,0.0,0.0,0.0,0.0,0.0,426,36.0,73,2.7,2.65,4.79,0.0,0.0,0.0,170.0,21.0,1,1,1.0,200,0,0.0,385.2176513671875,470.58587646484375,34.56074142456055,79.09896087646484,228.15,100.0,0,False,False,False,True,False,False,False,False,False,False,0.0,0.8767870308801886
620,620,0.07,0.35,0.65,0.0,0.0,0.0,0.0,0.0,0.0,0.0,0.0,0.0,426,36.0,73,2.47,4.71,4.81,0.0,0.0,0.0,170.0,21.0,1,1,1.0,200,580,2.0,329.0,447.0,36.4,80.5,218.15,100.0,4,False,False,False,True,False,False,False,False,False,False,0.0,0.9686583190915218
621,621,0.08,0.35,0.66,0.01,0.01,0.0,0.0,0.0,0.0,0.0,0.0,0.0,396,96.0,71,4.64,2.74,4.89,0.0,0.0,0.0,170.0,21.0,1,1,1.0,200,250,14.0,396.0,492.0,30.2,78.0,,118.86398315429688,4,False,False,False,True,False,False,False,False,False,False,4.0,0.9389244882498344
622,622,0.08,0.35,0.66,0.01,0.01,0.0,0.0,0.0,0.0,0.0,0.0,0.0,396,96.0,71,4.8,4.68,5.0,0.0,0.0,0.0,170.0,21.0,1,1,1.0,200,0,0.0,411.9363708496094,500.2096862792969,29.734432220458984,77.7225112915039,233.15,100.0,0,False,False,False,True,False,False,False,False,False,False,0.0,0.7675512072659201
623,623,0.08,0.35,0.66,0.01,0.01,0.0,0.0,0.0,0.0,0.0,0.0,0.0,396,96.0,71,4.92,4.53,4.65,0.0,0.0,0.0,170.0,21.0,1,1,1.0,200,580,2.0,351.0,457.0,31.6,79.8,219.15,100.0,4,False,False,False,True,False,False,False,False,False,False,0.0,0.8782265292183609
624,624,0.08,0.38,0.67,0.01,0.01,0.0,0.0,0.0,0.0,0.0,0.0,0.0,362,160.0,70,4.68,4.74,2.0,0.0,0.0,0.0,170.0,21.0,1,1,1.0,200,250,14.0,410.0,494.0,31.4,78.9,,120.04850769042967,4,False,False,False,True,False,False,False,False,False,False,4.0,0.957944129353469
625,625,0.08,0.38,0.67,0.01,0.01,0.0,0.0,0.0,0.0,0.0,0.0,0.0,362,160.0,70,4.56,4.91,4.54,0.0,0.0,0.0,170.0,21.0,1,1,1.0,200,0,0.0,409.3577270507813,497.1961975097656,29.707761764526367,78.9137954711914,237.15,100.0,0,False,False,False,True,False,False,False,False,False,False,0.0,0.7732951412260054
626,626,0.08,0.38,0.67,0.01,0.01,0.0,0.0,0.0,0.0,0.0,0.0,0.0,362,160.0,70,2.78,4.9,2.16,0.0,0.0,0.0,170.0,21.0,1,1,1.0,200,580,2.0,365.0,465.0,30.4,79.8,217.15,100.0,4,False,False,False,True,False,False,False,False,False,False,0.0,0.8377760323940099
627,627,0.08,0.44,0.71,0.01,0.01,0.0,0.0,0.0,0.0,0.0,0.0,0.0,306,225.0,76,4.71,2.08,2.73,0.0,0.0,0.0,170.0,21.0,1,1,1.0,200,250,14.0,440.0,523.0,31.4,77.0,,114.04756927490234,4,False,False,False,True,False,False,False,False,False,False,4.0,0.7181939277718385
628,628,0.08,0.44,0.71,0.01,0.01,0.0,0.0,0.0,0.0,0.0,0.0,0.0,306,225.0,76,4.68,2.82,2.62,0.0,0.0,0.0,170.0,21.0,1,1,1.0,200,0,0.0,426.5423278808594,509.9027099609375,29.75923728942871,77.9797592163086,233.15,100.0,0,False,False,False,True,False,False,False,False,False,False,0.0,0.7657319622242773
629,629,0.08,0.44,0.71,0.01,0.01,0.0,0.0,0.0,0.0,0.0,0.0,0.0,306,225.0,76,2.82,4.79,4.75,0.0,0.0,0.0,170.0,21.0,1,1,1.0,200,580,2.0,381.0,484.0,31.6,78.0,222.15,100.0,4,False,False,False,True,False,False,False,False,False,False,0.0,0.8111436838837086
630,630,0.08,0.3,1.0,0.01,0.01,0.0,0.0,0.0,0.0,0.0,0.0,0.0,464,7.0,83,4.62,4.9,4.6,0.0,0.0,0.0,170.0,21.0,1,1,1.0,200,250,14.0,409.0,504.0,30.6,77.0,,111.67957305908205,4,False,False,False,True,False,False,False,False,False,False,4.0,0.5482875398642827
631,631,0.08,0.3,1.0,0.01,0.01,0.0,0.0,0.0,0.0,0.0,0.0,0.0,464,7.0,83,4.67,4.75,4.7,0.0,0.0,0.0,170.0,21.0,1,1,1.0,200,0,0.0,382.0628356933594,483.7712097167969,31.142040252685547,78.0418930053711,217.15,100.0,0,False,False,False,True,False,False,False,False,False,False,0.0,0.8045605137216713
632,632,0.08,0.3,1.0,0.01,0.01,0.0,0.0,0.0,0.0,0.0,0.0,0.0,464,7.0,83,3.1,4.78,4.93,0.0,0.0,0.0,170.0,21.0,1,1,1.0,200,580,2.0,372.0,480.0,30.5,78.9,207.15,100.0,4,False,False,False,True,False,False,False,False,False,False,0.0,0.8128262291357793
633,633,0.08,0.35,1.01,0.01,0.0,0.0,0.0,0.0,0.0,0.0,0.0,0.0,401,41.0,74,4.7,4.47,4.75,0.0,0.0,0.0,170.0,21.0,1,1,1.0,200,250,14.0,443.0,522.0,31.1,77.0,,116.33484649658205,4,False,False,False,True,False,False,False,False,False,False,4.0,0.8476077138345461
634,634,0.08,0.35,1.01,0.01,0.0,0.0,0.0,0.0,0.0,0.0,0.0,0.0,401,41.0,74,2.51,4.63,4.7,0.0,0.0,0.0,170.0,21.0,1,1,1.0,200,0,0.0,387.1488037109375,485.19287109375,31.60137176513672,79.16405487060547,213.15,100.0,0,False,False,False,True,False,False,False,False,False,False,0.0,0.814285116036746
635,635,0.08,0.35,1.01,0.01,0.0,0.0,0.0,0.0,0.0,0.0,0.0,0.0,401,41.0,74,4.55,2.8,4.84,0.0,0.0,0.0,170.0,21.0,1,1,1.0,200,580,2.0,359.0,480.0,29.4,80.3,193.15,100.0,4,False,False,False,True,False,False,False,False,False,False,0.0,0.8178597154964089
636,636,0.08,0.31,1.03,0.01,0.01,0.0,0.0,0.0,0.0,0.0,0.0,0.0,394,92.0,79,2.31,4.71,4.71,0.0,0.0,0.0,170.0,21.0,1,1,1.0,200,250,14.0,427.0,516.0,32.0,78.9,,114.75064849853516,4,False,False,False,True,False,False,False,False,False,False,4.0,0.7914756260045084
637,637,0.08,0.31,1.03,0.01,0.01,0.0,0.0,0.0,0.0,0.0,0.0,0.0,394,92.0,79,4.91,4.7,2.62,0.0,0.0,0.0,170.0,21.0,1,1,1.0,200,0,0.0,400.1422424316406,491.6087646484375,31.857013702392575,79.18502044677734,220.15,100.0,0,False,False,False,True,False,False,False,False,False,False,0.0,0.8030990493587435
638,638,0.08,0.31,1.03,0.01,0.01,0.0,0.0,0.0,0.0,0.0,0.0,0.0,394,92.0,79,4.58,4.93,2.39,0.0,0.0,0.0,170.0,21.0,1,1,1.0,200,580,2.0,375.0,470.0,32.4,79.8,217.15,100.0,4,False,False,False,True,False,False,False,False,False,False,0.0,0.8565575582271876
639,639,0.08,0.35,1.05,0.01,0.01,0.0,0.0,0.0,0.0,0.0,0.0,0.0,361,140.0,82,4.73,4.91,4.55,0.0,0.0,0.0,170.0,21.0,1,1,1.0,200,250,14.0,434.0,517.0,30.8,78.9,,117.5553207397461,4,False,False,False,True,False,False,False,False,False,False,4.0,0.909664292863807
640,640,0.08,0.35,1.05,0.01,0.01,0.0,0.0,0.0,0.0,0.0,0.0,0.0,361,140.0,82,2.29,4.86,4.57,0.0,0.0,0.0,170.0,21.0,1,1,1.0,200,0,0.0,433.5256958007813,504.2555847167969,29.88323974609375,78.8622817993164,228.15,100.0,0,False,False,False,True,False,False,False,False,False,False,0.0,0.7677572374800968
641,641,0.08,0.35,1.05,0.01,0.01,0.0,0.0,0.0,0.0,0.0,0.0,0.0,361,140.0,82,4.98,4.68,4.8,0.0,0.0,0.0,170.0,21.0,1,1,1.0,200,580,2.0,398.0,488.0,32.2,80.7,219.15,100.0,4,False,False,False,True,False,False,False,False,False,False,0.0,0.8234334789871944
642,642,0.08,0.43,1.1,0.01,0.0,0.0,0.0,0.0,0.0,0.0,0.0,0.0,329,190.0,73,4.84,4.82,5.0,0.0,0.0,0.0,170.0,21.0,1,1,1.0,200,250,14.0,456.0,545.0,29.0,78.9,,106.04426574707033,4,False,False,False,True,False,False,False,False,False,False,0.0,0.738983973272138
643,643,0.08,0.43,1.1,0.01,0.0,0.0,0.0,0.0,0.0,0.0,0.0,0.0,329,190.0,73,4.95,4.66,4.91,0.0,0.0,0.0,170.0,21.0,1,1,1.0,200,0,0.0,439.3229675292969,516.5083618164062,30.47028923034668,79.11698150634766,223.15,100.0,0,False,False,False,True,False,False,False,False,False,False,0.0,0.7676700597517336
644,644,0.08,0.43,1.1,0.01,0.0,0.0,0.0,0.0,0.0,0.0,0.0,0.0,329,190.0,73,2.35,4.74,4.83,0.0,0.0,0.0,170.0,21.0,1,1,1.0,200,580,2.0,399.0,492.0,32.2,80.7,217.15,100.0,4,False,False,False,True,False,False,False,False,False,False,0.0,0.8191537716252725
645,645,0.08,0.3,1.31,0.01,0.01,0.0,0.0,0.0,0.0,0.0,0.0,0.0,441,5.0,81,4.64,4.85,4.87,0.0,0.0,0.0,170.0,21.0,1,1,1.0,200,250,14.0,420.0,523.0,26.4,77.0,,105.513916015625,4,False,False,False,True,False,False,False,False,False,False,0.0,0.762520353062931
646,646,0.08,0.3,1.31,0.01,0.01,0.0,0.0,0.0,0.0,0.0,0.0,0.0,441,5.0,81,4.95,4.66,4.93,0.0,0.0,0.0,170.0,21.0,1,1,1.0,200,0,0.0,434.25927734375,533.753662109375,27.875398635864254,77.01663970947266,244.15,100.0,0,False,False,False,True,False,False,False,False,False,False,0.0,0.7848859808807167
647,647,0.08,0.3,1.31,0.01,0.01,0.0,0.0,0.0,0.0,0.0,0.0,0.0,441,5.0,81,4.81,4.58,2.74,0.0,0.0,0.0,170.0,21.0,1,1,1.0,200,580,2.0,359.0,480.0,29.6,78.6,201.15,100.0,4,False,False,False,True,False,False,False,False,False,False,0.0,0.807905420994954
648,648,0.08,0.32,1.33,0.01,0.0,0.0,0.0,0.0,0.0,0.0,0.0,0.0,422,36.0,83,3.05,4.86,2.85,0.0,0.0,0.0,170.0,21.0,1,1,1.0,200,250,14.0,463.0,541.0,27.1,75.9,,107.72761535644533,4,False,False,False,True,False,False,False,False,False,False,0.0,0.7631545213748702
649,649,0.08,0.32,1.33,0.01,0.0,0.0,0.0,0.0,0.0,0.0,0.0,0.0,422,36.0,83,4.98,4.94,4.98,0.0,0.0,0.0,170.0,21.0,1,1,1.0,200,0,0.0,416.8446960449219,511.3390808105469,29.794849395751957,77.57394409179688,205.15,100.0,0,False,False,False,True,False,False,False,False,False,False,0.0,0.7649597910927403
650,650,0.08,0.32,1.33,0.01,0.0,0.0,0.0,0.0,0.0,0.0,0.0,0.0,422,36.0,83,4.79,4.68,2.68,0.0,0.0,0.0,170.0,21.0,1,1,1.0,200,580,2.0,372.0,497.0,31.4,76.4,192.15,100.0,4,False,False,False,True,False,False,False,False,False,False,0.0,0.7924768289926938
651,651,0.07,0.3,1.32,0.01,0.01,0.0,0.0,0.0,0.0,0.0,0.0,0.0,401,75.0,77,4.67,4.73,2.28,0.0,0.0,0.0,170.0,21.0,1,1,1.0,200,250,14.0,450.0,522.0,29.4,78.9,,110.4000244140625,4,False,False,False,True,False,False,False,False,False,False,0.0,0.5101710940093895
652,652,0.07,0.3,1.32,0.01,0.01,0.0,0.0,0.0,0.0,0.0,0.0,0.0,401,75.0,77,4.97,2.67,2.56,0.0,0.0,0.0,170.0,21.0,1,1,1.0,200,0,0.0,432.1431274414063,509.72412109375,31.77992057800293,79.44557189941406,221.15,100.0,0,False,False,False,True,False,False,False,False,False,False,0.0,0.7761080197740339
653,653,0.07,0.3,1.32,0.01,0.01,0.0,0.0,0.0,0.0,0.0,0.0,0.0,401,75.0,77,4.87,4.89,2.67,0.0,0.0,0.0,170.0,21.0,1,1,1.0,200,580,2.0,419.0,507.0,33.4,80.7,212.15,100.0,4,False,False,False,True,False,False,False,False,False,False,0.0,0.8081923541358661
654,654,0.08,0.33,1.35,0.01,0.01,0.0,0.0,0.0,0.0,0.0,0.0,0.0,375,140.0,78,4.68,4.86,4.69,0.0,0.0,0.0,170.0,21.0,1,1,1.0,200,250,14.0,464.0,544.0,29.4,78.9,,111.14022064208984,4,False,False,False,True,False,False,False,False,False,False,4.0,0.4882825604892481
655,655,0.08,0.33,1.35,0.01,0.01,0.0,0.0,0.0,0.0,0.0,0.0,0.0,375,140.0,78,4.79,4.93,4.82,0.0,0.0,0.0,170.0,21.0,1,1,1.0,200,0,0.0,454.6837768554688,531.8248901367188,27.81036758422852,79.24890899658203,230.15,100.0,0,False,False,False,True,False,False,False,False,False,False,0.0,0.7898536063439955
656,656,0.08,0.33,1.35,0.01,0.01,0.0,0.0,0.0,0.0,0.0,0.0,0.0,375,140.0,78,4.8,4.85,4.71,0.0,0.0,0.0,170.0,21.0,1,1,1.0,200,580,2.0,413.0,508.0,27.0,79.8,213.15,100.0,4,False,False,False,True,False,False,False,False,False,False,0.0,0.7693756443584717
657,657,0.08,0.39,1.37,0.01,0.01,0.0,0.0,0.0,0.0,0.0,0.0,0.0,320,215.0,90,4.92,4.97,4.77,0.0,0.0,0.0,170.0,21.0,1,1,1.0,200,250,14.0,485.0,559.0,28.0,80.7,,112.95535278320312,4,False,False,False,True,False,False,False,False,False,False,4.0,0.5776245690317217
658,658,0.08,0.39,1.37,0.01,0.01,0.0,0.0,0.0,0.0,0.0,0.0,0.0,320,215.0,90,2.61,2.64,4.86,0.0,0.0,0.0,170.0,21.0,1,1,1.0,200,0,0.0,465.3182067871094,548.6948852539062,28.17569351196289,78.47977447509766,219.15,100.0,0,False,False,False,True,False,False,False,False,False,False,0.0,0.8067524916117056
659,659,0.08,0.39,1.37,0.01,0.01,0.0,0.0,0.0,0.0,0.0,0.0,0.0,320,215.0,90,4.77,4.67,2.56,0.0,0.0,0.0,170.0,21.0,1,1,1.0,200,580,2.0,429.0,537.0,28.4,77.5,203.15,100.0,4,False,False,False,True,False,False,False,False,False,False,0.0,0.7778203924653824
660,660,0.08,0.28,1.79,0.01,0.01,0.0,0.0,0.0,0.0,0.0,0.0,0.0,439,7.0,82,4.84,4.74,4.64,0.0,0.0,0.0,170.0,21.0,1,1,1.0,200,250,14.0,458.0,568.0,28.6,76.0,,103.81182098388672,4,False,False,False,True,False,False,False,False,False,False,0.0,0.8275827289703254
661,661,0.08,0.28,1.79,0.01,0.01,0.0,0.0,0.0,0.0,0.0,0.0,0.0,439,7.0,82,4.98,4.69,4.63,0.0,0.0,0.0,170.0,21.0,1,1,1.0,200,0,0.0,471.8609313964844,570.7755737304688,27.02336883544922,75.36736297607422,268.15,100.0,0,False,False,False,True,False,False,False,False,False,False,0.0,0.8623720068083871
662,662,0.08,0.28,1.79,0.01,0.01,0.0,0.0,0.0,0.0,0.0,0.0,0.0,439,7.0,82,4.78,4.69,4.91,0.0,0.0,0.0,170.0,21.0,1,1,1.0,200,580,2.0,381.0,500.0,30.4,78.9,224.15,100.0,4,False,False,False,True,False,False,False,False,False,False,0.0,0.7902846471310823
663,663,0.08,0.31,1.75,0.01,0.01,0.0,0.0,0.0,0.0,0.0,0.0,0.0,417,36.0,94,4.74,4.72,3.2,0.0,0.0,0.0,170.0,21.0,1,1,1.0,200,250,14.0,500.0,571.0,28.8,77.0,,108.6875228881836,4,False,False,False,True,False,False,False,False,False,False,0.0,0.7576070872819275
664,664,0.08,0.31,1.75,0.01,0.01,0.0,0.0,0.0,0.0,0.0,0.0,0.0,417,36.0,94,4.88,4.72,4.87,0.0,0.0,0.0,170.0,21.0,1,1,1.0,200,0,0.0,469.760986328125,535.2713623046875,29.20071792602539,77.52863311767578,211.15,100.0,0,False,False,False,True,False,False,False,False,False,False,0.0,0.7922200182066736
665,665,0.08,0.31,1.75,0.01,0.01,0.0,0.0,0.0,0.0,0.0,0.0,0.0,417,36.0,94,4.98,4.76,4.84,0.0,0.0,0.0,170.0,21.0,1,1,1.0,200,580,2.0,414.0,518.0,29.2,78.4,202.15,100.0,4,False,False,False,True,False,False,False,False,False,False,0.0,0.7658911512864806
666,666,0.08,0.29,1.76,0.01,0.01,0.0,0.0,0.0,0.0,0.0,0.0,0.0,396,105.0,81,2.27,2.94,4.69,0.0,0.0,0.0,170.0,21.0,1,1,1.0,200,250,14.0,484.0,577.0,26.2,77.9,,108.37513732910156,4,False,False,False,True,False,False,False,False,False,False,0.0,0.8015488331845101
667,667,0.08,0.29,1.76,0.01,0.01,0.0,0.0,0.0,0.0,0.0,0.0,0.0,396,105.0,81,2.92,4.68,4.8,0.0,0.0,0.0,170.0,21.0,1,1,1.0,200,0,0.0,464.7444152832031,538.505615234375,27.60335350036621,78.3558120727539,220.15,100.0,0,False,False,False,True,False,False,False,False,False,False,0.0,0.806724160365473
668,668,0.08,0.29,1.76,0.01,0.01,0.0,0.0,0.0,0.0,0.0,0.0,0.0,396,105.0,81,2.86,4.81,4.7,0.0,0.0,0.0,170.0,21.0,1,1,1.0,200,580,2.0,429.0,532.0,27.4,78.9,216.15,100.0,4,False,False,False,True,False,False,False,False,False,False,0.0,0.7808255095464214
669,669,0.08,0.32,1.83,0.01,0.01,0.0,0.0,0.0,0.0,0.0,0.0,0.0,346,170.0,82,4.55,4.64,2.52,0.0,0.0,0.0,170.0,21.0,1,1,1.0,200,250,14.0,510.0,590.0,27.4,79.7,,108.9200668334961,4,False,False,False,True,False,False,False,False,False,False,0.0,0.7732614838678153
670,670,0.08,0.32,1.83,0.01,0.01,0.0,0.0,0.0,0.0,0.0,0.0,0.0,346,170.0,82,4.84,4.8,4.88,0.0,0.0,0.0,170.0,21.0,1,1,1.0,200,0,0.0,475.0992431640625,558.0170288085938,28.300457000732425,78.03990173339844,221.15,100.0,0,False,False,False,True,False,False,False,False,False,False,0.0,0.8219177926854856
671,671,0.08,0.32,1.83,0.01,0.01,0.0,0.0,0.0,0.0,0.0,0.0,0.0,346,170.0,82,4.62,4.84,2.15,0.0,0.0,0.0,170.0,21.0,1,1,1.0,200,580,2.0,471.0,565.0,27.8,78.0,216.15,100.0,4,False,False,False,True,False,False,False,False,False,False,0.0,0.8316381769674266
672,672,0.08,0.37,1.82,0.01,0.01,0.0,0.0,0.0,0.0,0.0,0.0,0.0,324,255.0,81,4.91,2.73,4.64,0.0,0.0,0.0,170.0,21.0,1,1,1.0,200,250,14.0,536.0,612.0,25.4,76.0,,111.6181869506836,4,False,False,False,True,False,False,False,False,False,False,0.0,0.8040999531258031
673,673,0.08,0.37,1.82,0.01,0.01,0.0,0.0,0.0,0.0,0.0,0.0,0.0,324,255.0,81,4.71,4.69,4.85,0.0,0.0,0.0,170.0,21.0,1,1,1.0,200,0,0.0,490.8742065429688,576.0159912109375,28.132308959960938,77.51689147949219,220.15,100.0,0,False,False,False,True,False,False,False,False,False,False,0.0,0.8554967083508651
674,674,0.08,0.37,1.82,0.01,0.01,0.0,0.0,0.0,0.0,0.0,0.0,0.0,324,255.0,81,1.99,4.84,4.64,0.0,0.0,0.0,170.0,21.0,1,1,1.0,200,580,2.0,474.0,575.0,29.4,78.0,212.15,100.0,4,False,False,False,True,False,False,False,False,False,False,0.0,0.8194732098397215
675,675,0.07,0.25,1.4,0.01,0.01,0.0,0.0,0.0,0.0,0.0,0.0,0.0,475,1.0,79,0.0,0.0,0.0,0.0,0.0,0.0,170.0,21.0,1,1,1.0,200,0,0.0,445.0,528.0,28.2,78.0,,102.6952896118164,4,False,False,False,True,False,False,False,False,False,False,0.0,0.7870338988502735
676,676,0.08,0.27,1.46,0.01,0.01,0.0,0.0,0.0,0.0,0.0,0.0,0.0,459,28.0,81,0.0,0.0,0.0,0.0,0.0,0.0,170.0,21.0,1,1,1.0,200,0,0.0,471.0,544.0,25.2,77.0,,106.95994567871094,4,False,False,False,True,False,False,False,False,False,False,0.0,0.8168658035579947
677,677,0.07,0.26,1.41,0.01,0.01,0.0,0.0,0.0,0.0,0.0,0.0,0.0,392,90.0,83,0.0,0.0,0.0,0.0,0.0,0.0,170.0,21.0,1,1,1.0,200,0,0.0,478.0,540.0,24.2,78.9,,106.72571563720705,4,False,False,False,True,False,False,False,False,False,False,0.0,0.8186926536274698
678,678,0.07,0.3,1.45,0.01,0.01,0.0,0.0,0.0,0.0,0.0,0.0,0.0,337,120.0,84,0.0,0.0,0.0,0.0,0.0,0.0,170.0,21.0,1,1,1.0,200,0,0.0,480.0,538.0,27.8,79.8,,111.27466583251952,4,False,False,False,True,False,False,False,False,False,False,0.0,0.4955071961689826
679,679,0.07,0.38,1.5,0.01,0.01,0.0,0.0,0.0,0.0,0.0,0.0,0.0,291,260.0,77,0.0,0.0,0.0,0.0,0.0,0.0,170.0,21.0,1,1,1.0,200,0,0.0,509.0,578.0,26.4,78.9,,114.80075073242188,4,False,False,False,True,False,False,False,False,False,False,4.0,0.4786794651205234
680,680,0.07,0.45,1.47,0.0,0.01,0.0,0.0,0.0,0.0,0.0,0.0,0.0,282,410.0,77,0.0,0.0,0.0,0.0,0.0,0.0,170.0,21.0,1,1,1.0,200,0,0.0,504.0,577.0,25.8,79.8,,111.23628997802734,4,False,False,False,True,False,False,False,False,False,False,0.0,0.6644187537104247
681,681,0.07,0.45,1.5,0.0,0.01,0.0,0.0,0.0,0.0,0.0,0.0,0.0,294,550.0,75,0.0,0.0,0.0,0.0,0.0,0.0,170.0,21.0,1,1,1.0,200,0,0.0,530.0,597.0,25.0,81.6,,115.55687713623048,4,False,False,False,True,False,False,False,False,False,False,4.0,0.4131278136456211
682,682,0.07,0.28,1.58,0.01,0.01,0.0,0.0,0.0,0.0,0.0,0.0,0.0,404,4.72,145,0.0,0.0,0.0,0.0,0.0,0.0,170.0,21.0,1,1,1.0,200,0,0.0,473.0,566.0,24.0,77.0,,104.50048828125,4,False,False,False,True,False,False,False,False,False,False,0.0,0.8919872426832204
683,683,0.07,0.28,1.4,0.01,0.01,0.0,0.0,0.0,0.0,0.0,0.0,0.0,409,31.0,148,0.0,0.0,0.0,0.0,0.0,0.0,170.0,21.0,1,1,1.0,200,0,0.0,482.0,545.0,28.0,78.9,,107.75595092773438,4,False,False,False,True,False,False,False,False,False,False,0.0,0.7217276569553445
684,684,0.07,0.31,1.5,0.01,0.01,0.0,0.0,0.0,0.0,0.0,0.0,0.0,400,51.0,160,0.0,0.0,0.0,0.0,0.0,0.0,170.0,21.0,1,1,1.0,200,0,0.0,522.0,584.0,26.4,78.9,,110.12004089355467,4,False,False,False,True,False,False,False,False,False,False,0.0,0.7673777289108397
685,685,0.07,0.29,1.5,0.01,0.01,0.0,0.0,0.0,0.0,0.0,0.0,0.0,341,120.0,164,0.0,0.0,0.0,0.0,0.0,0.0,170.0,21.0,1,1,1.0,200,0,0.0,513.0,573.0,25.2,76.0,,113.08187866210938,4,False,False,False,True,False,False,False,False,False,False,0.0,0.6613677880435823
686,686,0.07,0.39,1.51,0.01,0.01,0.0,0.0,0.0,0.0,0.0,0.0,0.0,278,300.0,166,0.0,0.0,0.0,0.0,0.0,0.0,170.0,21.0,1,1,1.0,200,0,0.0,546.0,611.0,24.0,78.0,,115.27843475341795,4,False,False,False,True,False,False,False,False,False,False,0.0,0.5112448994056638
687,687,0.07,0.47,1.48,0.01,0.01,0.0,0.0,0.0,0.0,0.0,0.0,0.0,285,410.0,164,0.0,0.0,0.0,0.0,0.0,0.0,170.0,21.0,1,1,1.0,200,0,0.0,584.0,639.0,23.0,75.0,,107.79849243164062,4,False,False,False,True,False,False,False,False,False,False,0.0,0.8745075125476824
688,688,0.07,0.45,1.5,0.0,0.01,0.0,0.0,0.0,0.0,0.0,0.0,0.0,297,590.0,155,0.0,0.0,0.0,0.0,0.0,0.0,170.0,21.0,1,1,1.0,200,0,0.0,535.0,599.0,25.6,76.0,,119.23193359375,4,False,False,False,True,False,False,False,False,False,False,4.0,0.34789178451133534
689,689,0.07,0.27,1.66,0.01,0.01,0.0,0.0,0.0,0.0,0.0,0.0,0.0,399,4.92,235,0.0,0.0,0.0,0.0,0.0,0.0,170.0,21.0,1,1,1.0,200,0,0.0,505.0,607.0,24.0,76.0,,103.1812973022461,4,False,False,False,True,False,False,False,False,False,False,0.0,0.9333489790689434
690,690,0.07,0.26,1.45,0.01,0.01,0.0,0.0,0.0,0.0,0.0,0.0,0.0,391,29.0,226,0.0,0.0,0.0,0.0,0.0,0.0,170.0,21.0,1,1,1.0,200,0,0.0,492.0,581.0,25.8,77.9,,107.54678344726562,4,False,False,False,True,False,False,False,False,False,False,0.0,0.844207434308666
691,691,0.07,0.29,1.53,0.01,0.01,0.0,0.0,0.0,0.0,0.0,0.0,0.0,419,46.0,243,0.0,0.0,0.0,0.0,0.0,0.0,170.0,21.0,1,1,1.0,200,0,0.0,538.0,591.0,24.9,74.5,,109.71338653564452,4,False,False,False,True,False,False,False,False,False,False,0.0,0.8742898546320614
692,692,0.07,0.28,1.45,0.01,0.01,0.0,0.0,0.0,0.0,0.0,0.0,0.0,315,120.0,239,0.0,0.0,0.0,0.0,0.0,0.0,170.0,21.0,1,1,1.0,200,0,0.0,523.0,599.0,29.2,77.0,,112.8035659790039,4,False,False,False,True,False,False,False,False,False,False,0.0,0.5976319592902205
693,693,0.07,0.4,1.48,0.01,0.01,0.0,0.0,0.0,0.0,0.0,0.0,0.0,286,320.0,253,0.0,0.0,0.0,0.0,0.0,0.0,170.0,21.0,1,1,1.0,200,0,0.0,546.0,621.0,23.6,76.0,,114.6788330078125,4,False,False,False,True,False,False,False,False,False,False,0.0,0.6043182807476374
694,694,0.07,0.47,1.46,0.01,0.01,0.0,0.0,0.0,0.0,0.0,0.0,0.0,297,450.0,249,0.0,0.0,0.0,0.0,0.0,0.0,170.0,21.0,1,1,1.0,200,0,0.0,578.0,631.0,24.6,78.0,,110.40167236328124,4,False,False,False,True,False,False,False,False,False,False,0.0,0.8310177888337471
695,695,0.07,0.43,1.47,0.0,0.01,0.0,0.0,0.0,0.0,0.0,0.0,0.0,322,690.0,240,0.0,0.0,0.0,0.0,0.0,0.0,170.0,21.0,1,1,1.0,200,0,0.0,552.0,615.0,26.4,78.0,,117.80136108398438,4,False,False,False,True,False,False,False,False,False,False,4.0,0.3072039460633689
696,696,0.04,0.3,0.66,0.01,0.01,0.0,0.0,0.0,0.0,0.0,0.0,0.0,490,0.0,70,0.0,0.0,0.0,0.0,0.0,0.0,170.0,21.0,1,1,1.0,150,0,0.0,392.0,466.0,31.9,80.6,246.15,100.0,4,False,False,False,True,False,False,False,False,False,False,0.0,0.843386692414272
697,697,0.04,0.3,0.66,0.01,0.01,0.0,0.0,0.0,0.0,0.0,0.0,0.0,490,0.0,70,0.0,0.0,0.0,0.0,0.0,0.0,170.0,21.0,1,1,1.0,150,500,2.0,370.0,456.0,35.2,80.6,241.15,100.0,4,False,False,False,True,False,False,False,False,False,False,0.0,0.9247861972745978
698,698,0.04,0.3,1.0,0.0,0.01,0.0,0.0,0.0,0.0,0.0,0.0,0.0,460,0.0,100,0.0,0.0,0.0,0.0,0.0,0.0,170.0,21.0,1,1,1.0,150,0,0.0,413.0,498.0,31.2,80.6,229.15,100.0,4,False,False,False,True,False,False,False,False,False,False,0.0,0.7917491539445134
699,699,0.04,0.3,1.0,0.0,0.01,0.0,0.0,0.0,0.0,0.0,0.0,0.0,460,0.0,100,0.0,0.0,0.0,0.0,0.0,0.0,170.0,21.0,1,1,1.0,150,500,2.0,402.0,490.0,31.0,80.6,229.15,100.0,4,False,False,False,True,False,False,False,False,False,False,0.0,0.801778794616461
700,700,0.05,0.34,1.42,0.0,0.01,0.0,0.0,0.0,0.0,0.0,0.0,0.0,410,0.0,90,0.0,0.0,0.0,0.0,0.0,0.0,170.0,21.0,1,1,1.0,150,0,0.0,468.0,551.0,29.4,78.7,220.15,100.0,4,False,False,False,True,False,False,False,False,False,False,0.0,0.7946871062423286
701,701,0.05,0.34,1.42,0.0,0.01,0.0,0.0,0.0,0.0,0.0,0.0,0.0,410,0.0,90,0.0,0.0,0.0,0.0,0.0,0.0,170.0,21.0,1,1,1.0,150,500,2.0,436.0,529.0,31.6,78.8,223.15,100.0,4,False,False,False,True,False,False,False,False,False,False,0.0,0.7674158116052135
702,702,0.05,0.34,1.82,0.01,0.02,0.0,0.0,0.0,0.0,0.0,0.0,0.0,390,0.0,90,0.0,0.0,0.0,0.0,0.0,0.0,170.0,21.0,1,1,1.0,150,0,0.0,514.0,588.0,28.0,76.8,230.15,100.0,4,False,False,False,True,False,False,False,False,False,False,0.0,0.8888042600501224
703,703,0.05,0.34,1.82,0.01,0.02,0.0,0.0,0.0,0.0,0.0,0.0,0.0,390,0.0,90,0.0,0.0,0.0,0.0,0.0,0.0,170.0,21.0,1,1,1.0,150,500,2.0,479.0,576.0,27.4,76.9,237.15,100.0,4,False,False,False,True,False,False,False,False,False,False,0.0,0.8594431835253729
704,704,0.05,0.25,1.21,0.01,0.02,1.84,0.05,0.34,0.01,0.06,0.0,0.0,444,0.0,143,0.0,0.0,0.0,0.0,0.0,0.0,170.0,24.0,1,1,2.1,107,0,0.0,665.0,715.0,23.8,63.86317825317383,200.15,50.0,3,False,False,False,True,False,False,False,False,False,False,3.0,0.5074084355294445
705,705,0.05,0.25,1.21,0.01,0.02,1.84,0.05,0.34,0.01,0.06,0.0,0.0,444,0.0,143,0.0,0.0,0.0,0.0,0.0,0.0,170.0,24.0,1,1,2.1,107,620,1.0,673.0,680.0,23.8,64.73668670654297,231.15,50.0,3,False,False,False,True,False,False,False,False,False,False,3.0,0.6242231430794447
706,706,0.07,0.26,1.24,0.01,0.02,1.9,0.05,0.34,0.01,0.06,0.0,0.0,365,0.0,119,0.0,0.0,0.0,0.0,0.0,0.0,170.0,24.0,1,1,2.1,107,0,0.0,768.0,807.0,20.0,63.49881362915039,201.15,50.0,3,False,False,False,True,False,False,False,False,False,False,1.0,0.9851220820891443
707,707,0.07,0.26,1.24,0.01,0.02,1.9,0.05,0.34,0.01,0.06,0.0,0.0,365,0.0,119,0.0,0.0,0.0,0.0,0.0,0.0,170.0,24.0,1,1,2.1,107,620,1.0,700.0,785.0,20.6,64.43014526367188,245.15,50.0,3,False,False,False,True,False,False,False,False,False,False,1.0,0.9134125624924855
708,708,0.1,0.34,1.42,0.01,0.03,1.92,0.05,0.35,0.01,0.05,0.0,0.0,345,0.0,87,0.0,0.0,0.0,0.0,0.0,0.0,170.0,24.0,1,1,2.1,107,0,0.0,798.0,858.0,19.6,61.85853958129883,209.15,50.0,3,False,False,False,True,False,False,False,False,False,False,1.0,0.99774917664762
709,709,0.1,0.34,1.42,0.01,0.03,1.92,0.05,0.35,0.01,0.05,0.0,0.0,345,0.0,87,0.0,0.0,0.0,0.0,0.0,0.0,170.0,24.0,1,1,2.1,107,620,1.0,765.0,858.0,20.6,63.09648895263672,259.15,50.0,3,False,False,False,True,False,False,False,False,False,False,1.0,0.993049846466503
710,710,0.12,0.33,1.41,0.01,0.03,1.88,0.05,0.34,0.01,0.05,0.0,0.0,329,0.0,99,0.0,0.0,0.0,0.0,0.0,0.0,170.0,24.0,1,1,2.1,107,0,0.0,808.0,875.0,16.6,62.95976638793945,234.15,50.0,3,False,False,False,True,False,False,False,False,False,False,1.0,0.9994521854869869
711,711,0.12,0.33,1.41,0.01,0.03,1.88,0.05,0.34,0.01,0.05,0.0,0.0,329,0.0,99,0.0,0.0,0.0,0.0,0.0,0.0,170.0,24.0,1,1,2.1,107,620,1.0,795.0,895.0,18.0,63.536502838134766,270.15,50.0,3,False,False,False,True,False,False,False,False,False,False,1.0,0.9991571031237867
712,712,0.04,0.24,0.84,0.01,0.01,2.2,0.0,0.0,0.0,0.13,0.0,0.0,300,150.0,0,0.0,0.0,0.0,0.0,0.0,0.0,165.0,25.0,1,-1,1.0,200,0,0.0,481.0,616.0,23.0,69.0,,124.25101470947266,4,False,False,False,True,False,False,False,False,False,False,5.0,0.43169644065511636
713,713,0.04,0.22,0.81,0.01,0.01,2.19,0.0,0.0,0.0,0.29,0.0,0.0,300,120.0,0,0.0,0.0,0.0,0.0,0.0,0.0,165.0,25.0,1,-1,1.0,200,0,0.0,471.0,596.0,23.0,66.0,,126.6900634765625,4,False,False,False,True,False,False,False,False,False,False,5.0,0.46378441027505946
714,714,0.04,0.23,0.83,0.01,0.01,2.19,0.0,0.0,0.0,0.45,0.0,0.0,280,140.0,0,0.0,0.0,0.0,0.0,0.0,0.0,165.0,25.0,1,-1,1.0,200,0,0.0,498.0,599.0,24.0,65.0,,125.8968734741211,4,False,False,False,True,False,False,False,False,False,False,3.0,0.458277351080732
715,715,0.04,0.24,0.82,0.01,0.01,2.2,0.0,0.0,0.0,0.62,0.0,0.0,300,150.0,0,0.0,0.0,0.0,0.0,0.0,0.0,165.0,25.0,1,-1,1.0,200,0,0.0,525.0,623.0,21.0,65.0,,125.3538818359375,4,False,False,False,True,False,False,False,False,False,False,3.0,0.723594110631883
716,716,0.04,0.23,0.83,0.01,0.01,2.21,0.0,0.0,0.0,0.79,0.0,0.0,320,140.0,0,0.0,0.0,0.0,0.0,0.0,0.0,165.0,25.0,1,-1,1.0,200,0,0.0,536.0,635.0,23.0,65.0,,125.91963958740234,4,False,False,False,True,False,False,False,False,False,False,3.0,0.7039694427797927
717,717,0.04,0.23,0.83,0.01,0.01,2.21,0.0,0.0,0.0,1.01,0.0,0.0,320,130.0,0,0.0,0.0,0.0,0.0,0.0,0.0,165.0,25.0,1,-1,1.0,200,0,0.0,566.0,674.0,21.0,62.0,,126.12483978271484,4,False,False,False,True,False,False,False,False,False,False,3.0,0.781695721609882
718,718,0.04,0.2,0.8,0.01,0.01,2.2,0.0,0.0,0.0,1.2,0.0,0.0,370,140.0,0,0.0,0.0,0.0,0.0,0.0,0.0,165.0,25.0,1,-1,1.0,200,0,0.0,573.0,690.0,21.0,62.0,,126.49991607666016,4,False,False,False,True,False,False,False,False,False,False,3.0,0.7609833108514626
719,719,0.1,0.17,1.01,0.01,0.01,0.08,9.3,1.0,0.2,0.0,0.0,0.0,634,0.0,539,0.0,0.0,460.0,0.0,0.0,0.0,180.0,34.0,1,1,1.0,175,750,8.0,617.0,762.0,18.4,61.2,,109.89852905273438,4,False,False,False,True,False,False,False,False,False,False,0.0,0.5370944818362149
720,720,0.09,0.16,1.03,0.01,0.01,0.98,9.08,0.98,0.19,0.0,0.0,0.0,651,0.0,515,0.0,0.0,430.0,0.0,0.0,0.0,180.0,34.0,1,1,1.0,175,750,8.0,551.0,751.0,19.6,64.5,,114.17205810546876,4,False,False,False,True,False,False,False,False,False,False,0.0,0.5445629293149069
721,721,0.1,0.17,1.02,0.01,0.01,1.92,9.12,1.0,0.19,0.0,0.0,0.0,664,0.0,494,0.0,0.0,470.0,0.0,0.0,0.0,180.0,34.0,1,1,1.0,175,750,8.0,672.0,866.0,13.6,56.8,,114.0736846923828,4,False,False,False,True,False,False,False,False,False,False,1.0,0.9377080090867465
722,722,0.1,0.16,1.02,0.01,0.01,3.01,9.17,0.96,0.19,0.0,0.0,0.0,610,0.0,489,0.0,0.0,450.0,0.0,0.0,0.0,180.0,34.0,1,1,1.0,175,750,8.0,920.0,1151.0,10.6,47.6,,112.2404327392578,4,False,False,False,True,False,False,False,False,False,False,1.0,0.9464555438773408
723,723,0.1,0.16,1.01,0.01,0.01,0.0,9.16,0.99,0.19,0.0,0.95,0.0,672,0.0,552,0.0,0.0,450.0,0.0,0.0,0.0,180.0,34.0,1,1,1.0,175,750,8.0,525.0,696.0,19.8,64.4,,113.02615356445312,4,False,False,False,True,False,False,False,False,False,False,0.0,0.6849461661797135
724,724,0.09,0.18,1.0,0.01,0.02,0.0,9.31,0.98,0.19,0.0,1.89,0.0,687,0.0,517,0.0,0.0,430.0,0.0,0.0,0.0,180.0,34.0,1,1,1.0,175,750,8.0,526.0,690.0,21.9,66.0,,111.08895111083984,4,False,False,False,True,False,False,False,False,False,False,0.0,0.7892351433972722
725,725,0.09,0.16,1.0,0.01,0.02,0.0,9.3,0.98,0.19,0.0,2.8,0.0,666,0.0,520,0.0,0.0,410.0,0.0,0.0,0.0,180.0,34.0,1,1,1.0,175,750,8.0,481.0,672.0,23.7,66.7,,112.64783477783205,4,False,False,False,True,False,False,False,False,False,False,0.0,0.8123427027303124
726,726,0.1,0.18,1.04,0.01,0.02,0.0,9.35,1.0,0.19,0.0,0.0,1.03,656,0.0,544,0.0,0.0,510.0,0.0,0.0,0.0,180.0,34.0,1,1,1.0,175,750,8.0,526.0,702.0,19.6,59.3,,108.80789184570312,4,False,False,False,True,False,False,False,False,False,False,0.0,0.7818386608033497
727,727,0.1,0.2,0.99,0.01,0.02,0.0,9.25,0.91,0.19,0.0,0.0,1.92,669,0.0,526,0.0,0.0,530.0,0.0,0.0,0.0,180.0,34.0,1,1,1.0,175,750,8.0,515.0,698.0,18.9,59.0,,108.640869140625,4,False,False,False,True,False,False,False,False,False,False,0.0,0.7840740748746681
728,728,0.09,0.2,1.03,0.01,0.02,0.0,9.26,0.84,0.19,0.0,0.0,2.99,640,0.0,537,0.0,0.0,580.0,0.0,0.0,0.0,180.0,34.0,1,1,1.0,175,750,8.0,489.0,686.0,18.7,49.6,,105.37911987304688,4,False,False,False,True,False,False,False,False,False,False,0.0,0.7083163891220876
729,729,0.1,0.18,1.0,0.01,0.02,0.93,9.1,0.96,0.19,0.0,0.0,0.98,667,0.0,529,0.0,0.0,460.0,0.0,0.0,0.0,180.0,34.0,1,1,1.0,175,750,8.0,531.0,738.0,17.3,58.1,,113.2746353149414,4,False,False,False,True,False,False,False,False,False,False,0.0,0.5776275212124764
730,730,0.09,0.18,0.99,0.01,0.02,0.0,8.94,0.97,0.18,0.0,0.92,0.98,695,0.0,509,0.0,0.0,440.0,0.0,0.0,0.0,180.0,34.0,1,1,1.0,175,750,8.0,492.0,673.0,21.8,65.3,,115.64566040039062,4,False,False,False,True,False,False,False,False,False,False,0.0,0.6097732695603936
731,731,0.09,0.17,0.97,0.01,0.02,0.0,9.2,0.96,0.18,0.0,1.87,0.97,662,0.0,523,0.0,0.0,450.0,0.0,0.0,0.0,180.0,34.0,1,1,1.0,175,750,8.0,524.0,701.0,20.7,63.7,,111.76888275146484,4,False,False,False,True,False,False,False,False,False,False,0.0,0.746471445921384
732,732,0.05,0.46,0.96,0.01,0.02,0.03,0.0,0.01,0.0,0.02,0.0,0.0,443,0.0,84,0.0,0.0,0.0,0.0,0.0,0.0,170.0,21.0,1,1,1.8,100,250,16.0,449.0,542.0,27.28458404541016,72.85227966308594,,107.5754623413086,2,False,False,False,True,False,False,False,False,False,False,0.0,0.7933588618908923
733,733,0.05,0.46,0.96,0.01,0.02,0.03,0.0,0.01,0.0,0.02,0.0,0.0,443,0.0,84,0.0,0.0,0.0,0.0,0.0,0.0,170.0,21.0,1,1,1.8,100,620,1.0,416.0,507.0,27.08761215209961,73.08547973632812,,110.99906158447266,2,False,False,False,True,False,False,False,False,False,False,0.0,0.5775505690006345
734,734,0.04,0.48,0.97,0.01,0.02,0.03,0.0,0.32,0.0,0.02,0.0,0.0,430,0.0,107,0.0,0.0,0.0,0.0,0.0,0.0,170.0,21.0,1,1,1.8,100,250,16.0,494.0,570.0,25.91173553466797,71.74598693847656,,107.86438751220705,2,False,False,False,True,False,False,False,False,False,False,0.0,0.8905560741220812
735,735,0.04,0.48,0.97,0.01,0.02,0.03,0.0,0.32,0.0,0.02,0.0,0.0,430,0.0,107,0.0,0.0,0.0,0.0,0.0,0.0,170.0,21.0,1,1,1.8,100,620,1.0,485.0,584.0,26.01269149780273,72.24022674560547,,114.23206329345705,2,False,False,False,True,False,False,False,False,False,False,0.0,0.6372719558748262
736,736,0.05,0.41,0.92,0.01,0.02,0.02,0.0,0.51,0.0,0.02,0.0,0.0,450,0.0,114,0.0,0.0,0.0,0.0,0.0,0.0,170.0,21.0,1,1,1.8,100,250,16.0,514.0,594.0,25.58519554138184,70.7885971069336,,111.79058837890624,2,False,False,False,True,False,False,False,False,False,False,0.0,0.8367434500885371
737,737,0.05,0.41,0.92,0.01,0.02,0.02,0.0,0.51,0.0,0.02,0.0,0.0,450,0.0,114,0.0,0.0,0.0,0.0,0.0,0.0,170.0,21.0,1,1,1.8,100,620,1.0,538.0,626.0,25.46231842041016,71.1094741821289,,116.06673431396484,2,False,False,False,True,False,False,False,False,False,False,0.0,0.5643951087838008
738,738,0.06,0.44,1.6,0.01,0.02,0.03,0.0,0.01,0.0,0.02,0.0,0.0,395,0.0,102,0.0,0.0,0.0,0.0,0.0,0.0,170.0,21.0,1,1,1.8,100,250,16.0,550.0,615.0,25.98202133178711,70.99311828613281,,100.1479721069336,2,False,False,False,True,False,False,False,False,False,False,0.0,0.9177485691454915
739,739,0.06,0.44,1.6,0.01,0.02,0.03,0.0,0.01,0.0,0.02,0.0,0.0,395,0.0,102,0.0,0.0,0.0,0.0,0.0,0.0,170.0,21.0,1,1,1.8,100,620,1.0,494.0,556.0,25.838098526000977,71.34195709228516,,102.96163940429688,2,False,False,False,True,False,False,False,False,False,False,0.0,0.9134255440436735
740,740,0.06,0.46,1.63,0.01,0.02,0.02,0.0,0.34,0.0,0.02,0.0,0.0,407,0.0,106,0.0,0.0,0.0,0.0,0.0,0.0,170.0,21.0,1,1,1.8,100,250,16.0,612.0,688.0,24.76371955871582,69.7691879272461,,95.90960693359376,2,False,False,False,True,False,False,False,False,False,False,0.0,0.6474005144603077
741,741,0.06,0.46,1.63,0.01,0.02,0.02,0.0,0.34,0.0,0.02,0.0,0.0,407,0.0,106,0.0,0.0,0.0,0.0,0.0,0.0,170.0,21.0,1,1,1.8,100,620,1.0,591.0,674.0,24.652788162231445,70.10718536376953,,97.6059799194336,2,False,False,False,True,False,False,False,False,False,False,0.0,0.7739915488572265
742,742,0.06,0.48,1.62,0.01,0.02,0.02,0.0,0.54,0.0,0.02,0.0,0.0,371,0.0,93,0.0,0.0,0.0,0.0,0.0,0.0,170.0,21.0,1,1,1.8,100,250,16.0,673.0,737.0,25.008445739746094,69.85025787353516,,95.57188415527344,2,False,False,False,True,False,False,False,False,False,False,0.0,0.4980371442282055
743,743,0.06,0.48,1.62,0.01,0.02,0.02,0.0,0.54,0.0,0.02,0.0,0.0,371,0.0,93,0.0,0.0,0.0,0.0,0.0,0.0,170.0,21.0,1,1,1.8,100,620,1.0,628.0,727.0,25.309690475463867,69.72492980957031,,97.84436798095705,2,False,False,False,True,False,False,False,False,False,False,0.0,0.6961013296101883
744,744,0.06,0.42,2.0,0.01,0.02,0.02,0.0,0.01,0.0,0.02,0.0,0.0,371,0.0,117,0.0,0.0,0.0,0.0,0.0,0.0,170.0,21.0,1,1,1.8,100,250,16.0,583.0,664.0,24.5578670501709,67.80269622802734,,94.37115478515624,2,False,False,False,True,False,False,False,False,False,False,0.0,0.5523326700075365
745,745,0.06,0.42,2.0,0.01,0.02,0.02,0.0,0.01,0.0,0.02,0.0,0.0,371,0.0,117,0.0,0.0,0.0,0.0,0.0,0.0,170.0,21.0,1,1,1.8,100,620,1.0,530.0,626.0,24.52718544006348,68.04672241210938,,95.28927612304688,2,False,False,False,True,False,False,False,False,False,False,0.0,0.7453762527491155
746,746,0.06,0.39,1.95,0.01,0.02,0.02,0.0,0.34,0.0,0.02,0.0,0.0,395,0.0,125,0.0,0.0,0.0,0.0,0.0,0.0,170.0,21.0,1,1,1.8,100,250,16.0,677.0,741.0,23.64749336242676,67.44136810302734,,95.7579345703125,2,False,False,False,True,False,False,False,False,False,False,0.0,0.403305502000544
747,747,0.06,0.39,1.95,0.01,0.02,0.02,0.0,0.34,0.0,0.02,0.0,0.0,395,0.0,125,0.0,0.0,0.0,0.0,0.0,0.0,170.0,21.0,1,1,1.8,100,620,1.0,632.0,709.0,23.90209579467773,67.64398956298828,,97.10533905029295,2,False,False,False,True,False,False,False,False,False,False,0.0,0.6088685455419355
748,748,0.06,0.39,1.99,0.01,0.02,0.02,0.0,0.54,0.0,0.02,0.0,0.0,364,0.0,102,0.0,0.0,0.0,0.0,0.0,0.0,170.0,21.0,1,1,1.8,100,250,16.0,701.0,748.0,23.76991844177246,66.76062774658203,,101.82917785644533,2,False,False,False,True,False,False,False,False,False,False,0.0,0.6514509425661041
749,749,0.06,0.39,1.99,0.01,0.02,0.02,0.0,0.54,0.0,0.02,0.0,0.0,364,0.0,102,0.0,0.0,0.0,0.0,0.0,0.0,170.0,21.0,1,1,1.8,100,620,1.0,693.0,783.0,24.38407516479492,66.69873046875,,103.4343032836914,2,False,False,False,True,False,False,False,False,False,False,0.0,0.6525898141077892
750,750,0.03,0.45,0.78,0.01,0.01,0.0,0.0,0.0,0.0,0.0,0.0,0.0,336,140.0,95,90.0,0.0,0.0,60.0,10.0,20.0,180.0,23.0,1,1,1.0,250,0,0.0,408.0,526.2826538085938,28.12335205078125,78.20818328857422,,126.71105194091795,1,False,False,False,True,False,False,False,False,False,False,4.0,0.9430769645625005
751,751,0.03,0.45,0.78,0.01,0.01,0.0,0.0,0.0,0.0,0.0,0.0,0.0,336,140.0,95,90.0,0.0,0.0,60.0,10.0,20.0,180.0,23.0,1,1,1.0,250,0,0.0,412.4080505371094,503.9675903320313,30.128686904907227,78.2215347290039,213.15,5.0,0,False,False,False,True,False,False,False,False,False,False,2.0,0.9977722867826526
752,752,0.03,0.45,0.78,0.01,0.01,0.0,0.0,0.0,0.0,0.0,0.0,0.0,336,140.0,95,90.0,0.0,0.0,60.0,10.0,20.0,180.0,23.0,1,1,1.0,250,0,0.0,428.9026489257813,513.6705322265625,28.85721015930176,78.21549987792969,233.15,12.0,0,False,False,False,True,False,False,False,False,False,False,2.0,0.9988778106698815
753,753,0.03,0.45,0.78,0.01,0.01,0.0,0.0,0.0,0.0,0.0,0.0,0.0,336,140.0,95,90.0,0.0,0.0,60.0,10.0,20.0,180.0,23.0,1,1,1.0,250,0,0.0,432.677978515625,529.4298706054688,27.848482131958008,77.96430969238281,253.15,48.0,0,False,False,False,True,False,False,False,False,False,False,2.0,0.7506126051650358
754,754,0.03,0.45,0.78,0.01,0.01,0.0,0.0,0.0,0.0,0.0,0.0,0.0,336,140.0,95,90.0,0.0,0.0,60.0,10.0,20.0,180.0,23.0,1,1,1.0,250,0,0.0,435.86376953125,528.0087890625,27.64091682434082,77.46053314208984,273.15,136.0,0,False,False,False,True,False,False,False,False,False,False,4.0,0.8737450651642542
755,755,0.03,0.45,0.78,0.01,0.01,0.0,0.0,0.0,0.0,0.0,0.0,0.0,336,140.0,95,90.0,0.0,0.0,60.0,10.0,20.0,180.0,23.0,1,1,1.0,250,0,0.0,435.86376953125,528.0087890625,27.62946510314941,77.46053314208984,293.15,212.0,0,False,False,False,True,False,False,False,False,False,False,5.0,0.9970794783220046
756,756,0.03,0.45,1.27,0.01,0.01,0.0,0.0,0.0,0.0,0.0,0.0,0.0,321,130.0,94,90.0,0.0,0.0,60.0,10.0,30.0,180.0,23.0,1,1,1.0,250,0,0.0,440.0,552.5357666015625,27.329185485839844,78.70773315429688,,95.46401977539062,1,False,False,False,True,False,False,False,False,False,False,0.0,0.7002914369820185
757,757,0.03,0.45,1.27,0.01,0.01,0.0,0.0,0.0,0.0,0.0,0.0,0.0,321,130.0,94,90.0,0.0,0.0,60.0,10.0,30.0,180.0,23.0,1,1,1.0,250,0,0.0,446.03411865234375,534.4654541015625,29.61066436767578,78.73125457763672,213.15,10.0,0,False,False,False,True,False,False,False,False,False,False,2.0,0.9974428434142926
758,758,0.03,0.45,1.27,0.01,0.01,0.0,0.0,0.0,0.0,0.0,0.0,0.0,321,130.0,94,90.0,0.0,0.0,60.0,10.0,30.0,180.0,23.0,1,1,1.0,250,0,0.0,465.7579345703125,545.8689575195312,28.082399368286133,78.71504974365234,233.15,21.0,0,False,False,False,True,False,False,False,False,False,False,2.0,0.9980594539993872
759,759,0.03,0.45,1.27,0.01,0.01,0.0,0.0,0.0,0.0,0.0,0.0,0.0,321,130.0,94,90.0,0.0,0.0,60.0,10.0,30.0,180.0,23.0,1,1,1.0,250,0,0.0,469.5031127929688,558.2198486328125,27.112659454345703,78.46385955810547,253.15,38.0,0,False,False,False,True,False,False,False,False,False,False,2.0,0.9808849855542859
760,760,0.03,0.45,1.27,0.01,0.01,0.0,0.0,0.0,0.0,0.0,0.0,0.0,321,130.0,94,90.0,0.0,0.0,60.0,10.0,30.0,180.0,23.0,1,1,1.0,250,0,0.0,471.42584228515625,558.8876342773438,26.91067314147949,77.710205078125,273.15,152.0,0,False,False,False,True,False,False,False,False,False,False,4.0,0.49920198692742157
761,761,0.03,0.45,1.27,0.01,0.01,0.0,0.0,0.0,0.0,0.0,0.0,0.0,321,130.0,94,90.0,0.0,0.0,60.0,10.0,30.0,180.0,23.0,1,1,1.0,250,0,0.0,471.42584228515625,558.8876342773438,26.89922142028809,77.710205078125,293.15,195.0,0,False,False,False,True,False,False,False,False,False,False,5.0,0.9843114407768212
762,762,0.03,0.42,1.71,0.0,0.01,0.0,0.0,0.0,0.0,0.0,0.0,0.0,297,110.0,109,80.0,0.0,0.0,60.0,10.0,30.0,180.0,23.0,1,1,1.0,250,0,0.0,488.0,598.4546508789062,26.354463577270508,76.72136688232422,,140.47149658203125,1,False,False,False,True,False,False,False,False,False,False,5.0,0.4941283275866058
763,763,0.03,0.42,1.71,0.0,0.01,0.0,0.0,0.0,0.0,0.0,0.0,0.0,297,110.0,109,80.0,0.0,0.0,60.0,10.0,30.0,180.0,23.0,1,1,1.0,250,0,0.0,487.3081970214844,573.9889526367188,28.292423248291016,77.05982208251953,213.15,29.0,0,False,False,False,True,False,False,False,False,False,False,2.0,0.9928937133804853
764,764,0.03,0.42,1.71,0.0,0.01,0.0,0.0,0.0,0.0,0.0,0.0,0.0,297,110.0,109,80.0,0.0,0.0,60.0,10.0,30.0,180.0,23.0,1,1,1.0,250,0,0.0,502.0772705078125,589.0575561523438,27.050745010375977,76.91283416748047,233.15,71.0,0,False,False,False,True,False,False,False,False,False,False,4.0,0.6348885499325313
765,765,0.03,0.42,1.71,0.0,0.01,0.0,0.0,0.0,0.0,0.0,0.0,0.0,297,110.0,109,80.0,0.0,0.0,60.0,10.0,30.0,180.0,23.0,1,1,1.0,250,0,0.0,506.3156433105469,598.6786499023438,26.1103630065918,76.51826477050781,253.15,143.0,0,False,False,False,True,False,False,False,False,False,False,5.0,0.596290140269821
766,766,0.03,0.42,1.71,0.0,0.01,0.0,0.0,0.0,0.0,0.0,0.0,0.0,297,110.0,109,80.0,0.0,0.0,60.0,10.0,30.0,180.0,23.0,1,1,1.0,250,0,0.0,506.3534851074219,605.5047607421875,25.99384307861328,75.93477630615234,273.15,186.0,0,False,False,False,True,False,False,False,False,False,False,5.0,0.9529487013532502
767,767,0.03,0.42,1.71,0.0,0.01,0.0,0.0,0.0,0.0,0.0,0.0,0.0,297,110.0,109,80.0,0.0,0.0,60.0,10.0,30.0,180.0,23.0,1,1,1.0,250,0,0.0,506.3534851074219,605.5047607421875,25.97488784790039,75.93477630615234,293.15,195.0,0,False,False,False,True,False,False,False,False,False,False,5.0,0.9649834339472063
768,768,0.03,0.45,2.05,0.0,0.01,0.0,0.0,0.0,0.0,0.0,0.0,0.0,320,120.0,119,90.0,0.0,0.0,60.0,10.0,50.0,180.0,23.0,1,1,1.0,250,0,0.0,506.0,607.3792724609375,25.869293212890625,75.24563598632812,,131.21090698242188,1,False,False,False,True,False,False,False,False,False,False,5.0,0.48175345998173486
769,769,0.03,0.45,2.05,0.0,0.01,0.0,0.0,0.0,0.0,0.0,0.0,0.0,320,120.0,119,90.0,0.0,0.0,60.0,10.0,50.0,180.0,23.0,1,1,1.0,250,0,0.0,490.6137390136719,585.2901000976562,28.019100189208984,75.80313110351562,213.15,57.0,0,False,False,False,True,False,False,False,False,False,False,4.0,0.5076371141196359
770,770,0.03,0.45,2.05,0.0,0.01,0.0,0.0,0.0,0.0,0.0,0.0,0.0,320,120.0,119,90.0,0.0,0.0,60.0,10.0,50.0,180.0,23.0,1,1,1.0,250,0,0.0,505.4582214355469,596.7296142578125,26.75788116455078,75.78120422363281,233.15,88.0,0,False,False,False,True,False,False,False,False,False,False,4.0,0.46666300597619176
771,771,0.03,0.45,2.05,0.0,0.01,0.0,0.0,0.0,0.0,0.0,0.0,0.0,320,120.0,119,90.0,0.0,0.0,60.0,10.0,50.0,180.0,23.0,1,1,1.0,250,0,0.0,510.43157958984375,606.4242553710938,25.841936111450195,75.49604797363281,253.15,143.0,0,False,False,False,True,False,False,False,False,False,False,5.0,0.6415169560598587
772,772,0.03,0.45,2.05,0.0,0.01,0.0,0.0,0.0,0.0,0.0,0.0,0.0,320,120.0,119,90.0,0.0,0.0,60.0,10.0,50.0,180.0,23.0,1,1,1.0,250,0,0.0,510.4694213867188,613.2503662109375,25.788787841796875,75.12252807617188,273.15,167.0,0,False,False,False,True,False,False,False,False,False,False,5.0,0.877139092777464
773,773,0.03,0.45,2.05,0.0,0.01,0.0,0.0,0.0,0.0,0.0,0.0,0.0,320,120.0,119,90.0,0.0,0.0,60.0,10.0,50.0,180.0,23.0,1,1,1.0,250,0,0.0,509.9696044921875,613.1685791015625,25.70388603210449,75.12252807617188,293.15,183.0,0,False,False,False,True,False,False,False,False,False,False,5.0,0.9334559944312906
774,774,0.06,0.34,0.77,0.01,0.01,0.0,0.0,0.0,0.0,0.0,0.0,0.0,306,110.0,66,70.0,0.0,0.0,30.0,10.0,10.0,180.0,23.0,1,1,1.0,250,0,0.0,400.0,508.62603759765625,30.11260223388672,78.69755554199219,,152.0894317626953,1,False,False,False,True,False,False,False,False,False,False,4.0,0.8319817663749549
775,775,0.06,0.34,0.77,0.01,0.01,0.0,0.0,0.0,0.0,0.0,0.0,0.0,306,110.0,66,70.0,0.0,0.0,30.0,10.0,10.0,180.0,23.0,1,1,1.0,250,0,0.0,390.2715759277344,477.80767822265625,32.03559875488281,78.86116027832031,213.15,43.0,0,False,False,False,True,False,False,False,False,False,False,2.0,0.9820276858180171
776,776,0.06,0.34,0.77,0.01,0.01,0.0,0.0,0.0,0.0,0.0,0.0,0.0,306,110.0,66,70.0,0.0,0.0,30.0,10.0,10.0,180.0,23.0,1,1,1.0,250,0,0.0,408.4060974121094,496.3671569824219,30.56514358520508,78.73578643798828,233.15,98.0,0,False,False,False,True,False,False,False,False,False,False,0.0,0.7539228688116465
777,777,0.06,0.34,0.77,0.01,0.01,0.0,0.0,0.0,0.0,0.0,0.0,0.0,306,110.0,66,70.0,0.0,0.0,30.0,10.0,10.0,180.0,23.0,1,1,1.0,250,0,0.0,412.0802612304688,509.2686462402344,30.091354370117188,78.03030395507812,253.15,157.0,0,False,False,False,True,False,False,False,False,False,False,4.0,0.7481372640816717
778,778,0.06,0.34,0.77,0.01,0.01,0.0,0.0,0.0,0.0,0.0,0.0,0.0,306,110.0,66,70.0,0.0,0.0,30.0,10.0,10.0,180.0,23.0,1,1,1.0,250,0,0.0,414.8052673339844,509.2686462402344,29.74664878845215,77.36372375488281,273.15,190.0,0,False,False,False,True,False,False,False,False,False,False,5.0,0.923758516257618
779,779,0.06,0.34,0.77,0.01,0.01,0.0,0.0,0.0,0.0,0.0,0.0,0.0,306,110.0,66,70.0,0.0,0.0,30.0,10.0,10.0,180.0,23.0,1,1,1.0,250,0,0.0,414.8052673339844,509.2686462402344,29.74971008300781,77.36372375488281,293.15,200.0,0,False,False,False,True,False,False,False,False,False,False,5.0,0.9783579457302173
780,780,0.06,0.33,1.09,0.01,0.01,0.0,0.0,0.0,0.0,0.0,0.0,0.0,310,100.0,64,70.0,0.0,0.0,50.0,10.0,50.0,180.0,23.0,1,1,1.0,250,0,0.0,430.0,529.2166748046875,30.024986267089844,78.79289245605469,,133.43551635742188,1,False,False,False,True,False,False,False,False,False,False,4.0,0.9274312387348727
781,781,0.06,0.33,1.09,0.01,0.01,0.0,0.0,0.0,0.0,0.0,0.0,0.0,310,100.0,64,70.0,0.0,0.0,50.0,10.0,50.0,180.0,23.0,1,1,1.0,250,0,0.0,410.767333984375,498.6890869140625,32.315433502197266,78.95649719238281,213.15,12.0,0,False,False,False,True,False,False,False,False,False,False,2.0,0.9998130137173334
782,782,0.06,0.33,1.09,0.01,0.01,0.0,0.0,0.0,0.0,0.0,0.0,0.0,310,100.0,64,70.0,0.0,0.0,50.0,10.0,50.0,180.0,23.0,1,1,1.0,250,0,0.0,437.6359558105469,522.243408203125,30.640932083129883,78.83112335205078,233.15,86.0,0,False,False,False,True,False,False,False,False,False,False,4.0,0.8956672292586658
783,783,0.06,0.33,1.09,0.01,0.01,0.0,0.0,0.0,0.0,0.0,0.0,0.0,310,100.0,64,70.0,0.0,0.0,50.0,10.0,50.0,180.0,23.0,1,1,1.0,250,0,0.0,438.85833740234375,532.5737915039062,30.003738403320312,78.12564086914062,253.15,124.0,0,False,False,False,True,False,False,False,False,False,False,4.0,0.9461689161825881
784,784,0.06,0.33,1.09,0.01,0.01,0.0,0.0,0.0,0.0,0.0,0.0,0.0,310,100.0,64,70.0,0.0,0.0,50.0,10.0,50.0,180.0,23.0,1,1,1.0,250,0,0.0,441.5833435058594,532.5737915039062,29.66461181640625,77.40200805664062,273.15,176.0,0,False,False,False,True,False,False,False,False,False,False,5.0,0.773658170510262
785,785,0.06,0.33,1.09,0.01,0.01,0.0,0.0,0.0,0.0,0.0,0.0,0.0,310,100.0,64,70.0,0.0,0.0,50.0,10.0,50.0,180.0,23.0,1,1,1.0,250,0,0.0,441.5833435058594,532.5737915039062,29.667673110961918,77.40200805664062,293.15,181.0,0,False,False,False,True,False,False,False,False,False,False,5.0,0.8566396563632945
786,786,0.06,0.3,1.44,0.01,0.01,0.0,0.0,0.0,0.0,0.0,0.0,0.0,305,90.0,65,70.0,0.0,0.0,40.0,10.0,50.0,180.0,23.0,1,1,1.0,250,0,0.0,473.0,551.5572509765625,29.40851402282715,78.59778594970703,,138.54171752929688,1,False,False,False,True,False,False,False,False,False,False,4.0,0.8266924122917857
787,787,0.06,0.3,1.44,0.01,0.01,0.0,0.0,0.0,0.0,0.0,0.0,0.0,305,90.0,65,70.0,0.0,0.0,40.0,10.0,50.0,180.0,23.0,1,1,1.0,250,0,0.0,459.0997924804688,534.1616821289062,31.329145431518555,78.67625427246094,213.15,20.0,0,False,False,False,True,False,False,False,False,False,False,2.0,0.9994981391632838
788,788,0.06,0.3,1.44,0.01,0.01,0.0,0.0,0.0,0.0,0.0,0.0,0.0,305,90.0,65,70.0,0.0,0.0,40.0,10.0,50.0,180.0,23.0,1,1,1.0,250,0,0.0,476.30267333984375,550.98486328125,30.13749122619629,78.5945053100586,233.15,129.0,0,False,False,False,True,False,False,False,False,False,False,4.0,0.9009833009142151
789,789,0.06,0.3,1.44,0.01,0.01,0.0,0.0,0.0,0.0,0.0,0.0,0.0,305,90.0,65,70.0,0.0,0.0,40.0,10.0,50.0,180.0,23.0,1,1,1.0,250,0,0.0,476.3210754394531,555.1295166015625,29.50900077819824,78.01551055908203,253.15,143.0,0,False,False,False,True,False,False,False,False,False,False,4.0,0.764182056145118
790,790,0.06,0.3,1.44,0.01,0.01,0.0,0.0,0.0,0.0,0.0,0.0,0.0,305,90.0,65,70.0,0.0,0.0,40.0,10.0,50.0,180.0,23.0,1,1,1.0,250,0,0.0,476.2350158691406,558.3265380859375,29.212900161743164,77.35995483398438,273.15,171.0,0,False,False,False,True,False,False,False,False,False,False,5.0,0.7900766615086027
791,791,0.06,0.3,1.44,0.01,0.01,0.0,0.0,0.0,0.0,0.0,0.0,0.0,305,90.0,65,70.0,0.0,0.0,40.0,10.0,50.0,180.0,23.0,1,1,1.0,250,0,0.0,476.2350158691406,558.3265380859375,29.215961456298828,77.35995483398438,293.15,179.0,0,False,False,False,True,False,False,False,False,False,False,5.0,0.8974416800985372
792,792,0.06,0.33,1.83,0.0,0.01,0.0,0.0,0.0,0.0,0.0,0.0,0.0,291,90.0,76,70.0,0.0,0.0,40.0,10.0,50.0,180.0,23.0,1,1,1.0,250,0,0.0,496.0,591.5375366210938,27.93245887756348,76.83238220214844,,139.70809936523438,1,False,False,False,True,False,False,False,False,False,False,4.0,0.5688663220524708
793,793,0.06,0.33,1.83,0.0,0.01,0.0,0.0,0.0,0.0,0.0,0.0,0.0,291,90.0,76,70.0,0.0,0.0,40.0,10.0,50.0,180.0,23.0,1,1,1.0,250,0,0.0,487.0039978027344,566.1593017578125,30.529510498046875,77.22430419921875,213.15,88.0,0,False,False,False,True,False,False,False,False,False,False,4.0,0.7578202617080694
794,794,0.06,0.33,1.83,0.0,0.01,0.0,0.0,0.0,0.0,0.0,0.0,0.0,291,90.0,76,70.0,0.0,0.0,40.0,10.0,50.0,180.0,23.0,1,1,1.0,250,0,0.0,499.0043640136719,585.1065063476562,28.998598098754883,77.02113342285156,233.15,121.0,0,False,False,False,True,False,False,False,False,False,False,4.0,0.8002829644763301
795,795,0.06,0.33,1.83,0.0,0.01,0.0,0.0,0.0,0.0,0.0,0.0,0.0,291,90.0,76,70.0,0.0,0.0,40.0,10.0,50.0,180.0,23.0,1,1,1.0,250,0,0.0,502.78900146484375,592.1383666992188,28.25004196166992,76.33934783935547,253.15,150.0,0,False,False,False,True,False,False,False,False,False,False,5.0,0.5934599674463756
796,796,0.06,0.33,1.83,0.0,0.01,0.0,0.0,0.0,0.0,0.0,0.0,0.0,291,90.0,76,70.0,0.0,0.0,40.0,10.0,50.0,180.0,23.0,1,1,1.0,250,0,0.0,502.8268432617188,594.9154663085938,27.98434257507324,75.65105438232422,273.15,152.0,0,False,False,False,True,False,False,False,False,False,False,5.0,0.6589722434126152
797,797,0.06,0.33,1.83,0.0,0.01,0.0,0.0,0.0,0.0,0.0,0.0,0.0,291,90.0,76,70.0,0.0,0.0,40.0,10.0,50.0,180.0,23.0,1,1,1.0,250,0,0.0,502.3270263671875,594.9154663085938,27.921689987182617,75.65105438232422,293.15,174.0,0,False,False,False,True,False,False,False,False,False,False,5.0,0.9192151880387593
798,798,0.09,0.41,0.78,0.01,0.01,0.0,0.0,0.0,0.0,0.0,0.0,0.0,421,140.0,36,30.0,0.0,0.0,50.0,40.0,40.0,180.0,23.0,1,1,1.0,250,0,0.0,430.0,524.5751342773438,28.73286819458008,77.33529663085938,,150.3578338623047,1,False,False,False,True,False,False,False,False,False,False,4.0,0.7663608101916142
799,799,0.09,0.41,0.78,0.01,0.01,0.0,0.0,0.0,0.0,0.0,0.0,0.0,421,140.0,36,30.0,0.0,0.0,50.0,40.0,40.0,180.0,23.0,1,1,1.0,250,0,0.0,391.8092956542969,490.7987976074219,30.21993637084961,77.50971221923828,213.15,39.0,0,False,False,False,True,False,False,False,False,False,False,2.0,0.9947703245565916
800,800,0.09,0.41,0.78,0.01,0.01,0.0,0.0,0.0,0.0,0.0,0.0,0.0,421,140.0,36,30.0,0.0,0.0,50.0,40.0,40.0,180.0,23.0,1,1,1.0,250,0,0.0,419.5188598632813,510.4109497070313,29.27715110778809,77.30191040039062,233.15,95.0,0,False,False,False,True,False,False,False,False,False,False,0.0,0.6315452452677033
801,801,0.09,0.41,0.78,0.01,0.01,0.0,0.0,0.0,0.0,0.0,0.0,0.0,421,140.0,36,30.0,0.0,0.0,50.0,40.0,40.0,180.0,23.0,1,1,1.0,250,0,0.0,421.7775573730469,523.3131103515625,28.73976325988769,76.73985290527344,253.15,160.0,0,False,False,False,True,False,False,False,False,False,False,4.0,0.6060803668228151
802,802,0.09,0.41,0.78,0.01,0.01,0.0,0.0,0.0,0.0,0.0,0.0,0.0,421,140.0,36,30.0,0.0,0.0,50.0,40.0,40.0,180.0,23.0,1,1,1.0,250,0,0.0,424.5025634765625,523.3131103515625,28.481246948242188,76.1371841430664,273.15,148.0,0,False,False,False,True,False,False,False,False,False,False,4.0,0.7898902842693145
803,803,0.09,0.41,0.78,0.01,0.01,0.0,0.0,0.0,0.0,0.0,0.0,0.0,421,140.0,36,30.0,0.0,0.0,50.0,40.0,40.0,180.0,23.0,1,1,1.0,250,0,0.0,424.5025634765625,523.9474487304688,28.481246948242188,76.1371841430664,293.15,198.0,0,False,False,False,True,False,False,False,False,False,False,5.0,0.9800776622433441
804,804,0.09,0.35,1.18,0.01,0.01,0.0,0.0,0.0,0.0,0.0,0.0,0.0,404,120.0,73,80.0,0.0,0.0,50.0,30.0,30.0,180.0,23.0,1,1,1.0,250,0,0.0,450.0,536.7571411132812,28.67359161376953,77.60664367675781,,147.94256591796875,1,False,False,False,True,False,False,False,False,False,False,4.0,0.7488599747050619
805,805,0.09,0.35,1.18,0.01,0.01,0.0,0.0,0.0,0.0,0.0,0.0,0.0,404,120.0,73,80.0,0.0,0.0,50.0,30.0,30.0,180.0,23.0,1,1,1.0,250,0,0.0,412.5921936035156,505.4875183105469,30.51708984375,77.78105926513672,213.15,60.0,0,False,False,False,True,False,False,False,False,False,False,4.0,0.9676323286466093
806,806,0.09,0.35,1.18,0.01,0.01,0.0,0.0,0.0,0.0,0.0,0.0,0.0,404,120.0,73,80.0,0.0,0.0,50.0,30.0,30.0,180.0,23.0,1,1,1.0,250,0,0.0,443.6079406738281,528.8313598632812,29.277099609375,77.57325744628906,233.15,117.0,0,False,False,False,True,False,False,False,False,False,False,4.0,0.8610537493825371
807,807,0.09,0.35,1.18,0.01,0.01,0.0,0.0,0.0,0.0,0.0,0.0,0.0,404,120.0,73,80.0,0.0,0.0,50.0,30.0,30.0,180.0,23.0,1,1,1.0,250,0,0.0,446.8845825195313,541.5348510742188,28.6809139251709,77.01119995117188,253.15,162.0,0,False,False,False,True,False,False,False,False,False,False,5.0,0.5295182862100518
808,808,0.09,0.35,1.18,0.01,0.01,0.0,0.0,0.0,0.0,0.0,0.0,0.0,404,120.0,73,80.0,0.0,0.0,50.0,30.0,30.0,180.0,23.0,1,1,1.0,250,0,0.0,448.4064331054688,541.5348510742188,28.26363182067871,76.35147857666016,273.15,186.0,0,False,False,False,True,False,False,False,False,False,False,5.0,0.9404073648868002
809,809,0.09,0.35,1.18,0.01,0.01,0.0,0.0,0.0,0.0,0.0,0.0,0.0,404,120.0,73,80.0,0.0,0.0,50.0,30.0,30.0,180.0,23.0,1,1,1.0,250,0,0.0,448.4064331054688,542.169189453125,28.26363182067871,76.35147857666016,293.15,188.0,0,False,False,False,True,False,False,False,False,False,False,5.0,0.9525706192810324
810,810,0.09,0.37,1.59,0.01,0.01,0.0,0.0,0.0,0.0,0.0,0.0,0.0,491,120.0,77,30.0,0.0,0.0,50.0,50.0,40.0,180.0,23.0,1,1,1.0,250,0,0.0,478.0,571.849365234375,27.11188125610352,75.91962432861328,,138.9464111328125,1,False,False,False,True,False,False,False,False,False,False,4.0,0.6355681661764886
811,811,0.09,0.37,1.59,0.01,0.01,0.0,0.0,0.0,0.0,0.0,0.0,0.0,491,120.0,77,30.0,0.0,0.0,50.0,50.0,40.0,180.0,23.0,1,1,1.0,250,0,0.0,461.8451843261719,556.6314697265625,28.77545166015625,76.25376892089844,213.15,81.0,0,False,False,False,True,False,False,False,False,False,False,4.0,0.9298419228549073
812,812,0.09,0.37,1.59,0.01,0.01,0.0,0.0,0.0,0.0,0.0,0.0,0.0,491,120.0,77,30.0,0.0,0.0,50.0,50.0,40.0,180.0,23.0,1,1,1.0,250,0,0.0,477.8634948730469,570.8355712890625,27.81693458557129,75.99755096435547,233.15,110.0,0,False,False,False,True,False,False,False,False,False,False,0.0,0.7182517522199932
813,813,0.09,0.37,1.59,0.01,0.01,0.0,0.0,0.0,0.0,0.0,0.0,0.0,491,120.0,77,30.0,0.0,0.0,50.0,50.0,40.0,180.0,23.0,1,1,1.0,250,0,0.0,478.1726379394531,571.8634643554688,27.1527042388916,75.4842300415039,253.15,157.0,0,False,False,False,True,False,False,False,False,False,False,5.0,0.6685780372196267
814,814,0.09,0.37,1.59,0.01,0.01,0.0,0.0,0.0,0.0,0.0,0.0,0.0,491,120.0,77,30.0,0.0,0.0,50.0,50.0,40.0,180.0,23.0,1,1,1.0,250,0,0.0,477.6856689453125,575.7642211914062,26.87226676940918,74.78373718261719,273.15,160.0,0,False,False,False,True,False,False,False,False,False,False,5.0,0.7479949292386453
815,815,0.09,0.37,1.59,0.01,0.01,0.0,0.0,0.0,0.0,0.0,0.0,0.0,491,120.0,77,30.0,0.0,0.0,50.0,50.0,40.0,180.0,23.0,1,1,1.0,250,0,0.0,477.6856689453125,576.3985595703125,26.87226676940918,74.78373718261719,293.15,174.0,0,False,False,False,True,False,False,False,False,False,False,5.0,0.9101746257028537
816,816,0.1,0.39,2.25,0.01,0.01,0.0,0.0,0.0,0.0,0.0,0.0,0.0,330,130.0,88,30.0,0.0,0.0,60.0,50.0,50.0,180.0,23.0,1,1,1.0,250,0,0.0,541.0,635.641357421875,25.983488082885746,74.92526245117188,,126.47824096679688,1,False,False,False,True,False,False,False,False,False,False,5.0,0.49104410476660326
817,817,0.1,0.39,2.25,0.01,0.01,0.0,0.0,0.0,0.0,0.0,0.0,0.0,330,130.0,88,30.0,0.0,0.0,60.0,50.0,50.0,180.0,23.0,1,1,1.0,250,0,0.0,511.9106140136719,603.8531494140625,27.94945335388184,75.86353302001953,213.15,53.0,0,False,False,False,True,False,False,False,False,False,False,3.0,0.6126590677749786
818,818,0.1,0.39,2.25,0.01,0.01,0.0,0.0,0.0,0.0,0.0,0.0,0.0,330,130.0,88,30.0,0.0,0.0,60.0,50.0,50.0,180.0,23.0,1,1,1.0,250,0,0.0,525.475830078125,624.1635131835938,26.977294921875,75.53533172607422,233.15,95.0,0,False,False,False,True,False,False,False,False,False,False,0.0,0.8441344087393724
819,819,0.1,0.39,2.25,0.01,0.01,0.0,0.0,0.0,0.0,0.0,0.0,0.0,330,130.0,88,30.0,0.0,0.0,60.0,50.0,50.0,180.0,23.0,1,1,1.0,250,0,0.0,535.1677856445312,632.6430053710938,26.10771751403809,75.09225463867188,253.15,126.0,0,False,False,False,True,False,False,False,False,False,False,5.0,0.48668559265904654
820,820,0.1,0.39,2.25,0.01,0.01,0.0,0.0,0.0,0.0,0.0,0.0,0.0,330,130.0,88,30.0,0.0,0.0,60.0,50.0,50.0,180.0,23.0,1,1,1.0,250,0,0.0,534.6807861328125,640.8901977539062,25.87407112121582,74.48101043701172,273.15,148.0,0,False,False,False,True,False,False,False,False,False,False,5.0,0.6947881128649517
821,821,0.1,0.39,2.25,0.01,0.01,0.0,0.0,0.0,0.0,0.0,0.0,0.0,330,130.0,88,30.0,0.0,0.0,60.0,50.0,50.0,180.0,23.0,1,1,1.0,250,0,0.0,534.9327392578125,641.2575073242188,25.811418533325195,74.48101043701172,293.15,188.0,0,False,False,False,True,False,False,False,False,False,False,5.0,0.8850019245370829
822,822,0.12,0.43,0.86,0.01,0.01,0.0,0.0,0.0,0.0,0.0,0.0,0.0,329,150.0,54,50.0,0.0,0.0,50.0,30.0,30.0,180.0,23.0,1,1,1.0,250,0,0.0,445.0,541.0982055664062,28.686664581298828,77.31375122070312,,149.589599609375,1,False,False,False,True,False,False,False,False,False,False,4.0,0.7227527324145834
823,823,0.12,0.43,0.86,0.01,0.01,0.0,0.0,0.0,0.0,0.0,0.0,0.0,329,150.0,54,50.0,0.0,0.0,50.0,30.0,30.0,180.0,23.0,1,1,1.0,250,0,0.0,430.6778259277344,507.298095703125,30.486621856689453,77.60301971435547,213.15,86.0,0,False,False,False,True,False,False,False,False,False,False,4.0,0.9036870789097917
824,824,0.12,0.43,0.86,0.01,0.01,0.0,0.0,0.0,0.0,0.0,0.0,0.0,329,150.0,54,50.0,0.0,0.0,50.0,30.0,30.0,180.0,23.0,1,1,1.0,250,0,0.0,456.4323425292969,528.2338256835938,29.1732120513916,77.39521789550781,233.15,114.0,0,False,False,False,True,False,False,False,False,False,False,4.0,0.6833213905372421
825,825,0.12,0.43,0.86,0.01,0.01,0.0,0.0,0.0,0.0,0.0,0.0,0.0,329,150.0,54,50.0,0.0,0.0,50.0,30.0,30.0,180.0,23.0,1,1,1.0,250,0,0.0,462.5265197753906,539.6354370117188,28.69942283630371,76.9105453491211,253.15,140.0,0,False,False,False,True,False,False,False,False,False,False,4.0,0.8108321433123313
826,826,0.12,0.43,0.86,0.01,0.01,0.0,0.0,0.0,0.0,0.0,0.0,0.0,329,150.0,54,50.0,0.0,0.0,50.0,30.0,30.0,180.0,23.0,1,1,1.0,250,0,0.0,465.3888854980469,539.6354370117188,28.458255767822266,76.30787658691406,273.15,183.0,0,False,False,False,True,False,False,False,False,False,False,5.0,0.925533231744004
827,827,0.12,0.43,0.86,0.01,0.01,0.0,0.0,0.0,0.0,0.0,0.0,0.0,329,150.0,54,50.0,0.0,0.0,50.0,30.0,30.0,180.0,23.0,1,1,1.0,250,0,0.0,465.3888854980469,540.269775390625,28.44680404663086,76.30787658691406,293.15,190.0,0,False,False,False,True,False,False,False,False,False,False,5.0,0.9657155467533064
828,828,0.12,0.44,1.35,0.01,0.01,0.0,0.0,0.0,0.0,0.0,0.0,0.0,326,150.0,55,30.0,0.0,0.0,60.0,50.0,60.0,180.0,23.0,1,1,1.0,250,0,0.0,516.0,574.1997680664062,28.063156127929688,77.22551727294922,,140.3081512451172,1,False,False,False,True,False,False,False,False,False,False,4.0,0.56941915362736
829,829,0.12,0.44,1.35,0.01,0.01,0.0,0.0,0.0,0.0,0.0,0.0,0.0,326,150.0,55,30.0,0.0,0.0,60.0,50.0,60.0,180.0,23.0,1,1,1.0,250,0,0.0,486.4333801269531,550.7802734375,29.28450584411621,77.36962127685547,213.15,100.0,0,False,False,False,True,False,False,False,False,False,False,0.0,0.8148367292268611
830,830,0.12,0.44,1.35,0.01,0.01,0.0,0.0,0.0,0.0,0.0,0.0,0.0,326,150.0,55,30.0,0.0,0.0,60.0,50.0,60.0,180.0,23.0,1,1,1.0,250,0,0.0,501.8233947753906,569.1531982421875,28.58254623413086,77.21221160888672,233.15,138.0,0,False,False,False,True,False,False,False,False,False,False,4.0,0.6891253607741521
831,831,0.12,0.44,1.35,0.01,0.01,0.0,0.0,0.0,0.0,0.0,0.0,0.0,326,150.0,55,30.0,0.0,0.0,60.0,50.0,60.0,180.0,23.0,1,1,1.0,250,0,0.0,507.8861389160156,572.55419921875,28.134845733642575,76.7275390625,253.15,145.0,0,False,False,False,True,False,False,False,False,False,False,4.0,0.5172610115237839
832,832,0.12,0.44,1.35,0.01,0.01,0.0,0.0,0.0,0.0,0.0,0.0,0.0,326,150.0,55,30.0,0.0,0.0,60.0,50.0,60.0,180.0,23.0,1,1,1.0,250,0,0.0,508.8580627441406,581.2213134765625,27.78243637084961,76.06781768798828,273.15,162.0,0,False,False,False,True,False,False,False,False,False,False,5.0,0.7988595289120175
833,833,0.12,0.44,1.35,0.01,0.01,0.0,0.0,0.0,0.0,0.0,0.0,0.0,326,150.0,55,30.0,0.0,0.0,60.0,50.0,60.0,180.0,23.0,1,1,1.0,250,0,0.0,508.8580627441406,581.8556518554688,27.770984649658203,76.06781768798828,293.15,176.0,0,False,False,False,True,False,False,False,False,False,False,5.0,0.9292105004836869
834,834,0.13,0.37,1.83,0.01,0.01,0.0,0.0,0.0,0.0,0.0,0.0,0.0,318,130.0,63,30.0,0.0,0.0,60.0,50.0,50.0,180.0,23.0,1,1,1.0,250,0,0.0,526.0,644.2717895507812,27.03146743774414,74.00772094726562,,137.66336059570312,1,False,False,False,True,False,False,False,False,False,False,5.0,0.6094616081476937
835,835,0.13,0.37,1.83,0.01,0.01,0.0,0.0,0.0,0.0,0.0,0.0,0.0,318,130.0,63,30.0,0.0,0.0,60.0,50.0,50.0,180.0,23.0,1,1,1.0,250,0,0.0,521.3373413085938,613.515380859375,28.75154685974121,74.56047058105469,213.15,89.0,0,False,False,False,True,False,False,False,False,False,False,4.0,0.3916834568817986
836,836,0.13,0.37,1.83,0.01,0.01,0.0,0.0,0.0,0.0,0.0,0.0,0.0,318,130.0,63,30.0,0.0,0.0,60.0,50.0,50.0,180.0,23.0,1,1,1.0,250,0,0.0,532.91796875,633.2804565429688,27.96255874633789,74.2772216796875,233.15,114.0,0,False,False,False,True,False,False,False,False,False,False,0.0,0.6807816882090418
837,837,0.13,0.37,1.83,0.01,0.01,0.0,0.0,0.0,0.0,0.0,0.0,0.0,318,130.0,63,30.0,0.0,0.0,60.0,50.0,50.0,180.0,23.0,1,1,1.0,250,0,0.0,541.8087158203125,641.7599487304688,27.305980682373047,73.8769302368164,253.15,136.0,0,False,False,False,True,False,False,False,False,False,False,5.0,0.5904802558585209
838,838,0.13,0.37,1.83,0.01,0.01,0.0,0.0,0.0,0.0,0.0,0.0,0.0,318,130.0,63,30.0,0.0,0.0,60.0,50.0,50.0,180.0,23.0,1,1,1.0,250,0,0.0,541.4590454101562,644.5370483398438,27.06134414672852,73.25254821777344,273.15,167.0,0,False,False,False,True,False,False,False,False,False,False,5.0,0.8180201039639259
839,839,0.13,0.37,1.83,0.01,0.01,0.0,0.0,0.0,0.0,0.0,0.0,0.0,318,130.0,63,30.0,0.0,0.0,60.0,50.0,50.0,180.0,23.0,1,1,1.0,250,0,0.0,540.9591674804688,644.9043579101562,26.99869155883789,73.25254821777344,293.15,174.0,0,False,False,False,True,False,False,False,False,False,False,5.0,0.8457286018673499
840,840,0.11,0.36,2.18,0.01,0.01,0.0,0.0,0.0,0.0,0.0,0.0,0.0,342,120.0,74,30.0,0.0,0.0,60.0,70.0,80.0,180.0,23.0,1,1,1.0,250,0,0.0,617.0,635.92041015625,27.01165771484375,74.77764892578125,,110.33645629882812,1,False,False,False,True,False,False,False,False,False,False,0.0,0.8373183474180532
841,841,0.11,0.36,2.18,0.01,0.01,0.0,0.0,0.0,0.0,0.0,0.0,0.0,342,120.0,74,30.0,0.0,0.0,60.0,70.0,80.0,180.0,23.0,1,1,1.0,250,0,0.0,527.0811767578125,604.1405029296875,28.823442459106445,75.64875793457031,213.15,52.0,0,False,False,False,True,False,False,False,False,False,False,3.0,0.6136735486855538
842,842,0.11,0.36,2.18,0.01,0.01,0.0,0.0,0.0,0.0,0.0,0.0,0.0,342,120.0,74,30.0,0.0,0.0,60.0,70.0,80.0,180.0,23.0,1,1,1.0,250,0,0.0,539.621337890625,625.5089721679688,27.99019432067871,75.35883331298828,233.15,64.0,0,False,False,False,True,False,False,False,False,False,False,3.0,0.6972778343089832
843,843,0.11,0.36,2.18,0.01,0.01,0.0,0.0,0.0,0.0,0.0,0.0,0.0,342,120.0,74,30.0,0.0,0.0,60.0,70.0,80.0,180.0,23.0,1,1,1.0,250,0,0.0,544.0406494140625,633.9884643554688,27.316730499267575,74.97431182861328,253.15,107.0,0,False,False,False,True,False,False,False,False,False,False,0.0,0.9174783482152128
844,844,0.11,0.36,2.18,0.01,0.01,0.0,0.0,0.0,0.0,0.0,0.0,0.0,342,120.0,74,30.0,0.0,0.0,60.0,70.0,80.0,180.0,23.0,1,1,1.0,250,0,0.0,541.4910278320312,637.0308837890625,27.083084106445312,74.27372741699219,273.15,129.0,0,False,False,False,True,False,False,False,False,False,False,5.0,0.5179352433820503
845,845,0.11,0.36,2.18,0.01,0.01,0.0,0.0,0.0,0.0,0.0,0.0,0.0,342,120.0,74,30.0,0.0,0.0,60.0,70.0,80.0,180.0,23.0,1,1,1.0,250,0,0.0,541.7429809570312,637.2254638671875,27.020431518554688,74.27372741699219,293.15,162.0,0,False,False,False,True,False,False,False,False,False,False,5.0,0.8142158361977208
846,846,0.06,0.62,1.22,0.01,0.01,0.05,0.09,0.0,0.01,0.0,0.0,0.0,1100,180.0,43,70.0,1.0,30.0,0.0,0.0,0.0,280.0,30.0,1,1,2.8,200,200,14.0,497.2611999511719,538.0,24.522052764892575,60.927005767822266,,99.61610412597656,1,True,False,False,False,False,False,False,False,False,False,0.0,0.8920238063082135
847,847,0.05,0.68,1.3,0.01,0.01,0.04,0.06,0.0,0.01,0.0,0.0,0.0,1300,170.0,39,70.0,1.0,30.0,0.0,0.0,0.0,280.0,30.0,1,1,2.8,200,200,14.0,497.0286560058594,552.0,24.1275577545166,60.737525939941406,,99.38675689697266,1,True,False,False,False,False,False,False,False,False,False,0.0,0.8794515965860621
848,848,0.06,0.59,1.12,0.01,0.02,0.03,0.12,0.0,0.02,0.0,0.0,0.0,640,80.0,73,110.0,1.0,20.0,0.0,0.0,0.0,280.0,30.0,1,1,2.8,200,200,14.0,502.8805236816406,552.0,24.18763542175293,59.65692901611328,,99.2668228149414,1,True,False,False,False,False,False,False,False,False,False,0.0,0.866038769195263
849,849,0.05,0.7,1.28,0.01,0.02,0.03,0.1,0.0,0.02,0.0,0.0,0.0,622,80.0,71,120.0,2.0,20.0,0.0,0.0,0.0,280.0,30.0,1,1,2.8,200,200,14.0,515.4154052734375,557.0,23.67459297180176,57.94369888305664,,94.96639251708984,1,True,False,False,False,False,False,False,False,False,False,0.0,0.5755336966626371
850,850,0.06,0.42,0.9,0.02,0.01,0.55,0.06,0.0,0.01,0.0,0.0,0.0,780,220.0,46,20.0,1.0,70.0,0.0,0.0,0.0,285.0,32.0,1,1,2.9,200,200,14.0,480.23486328125,552.0,23.708620071411133,54.76496124267578,,114.19799041748048,1,True,False,False,False,False,False,False,False,False,False,0.0,0.8438089412886963
851,851,0.07,0.56,1.12,0.02,0.01,0.58,0.06,0.0,0.01,0.0,0.0,0.0,837,280.0,41,30.0,3.0,90.0,0.0,0.0,0.0,280.0,30.0,1,1,2.8,200,200,14.0,502.64166259765625,572.0,23.60208320617676,54.37821578979492,,100.41152954101562,1,True,False,False,False,False,False,False,False,False,False,0.0,0.8120264998560138
852,852,0.06,0.59,1.17,0.02,0.01,0.62,0.05,0.0,0.01,0.0,0.0,0.0,781,260.0,34,30.0,3.0,100.0,0.0,0.0,0.0,280.0,30.0,1,1,2.8,200,200,14.0,509.1372375488281,582.0,23.511472702026367,54.04283142089844,,97.77227783203124,1,True,False,False,False,False,False,False,False,False,False,0.0,0.6501753984921345
853,853,0.07,0.23,0.79,0.02,0.02,0.03,0.11,0.0,0.01,0.0,0.0,0.0,796,310.0,70,210.0,16.0,70.0,0.0,0.0,0.0,285.0,32.0,1,1,2.9,200,200,14.0,462.1474304199219,498.0,23.739538192749023,60.34702301025391,,110.30308532714844,1,True,False,False,False,False,False,False,False,False,False,0.0,0.8994606161814199
854,854,0.07,0.39,1.12,0.01,0.02,0.03,0.1,0.0,0.02,0.0,0.0,0.0,684,570.0,74,460.0,28.0,100.0,0.0,0.0,0.0,280.0,30.0,1,1,2.8,200,200,14.0,492.1695556640625,538.0,23.22772979736328,60.74847412109375,,107.53146362304688,1,True,False,False,False,False,False,False,False,False,False,0.0,0.9299813462094453
855,855,0.06,0.37,1.1,0.02,0.01,0.02,0.08,0.0,0.02,0.0,0.0,0.0,816,390.0,69,510.0,28.0,10.0,0.0,0.0,0.0,280.0,30.0,1,1,2.8,200,200,14.0,488.8740539550781,533.0,23.48097419738769,57.76421356201172,,112.11221313476562,1,True,False,False,False,False,False,False,False,False,False,0.0,0.88906270626165
856,856,0.06,0.34,0.81,0.01,0.01,0.02,0.05,0.0,0.01,0.0,0.0,0.0,466,20.0,59,40.0,1.0,10.0,0.0,0.0,0.0,285.0,32.0,1,1,2.9,200,200,14.0,444.6428833007813,491.0,25.817550659179688,65.03688049316406,,110.44806671142578,1,True,False,False,False,False,False,False,False,False,False,0.0,0.7894812060179569
857,857,0.07,0.56,1.14,0.01,0.01,0.02,0.07,0.0,0.02,0.0,0.0,0.0,495,30.0,34,40.0,1.0,30.0,0.0,0.0,0.0,280.0,30.0,1,1,2.8,200,200,14.0,490.2412109375,533.0,24.31095314025879,62.96316146850586,,95.98836517333984,1,True,False,False,False,False,False,False,False,False,False,0.0,0.7975307245228153
858,858,0.07,0.51,1.08,0.01,0.01,0.02,0.08,0.0,0.02,0.0,0.0,0.0,412,30.0,46,40.0,1.0,20.0,0.0,0.0,0.0,280.0,30.0,1,1,2.8,200,200,14.0,473.6120300292969,533.0,24.53328514099121,64.35030364990234,,95.4556884765625,1,True,False,False,False,False,False,False,False,False,False,0.0,0.7743498438898498
859,859,0.05,0.5,1.68,0.01,0.02,0.01,0.1,0.0,0.01,0.0,0.0,0.0,690,70.0,48,110.0,1.0,20.0,0.0,0.0,0.0,280.0,30.0,1,1,2.8,200,200,14.0,522.57568359375,557.0,24.9399528503418,59.97555160522461,,96.21549224853516,1,True,False,False,False,False,False,False,False,False,False,0.0,0.7418994396074927
860,860,0.05,0.53,1.74,0.01,0.02,0.01,0.09,0.0,0.01,0.0,0.0,0.0,736,80.0,37,130.0,1.0,20.0,0.0,0.0,0.0,280.0,30.0,1,1,2.8,200,200,14.0,535.4210205078125,552.0,25.001245498657227,61.01804733276367,,96.92706298828124,1,True,False,False,False,False,False,False,False,False,False,0.0,0.7938935006134561
861,861,0.07,0.46,1.19,0.01,0.02,0.01,0.1,0.0,0.02,0.0,0.0,0.0,771,430.0,46,370.0,19.0,70.0,0.0,0.0,0.0,280.0,30.0,1,1,2.8,200,200,14.0,504.5915222167969,538.0,23.86045455932617,60.519325256347656,,99.73910522460938,1,True,False,False,False,False,False,False,False,False,False,0.0,0.8871234263798147
862,862,0.06,0.46,1.25,0.01,0.02,0.01,0.06,0.0,0.01,0.0,0.0,0.0,788,410.0,57,440.0,19.0,60.0,0.0,0.0,0.0,280.0,30.0,1,1,2.8,200,200,14.0,506.33056640625,535.0,24.00893211364746,59.68692398071289,,97.38927459716795,1,True,False,False,False,False,False,False,False,False,False,0.0,0.8144583192079395
863,863,0.07,0.35,1.06,0.01,0.01,0.0,0.03,0.0,0.0,0.0,0.0,0.0,416,36.0,63,0.0,0.0,0.0,0.0,0.0,0.0,170.0,21.0,1,1,1.0,200,0,0.0,408.9205932617188,511.83599853515625,28.769065856933597,77.55142211914062,211.15,100.0,0,False,False,False,True,False,False,False,False,False,False,0.0,0.764503598254272
864,864,0.07,0.35,1.06,0.01,0.01,0.0,0.03,0.0,0.0,0.0,0.0,0.0,416,36.0,63,0.0,0.0,0.0,0.0,0.0,0.0,170.0,21.0,1,1,1.0,200,580,2.0,382.6388854980469,505.2690734863281,29.251073837280277,77.51569366455078,195.15,100.0,0,False,False,False,True,False,False,False,False,False,False,0.0,0.7698314407746054
865,865,0.07,0.36,1.09,0.01,0.01,0.0,0.41,0.0,0.0,0.0,0.0,0.0,418,41.0,71,0.0,0.0,0.0,0.0,0.0,0.0,170.0,21.0,1,1,1.0,200,0,0.0,429.0749206542969,524.514404296875,25.20915031433105,77.27352142333984,212.15,100.0,0,False,False,False,True,False,False,False,False,False,False,0.0,0.8052041262599182
866,866,0.07,0.36,1.09,0.01,0.01,0.0,0.41,0.0,0.0,0.0,0.0,0.0,418,41.0,71,0.0,0.0,0.0,0.0,0.0,0.0,170.0,21.0,1,1,1.0,200,580,2.0,399.4143981933594,516.3126220703125,25.234975814819336,77.32020568847656,200.15,100.0,0,False,False,False,True,False,False,False,False,False,False,0.0,0.7802851185399567
867,867,0.07,0.35,1.05,0.0,0.01,0.0,0.79,0.0,0.0,0.0,0.0,0.0,421,37.0,73,0.0,0.0,0.0,0.0,0.0,0.0,170.0,21.0,1,1,1.0,200,0,0.0,443.8080749511719,533.141845703125,24.95504570007324,76.56427001953125,210.15,100.0,0,False,False,False,True,False,False,False,False,False,False,0.0,0.830844673737894
868,868,0.07,0.35,1.05,0.0,0.01,0.0,0.79,0.0,0.0,0.0,0.0,0.0,421,37.0,73,0.0,0.0,0.0,0.0,0.0,0.0,170.0,21.0,1,1,1.0,200,580,2.0,419.16998291015625,524.41162109375,25.541824340820312,77.03170013427734,205.15,100.0,0,False,False,False,True,False,False,False,False,False,False,0.0,0.7948191995464715
869,869,0.08,0.35,1.09,0.01,0.01,0.0,1.22,0.0,0.0,0.0,0.0,0.0,424,52.0,87,0.0,0.0,0.0,0.0,0.0,0.0,170.0,21.0,1,1,1.0,200,0,0.0,503.8263854980469,601.8655395507812,20.700767517089844,73.42323303222656,216.15,100.0,0,False,False,False,True,False,False,False,False,False,False,0.0,0.9152512912081295
870,870,0.08,0.35,1.09,0.01,0.01,0.0,1.22,0.0,0.0,0.0,0.0,0.0,424,52.0,87,0.0,0.0,0.0,0.0,0.0,0.0,170.0,21.0,1,1,1.0,200,580,2.0,486.7192077636719,592.2893676757812,21.316377639770508,73.73343658447266,213.15,100.0,0,False,False,False,True,False,False,False,False,False,False,0.0,0.9241522523956762
871,871,0.07,0.34,1.06,0.01,0.01,0.0,1.57,0.0,0.0,0.0,0.0,0.0,463,41.0,85,0.0,0.0,0.0,0.0,0.0,0.0,170.0,21.0,1,1,1.0,200,0,0.0,533.9716796875,613.13623046875,18.93251037597656,72.79859924316406,233.15,100.0,0,False,False,False,True,False,False,False,False,False,False,0.0,0.8756832238029778
872,872,0.07,0.34,1.06,0.01,0.01,0.0,1.57,0.0,0.0,0.0,0.0,0.0,463,41.0,85,0.0,0.0,0.0,0.0,0.0,0.0,170.0,21.0,1,1,1.0,200,580,2.0,499.1060180664063,590.6141967773438,20.1500244140625,73.30778503417969,225.15,100.0,0,False,False,False,True,False,False,False,False,False,False,0.0,0.9169847032065799
873,873,0.07,0.34,1.07,0.01,0.01,0.0,1.97,0.0,0.0,0.0,0.0,0.0,430,40.0,89,0.0,0.0,0.0,0.0,0.0,0.0,170.0,21.0,1,1,1.0,200,0,0.0,573.4524536132812,681.3700561523438,19.15074920654297,72.35369110107422,248.15,100.0,0,False,False,False,True,False,False,False,False,False,False,0.0,0.7946256136440253
874,874,0.07,0.34,1.07,0.01,0.01,0.0,1.97,0.0,0.0,0.0,0.0,0.0,430,40.0,89,0.0,0.0,0.0,0.0,0.0,0.0,170.0,21.0,1,1,1.0,200,580,2.0,533.1851806640625,639.596923828125,19.646320343017575,73.09819030761719,233.15,100.0,0,False,False,False,True,False,False,False,False,False,False,0.0,0.8679756302756292
875,875,0.08,0.35,1.05,0.01,0.01,0.0,2.28,0.0,0.0,0.0,0.0,0.0,424,37.0,88,0.0,0.0,0.0,0.0,0.0,0.0,170.0,21.0,1,1,1.0,200,0,0.0,601.9098510742188,721.5537719726562,18.636938095092773,69.5357894897461,274.15,100.0,0,False,False,False,True,False,False,False,False,False,False,0.0,0.68413253118595
876,876,0.08,0.35,1.05,0.01,0.01,0.0,2.28,0.0,0.0,0.0,0.0,0.0,424,37.0,88,0.0,0.0,0.0,0.0,0.0,0.0,170.0,21.0,1,1,1.0,200,580,2.0,561.9210205078125,681.4403686523438,19.527851104736328,70.72071075439453,248.15,100.0,0,False,False,False,True,False,False,False,False,False,False,0.0,0.7903559543281521
877,877,0.07,0.38,1.09,0.01,0.01,0.0,2.8,0.0,0.0,0.0,0.0,0.0,467,33.0,85,0.0,0.0,0.0,0.0,0.0,0.0,170.0,21.0,1,1,1.0,200,0,0.0,661.0680541992188,753.8318481445312,18.375438690185547,68.39906311035156,293.15,100.0,0,False,False,False,True,False,False,False,False,False,False,0.0,0.5001602952091972
878,878,0.07,0.38,1.09,0.01,0.01,0.0,2.8,0.0,0.0,0.0,0.0,0.0,467,33.0,85,0.0,0.0,0.0,0.0,0.0,0.0,170.0,21.0,1,1,1.0,200,580,2.0,625.7312622070312,695.4014282226562,18.714189529418945,69.99781799316406,274.15,100.0,0,False,False,False,True,False,False,False,False,False,False,0.0,0.701892777218947
879,879,0.05,0.29,0.72,0.01,0.01,0.77,0.52,0.23,0.0,1.19,0.0,0.0,250,70.0,80,210.0,21.0,330.0,0.0,0.0,0.0,680.0,34.0,1,1,2.0,200,0,0.0,649.0,634.714111328125,23.28504943847656,53.39789962768555,,98.29557037353516,1,False,False,False,False,False,False,True,False,False,False,0.0,0.43320358903159545
880,880,0.05,0.27,0.75,0.01,0.01,0.75,0.5,0.23,0.0,1.05,0.0,0.0,190,70.0,80,180.0,21.0,320.0,0.0,0.0,0.0,680.0,34.0,1,1,3.3,200,0,0.0,576.0,622.5060424804688,23.31357192993164,54.03154754638672,,90.08441925048828,1,False,False,False,False,False,False,True,False,False,False,3.0,0.7535078667713837
881,881,0.05,0.26,0.75,0.01,0.01,0.75,0.5,0.24,0.0,1.04,0.0,0.0,210,70.0,80,180.0,25.0,320.0,0.0,0.0,0.0,680.0,34.0,1,1,4.6,200,0,0.0,556.0,621.539306640625,23.51247787475586,53.37525177001953,,89.03652954101562,1,False,False,False,False,False,False,True,False,False,False,3.0,0.7932696190269753
882,882,0.05,0.27,0.77,0.0,0.01,0.73,0.49,0.24,0.0,1.04,0.0,0.0,210,70.0,80,170.0,25.0,310.0,0.0,0.0,0.0,665.0,34.0,1,1,5.3,200,0,0.0,538.0,621.7696533203125,23.257488250732425,53.279762268066406,,91.73082733154295,1,False,False,False,False,False,False,True,False,False,False,3.0,0.7545949029361755
883,883,0.05,0.26,0.98,0.0,0.01,0.54,0.41,0.27,0.0,0.85,0.0,0.0,240,100.0,80,140.0,26.0,200.0,0.0,0.0,0.0,670.0,34.0,1,1,2.0,200,0,0.0,571.0,682.2425537109375,23.54592514038086,52.477909088134766,,95.12278747558594,1,False,False,False,False,False,False,True,False,False,False,3.0,0.515074539056243
884,884,0.05,0.25,0.98,0.0,0.01,0.55,0.42,0.27,0.0,0.81,0.0,0.0,230,100.0,80,150.0,26.0,210.0,0.0,0.0,0.0,670.0,34.0,1,1,3.3,200,0,0.0,561.0,680.1041259765625,23.34551239013672,52.649322509765625,,92.82376098632812,1,False,False,False,False,False,False,True,False,False,False,3.0,0.6060508459963503
885,885,0.05,0.24,0.97,0.0,0.01,0.53,0.4,0.26,0.0,0.82,0.0,0.0,230,90.0,80,140.0,21.0,200.0,0.0,0.0,0.0,670.0,34.0,1,1,4.6,200,0,0.0,552.0,651.024169921875,23.6568660736084,52.33298873901367,,89.74779510498047,1,False,False,False,False,False,False,True,False,False,False,3.0,0.7397914407078139
886,886,0.04,0.24,0.98,0.0,0.01,0.53,0.4,0.27,0.0,0.82,0.0,0.0,210,90.0,80,130.0,25.0,190.0,0.0,0.0,0.0,670.0,34.0,1,1,5.3,200,0,0.0,541.0,664.3873901367188,24.311717987060547,52.31352996826172,,88.78889465332031,1,False,False,False,False,False,False,True,False,False,False,3.0,0.7615558500969196
887,887,0.05,0.35,0.79,0.01,0.01,1.39,0.56,0.28,0.0,0.96,0.0,0.0,210,40.0,80,200.0,15.0,330.0,0.0,0.0,0.0,640.0,34.0,1,1,2.0,200,0,0.0,678.0,727.9351196289062,22.59673309326172,53.536598205566406,,93.4917221069336,1,False,False,False,False,False,False,True,False,False,False,1.0,0.8270936767398744
888,888,0.05,0.36,0.82,0.01,0.01,1.44,0.55,0.29,0.0,0.92,0.0,0.0,190,50.0,80,190.0,14.0,320.0,0.0,0.0,0.0,660.0,34.0,1,1,3.3,200,0,0.0,636.0,729.6383666992188,22.3707332611084,52.76076126098633,,87.4497299194336,1,False,False,False,False,False,False,True,False,False,False,1.0,0.8005670606005056
889,889,0.05,0.36,0.85,0.01,0.01,1.49,0.55,0.31,0.0,0.89,0.0,0.0,210,40.0,80,170.0,19.0,320.0,0.0,0.0,0.0,660.0,34.0,1,1,4.6,200,0,0.0,601.0,730.7156372070312,22.430255889892575,51.27423858642578,,84.93864440917969,1,False,False,False,False,False,False,True,False,False,False,1.0,0.7445257271283463
890,890,0.05,0.36,0.86,0.01,0.01,1.5,0.54,0.31,0.0,0.87,0.0,0.0,200,50.0,80,160.0,17.0,310.0,0.0,0.0,0.0,660.0,34.0,1,1,5.3,200,0,0.0,585.0,729.56494140625,22.47565650939941,50.873321533203125,,82.63510131835938,1,False,False,False,False,False,False,True,False,False,False,1.0,0.703761036043664
891,891,0.05,0.39,1.1,0.01,0.01,1.87,0.53,0.37,0.0,0.57,0.0,0.0,220,60.0,70,160.0,12.0,210.0,0.0,0.0,0.0,660.0,34.0,1,1,2.0,200,0,0.0,592.0,751.4459838867188,22.821941375732425,50.31637191772461,,85.89195251464844,1,False,False,False,False,False,False,True,False,False,False,1.0,0.7812635775184885
892,892,0.05,0.38,1.11,0.0,0.01,1.89,0.52,0.37,0.0,0.56,0.0,0.0,220,50.0,70,150.0,11.0,200.0,0.0,0.0,0.0,660.0,34.0,1,1,3.3,200,0,0.0,555.0,773.8436889648438,22.217554092407227,49.49367904663086,,85.96051788330078,1,False,False,False,False,False,False,True,False,False,False,1.0,0.7922719451416956
893,893,0.05,0.39,1.1,0.01,0.01,1.87,0.52,0.37,0.0,0.57,0.0,0.0,220,60.0,80,140.0,13.0,210.0,0.0,0.0,0.0,660.0,34.0,1,1,4.6,200,0,0.0,547.0,752.238525390625,22.94241523742676,48.7213134765625,,80.1853256225586,1,False,False,False,False,False,False,True,False,False,False,1.0,0.6925255713773205
894,894,0.05,0.4,1.12,0.01,0.01,1.9,0.51,0.37,0.0,0.55,0.0,0.0,210,60.0,70,140.0,11.0,200.0,0.0,0.0,0.0,660.0,34.0,1,1,5.3,200,0,0.0,543.0,770.5870971679688,23.19724464416504,48.816680908203125,,77.6032485961914,1,False,False,False,False,False,False,True,False,False,False,1.0,0.7259857241290871
895,895,0.07,0.53,1.72,0.01,0.02,0.01,0.03,0.01,0.01,0.03,0.0,0.0,176,240.0,54,210.0,7.0,0.0,0.0,0.0,0.0,700.0,32.0,1,1,4.8,200,0,0.0,462.0,638.0,31.0,67.0,245.15,35.0,4,False,False,False,False,False,False,True,False,False,False,2.0,0.9523019338556342
896,896,0.08,0.59,1.84,0.01,0.02,0.01,0.05,0.01,0.01,0.38,0.0,0.0,155,230.0,54,240.0,8.0,0.0,0.0,0.0,0.0,700.0,32.0,1,1,4.8,200,0,0.0,507.0,694.0,30.0,58.0,282.15,35.0,4,False,False,False,False,False,False,True,False,False,False,3.0,0.7279705723155796
897,897,0.08,0.62,1.86,0.01,0.02,0.01,0.05,0.01,0.01,0.81,0.0,0.0,174,230.0,54,220.0,10.0,0.0,0.0,0.0,0.0,700.0,32.0,1,1,4.8,200,0,0.0,523.0,714.0,30.0,53.0,268.15,35.0,4,False,False,False,False,False,False,True,False,False,False,3.0,0.8524843935069042
898,898,0.08,0.58,1.83,0.01,0.02,0.45,0.05,0.01,0.01,0.03,0.0,0.0,171,230.0,55,230.0,6.0,0.0,0.0,0.0,0.0,700.0,32.0,1,1,4.8,200,0,0.0,522.0,709.0,30.0,54.0,262.15,35.0,4,False,False,False,False,False,False,True,False,False,False,3.0,0.8480046603722358
899,899,0.08,0.59,1.84,0.01,0.02,0.45,0.05,0.01,0.01,0.4,0.0,0.0,168,250.0,49,240.0,9.0,0.0,0.0,0.0,0.0,700.0,32.0,1,1,4.8,200,0,0.0,500.0,731.0,28.0,49.0,284.15,35.0,4,False,False,False,False,False,False,True,False,False,False,3.0,0.8041919468803728
900,900,0.08,0.62,1.85,0.01,0.02,0.45,0.05,0.01,0.01,0.81,0.0,0.0,152,220.0,52,240.0,10.0,0.0,0.0,0.0,0.0,700.0,32.0,1,1,4.8,200,0,0.0,504.0,743.0,27.0,46.0,291.15,35.0,4,False,False,False,False,False,False,True,False,False,False,3.0,0.678170204075723
901,901,0.08,0.62,1.83,0.01,0.01,1.51,0.05,0.01,0.01,0.03,0.0,0.0,185,230.0,67,200.0,7.0,0.0,0.0,0.0,0.0,700.0,32.0,1,1,4.8,200,0,0.0,515.0,737.0,26.0,48.0,273.15,35.0,4,False,False,False,False,False,False,True,False,False,False,3.0,0.6598390090246335
902,902,0.07,0.59,1.85,0.01,0.01,1.5,0.05,0.01,0.01,0.42,0.0,0.0,146,250.0,57,200.0,9.0,0.0,0.0,0.0,0.0,700.0,32.0,1,1,4.8,200,0,0.0,515.0,810.0,24.0,41.0,303.15,35.0,4,False,False,False,False,False,False,True,False,False,False,1.0,0.848202319416509
903,903,0.08,0.66,1.92,0.01,0.02,1.54,0.05,0.01,0.01,0.89,0.0,0.0,148,260.0,51,230.0,13.0,0.0,0.0,0.0,0.0,700.0,32.0,1,1,4.8,200,0,0.0,542.0,829.0,26.0,51.0,306.15,35.0,4,False,False,False,False,False,False,True,False,False,False,1.0,0.665746651821454
904,904,0.09,0.63,1.9,0.01,0.02,0.01,0.05,0.01,0.01,0.04,0.0,0.0,165,250.0,56,190.0,36.0,0.0,0.0,0.0,0.0,700.0,32.0,1,1,4.8,200,0,0.0,466.0,761.0,29.0,44.0,310.15,35.0,4,False,False,False,False,False,False,True,False,False,False,3.0,0.7699432968547069
905,905,0.08,0.67,1.94,0.01,0.02,0.51,0.05,0.01,0.01,0.43,0.0,0.0,142,280.0,57,220.0,40.0,0.0,0.0,0.0,0.0,700.0,32.0,1,1,4.8,200,0,0.0,489.0,807.0,27.0,42.0,324.15,35.0,4,False,False,False,False,False,False,True,False,False,False,1.0,0.5930022895653985
906,906,0.08,0.68,1.94,0.01,0.02,1.54,0.05,0.01,0.01,0.85,0.0,0.0,132,290.0,55,270.0,44.0,0.0,0.0,0.0,0.0,700.0,32.0,1,1,4.8,200,0,0.0,546.0,869.0,21.0,28.0,328.15,35.0,4,False,False,False,False,False,False,True,False,False,False,1.0,0.9976072639823313
907,907,0.07,0.34,0.95,0.03,0.02,0.0,0.0,0.0,0.01,0.0,0.0,0.0,0,70.0,90,35.0,0.0,60.0,0.0,0.0,90.0,296.1481628417969,26.78522109985352,1,1,2.7,250,0,0.0,456.2,529.8,27.5,73.0,,128.65130615234375,4,False,False,False,True,False,False,False,False,False,False,4.0,0.8517327852084648
908,908,0.07,0.34,0.95,0.03,0.02,0.0,0.0,0.0,0.01,0.0,0.0,0.0,0,70.0,90,35.0,0.0,60.0,0.0,0.0,90.0,296.1481628417969,26.78522109985352,1,1,2.7,250,600,2.1,430.7,519.9,29.5,73.5,,130.315673828125,4,False,False,False,True,False,False,False,False,False,False,4.0,0.9186014527678219
909,909,0.06,0.28,0.55,0.02,0.04,1.26,0.0,0.0,0.01,0.02,0.0,0.0,0,70.0,70,35.0,0.0,60.0,0.0,0.0,90.0,243.28907775878903,26.477914810180664,1,1,2.2,250,0,0.0,475.8,564.1,28.0,70.5,,132.26234436035156,4,False,False,False,True,False,False,False,False,False,False,4.0,0.6773207697866641
910,910,0.06,0.28,0.55,0.02,0.04,1.26,0.0,0.0,0.01,0.02,0.0,0.0,0,70.0,70,35.0,0.0,60.0,0.0,0.0,90.0,243.28907775878903,26.477914810180664,1,1,2.2,250,600,2.1,430.7,529.8,24.5,69.0,,132.44007873535156,4,False,False,False,True,False,False,False,False,False,False,4.0,0.6979694827160364
911,911,0.09,0.42,0.93,0.01,0.06,0.0,0.0,0.02,0.0,0.08,0.0,0.0,0,140.0,160,40.0,0.0,120.0,1000.0,0.0,140.0,296.1481628417969,26.78522109985352,1,1,2.5,250,0,0.0,491.5,573.9,28.0,74.0,,129.38865661621094,4,False,False,False,True,False,False,False,False,False,False,4.0,0.7080442627570258
912,912,0.09,0.42,0.93,0.01,0.06,0.0,0.0,0.02,0.0,0.08,0.0,0.0,0,140.0,160,40.0,0.0,120.0,1000.0,0.0,140.0,296.1481628417969,26.78522109985352,1,1,2.5,250,600,2.1,420.9,541.5,24.5,74.5,,131.2620086669922,4,False,False,False,True,False,False,False,False,False,False,4.0,0.8016433366456898
913,913,0.08,0.33,0.65,0.02,0.03,0.5,0.35,0.01,0.0,0.02,0.0,0.0,0,200.0,140,45.0,0.0,150.0,60.0,0.0,140.0,243.28907775878903,26.477914810180664,1,1,2.4,250,0,0.0,503.3,591.5,28.0,73.0,,120.6787338256836,4,False,False,False,True,False,False,False,False,False,False,4.0,0.6076141468598499
914,914,0.08,0.33,0.65,0.02,0.03,0.5,0.35,0.01,0.0,0.02,0.0,0.0,0,200.0,140,45.0,0.0,150.0,60.0,0.0,140.0,243.28907775878903,26.477914810180664,1,1,2.4,250,600,2.1,500.3,600.4,22.7,73.7,,120.63534545898438,4,False,False,False,True,False,False,False,False,False,False,5.0,0.38369689779513455
915,915,0.07,0.61,1.07,0.02,0.03,0.0,0.0,0.0,0.01,0.0,0.0,0.0,0,64.0,94,70.0,0.0,40.0,0.0,0.0,64.0,294.1353454589844,26.78385162353516,1,1,2.8,250,0,0.0,479.7,583.7,24.0,71.5,,96.77371215820312,4,False,False,False,True,False,False,False,False,False,False,0.0,0.8698588756001574
916,916,0.07,0.61,1.07,0.02,0.03,0.0,0.0,0.0,0.01,0.0,0.0,0.0,0,64.0,94,70.0,0.0,40.0,0.0,0.0,64.0,294.1353454589844,26.78385162353516,1,1,2.8,250,600,2.1,456.2,555.2,24.5,72.0,,98.0134048461914,4,False,False,False,True,False,False,False,False,False,False,0.0,0.8591940837128887
917,917,0.07,0.21,0.75,0.01,0.01,0.0,0.0,0.0,0.0,0.0,0.0,0.0,0,0.0,190,69.0,0.0,0.0,0.0,0.0,0.0,296.1481628417969,26.78522109985352,1,1,2.6,250,0,0.0,463.0,552.3,33.0,75.0,,147.5489501953125,4,False,False,False,True,False,False,False,False,False,False,4.0,0.8006912898597631
918,918,0.07,0.21,0.75,0.01,0.01,0.0,0.0,0.0,0.0,0.0,0.0,0.0,0,0.0,190,69.0,0.0,0.0,0.0,0.0,0.0,296.1481628417969,26.78522109985352,1,1,2.6,250,600,2.1,369.8,486.6,32.657474517822266,76.0,,151.5544891357422,3,False,False,False,True,False,False,False,False,False,False,4.0,0.8833565008874518
919,919,0.09,0.44,0.9,0.01,0.03,0.0,0.0,0.0,0.0,0.0,0.0,0.0,0,200.0,70,88.0,0.0,0.0,0.0,0.0,0.0,174.5279083251953,21.88741683959961,1,1,1.8,150,0,0.0,486.8,569.3,24.0,71.0,,124.97000122070312,4,False,False,False,True,False,False,False,False,False,False,4.0,0.4180028964677909
920,920,0.09,0.44,0.9,0.01,0.03,0.0,0.0,0.0,0.0,0.0,0.0,0.0,0,200.0,70,88.0,0.0,0.0,0.0,0.0,0.0,174.5279083251953,21.88741683959961,1,1,1.8,150,600,2.1,453.99517822265625,524.0545043945312,25.57355308532715,72.91214752197266,,129.97279357910156,0,False,False,False,True,False,False,False,False,False,False,4.0,0.7964515252489741
921,921,0.08,0.35,0.65,0.01,0.02,1.2,0.0,0.0,0.02,0.0,0.0,0.0,0,40.0,100,150.0,0.0,0.0,0.0,0.0,0.0,173.8629913330078,22.24394989013672,1,1,1.8,140,0,0.0,453.8,536.3,22.6,72.0,,115.28229522705078,4,False,False,False,True,False,False,False,False,False,False,0.0,0.5174437505736704
922,922,0.08,0.35,0.65,0.01,0.02,1.2,0.0,0.0,0.02,0.0,0.0,0.0,0,40.0,100,150.0,0.0,0.0,0.0,0.0,0.0,173.8629913330078,22.24394989013672,1,1,1.8,140,600,2.1,442.8197021484375,520.5391845703125,23.448753356933597,72.38683319091797,,116.60432434082033,0,False,False,False,True,False,False,False,False,False,False,4.0,0.5733238203268306
923,923,0.06,0.53,1.15,0.01,0.02,0.0,0.02,0.0,0.0,0.0,0.0,0.0,0,0.0,100,57.0,0.0,0.0,0.0,0.0,80.0,174.5279083251953,21.88741683959961,1,1,1.8,150,0,0.0,553.3,626.9,25.0,70.4,,103.58357238769533,4,False,False,False,True,False,False,False,False,False,False,0.0,0.921985040733147
924,924,0.06,0.53,1.15,0.01,0.02,0.0,0.02,0.0,0.0,0.0,0.0,0.0,0,0.0,100,57.0,0.0,0.0,0.0,0.0,80.0,174.5279083251953,21.88741683959961,1,1,1.8,150,600,2.1,508.2696228027344,575.4805908203125,25.578346252441406,72.18124389648438,,107.26618957519533,0,False,False,False,True,False,False,False,False,False,False,0.0,0.9082841447516761
925,925,0.07,0.47,0.85,0.01,0.02,0.0,0.0,0.0,0.01,0.0,0.0,0.0,0,80.0,120,43.0,0.0,0.0,0.0,0.0,0.0,174.5279083251953,21.88741683959961,1,1,1.8,150,0,0.0,478.5,569.3,22.1,72.4,,108.16315460205078,4,False,False,False,True,False,False,False,False,False,False,0.0,0.9069701773508168
926,926,0.07,0.47,0.85,0.01,0.02,0.0,0.0,0.0,0.01,0.0,0.0,0.0,0,80.0,120,43.0,0.0,0.0,0.0,0.0,0.0,174.5279083251953,21.88741683959961,1,1,1.8,150,600,2.1,459.9601135253906,532.2601928710938,23.19841766357422,73.63812255859375,,110.51541900634766,0,False,False,False,True,False,False,False,False,False,False,0.0,0.7750789284915213
927,927,0.07,0.47,1.1,0.01,0.02,0.0,0.0,0.0,0.01,0.0,0.0,0.0,0,200.0,190,53.0,0.0,0.0,0.0,0.0,0.0,165.73167419433594,22.41558074951172,1,1,1.9,140,0,0.0,561.1,643.5,21.0,64.2,,104.92520141601562,4,False,False,False,True,False,False,False,False,False,False,0.0,0.8471031734411388
928,928,0.07,0.47,1.1,0.01,0.02,0.0,0.0,0.0,0.01,0.0,0.0,0.0,0,200.0,190,53.0,0.0,0.0,0.0,0.0,0.0,165.73167419433594,22.41558074951172,1,1,1.9,140,600,2.1,512.7721557617188,597.1895141601562,21.79449844360352,65.36188507080078,,107.46033477783205,0,False,False,False,True,False,False,False,False,False,False,0.0,0.9054349869639654
929,929,0.08,0.49,0.9,0.01,0.03,0.0,0.05,0.0,0.0,0.0,0.0,0.0,0,50.0,170,108.0,0.0,0.0,0.0,0.0,0.0,166.39659118652344,22.05904769897461,1,1,1.9,150,0,0.0,486.8,577.5,20.5,70.2,,104.89922332763672,4,False,False,False,True,False,False,False,False,False,False,0.0,0.9313117724927076
930,930,0.08,0.49,0.9,0.01,0.03,0.0,0.05,0.0,0.0,0.0,0.0,0.0,0,50.0,170,108.0,0.0,0.0,0.0,0.0,0.0,166.39659118652344,22.05904769897461,1,1,1.9,150,600,2.1,477.5166320800781,560.7330322265625,20.66202545166016,70.20207977294922,,107.31610107421876,0,False,False,False,True,False,False,False,False,False,False,0.0,0.9234984782672774
931,931,0.05,0.25,1.15,0.02,0.02,0.0,0.0,0.0,0.0,0.12,0.0,0.0,0,30.0,140,105.0,0.0,50.0,150.0,0.0,60.0,552.0979614257812,30.43658828735352,1,1,2.4,200,0,0.0,420.8,504.2,33.0,73.0,,107.01891326904295,4,False,False,False,False,False,False,True,False,False,False,0.0,0.7169722308611848
932,932,0.05,0.25,1.15,0.02,0.02,0.0,0.0,0.0,0.0,0.12,0.0,0.0,0,30.0,140,105.0,0.0,50.0,150.0,0.0,60.0,552.0979614257812,30.43658828735352,1,1,2.4,200,600,2.1,387.5,482.7,29.5,70.5,,109.48897552490234,4,False,False,False,False,False,False,True,False,False,False,0.0,0.6455003888495161
933,933,0.1,0.18,1.6,0.02,0.03,0.0,0.0,0.5,0.0,0.14,0.0,0.0,0,20.0,110,80.0,0.0,100.0,0.0,0.0,60.0,552.0979614257812,30.43658828735352,1,1,2.4,200,0,0.0,630.8,725.9,24.5,68.5,,111.63990783691406,4,False,False,False,False,False,False,True,False,False,False,0.0,0.6848513847329052
934,934,0.1,0.18,1.6,0.02,0.03,0.0,0.0,0.5,0.0,0.14,0.0,0.0,0,20.0,110,80.0,0.0,100.0,0.0,0.0,60.0,552.0979614257812,30.43658828735352,1,1,2.4,200,600,2.1,605.3,694.5,25.5,67.5,,113.05235290527344,4,False,False,False,False,False,False,True,False,False,False,0.0,0.6808945617334571
935,935,0.09,0.28,1.52,0.02,0.04,0.0,0.0,0.5,0.0,0.1,0.0,0.0,0,80.0,110,125.0,0.0,50.0,0.0,0.0,70.0,552.0979614257812,30.43658828735352,1,1,2.4,200,0,0.0,540.5,645.5,27.5,66.0,,105.5937042236328,4,False,False,False,False,False,False,True,False,False,False,0.0,0.9225435688036634
936,936,0.09,0.28,1.52,0.02,0.04,0.0,0.0,0.5,0.0,0.1,0.0,0.0,0,80.0,110,125.0,0.0,50.0,0.0,0.0,70.0,552.0979614257812,30.43658828735352,1,1,2.4,200,600,2.1,562.1,640.6,27.5,66.5,,107.59864044189452,4,False,False,False,False,False,False,True,False,False,False,0.0,0.9094716052301208
937,937,0.12,0.22,1.24,0.04,0.02,0.0,0.0,0.0,0.0,0.18,0.0,0.0,0,0.0,110,110.0,0.0,200.0,150.0,0.0,0.0,588.4820556640625,28.064245223999023,1,1,1.7,200,0,0.0,483.6,586.6,32.0,70.5,,107.47296142578124,4,False,False,False,False,False,False,True,False,False,False,0.0,0.821764787753862
938,938,0.12,0.22,1.24,0.04,0.02,0.0,0.0,0.0,0.0,0.18,0.0,0.0,0,0.0,110,110.0,0.0,200.0,150.0,0.0,0.0,588.4820556640625,28.064245223999023,1,1,1.7,200,600,2.1,414.0,532.7,33.0,74.5,,109.55333709716795,4,False,False,False,False,False,False,True,False,False,False,0.0,0.6076735657874329
939,939,0.15,0.32,1.2,0.02,0.02,0.0,0.0,0.0,0.0,0.0,0.0,0.0,0,0.0,99,90.0,0.0,0.0,0.0,0.0,0.0,588.4820556640625,28.064245223999023,1,1,1.6,200,0,0.0,536.6,627.8,30.0,68.0,,115.64187622070312,4,False,False,False,False,False,False,True,False,False,False,0.0,0.6530193918591942
940,940,0.15,0.32,1.2,0.02,0.02,0.0,0.0,0.0,0.0,0.0,0.0,0.0,0,0.0,99,90.0,0.0,0.0,0.0,0.0,0.0,588.4820556640625,28.064245223999023,1,1,1.6,200,600,1.3,487.6,586.6,31.0,73.5,,118.00595092773438,4,False,False,False,False,False,False,True,False,False,False,4.0,0.7400677973178034
941,941,0.08,0.21,1.2,0.01,0.02,0.0,0.0,0.0,0.0,0.0,0.0,0.0,0,0.0,100,128.0,0.0,60.0,0.0,0.0,120.0,588.4820556640625,28.064245223999023,1,1,1.7,200,0,0.0,453.2,596.4,30.0,74.0,,112.69580078125,4,False,False,False,False,False,False,True,False,False,False,0.0,0.5534923446445299
942,942,0.08,0.21,1.2,0.01,0.02,0.0,0.0,0.0,0.0,0.0,0.0,0.0,0,0.0,100,128.0,0.0,60.0,0.0,0.0,120.0,588.4820556640625,28.064245223999023,1,1,1.7,200,600,1.7,455.2,569.0,35.0,74.0,,114.93115997314452,4,False,False,False,False,False,False,True,False,False,False,4.0,0.7232599885032528
943,943,0.1,0.12,1.2,0.01,0.02,0.0,0.0,0.0,0.0,0.0,0.0,0.0,0,0.0,89,42.0,0.0,60.0,0.0,0.0,150.0,588.4820556640625,28.064245223999023,1,1,1.7,200,0,0.0,519.9,593.5,30.0,72.0,,125.6212921142578,4,False,False,False,False,False,False,True,False,False,False,4.0,0.6493159615824101
944,944,0.1,0.12,1.2,0.01,0.02,0.0,0.0,0.0,0.0,0.0,0.0,0.0,0,0.0,89,42.0,0.0,60.0,0.0,0.0,150.0,588.4820556640625,28.064245223999023,1,1,1.7,200,600,2.3,390.1,487.6,37.0,77.0,,129.05279541015625,4,False,False,False,False,False,False,True,False,False,False,4.0,0.9743267250795785
945,945,0.06,0.27,1.44,0.02,0.02,0.0,0.0,0.02,0.01,0.28,0.0,0.0,590,0.0,102,0.0,0.0,0.0,0.0,0.0,0.0,625.0,75.36,1,1,4.6,200,0,0.0,388.0,497.0,30.0,58.0,,93.94461822509766,4,False,False,False,False,False,False,False,False,False,True,4.0,0.6110417222083574
946,946,0.06,0.27,1.44,0.02,0.02,0.0,0.0,0.02,0.01,0.28,0.0,0.0,590,0.0,102,0.0,0.0,0.0,0.0,0.0,0.0,625.0,75.36,1,1,4.6,200,0,0.0,390.1286010742188,496.9458923339844,30.581825256347656,60.46466827392578,213.15,10.0,0,False,False,False,False,False,False,False,False,False,True,2.0,0.985860025143551
947,947,0.06,0.27,1.44,0.02,0.02,0.0,0.0,0.02,0.01,0.28,0.0,0.0,590,0.0,102,0.0,0.0,0.0,0.0,0.0,0.0,625.0,75.36,1,1,4.6,200,0,0.0,390.1286010742188,498.5312805175781,30.50258445739746,60.54503631591797,223.15,14.0,0,False,False,False,False,False,False,False,False,False,True,2.0,0.9946117557053259
948,948,0.06,0.27,1.44,0.02,0.02,0.0,0.0,0.02,0.01,0.28,0.0,0.0,590,0.0,102,0.0,0.0,0.0,0.0,0.0,0.0,625.0,75.36,1,1,4.6,200,0,0.0,392.7275085449219,508.85748291015625,30.38288116455078,60.39159393310547,253.15,61.0,0,False,False,False,False,False,False,False,False,False,True,4.0,0.854020579569981
949,949,0.06,0.27,1.44,0.02,0.02,0.0,0.0,0.02,0.01,0.28,0.0,0.0,590,0.0,102,0.0,0.0,0.0,0.0,0.0,0.0,625.0,75.36,1,1,4.6,200,0,0.0,392.7649536132813,511.35455322265625,30.391525268554688,60.378448486328125,273.15,105.0,0,False,False,False,False,False,False,False,False,False,True,0.0,0.8110168057307372
950,950,0.07,0.33,1.44,0.02,0.02,0.0,0.0,0.02,0.01,0.22,0.0,0.0,563,0.0,124,0.0,0.0,0.0,0.0,0.0,0.0,625.0,75.36,1,1,4.6,200,0,0.0,383.0,492.0,30.0,66.0,,104.55465698242188,4,False,False,False,False,False,False,False,False,False,True,0.0,0.7758489144790687
951,951,0.07,0.33,1.44,0.02,0.02,0.0,0.0,0.02,0.01,0.22,0.0,0.0,563,0.0,124,0.0,0.0,0.0,0.0,0.0,0.0,625.0,75.36,1,1,4.6,200,0,0.0,397.6357421875,514.0316772460938,30.305469512939453,65.57258605957031,213.15,40.0,0,False,False,False,False,False,False,False,False,False,True,2.0,0.992399619413901
952,952,0.07,0.33,1.44,0.02,0.02,0.0,0.0,0.02,0.01,0.22,0.0,0.0,563,0.0,124,0.0,0.0,0.0,0.0,0.0,0.0,625.0,75.36,1,1,4.6,200,0,0.0,398.3445434570313,515.6170654296875,30.202253341674805,65.69219970703125,223.15,49.0,0,False,False,False,False,False,False,False,False,False,True,2.0,0.8423166217193956
953,953,0.07,0.33,1.44,0.02,0.02,0.0,0.0,0.02,0.01,0.22,0.0,0.0,563,0.0,124,0.0,0.0,0.0,0.0,0.0,0.0,625.0,75.36,1,1,4.6,200,0,0.0,397.8638305664063,521.1201782226562,29.905759811401367,65.57683563232422,243.15,99.0,0,False,False,False,False,False,False,False,False,False,True,0.0,0.7245567897662016
954,954,0.07,0.33,1.44,0.02,0.02,0.0,0.0,0.02,0.01,0.22,0.0,0.0,563,0.0,124,0.0,0.0,0.0,0.0,0.0,0.0,625.0,75.36,1,1,4.6,200,0,0.0,396.1521606445313,524.688720703125,29.953723907470703,65.5354232788086,273.15,111.0,0,False,False,False,False,False,False,False,False,False,True,0.0,0.6686711159416608
955,955,0.06,0.29,1.68,0.02,0.02,0.0,0.0,0.02,0.01,0.28,0.0,0.0,521,0.0,133,0.0,0.0,0.0,0.0,0.0,0.0,625.0,75.36,1,1,4.6,200,0,0.0,371.0,526.0,34.0,66.0,,96.7694091796875,4,False,False,False,False,False,False,False,False,False,True,0.0,0.606190759994311
956,956,0.06,0.29,1.68,0.02,0.02,0.0,0.0,0.02,0.01,0.28,0.0,0.0,521,0.0,133,0.0,0.0,0.0,0.0,0.0,0.0,625.0,75.36,1,1,4.6,200,0,0.0,383.3394775390625,517.3995361328125,32.6588134765625,65.23361206054688,213.15,25.0,0,False,False,False,False,False,False,False,False,False,True,2.0,0.9995525354562813
957,957,0.06,0.29,1.68,0.02,0.02,0.0,0.0,0.02,0.01,0.28,0.0,0.0,521,0.0,133,0.0,0.0,0.0,0.0,0.0,0.0,625.0,75.36,1,1,4.6,200,0,0.0,382.3463439941406,524.7535400390625,32.43302536010742,65.1946792602539,233.15,38.0,0,False,False,False,False,False,False,False,False,False,True,2.0,0.9968440986744076
958,958,0.06,0.29,1.68,0.02,0.02,0.0,0.0,0.02,0.01,0.28,0.0,0.0,521,0.0,133,0.0,0.0,0.0,0.0,0.0,0.0,625.0,75.36,1,1,4.6,200,0,0.0,382.6856384277344,526.326171875,32.69034957885742,65.17584991455078,253.15,76.0,0,False,False,False,False,False,False,False,False,False,True,4.0,0.9722013540701452
959,959,0.06,0.29,1.68,0.02,0.02,0.0,0.0,0.02,0.01,0.28,0.0,0.0,521,0.0,133,0.0,0.0,0.0,0.0,0.0,0.0,625.0,75.36,1,1,4.6,200,0,0.0,382.3262023925781,528.8231201171875,32.63966751098633,65.16271209716797,273.15,105.0,0,False,False,False,False,False,False,False,False,False,True,0.0,0.7746341526594092
960,960,0.08,0.31,1.67,0.02,0.02,0.0,0.0,0.03,0.01,0.25,0.0,0.0,502,0.0,82,0.0,0.0,0.0,0.0,0.0,0.0,625.0,75.36,1,1,4.6,200,0,0.0,391.0,522.0,30.0,64.0,,93.23648834228516,4,False,False,False,False,False,False,False,False,False,True,4.0,0.6043268009188993
961,961,0.08,0.31,1.67,0.02,0.02,0.0,0.0,0.03,0.01,0.25,0.0,0.0,502,0.0,82,0.0,0.0,0.0,0.0,0.0,0.0,625.0,75.36,1,1,4.6,200,0,0.0,394.29046630859375,523.5715942382812,30.428882598876957,64.68184661865234,213.15,39.0,0,False,False,False,False,False,False,False,False,False,True,2.0,0.9938042122334103
962,962,0.08,0.31,1.67,0.02,0.02,0.0,0.0,0.03,0.01,0.25,0.0,0.0,502,0.0,82,0.0,0.0,0.0,0.0,0.0,0.0,625.0,75.36,1,1,4.6,200,0,0.0,394.29046630859375,523.9954223632812,30.369686126708984,64.7649154663086,223.15,43.0,0,False,False,False,False,False,False,False,False,False,True,2.0,0.9807623671683046
963,963,0.08,0.31,1.67,0.02,0.02,0.0,0.0,0.03,0.01,0.25,0.0,0.0,502,0.0,82,0.0,0.0,0.0,0.0,0.0,0.0,625.0,75.36,1,1,4.6,200,0,0.0,392.7579956054688,530.4844360351562,30.039134979248047,64.59760284423828,253.15,95.0,0,False,False,False,False,False,False,False,False,False,True,0.0,0.5166596948125468
964,964,0.08,0.31,1.67,0.02,0.02,0.0,0.0,0.03,0.01,0.25,0.0,0.0,502,0.0,82,0.0,0.0,0.0,0.0,0.0,0.0,625.0,75.36,1,1,4.6,200,0,0.0,392.7954406738281,532.4328002929688,29.88660430908203,64.54369354248047,273.15,114.0,0,False,False,False,False,False,False,False,False,False,True,0.0,0.5218397575752018
965,965,0.09,0.28,1.68,0.02,0.02,0.0,0.0,0.01,0.01,0.23,0.0,0.0,487,0.0,77,0.0,0.0,0.0,0.0,0.0,0.0,625.0,75.36,1,1,4.6,200,0,0.0,389.0,564.0,28.0,69.0,,97.54070281982422,4,False,False,False,False,False,False,False,False,False,True,0.0,0.7279573692844703
966,966,0.09,0.28,1.68,0.02,0.02,0.0,0.0,0.01,0.01,0.23,0.0,0.0,487,0.0,77,0.0,0.0,0.0,0.0,0.0,0.0,625.0,75.36,1,1,4.6,200,0,0.0,385.3235778808594,542.5280151367188,31.31268882751465,67.88201141357422,213.15,38.0,0,False,False,False,False,False,False,False,False,False,True,2.0,0.9958430750204288
967,967,0.09,0.28,1.68,0.02,0.02,0.0,0.0,0.01,0.01,0.23,0.0,0.0,487,0.0,77,0.0,0.0,0.0,0.0,0.0,0.0,625.0,75.36,1,1,4.6,200,0,0.0,385.4654235839844,548.9817504882812,31.11740493774414,67.84307861328125,233.15,51.0,0,False,False,False,False,False,False,False,False,False,True,2.0,0.6713726756422778
968,968,0.09,0.28,1.68,0.02,0.02,0.0,0.0,0.01,0.01,0.23,0.0,0.0,487,0.0,77,0.0,0.0,0.0,0.0,0.0,0.0,625.0,75.36,1,1,4.6,200,0,0.0,385.8047180175781,549.8106689453125,31.234355926513672,67.84577178955078,253.15,79.0,0,False,False,False,False,False,False,False,False,False,True,4.0,0.9642440112572462
969,969,0.09,0.28,1.68,0.02,0.02,0.0,0.0,0.01,0.01,0.23,0.0,0.0,487,0.0,77,0.0,0.0,0.0,0.0,0.0,0.0,625.0,75.36,1,1,4.6,200,0,0.0,385.8421630859375,551.759033203125,31.081825256347656,67.83263397216797,273.15,102.0,0,False,False,False,False,False,False,False,False,False,True,0.0,0.7793762615114913
970,970,0.09,0.42,2.22,0.02,0.02,0.0,0.0,0.02,0.01,0.06,0.0,0.0,466,0.0,82,0.0,0.0,0.0,0.0,0.0,0.0,625.0,75.36,1,1,4.6,200,0,0.0,517.0,672.0,24.0,56.0,,55.569854736328125,4,False,False,False,False,False,False,False,False,False,True,3.0,0.8382804890025181
971,971,0.09,0.42,2.22,0.02,0.02,0.0,0.0,0.02,0.01,0.06,0.0,0.0,466,0.0,82,0.0,0.0,0.0,0.0,0.0,0.0,625.0,75.36,1,1,4.6,200,0,0.0,502.6501159667969,626.2805786132812,25.696361541748047,57.503536224365234,213.15,16.0,0,False,False,False,False,False,False,False,False,False,True,3.0,0.8873591901156982
972,972,0.09,0.42,2.22,0.02,0.02,0.0,0.0,0.02,0.01,0.06,0.0,0.0,466,0.0,82,0.0,0.0,0.0,0.0,0.0,0.0,625.0,75.36,1,1,4.6,200,0,0.0,502.0766296386719,643.0140380859375,25.17671775817871,57.49164962768555,233.15,21.0,0,False,False,False,False,False,False,False,False,False,True,3.0,0.8555774716860799
973,973,0.09,0.42,2.22,0.02,0.02,0.0,0.0,0.02,0.01,0.06,0.0,0.0,466,0.0,82,0.0,0.0,0.0,0.0,0.0,0.0,625.0,75.36,1,1,4.6,200,0,0.0,503.43988037109375,651.9888305664062,25.213586807250977,57.32504653930664,253.15,30.0,0,False,False,False,False,False,False,False,False,False,True,3.0,0.8153719047649673
974,974,0.09,0.42,2.22,0.02,0.02,0.0,0.0,0.02,0.01,0.06,0.0,0.0,466,0.0,82,0.0,0.0,0.0,0.0,0.0,0.0,625.0,75.36,1,1,4.6,200,0,0.0,502.9155578613281,661.5724487304688,25.050996780395508,57.28427505493164,273.15,43.0,0,False,False,False,False,False,False,False,False,False,True,3.0,0.885091494984458
975,975,0.08,0.24,1.34,0.02,0.02,0.0,0.0,0.43,0.01,0.15,0.0,0.0,575,0.0,86,0.0,0.0,0.0,0.0,0.0,0.0,625.0,75.36,1,1,4.6,200,0,0.0,554.0,554.0,30.0,67.0,,96.60606384277344,4,False,False,False,False,False,False,False,False,False,True,0.0,0.8381651363163714
976,976,0.08,0.24,1.34,0.02,0.02,0.0,0.0,0.43,0.01,0.15,0.0,0.0,575,0.0,86,0.0,0.0,0.0,0.0,0.0,0.0,625.0,75.36,1,1,4.6,200,0,0.0,549.1915893554688,555.69970703125,29.965801239013672,65.74991607666016,213.15,16.0,0,False,False,False,False,False,False,False,False,False,True,2.0,0.8519842908819885
977,977,0.08,0.24,1.34,0.02,0.02,0.0,0.0,0.43,0.01,0.15,0.0,0.0,575,0.0,86,0.0,0.0,0.0,0.0,0.0,0.0,625.0,75.36,1,1,4.6,200,0,0.0,550.3671264648438,556.6583251953125,29.77352523803711,65.82360076904297,233.15,37.0,0,False,False,False,False,False,False,False,False,False,True,2.0,0.8746990561338446
978,978,0.08,0.24,1.34,0.02,0.02,0.0,0.0,0.43,0.01,0.15,0.0,0.0,575,0.0,86,0.0,0.0,0.0,0.0,0.0,0.0,625.0,75.36,1,1,4.6,200,0,0.0,550.9580078125,556.5814208984375,29.705739974975582,65.80342864990234,253.15,67.0,0,False,False,False,False,False,False,False,False,False,True,3.0,0.6201567265433142
979,979,0.08,0.24,1.34,0.02,0.02,0.0,0.0,0.43,0.01,0.15,0.0,0.0,575,0.0,86,0.0,0.0,0.0,0.0,0.0,0.0,625.0,75.36,1,1,4.6,200,0,0.0,549.757568359375,556.5814208984375,29.704877853393555,65.79029083251953,273.15,92.0,0,False,False,False,False,False,False,False,False,False,True,0.0,0.5561401331042279
980,980,0.1,0.45,1.88,0.02,0.02,0.0,0.0,0.44,0.01,0.26,0.0,0.0,425,0.0,84,0.0,0.0,0.0,0.0,0.0,0.0,625.0,75.36,1,1,4.6,200,0,0.0,747.0,747.0,25.0,62.0,,54.92210388183594,4,False,False,False,False,False,False,False,False,False,True,1.0,0.8278417624628505
981,981,0.1,0.45,1.88,0.02,0.02,0.0,0.0,0.44,0.01,0.26,0.0,0.0,425,0.0,84,0.0,0.0,0.0,0.0,0.0,0.0,625.0,75.36,1,1,4.6,200,0,0.0,722.97998046875,730.7698974609375,27.72560691833496,62.20636749267578,213.15,10.0,0,False,False,False,False,False,False,False,False,False,True,3.0,0.5774599019697543
982,982,0.1,0.45,1.88,0.02,0.02,0.0,0.0,0.44,0.01,0.26,0.0,0.0,425,0.0,84,0.0,0.0,0.0,0.0,0.0,0.0,625.0,75.36,1,1,4.6,200,0,0.0,723.0698852539062,738.505859375,27.55366897583008,62.12114715576172,233.15,17.0,0,False,False,False,False,False,False,False,False,False,True,3.0,0.5023333759033565
983,983,0.1,0.45,1.88,0.02,0.02,0.0,0.0,0.44,0.01,0.26,0.0,0.0,425,0.0,84,0.0,0.0,0.0,0.0,0.0,0.0,625.0,75.36,1,1,4.6,200,0,0.0,729.6461791992188,739.9486694335938,27.279685974121094,61.96364212036133,253.15,32.0,0,False,False,False,False,False,False,False,False,False,True,1.0,0.6032489946647102
984,984,0.1,0.45,1.88,0.02,0.02,0.0,0.0,0.44,0.01,0.26,0.0,0.0,425,0.0,84,0.0,0.0,0.0,0.0,0.0,0.0,625.0,75.36,1,1,4.6,200,0,0.0,727.1661376953125,741.0091552734375,26.973485946655277,61.90972518920898,273.15,41.0,0,False,False,False,False,False,False,False,False,False,True,1.0,0.6411978668389403
985,985,0.07,0.16,0.84,0.02,0.03,0.0,0.0,0.02,0.0,0.28,0.0,0.0,415,0.0,84,0.0,0.0,0.0,0.0,0.0,0.0,625.0,72.24,1,1,4.4,200,0,0.0,352.0,459.0,36.0,72.0,,147.7310791015625,4,False,False,False,False,False,False,False,False,False,True,4.0,0.9263633960698913
986,986,0.07,0.16,0.84,0.02,0.03,0.0,0.0,0.02,0.0,0.28,0.0,0.0,415,0.0,84,0.0,0.0,0.0,0.0,0.0,0.0,625.0,72.24,1,1,4.4,200,0,0.0,341.0089416503906,451.6661376953125,34.852779388427734,71.6347885131836,213.15,95.0,0,False,False,False,False,False,False,False,False,False,True,0.0,0.7687820102728075
987,987,0.07,0.16,0.84,0.02,0.03,0.0,0.0,0.02,0.0,0.28,0.0,0.0,415,0.0,84,0.0,0.0,0.0,0.0,0.0,0.0,625.0,72.24,1,1,4.4,200,0,0.0,351.8875427246094,457.0977478027344,34.41888427734375,71.72177124023438,233.15,139.0,0,False,False,False,False,False,False,False,False,False,True,4.0,0.9566282136032184
988,988,0.07,0.16,0.84,0.02,0.03,0.0,0.0,0.02,0.0,0.28,0.0,0.0,415,0.0,84,0.0,0.0,0.0,0.0,0.0,0.0,625.0,72.24,1,1,4.4,200,0,0.0,351.3051147460937,466.0346374511719,34.354705810546875,71.70159912109375,253.15,148.0,0,False,False,False,False,False,False,False,False,False,True,4.0,0.9210300997682447
989,989,0.07,0.16,0.84,0.02,0.03,0.0,0.0,0.02,0.0,0.28,0.0,0.0,415,0.0,84,0.0,0.0,0.0,0.0,0.0,0.0,625.0,72.24,1,1,4.4,200,0,0.0,350.8935546875,466.0346374511719,34.256343841552734,71.68846130371094,273.15,150.0,0,False,False,False,False,False,False,False,False,False,True,4.0,0.909103896844282
990,990,0.08,0.18,0.75,0.01,0.02,0.0,0.0,0.02,0.0,0.22,0.0,0.0,381,0.0,109,0.0,0.0,0.0,0.0,0.0,0.0,625.0,72.24,1,1,4.4,200,0,0.0,349.0,456.0,36.0,72.0,,138.21653747558594,4,False,False,False,False,False,False,False,False,False,True,4.0,0.9603538006885443
991,991,0.08,0.18,0.75,0.01,0.02,0.0,0.0,0.02,0.0,0.22,0.0,0.0,381,0.0,109,0.0,0.0,0.0,0.0,0.0,0.0,625.0,72.24,1,1,4.4,200,0,0.0,345.7797546386719,460.0887145996094,34.770999908447266,72.45976257324219,213.15,67.0,0,False,False,False,False,False,False,False,False,False,True,4.0,0.9888872189335088
992,992,0.08,0.18,0.75,0.01,0.02,0.0,0.0,0.02,0.0,0.22,0.0,0.0,381,0.0,109,0.0,0.0,0.0,0.0,0.0,0.0,625.0,72.24,1,1,4.4,200,0,0.0,350.752685546875,459.5290222167969,34.71001434326172,72.57451629638672,223.15,117.0,0,False,False,False,False,False,False,False,False,False,True,4.0,0.7728762729542569
993,993,0.08,0.18,0.75,0.01,0.02,0.0,0.0,0.02,0.0,0.22,0.0,0.0,381,0.0,109,0.0,0.0,0.0,0.0,0.0,0.0,625.0,72.24,1,1,4.4,200,0,0.0,354.0892028808594,475.4799499511719,34.22755813598633,72.47315216064453,253.15,134.0,0,False,False,False,False,False,False,False,False,False,True,4.0,0.9660241288958025
994,994,0.08,0.18,0.75,0.01,0.02,0.0,0.0,0.02,0.0,0.22,0.0,0.0,381,0.0,109,0.0,0.0,0.0,0.0,0.0,0.0,625.0,72.24,1,1,4.4,200,0,0.0,352.3782653808594,475.6589660644531,34.090240478515625,72.46001434326172,273.15,155.0,0,False,False,False,False,False,False,False,False,False,True,4.0,0.8670040315118664
995,995,0.07,0.16,1.17,0.01,0.02,0.0,0.0,0.02,0.01,0.26,0.0,0.0,368,0.0,108,0.0,0.0,0.0,0.0,0.0,0.0,625.0,72.24,1,1,4.4,200,0,0.0,350.0,462.0,24.0,76.0,,161.0415802001953,4,False,False,False,False,False,False,False,False,False,True,4.0,0.6649254638947855
996,996,0.07,0.16,1.17,0.01,0.02,0.0,0.0,0.02,0.01,0.26,0.0,0.0,368,0.0,108,0.0,0.0,0.0,0.0,0.0,0.0,625.0,72.24,1,1,4.4,200,0,0.0,395.7481384277344,466.7797546386719,26.791170120239254,74.52405548095703,213.15,110.0,0,False,False,False,False,False,False,False,False,False,True,0.0,0.578292836033259
997,997,0.07,0.16,1.17,0.01,0.02,0.0,0.0,0.02,0.01,0.26,0.0,0.0,368,0.0,108,0.0,0.0,0.0,0.0,0.0,0.0,625.0,72.24,1,1,4.4,200,0,0.0,391.6370849609375,471.6056518554688,26.312545776367188,74.63312530517578,233.15,145.0,0,False,False,False,False,False,False,False,False,False,True,4.0,0.8634205511033989
998,998,0.07,0.16,1.17,0.01,0.02,0.0,0.0,0.02,0.01,0.26,0.0,0.0,368,0.0,108,0.0,0.0,0.0,0.0,0.0,0.0,625.0,72.24,1,1,4.4,200,0,0.0,390.5235595703125,484.3091125488281,26.25026512145996,74.59071350097656,253.15,168.0,0,False,False,False,False,False,False,False,False,False,True,5.0,0.5501228470027744
999,999,0.07,0.16,1.17,0.01,0.02,0.0,0.0,0.02,0.01,0.26,0.0,0.0,368,0.0,108,0.0,0.0,0.0,0.0,0.0,0.0,625.0,72.24,1,1,4.4,200,0,0.0,388.8126220703125,484.3386840820313,26.00465202331543,74.57757568359375,273.15,180.0,0,False,False,False,False,False,False,False,False,False,True,5.0,0.8165131777660055
1000,1000,0.11,0.16,1.09,0.01,0.02,0.0,0.0,0.03,0.01,0.24,0.0,0.0,353,0.0,78,0.0,0.0,0.0,0.0,0.0,0.0,625.0,72.24,1,1,4.4,200,0,0.0,376.0,484.0,32.0,74.0,,136.71226501464844,4,False,False,False,False,False,False,False,False,False,True,4.0,0.9512968053357224
1001,1001,0.11,0.16,1.09,0.01,0.02,0.0,0.0,0.03,0.01,0.24,0.0,0.0,353,0.0,78,0.0,0.0,0.0,0.0,0.0,0.0,625.0,72.24,1,1,4.4,200,0,0.0,381.4433898925781,476.2077331542969,31.55406951904297,73.02857971191406,213.15,15.0,0,False,False,False,False,False,False,False,False,False,True,2.0,0.9998257473341466
1002,1002,0.11,0.16,1.09,0.01,0.02,0.0,0.0,0.03,0.01,0.24,0.0,0.0,353,0.0,78,0.0,0.0,0.0,0.0,0.0,0.0,625.0,72.24,1,1,4.4,200,0,0.0,381.4433898925781,476.2077331542969,31.55406951904297,73.02857971191406,213.15,22.0,0,False,False,False,False,False,False,False,False,False,True,2.0,0.9998516468901884
1003,1003,0.11,0.16,1.09,0.01,0.02,0.0,0.0,0.03,0.01,0.24,0.0,0.0,353,0.0,78,0.0,0.0,0.0,0.0,0.0,0.0,625.0,72.24,1,1,4.4,200,0,0.0,377.5877685546875,492.0997619628906,31.28752326965332,73.0639877319336,253.15,134.0,0,False,False,False,False,False,False,False,False,False,True,4.0,0.9525577974298056
1004,1004,0.11,0.16,1.09,0.01,0.02,0.0,0.0,0.03,0.01,0.24,0.0,0.0,353,0.0,78,0.0,0.0,0.0,0.0,0.0,0.0,625.0,72.24,1,1,4.4,200,0,0.0,377.17620849609375,492.0997619628906,31.212270736694336,73.05084991455078,273.15,138.0,0,False,False,False,False,False,False,False,False,False,True,4.0,0.940257808510575
1005,1005,0.1,0.18,1.29,0.02,0.02,0.0,0.0,0.01,0.01,0.21,0.0,0.0,337,0.0,61,0.0,0.0,0.0,0.0,0.0,0.0,625.0,72.24,1,1,4.4,200,0,0.0,359.0,503.0,28.0,72.0,,127.26966857910156,4,False,False,False,False,False,False,False,False,False,True,4.0,0.9520918781370517
1006,1006,0.1,0.18,1.29,0.02,0.02,0.0,0.0,0.01,0.01,0.21,0.0,0.0,337,0.0,61,0.0,0.0,0.0,0.0,0.0,0.0,625.0,72.24,1,1,4.4,200,0,0.0,384.9064331054688,494.6138916015625,29.0860538482666,69.77676391601562,213.15,59.0,0,False,False,False,False,False,False,False,False,False,True,4.0,0.9268637818261599
1007,1007,0.1,0.18,1.29,0.02,0.02,0.0,0.0,0.01,0.01,0.21,0.0,0.0,337,0.0,61,0.0,0.0,0.0,0.0,0.0,0.0,625.0,72.24,1,1,4.4,200,0,0.0,382.1643371582031,504.3433837890625,28.90174674987793,69.8898696899414,233.15,95.0,0,False,False,False,False,False,False,False,False,False,True,0.0,0.5512025977383108
1008,1008,0.1,0.18,1.29,0.02,0.02,0.0,0.0,0.01,0.01,0.21,0.0,0.0,337,0.0,61,0.0,0.0,0.0,0.0,0.0,0.0,625.0,72.24,1,1,4.4,200,0,0.0,381.181884765625,516.2230224609375,28.9862060546875,69.7532730102539,253.15,128.0,0,False,False,False,False,False,False,False,False,False,True,4.0,0.9365549282653375
1009,1009,0.1,0.18,1.29,0.02,0.02,0.0,0.0,0.01,0.01,0.21,0.0,0.0,337,0.0,61,0.0,0.0,0.0,0.0,0.0,0.0,625.0,72.24,1,1,4.4,200,0,0.0,380.5451965332031,516.3594970703125,28.85737609863281,69.7401351928711,273.15,144.0,0,False,False,False,False,False,False,False,False,False,True,4.0,0.8521293817248181
1010,1010,0.1,0.24,1.91,0.02,0.02,0.0,0.0,0.02,0.01,0.05,0.0,0.0,228,0.0,74,0.0,0.0,0.0,0.0,0.0,0.0,625.0,72.24,1,1,4.4,200,0,0.0,376.0,553.0,33.0,70.0,,102.66123962402344,4,False,False,False,False,False,False,False,False,False,True,0.0,0.7710535083261114
1011,1011,0.1,0.24,1.91,0.02,0.02,0.0,0.0,0.02,0.01,0.05,0.0,0.0,228,0.0,74,0.0,0.0,0.0,0.0,0.0,0.0,625.0,72.24,1,1,4.4,200,0,0.0,403.1070861816406,552.3765869140625,31.94473648071289,63.53027725219727,213.15,30.0,0,False,False,False,False,False,False,False,False,False,True,2.0,0.9979938330367397
1012,1012,0.1,0.24,1.91,0.02,0.02,0.0,0.0,0.02,0.01,0.05,0.0,0.0,228,0.0,74,0.0,0.0,0.0,0.0,0.0,0.0,625.0,72.24,1,1,4.4,200,0,0.0,398.4359436035156,558.5532836914062,31.79950523376465,63.56172943115234,233.15,78.0,0,False,False,False,False,False,False,False,False,False,True,4.0,0.9351651204103176
1013,1013,0.1,0.24,1.91,0.02,0.02,0.0,0.0,0.02,0.01,0.05,0.0,0.0,228,0.0,74,0.0,0.0,0.0,0.0,0.0,0.0,625.0,72.24,1,1,4.4,200,0,0.0,395.2914123535156,563.6580200195312,31.90277099609375,63.44664001464844,253.15,91.0,0,False,False,False,False,False,False,False,False,False,True,4.0,0.7590632818750019
1014,1014,0.1,0.24,1.91,0.02,0.02,0.0,0.0,0.02,0.01,0.05,0.0,0.0,228,0.0,74,0.0,0.0,0.0,0.0,0.0,0.0,625.0,72.24,1,1,4.4,200,0,0.0,395.2914123535156,563.6273193359375,31.76038360595703,63.43349456787109,273.15,122.0,0,False,False,False,False,False,False,False,False,False,True,4.0,0.8703697483207972
1015,1015,0.1,0.13,0.73,0.02,0.02,0.0,0.0,0.43,0.01,0.14,0.0,0.0,373,0.0,81,0.0,0.0,0.0,0.0,0.0,0.0,625.0,72.24,1,1,4.4,200,0,0.0,353.0,491.0,32.0,67.0,,133.75326538085938,4,False,False,False,False,False,False,False,False,False,True,4.0,0.9535737958942204
1016,1016,0.1,0.13,0.73,0.02,0.02,0.0,0.0,0.43,0.01,0.14,0.0,0.0,373,0.0,81,0.0,0.0,0.0,0.0,0.0,0.0,625.0,72.24,1,1,4.4,200,0,0.0,369.1972961425781,590.913330078125,32.14909744262695,68.16818237304688,213.15,14.0,0,False,False,False,False,False,False,False,False,False,True,2.0,0.9969886962991675
1017,1017,0.1,0.13,0.73,0.02,0.02,0.0,0.0,0.43,0.01,0.14,0.0,0.0,373,0.0,81,0.0,0.0,0.0,0.0,0.0,0.0,625.0,72.24,1,1,4.4,200,0,0.0,368.0476684570313,589.7933959960938,32.14381790161133,68.26400756835938,233.15,72.0,0,False,False,False,False,False,False,False,False,False,True,4.0,0.9545038768544809
1018,1018,0.1,0.13,0.73,0.02,0.02,0.0,0.0,0.43,0.01,0.14,0.0,0.0,373,0.0,81,0.0,0.0,0.0,0.0,0.0,0.0,625.0,72.24,1,1,4.4,200,0,0.0,368.4095153808594,593.0694580078125,31.66068458557129,68.19969940185547,253.15,111.0,0,False,False,False,False,False,False,False,False,False,True,0.0,0.6496279097793974
1019,1019,0.1,0.13,0.73,0.02,0.02,0.0,0.0,0.43,0.01,0.14,0.0,0.0,373,0.0,81,0.0,0.0,0.0,0.0,0.0,0.0,625.0,72.24,1,1,4.4,200,0,0.0,367.9979553222656,593.0694580078125,31.418764114379883,68.22595977783203,273.15,135.0,0,False,False,False,False,False,False,False,False,False,True,4.0,0.8844432676887599
1020,1020,0.12,0.27,1.46,0.01,0.03,0.0,0.0,0.48,0.01,0.3,0.0,0.0,365,0.0,77,0.0,0.0,0.0,0.0,0.0,0.0,625.0,72.24,1,1,4.4,200,0,0.0,689.0,689.0,34.0,69.0,,104.77142333984376,4,False,False,False,False,False,False,False,False,False,True,0.0,0.9004093052230889
1021,1021,0.12,0.27,1.46,0.01,0.03,0.0,0.0,0.48,0.01,0.3,0.0,0.0,365,0.0,77,0.0,0.0,0.0,0.0,0.0,0.0,625.0,72.24,1,1,4.4,200,0,0.0,672.3984375,681.8640747070312,33.21038055419922,69.09675598144531,213.15,41.0,0,False,False,False,False,False,False,False,False,False,True,3.0,0.8733118017446153
1022,1022,0.12,0.27,1.46,0.01,0.03,0.0,0.0,0.48,0.01,0.3,0.0,0.0,365,0.0,77,0.0,0.0,0.0,0.0,0.0,0.0,625.0,72.24,1,1,4.4,200,0,0.0,679.4498901367188,684.7342529296875,33.07865905761719,69.07829284667969,253.15,78.0,0,False,False,False,False,False,False,False,False,False,True,3.0,0.8761104244211191
1023,1023,0.12,0.27,1.46,0.01,0.03,0.0,0.0,0.48,0.01,0.3,0.0,0.0,365,0.0,77,0.0,0.0,0.0,0.0,0.0,0.0,625.0,72.24,1,1,4.4,200,0,0.0,676.2762451171875,684.7342529296875,33.18917465209961,69.06515502929688,273.15,113.0,0,False,False,False,False,False,False,False,False,False,True,0.0,0.7351542841245674
1024,1024,0.09,0.31,1.32,0.01,0.02,0.05,0.04,0.01,0.01,0.11,0.0,0.0,233,91.98,95,140.0,9.98,99.66,98.06,96.1,39.05,550.0,28.0,1,1,3.6,100,0,0.0,429.0,537.0,22.0,75.0,258.15,70.0,4,False,False,False,False,False,False,True,False,False,False,4.0,0.7135266928321611
1025,1025,0.11,0.36,1.61,0.02,0.03,0.06,0.05,0.02,0.01,0.12,0.0,0.0,305,99.22,95,140.0,9.38,200.0,100.0,100.0,100.0,550.0,28.0,1,1,3.6,100,0,0.0,542.0,625.0,19.0,64.0,266.15,70.0,4,False,False,False,False,False,False,True,False,False,False,3.0,0.8320490539273412
1026,1026,0.1,0.28,1.42,0.01,0.02,0.09,0.08,0.04,0.01,0.15,0.0,0.0,430,56.43,150,150.0,9.86,300.0,200.0,200.0,200.0,550.0,28.0,1,1,3.6,100,0,0.0,493.0,618.0,18.0,75.0,267.15,70.0,4,False,False,False,False,False,False,True,False,False,False,3.0,0.8860941970165348
1027,1027,0.08,0.25,1.35,0.01,0.02,0.09,0.07,0.01,0.01,0.14,0.0,0.0,392,95.33,122,120.0,9.43,200.0,100.0,53.54,97.3,550.0,28.0,1,1,3.6,100,0,0.0,547.0,635.0,15.0,66.0,255.15,70.0,4,False,False,False,False,False,False,True,False,False,False,3.0,0.6940650475873962
1028,1028,0.1,0.31,1.37,0.02,0.03,0.08,0.06,0.02,0.01,0.15,0.0,0.0,336,90.52,99,130.0,9.62,300.0,200.0,99.17,100.0,550.0,28.0,1,1,3.6,100,0,0.0,498.0,621.0,16.0,70.0,289.15,70.0,4,False,False,False,False,False,False,True,False,False,False,3.0,0.8751958808931778
1029,1029,0.08,0.28,1.27,0.01,0.02,0.1,0.06,0.01,0.01,0.15,0.0,0.0,435,45.93,121,160.0,9.57,300.0,200.0,94.61,100.0,550.0,28.0,1,1,3.6,100,0,0.0,503.0,625.0,17.0,72.0,268.15,70.0,4,False,False,False,False,False,False,True,False,False,False,3.0,0.8879421406928449
1030,1030,0.09,0.18,1.05,0.01,0.02,0.1,0.05,0.01,0.01,0.11,0.0,0.0,511,91.91,100,47.65,9.44,57.46,91.11,99.56,94.64,550.0,28.0,1,1,3.6,100,0,0.0,380.0,486.0,22.0,75.0,274.15,70.0,4,False,False,False,False,False,False,True,False,False,False,4.0,0.9339729353149836
1031,1031,0.09,0.16,1.01,0.02,0.03,0.13,0.05,0.01,0.01,0.11,0.0,0.0,569,97.87,102,46.62,5.55,100.0,94.79,96.27,100.0,550.0,28.0,1,1,3.6,100,0,0.0,402.0,498.0,18.0,70.0,280.15,70.0,4,False,False,False,False,False,False,True,False,False,False,4.0,0.4830083754640557
1032,1032,0.09,0.15,1.18,0.01,0.02,0.13,0.08,0.03,0.01,0.14,0.0,0.0,621,91.83,131,49.68,9.14,200.0,100.0,94.65,99.33,550.0,28.0,1,1,3.6,100,0,0.0,427.0,518.0,18.0,75.0,303.15,70.0,4,False,False,False,False,False,False,True,False,False,False,4.0,0.4706603724009584
1033,1033,0.07,0.11,0.85,0.02,0.02,0.14,0.07,0.01,0.01,0.14,0.0,0.0,543,96.75,119,46.06,9.76,100.0,100.0,98.53,99.86,550.0,28.0,1,1,3.6,100,0,0.0,436.0,525.0,15.0,77.0,311.15,70.0,4,False,False,False,False,False,False,True,False,False,False,3.0,0.6466514762517671
1034,1034,0.08,0.16,0.97,0.02,0.02,0.15,0.07,0.02,0.01,0.19,0.0,0.0,584,90.14,95,46.93,9.94,200.0,200.0,100.0,100.0,550.0,28.0,1,1,3.6,100,0,0.0,451.0,545.0,16.677127838134766,74.0,285.15,70.0,3,False,False,False,False,False,False,True,False,False,False,3.0,0.7621856667871567
1035,1035,0.08,0.19,1.16,0.02,0.02,0.17,0.07,0.02,0.02,0.17,0.0,0.0,609,61.58,131,48.02,5.71,200.0,200.0,200.0,100.0,550.0,28.0,1,1,3.6,100,0,0.0,441.0,557.0,16.0,69.0,307.15,70.0,4,False,False,False,False,False,False,True,False,False,False,3.0,0.8694660523132399
1036,1036,0.04,0.32,0.62,0.01,0.01,0.0,0.0,0.0,0.0,0.0,0.0,0.0,0,0.0,0,0.0,0.0,0.0,0.0,0.0,0.0,170.2316436767578,21.607946395874023,1,1,0.6,200,250,14.0,445.0,496.0,31.0,79.7,,140.27735900878906,4,False,False,False,True,False,False,False,False,False,False,4.0,0.9166637748784181
1037,1037,0.04,0.32,0.62,0.01,0.01,0.0,0.0,0.0,0.0,0.0,0.0,0.0,0,0.0,0,0.0,0.0,0.0,0.0,0.0,0.0,169.9928741455078,21.1126708984375,1,1,0.6,200,0,0.0,410.1418151855469,479.2728271484375,31.54392433166504,78.92533111572266,237.15,100.0,0,False,False,False,True,False,False,False,False,False,False,0.0,0.7998365695822893
1038,1038,0.05,0.31,0.96,0.01,0.01,0.0,0.0,0.0,0.0,0.0,0.0,0.0,0,0.0,0,0.0,0.0,0.0,0.0,0.0,0.0,170.2316436767578,21.607946395874023,1,1,0.6,200,250,14.0,479.0,527.0,27.8,77.0,,143.3026123046875,4,False,False,False,True,False,False,False,False,False,False,4.0,0.7387925795127598
1039,1039,0.05,0.31,0.96,0.01,0.01,0.0,0.0,0.0,0.0,0.0,0.0,0.0,0,0.0,0,0.0,0.0,0.0,0.0,0.0,0.0,169.9928741455078,21.1126708984375,1,1,0.6,200,0,0.0,433.0573425292969,493.6118774414063,30.2330379486084,78.43321990966797,223.15,100.0,0,False,False,False,True,False,False,False,False,False,False,0.0,0.7694136636269785
1040,1040,0.05,0.38,1.42,0.01,0.01,0.0,0.0,0.0,0.0,0.0,0.0,0.0,0,0.0,0,0.0,0.0,0.0,0.0,0.0,0.0,170.2316436767578,21.607946395874023,1,1,0.6,200,250,14.0,511.0,575.0,26.8,78.7,,126.65382385253906,4,False,False,False,True,False,False,False,False,False,False,4.0,0.7142946725405297
1041,1041,0.05,0.38,1.42,0.01,0.01,0.0,0.0,0.0,0.0,0.0,0.0,0.0,0,0.0,0,0.0,0.0,0.0,0.0,0.0,0.0,169.9928741455078,21.1126708984375,1,1,0.6,200,0,0.0,489.8365478515625,554.011962890625,28.43961906433105,77.95248413085938,226.15,100.0,0,False,False,False,True,False,False,False,False,False,False,0.0,0.8292039032622841
1042,1042,0.06,0.35,1.93,0.01,0.01,0.0,0.0,0.0,0.0,0.0,0.0,0.0,0,0.0,0,0.0,0.0,0.0,0.0,0.0,0.0,170.2316436767578,21.607946395874023,1,1,0.6,200,250,14.0,587.0,633.0,24.2,76.9,,128.83734130859375,4,False,False,False,True,False,False,False,False,False,False,3.0,0.5053616156401219
1043,1043,0.06,0.35,1.93,0.01,0.01,0.0,0.0,0.0,0.0,0.0,0.0,0.0,0,0.0,0,0.0,0.0,0.0,0.0,0.0,0.0,169.9928741455078,21.1126708984375,1,1,0.6,200,0,0.0,553.8502807617188,628.0918579101562,25.13787078857422,74.26892852783203,245.15,100.0,0,False,False,False,True,False,False,False,False,False,False,0.0,0.9198995219786943
1044,1044,0.04,0.29,0.6,0.01,0.01,0.0,0.0,0.0,0.0,0.0,0.0,0.0,0,0.0,0,0.0,0.0,0.0,0.0,0.0,0.0,170.2316436767578,21.607946395874023,1,1,1.0,200,250,14.0,401.0,466.0,32.0,81.5,,141.8890838623047,4,False,False,False,True,False,False,False,False,False,False,4.0,0.9383242978182668
1045,1045,0.04,0.29,0.6,0.01,0.01,0.0,0.0,0.0,0.0,0.0,0.0,0.0,0,0.0,0,0.0,0.0,0.0,0.0,0.0,0.0,169.9928741455078,21.1126708984375,1,1,1.0,200,0,0.0,388.9281005859375,468.5045776367188,32.86237335205078,79.3768081665039,242.15,100.0,0,False,False,False,True,False,False,False,False,False,False,0.0,0.8494411388050356
1046,1046,0.04,0.29,0.94,0.01,0.01,0.0,0.0,0.0,0.0,0.0,0.0,0.0,0,0.0,0,0.0,0.0,0.0,0.0,0.0,0.0,170.2316436767578,21.607946395874023,1,1,1.0,200,250,14.0,438.0,501.0,32.6,80.6,,147.3978271484375,4,False,False,False,True,False,False,False,False,False,False,4.0,0.8889840514932964
1047,1047,0.04,0.29,0.94,0.01,0.01,0.0,0.0,0.0,0.0,0.0,0.0,0.0,0,0.0,0,0.0,0.0,0.0,0.0,0.0,0.0,169.9928741455078,21.1126708984375,1,1,1.0,200,0,0.0,406.2961120605469,483.81585693359375,32.8011360168457,79.4789047241211,227.15,100.0,0,False,False,False,True,False,False,False,False,False,False,0.0,0.8200099872051896
1048,1048,0.05,0.35,1.41,0.01,0.01,0.0,0.0,0.0,0.0,0.0,0.0,0.0,0,0.0,0,0.0,0.0,0.0,0.0,0.0,0.0,170.2316436767578,21.607946395874023,1,1,1.0,200,250,14.0,479.0,551.0,29.8,78.8,,126.03994750976562,4,False,False,False,True,False,False,False,False,False,False,4.0,0.9071401878058026
1049,1049,0.05,0.35,1.41,0.01,0.01,0.0,0.0,0.0,0.0,0.0,0.0,0.0,0,0.0,0,0.0,0.0,0.0,0.0,0.0,0.0,169.9928741455078,21.1126708984375,1,1,1.0,200,0,0.0,467.0328369140625,539.5748901367188,30.64384651184082,78.25008392333984,219.15,100.0,0,False,False,False,True,False,False,False,False,False,False,0.0,0.7777194765523735
1050,1050,0.05,0.32,1.8,0.01,0.01,0.0,0.0,0.0,0.0,0.0,0.0,0.0,0,0.0,0,0.0,0.0,0.0,0.0,0.0,0.0,170.2316436767578,21.607946395874023,1,1,1.0,200,250,14.0,507.0,587.0,29.2,76.9,,127.69976043701172,4,False,False,False,True,False,False,False,False,False,False,4.0,0.7606600027549908
1051,1051,0.05,0.32,1.8,0.01,0.01,0.0,0.0,0.0,0.0,0.0,0.0,0.0,0,0.0,0,0.0,0.0,0.0,0.0,0.0,0.0,169.9928741455078,21.1126708984375,1,1,1.0,200,0,0.0,508.9584655761719,574.0693359375,28.406370162963867,76.43144226074219,229.15,100.0,0,False,False,False,True,False,False,False,False,False,False,0.0,0.8706080724446196
1052,1052,0.04,0.24,0.55,0.01,0.0,0.0,0.0,0.0,0.0,0.0,0.0,0.0,0,0.0,0,0.0,0.0,0.0,0.0,0.0,0.0,179.2061004638672,30.927061080932617,1,1,2.2,200,250,14.0,389.0,457.0,30.0,80.6,,132.81549072265625,4,False,False,False,True,False,False,False,False,False,False,4.0,0.962600006046657
1053,1053,0.04,0.24,0.55,0.01,0.0,0.0,0.0,0.0,0.0,0.0,0.0,0.0,0,0.0,0,0.0,0.0,0.0,0.0,0.0,0.0,178.81021118164062,27.24549102783203,1,1,2.2,200,0,0.0,384.3896789550781,460.3067626953125,32.852874755859375,77.16131591796875,234.15,100.0,0,False,False,False,True,False,False,False,False,False,False,0.0,0.8426755504937214
1054,1054,0.04,0.24,0.89,0.01,0.01,0.0,0.0,0.0,0.0,0.0,0.0,0.0,0,0.0,0,0.0,0.0,0.0,0.0,0.0,0.0,179.2061004638672,30.927061080932617,1,1,2.2,200,250,14.0,400.0,478.0,32.6,80.6,,137.8433380126953,4,False,False,False,True,False,False,False,False,False,False,4.0,0.9518066393542137
1055,1055,0.04,0.24,0.89,0.01,0.01,0.0,0.0,0.0,0.0,0.0,0.0,0.0,0,0.0,0,0.0,0.0,0.0,0.0,0.0,0.0,178.81021118164062,27.24549102783203,1,1,2.2,200,0,0.0,399.8678588867188,477.3967590332031,33.56128692626953,77.2129898071289,227.15,100.0,0,False,False,False,True,False,False,False,False,False,False,0.0,0.8245002434625436
1056,1056,0.04,0.28,1.37,0.01,0.01,0.0,0.0,0.0,0.0,0.0,0.0,0.0,0,0.0,0,0.0,0.0,0.0,0.0,0.0,0.0,179.2061004638672,30.927061080932617,1,1,2.2,200,250,14.0,438.0,518.0,29.8,82.3,,140.4390411376953,4,False,False,False,True,False,False,False,False,False,False,4.0,0.9055156659865468
1057,1057,0.04,0.28,1.37,0.01,0.01,0.0,0.0,0.0,0.0,0.0,0.0,0.0,0,0.0,0,0.0,0.0,0.0,0.0,0.0,0.0,178.81021118164062,27.24549102783203,1,1,2.2,200,0,0.0,433.8946838378906,518.2554931640625,31.95893859863281,77.38614654541016,216.15,100.0,0,False,False,False,True,False,False,False,False,False,False,0.0,0.7664657079238845
1058,1058,0.04,0.26,1.69,0.01,0.01,0.0,0.0,0.0,0.0,0.0,0.0,0.0,0,0.0,0,0.0,0.0,0.0,0.0,0.0,0.0,179.2061004638672,30.927061080932617,1,1,2.2,200,250,14.0,456.0,548.0,32.0,78.8,,138.09365844726562,4,False,False,False,True,False,False,False,False,False,False,4.0,0.8990825306076355
1059,1059,0.04,0.26,1.69,0.01,0.01,0.0,0.0,0.0,0.0,0.0,0.0,0.0,0,0.0,0,0.0,0.0,0.0,0.0,0.0,0.0,178.81021118164062,27.24549102783203,1,1,2.2,200,0,0.0,461.9102783203125,550.4437866210938,30.386260986328125,76.47882080078125,236.15,100.0,0,False,False,False,True,False,False,False,False,False,False,0.0,0.787036205981326
1060,1060,0.04,0.2,0.52,0.01,0.01,0.0,0.0,0.0,0.0,0.0,0.0,0.0,0,0.0,0,0.0,0.0,0.0,0.0,0.0,0.0,467.5733947753906,35.57164001464844,1,1,4.3,200,250,14.0,341.0,453.0,32.6,78.8,,135.29513549804688,4,False,False,False,True,False,False,False,False,False,False,4.0,0.9641822359033894
1061,1061,0.04,0.2,0.52,0.01,0.01,0.0,0.0,0.0,0.0,0.0,0.0,0.0,0,0.0,0,0.0,0.0,0.0,0.0,0.0,0.0,511.0314331054688,31.126670837402344,1,1,4.3,200,0,0.0,362.4668273925781,465.6570434570313,32.05958938598633,76.3223876953125,258.15,100.0,0,False,False,False,True,False,False,False,False,False,False,0.0,0.836747734359231
1062,1062,0.04,0.2,0.93,0.01,0.01,0.0,0.0,0.0,0.0,0.0,0.0,0.0,0,0.0,0,0.0,0.0,0.0,0.0,0.0,0.0,467.5733947753906,35.57164001464844,1,1,4.3,200,250,14.0,376.0,484.0,32.6,78.8,,135.628173828125,4,False,False,False,True,False,False,False,False,False,False,4.0,0.9591634144292253
1063,1063,0.04,0.2,0.93,0.01,0.01,0.0,0.0,0.0,0.0,0.0,0.0,0.0,0,0.0,0,0.0,0.0,0.0,0.0,0.0,0.0,511.0314331054688,31.126670837402344,1,1,4.3,200,0,0.0,375.0779113769531,476.20794677734375,32.63908767700195,76.8846435546875,246.15,100.0,0,False,False,False,True,False,False,False,False,False,False,0.0,0.8296350548133965
1064,1064,0.04,0.24,1.37,0.01,0.01,0.0,0.0,0.0,0.0,0.0,0.0,0.0,0,0.0,0,0.0,0.0,0.0,0.0,0.0,0.0,467.5733947753906,35.57164001464844,1,1,4.3,200,250,14.0,405.0,500.0,31.8,80.6,,132.8806915283203,4,False,False,False,True,False,False,False,False,False,False,4.0,0.9585601973466029
1065,1065,0.04,0.24,1.37,0.01,0.01,0.0,0.0,0.0,0.0,0.0,0.0,0.0,0,0.0,0,0.0,0.0,0.0,0.0,0.0,0.0,511.0314331054688,31.126670837402344,1,1,4.3,200,0,0.0,429.5762634277344,522.457763671875,31.343549728393555,76.9386978149414,246.15,100.0,0,False,False,False,True,False,False,False,False,False,False,0.0,0.7638309875324049
1066,1066,0.05,0.25,1.73,0.01,0.01,0.0,0.0,0.0,0.0,0.0,0.0,0.0,0,0.0,0,0.0,0.0,0.0,0.0,0.0,0.0,467.5733947753906,35.57164001464844,1,1,4.3,200,250,14.0,437.0,541.0,30.0,78.8,,120.23540496826172,4,False,False,False,True,False,False,False,False,False,False,4.0,0.9378387853310967
1067,1067,0.05,0.25,1.73,0.01,0.01,0.0,0.0,0.0,0.0,0.0,0.0,0.0,0,0.0,0,0.0,0.0,0.0,0.0,0.0,0.0,511.0314331054688,31.126670837402344,1,1,4.3,200,0,0.0,465.2061767578125,566.3532104492188,30.2774600982666,75.07880401611328,268.15,100.0,0,False,False,False,True,False,False,False,False,False,False,0.0,0.8066071820833661
1068,1068,0.12,0.26,1.34,0.01,0.01,0.07,0.05,0.0,0.0,0.0,0.0,0.0,253,5.0,89,0.0,0.0,180.0,0.0,0.0,0.0,850.0,35.0,1,1,7.9,300,0,0.0,505.0,589.0,22.791444778442383,71.0,,118.69865417480467,3,False,False,False,False,False,False,True,False,False,False,0.0,0.3045748092455362
1069,1069,0.13,0.3,1.4,0.01,0.01,0.07,0.06,0.0,0.0,0.0,0.0,0.0,430,0.5,95,0.0,0.0,180.0,0.0,0.0,0.0,850.0,35.0,1,1,7.9,300,0,0.0,530.0,620.0,22.565427780151367,63.0,,115.3913345336914,3,False,False,False,False,False,False,True,False,False,False,0.0,0.6541680538351601
1070,1070,0.11,0.26,1.3,0.01,0.02,0.06,0.04,0.0,0.0,0.0,0.0,0.0,236,10.0,83,0.0,0.0,180.0,0.0,0.0,0.0,850.0,35.0,1,1,7.9,300,0,0.0,460.0,584.0,23.67963981628418,65.0,,119.24703979492188,3,False,False,False,False,False,False,True,False,False,False,0.0,0.37682060036569714
1071,1071,0.1,0.28,1.46,0.01,0.02,0.08,0.02,0.0,0.0,0.0,0.0,0.0,357,5.0,92,0.0,0.0,160.0,0.0,0.0,0.0,850.0,35.0,1,1,7.9,300,0,0.0,471.0,575.0,22.751001358032227,66.0,,116.68216705322266,3,False,False,False,False,False,False,True,False,False,False,0.0,0.6113854833569285
1072,1072,0.12,0.22,1.3,0.01,0.02,0.13,0.05,0.0,0.0,0.0,0.0,0.0,255,0.0,99,0.0,0.0,160.0,0.0,0.0,0.0,850.0,35.0,1,1,7.9,300,0,0.0,473.0,609.0,22.81501579284668,60.0,,117.6209487915039,3,False,False,False,False,False,False,True,False,False,False,0.0,0.5873639251478858
1073,1073,0.12,0.26,1.5,0.01,0.01,0.06,0.05,0.01,0.0,0.0,0.0,0.0,455,5.0,100,0.0,0.0,170.0,0.0,0.0,0.0,850.0,35.0,1,1,7.9,300,0,0.0,465.0,571.0,22.44160842895508,70.0,,113.84725189208984,3,False,False,False,False,False,False,True,False,False,False,0.0,0.7491285222420421
1074,1074,0.12,0.25,1.35,0.01,0.01,0.08,0.02,0.01,0.0,0.0,0.0,0.0,260,0.0,94,0.0,0.0,170.0,0.0,0.0,0.0,850.0,35.0,1,1,7.9,300,0,0.0,465.0,587.0,24.212108612060547,69.0,,123.2386474609375,3,False,False,False,False,False,False,True,False,False,False,5.0,0.3952394988428162
1075,1075,0.1,0.3,1.5,0.02,0.01,0.08,0.03,0.01,0.0,0.0,0.0,0.0,370,0.0,95,0.0,0.0,150.0,0.0,0.0,0.0,850.0,35.0,1,1,7.9,300,0,0.0,423.0,564.0,22.57926750183105,71.0,,113.77699279785156,3,False,False,False,False,False,False,True,False,False,False,0.0,0.6803699640484087
1076,1076,0.11,0.23,1.21,0.01,0.01,0.07,0.03,0.17,0.0,0.0,0.0,0.0,218,120.0,101,0.0,16.0,0.0,0.0,0.0,0.0,850.0,35.0,1,1,7.9,300,0,0.0,504.0,589.0,25.107515335083008,69.0,,127.59797668457033,3,False,False,False,False,False,False,True,False,False,False,5.0,0.48799266404085795
1077,1077,0.1,0.24,1.39,0.01,0.01,0.07,0.03,0.15,0.0,0.0,0.0,0.0,411,100.0,103,0.0,20.0,190.0,0.0,0.0,0.0,850.0,35.0,1,1,7.9,300,0,0.0,496.0,604.0,22.246774673461918,65.0,,113.15695190429688,3,False,False,False,False,False,False,True,False,False,False,0.0,0.8084551920236062
1078,1078,0.12,0.26,1.33,0.01,0.02,0.06,0.03,0.12,0.0,0.0,0.0,0.0,255,120.0,96,0.0,13.0,0.0,0.0,0.0,0.0,850.0,35.0,1,1,7.9,300,0,0.0,508.0,604.0,25.42241859436035,67.0,,125.47352600097656,3,False,False,False,False,False,False,True,False,False,False,5.0,0.4562818513035357
1079,1079,0.1,0.26,1.32,0.02,0.01,0.06,0.03,0.12,0.0,0.0,0.0,0.0,362,100.0,101,0.0,22.0,180.0,0.0,0.0,0.0,850.0,35.0,1,1,7.9,300,0,0.0,549.0,629.0,21.723127365112305,60.0,,113.90465545654295,3,False,False,False,False,False,False,True,False,False,False,0.0,0.7081571380414241
1080,1080,0.12,0.25,1.26,0.01,0.01,0.06,0.03,0.14,0.0,0.0,0.0,0.0,262,110.0,119,0.0,20.0,160.0,0.0,0.0,0.0,850.0,35.0,1,1,7.9,300,0,0.0,529.0,612.0,22.9306583404541,61.0,,117.65280151367188,3,False,False,False,False,False,False,True,False,False,False,0.0,0.5010190539485625
1081,1081,0.1,0.26,1.38,0.01,0.01,0.07,0.03,0.14,0.0,0.0,0.0,0.0,416,120.0,116,0.0,22.0,100.0,0.0,0.0,0.0,850.0,35.0,1,1,7.9,300,0,0.0,460.0,583.0,22.917001724243164,63.0,,113.35684204101562,3,False,False,False,False,False,False,True,False,False,False,0.0,0.8409837329865241
1082,1082,0.11,0.25,1.28,0.01,0.01,0.07,0.03,0.15,0.0,0.0,0.0,0.0,253,115.0,107,0.0,21.0,180.0,0.0,0.0,0.0,850.0,35.0,1,1,7.9,300,0,0.0,533.0,615.0,22.95560073852539,62.0,,119.21302032470705,3,False,False,False,False,False,False,True,False,False,False,3.0,0.49661253646122444
1083,1083,0.09,0.21,1.39,0.01,0.01,0.06,0.03,0.18,0.0,0.0,0.0,0.0,340,120.0,108,0.0,22.0,190.0,0.0,0.0,0.0,850.0,35.0,1,1,7.9,300,0,0.0,479.0,587.0,22.503366470336918,68.0,,118.6793441772461,3,False,False,False,False,False,False,True,False,False,False,0.0,0.37296479058314336
1084,1084,0.04,0.31,0.6,0.01,0.01,0.0,0.0,0.0,0.0,0.0,0.0,0.0,0,0.0,0,0.0,0.0,0.0,0.0,0.0,0.0,170.0,21.0,1,1,1.0,20,0,0.0,450.0,506.0,28.8,77.8,259.15,100.0,4,False,False,False,True,False,False,False,False,False,False,0.0,0.7716298071806224
1085,1085,0.04,0.3,1.03,0.01,0.01,0.0,0.0,0.0,0.0,0.0,0.0,0.0,0,0.0,0,0.0,0.0,0.0,0.0,0.0,0.0,170.0,21.0,1,1,1.0,20,0,0.0,495.0,554.0,30.6,77.8,241.15,100.0,4,False,False,False,True,False,False,False,False,False,False,0.0,0.8046047684249786
1086,1086,0.05,0.31,1.39,0.01,0.02,0.0,0.0,0.0,0.0,0.0,0.0,0.0,0,0.0,0,0.0,0.0,0.0,0.0,0.0,0.0,170.0,21.0,1,1,1.0,20,0,0.0,542.0,597.0,26.6,75.0,234.15,100.0,4,False,False,False,True,False,False,False,False,False,False,0.0,0.9238648901917721
1087,1087,0.05,0.31,1.79,0.01,0.02,0.0,0.0,0.0,0.0,0.0,0.0,0.0,0,0.0,0,0.0,0.0,0.0,0.0,0.0,0.0,170.0,21.0,1,1,1.0,20,0,0.0,604.0,657.0,22.0,71.9,244.15,100.0,4,False,False,False,True,False,False,False,False,False,False,0.0,0.8276897960732098
1088,1088,0.04,0.28,0.58,0.01,0.01,0.0,0.0,0.0,0.0,0.0,0.0,0.0,0,0.0,0,0.0,0.0,0.0,0.0,0.0,0.0,170.0,21.0,1,1,1.0,150,0,0.0,411.0,475.0,30.6,79.7,249.15,100.0,4,False,False,False,True,False,False,False,False,False,False,0.0,0.7961282721351474
1089,1089,0.05,0.31,1.0,0.01,0.02,0.0,0.0,0.0,0.0,0.0,0.0,0.0,0,0.0,0,0.0,0.0,0.0,0.0,0.0,0.0,170.0,21.0,1,1,1.0,150,0,0.0,454.0,519.0,29.0,78.8,238.15,100.0,4,False,False,False,True,False,False,False,False,False,False,0.0,0.7749014351546176
1090,1090,0.05,0.31,1.4,0.01,0.01,0.0,0.0,0.0,0.0,0.0,0.0,0.0,0,0.0,0,0.0,0.0,0.0,0.0,0.0,0.0,170.0,21.0,1,1,1.0,150,0,0.0,486.0,556.0,28.6,77.0,232.15,100.0,4,False,False,False,True,False,False,False,False,False,False,0.0,0.8302077010266167
1091,1091,0.05,0.31,1.77,0.01,0.01,0.0,0.0,0.0,0.0,0.0,0.0,0.0,0,0.0,0,0.0,0.0,0.0,0.0,0.0,0.0,170.0,21.0,1,1,1.0,150,0,0.0,525.0,600.0,29.6,77.0,236.15,100.0,4,False,False,False,True,False,False,False,False,False,False,0.0,0.8843793965615956
1092,1092,0.04,0.28,0.6,0.01,0.01,0.0,0.0,0.0,0.0,0.0,0.0,0.0,0,0.0,0,0.0,0.0,0.0,0.0,0.0,0.0,170.0,21.0,1,1,1.0,240,0,0.0,390.0,465.0,34.8,80.6,242.15,100.0,4,False,False,False,True,False,False,False,False,False,False,0.0,0.8938175832353217
1093,1093,0.04,0.32,1.02,0.01,0.01,0.0,0.0,0.0,0.0,0.0,0.0,0.0,0,0.0,0,0.0,0.0,0.0,0.0,0.0,0.0,170.0,21.0,1,1,1.0,240,0,0.0,427.0,499.0,34.6,80.5,231.15,100.0,4,False,False,False,True,False,False,False,False,False,False,0.0,0.8240929538984745
1094,1094,0.05,0.31,1.37,0.01,0.01,0.0,0.0,0.0,0.0,0.0,0.0,0.0,0,0.0,0,0.0,0.0,0.0,0.0,0.0,0.0,170.0,21.0,1,1,1.0,240,0,0.0,448.0,525.0,32.0,78.8,223.15,100.0,4,False,False,False,True,False,False,False,False,False,False,0.0,0.7677150781012313
1095,1095,0.05,0.32,1.75,0.01,0.02,0.0,0.0,0.0,0.0,0.0,0.0,0.0,0,0.0,0,0.0,0.0,0.0,0.0,0.0,0.0,170.0,21.0,1,1,1.0,240,0,0.0,501.0,566.0,31.4,77.8,225.15,100.0,4,False,False,False,True,False,False,False,False,False,False,0.0,0.8075888560462469
1096,1096,0.04,0.25,0.55,0.01,0.01,0.0,0.0,0.0,0.0,0.0,0.0,0.0,0,0.0,0,0.0,0.0,0.0,0.0,0.0,0.0,170.0,21.0,1,1,1.0,300,0,0.0,371.0,452.0,34.2,79.7,237.15,100.0,4,False,False,False,True,False,False,False,False,False,False,0.0,0.9062957917087432
1097,1097,0.04,0.3,0.99,0.01,0.01,0.0,0.0,0.0,0.0,0.0,0.0,0.0,0,0.0,0,0.0,0.0,0.0,0.0,0.0,0.0,170.0,21.0,1,1,1.0,300,0,0.0,410.0,486.0,34.8,80.6,226.15,100.0,4,False,False,False,True,False,False,False,False,False,False,0.0,0.8550630882246185
1098,1098,0.05,0.27,1.32,0.01,0.01,0.0,0.0,0.0,0.0,0.0,0.0,0.0,0,0.0,0,0.0,0.0,0.0,0.0,0.0,0.0,170.0,21.0,1,1,1.0,300,0,0.0,431.0,513.0,33.4,78.8,220.15,100.0,4,False,False,False,True,False,False,False,False,False,False,0.0,0.7848112831687513
1099,1099,0.05,0.28,1.66,0.01,0.01,0.0,0.0,0.0,0.0,0.0,0.0,0.0,0,0.0,0,0.0,0.0,0.0,0.0,0.0,0.0,170.0,21.0,1,1,1.0,300,0,0.0,446.0,533.0,32.2,80.6,216.15,100.0,4,False,False,False,True,False,False,False,False,False,False,0.0,0.771408215106546
1100,1100,0.12,0.29,1.46,0.02,0.03,0.06,0.06,0.0,0.12,0.09,0.0,0.0,0,50.0,0,180.0,0.0,40.0,50.0,0.0,0.0,650.0,33.0,1,1,3.3,300,0,0.0,570.0,668.1078491210938,29.0,68.0,,114.28750610351562,3,False,False,False,False,False,False,True,False,False,False,0.0,0.723901762141231
1101,1102,0.11,0.45,1.67,0.01,0.02,0.04,0.04,0.0,0.1,0.11,0.0,0.0,0,70.0,0,240.0,0.0,50.0,90.0,0.0,0.0,650.0,33.0,1,1,3.3,300,0,0.0,600.0,658.5223999023438,30.0,68.0,,96.60955810546876,3,False,False,False,False,False,False,True,False,False,False,0.0,0.8069735904508532
1102,1104,0.15,0.3,1.57,0.03,0.03,0.07,0.06,0.11,0.12,0.09,0.0,0.0,0,60.0,0,170.0,0.0,60.0,60.0,0.0,0.0,650.0,33.0,1,1,3.3,300,0,0.0,661.0,679.5720825195312,20.0,68.0,,112.9123992919922,3,False,False,False,False,False,False,True,False,False,False,0.0,0.5493561986518193
1103,1106,0.14,0.33,1.67,0.02,0.03,0.07,0.07,0.19,0.1,0.01,0.0,0.0,0,80.0,0,160.0,0.0,80.0,70.0,0.0,0.0,650.0,33.0,1,1,3.3,300,0,0.0,690.0,688.7622680664062,15.0,62.0,,108.9331512451172,3,False,False,False,False,False,False,True,False,False,False,1.0,0.5100224923403648
1104,1108,0.13,0.3,1.38,0.01,0.03,0.06,0.06,0.0,0.1,0.08,0.0,0.0,0,60.0,0,150.0,0.0,50.0,50.0,0.0,0.0,850.0,38.0,1,1,7.6,300,0,0.0,530.0,648.7830200195312,14.0,60.0,,116.89190673828124,3,False,False,False,False,False,False,True,False,False,False,0.0,0.3933827307617913
1105,1110,0.12,0.34,1.67,0.02,0.03,0.05,0.06,0.0,0.12,0.06,0.0,0.0,0,60.0,0,160.0,0.0,50.0,50.0,0.0,0.0,850.0,38.0,1,1,7.6,300,0,0.0,521.0,661.4934692382812,30.0,60.0,,111.3567352294922,3,False,False,False,False,False,False,True,False,False,False,0.0,0.8875968403712813
1106,1112,0.13,0.27,1.46,0.01,0.03,0.07,0.06,0.26,0.1,0.1,0.0,0.0,0,60.0,0,150.0,0.0,50.0,50.0,0.0,0.0,850.0,38.0,1,1,7.6,300,0,0.0,641.0,701.0812377929688,32.0,50.0,,115.74288177490234,3,False,False,False,False,False,False,True,False,False,False,0.0,0.6510019982241251
1107,1114,0.1,0.28,1.45,0.02,0.04,0.06,0.06,0.24,0.11,0.09,0.0,0.0,0,50.0,0,170.0,0.0,50.0,40.0,0.0,0.0,850.0,38.0,1,1,7.6,300,0,0.0,620.0,669.9449462890625,15.0,55.0,,111.10919189453124,3,False,False,False,False,False,False,True,False,False,False,0.0,0.4918354124727543
1108,1116,0.11,0.28,1.39,0.01,0.02,0.06,0.07,0.01,0.03,0.12,0.0,0.0,0,50.0,0,180.0,0.0,50.0,10.0,0.0,0.0,650.0,33.0,1,1,3.3,300,0,0.0,525.0,602.6289672851562,31.0,62.0,,116.04540252685548,3,False,False,False,False,False,False,True,False,False,False,0.0,0.7028974734839692
1109,1118,0.1,0.38,1.58,0.01,0.02,0.05,0.05,0.01,0.03,0.12,0.0,0.0,0,60.0,0,180.0,0.0,50.0,10.0,0.0,0.0,650.0,33.0,1,1,3.3,300,0,0.0,540.0,616.1448974609375,30.0,60.0,,114.93016052246094,3,False,False,False,False,False,False,True,False,False,False,0.0,0.790915327806847
1110,1120,0.12,0.3,1.51,0.01,0.01,0.09,0.07,0.27,0.04,0.15,0.0,0.0,0,50.0,0,160.0,0.0,50.0,10.0,0.0,0.0,650.0,33.0,1,1,3.3,300,0,0.0,592.0,723.721435546875,27.0,68.0,,114.82559204101562,3,False,False,False,False,False,False,True,False,False,False,0.0,0.5794946548914123
1111,1122,0.1,0.41,1.83,0.01,0.01,0.1,0.08,0.3,0.04,0.16,0.0,0.0,0,70.0,0,190.0,0.0,50.0,11.0,0.0,0.0,650.0,33.0,1,1,3.3,300,0,0.0,610.0,721.0132446289062,35.0,68.0,,112.10009765625,3,False,False,False,False,False,False,True,False,False,False,0.0,0.8323006364064607
1112,1124,0.12,0.3,1.4,0.02,0.08,0.14,0.11,0.02,0.0,0.25,0.0,0.0,0,0.0,0,150.0,0.0,50.0,0.0,0.0,0.0,650.0,33.0,1,1,3.3,300,0,0.0,426.0,635.9581909179688,21.0,54.0,,114.84697723388672,3,False,False,False,False,False,False,True,False,False,False,0.0,0.7786049383930473
1113,1126,0.08,0.3,1.35,0.01,0.01,0.03,0.03,0.0,0.05,0.04,0.0,0.0,420,50.0,90,230.0,0.0,150.0,0.0,0.0,0.0,650.0,33.0,1,1,3.3,300,0,0.0,500.0,707.0,23.0,55.0,,118.36082458496094,4,False,False,False,False,False,False,True,False,False,False,0.0,0.452550279550763
1114,1127,0.08,0.3,1.35,0.01,0.01,0.03,0.03,0.0,0.05,0.04,0.0,0.0,420,50.0,90,230.0,0.0,150.0,0.0,0.0,0.0,650.0,33.0,1,1,3.3,300,600,0.75,522.0,670.0,26.0,63.0,,118.3699188232422,4,False,False,False,False,False,False,True,False,False,False,0.0,0.4318091409968456
1115,1128,0.08,0.28,1.39,0.01,0.02,0.03,0.03,0.17,0.05,0.04,0.0,0.0,340,50.0,54,120.0,0.0,150.0,0.0,0.0,0.0,650.0,33.0,1,1,3.3,300,0,0.0,562.0,694.0,22.0,55.0,,116.51594543457033,4,False,False,False,False,False,False,True,False,False,False,0.0,0.5132530633796728
1116,1129,0.08,0.28,1.39,0.01,0.02,0.03,0.03,0.17,0.05,0.04,0.0,0.0,340,50.0,54,120.0,0.0,150.0,0.0,0.0,0.0,650.0,33.0,1,1,3.3,300,600,0.75,642.0,732.0,22.0,58.0,,117.02457427978516,4,False,False,False,False,False,False,True,False,False,False,1.0,0.4300837390523902
1117,1130,0.08,0.29,1.33,0.01,0.02,0.03,0.03,0.43,0.05,0.05,0.0,0.0,450,50.0,95,100.0,0.0,150.0,0.0,0.0,0.0,650.0,33.0,1,1,3.3,300,0,0.0,562.0,692.0,21.0,59.0,,118.15901184082033,4,False,False,False,False,False,False,True,False,False,False,3.0,0.4695358706191646
1118,1131,0.08,0.29,1.33,0.01,0.02,0.03,0.03,0.43,0.05,0.05,0.0,0.0,450,50.0,95,100.0,0.0,150.0,0.0,0.0,0.0,650.0,33.0,1,1,3.3,300,600,0.75,701.0,766.0,22.0,52.0,,118.2628936767578,4,False,False,False,False,False,False,True,False,False,False,1.0,0.8414248326497284
1119,1132,0.16,0.13,1.06,0.03,0.01,0.03,0.02,0.0,0.0,0.05,0.0,0.0,410,50.0,67,120.0,0.0,50.0,0.0,0.0,0.0,650.0,33.0,1,1,3.3,300,0,0.0,355.0,524.0,27.0,50.0,,133.9203338623047,4,False,False,False,False,False,False,True,False,False,False,4.0,0.6286438049236097
1120,1133,0.16,0.13,1.06,0.03,0.01,0.03,0.02,0.0,0.0,0.05,0.0,0.0,410,50.0,67,120.0,0.0,50.0,0.0,0.0,0.0,650.0,33.0,1,1,3.3,300,600,0.75,330.0,494.0,27.0,51.0,,135.1715087890625,4,False,False,False,False,False,False,True,False,False,False,4.0,0.79354708082826
1121,1134,0.12,0.26,1.4,0.01,0.01,0.06,0.05,0.01,0.06,0.11,0.0,0.0,420,50.0,138,140.0,0.0,50.0,0.0,0.0,0.0,650.0,33.0,1,1,3.3,300,0,0.0,522.0,689.0,28.0,60.0,,113.20763397216795,4,False,False,False,False,False,False,True,False,False,False,0.0,0.8072561049971377
1122,1135,0.12,0.26,1.4,0.01,0.01,0.06,0.05,0.01,0.06,0.11,0.0,0.0,420,50.0,138,140.0,0.0,50.0,0.0,0.0,0.0,650.0,33.0,1,1,3.3,300,600,0.75,581.0,704.0,23.0,60.0,,113.3742904663086,4,False,False,False,False,False,False,True,False,False,False,0.0,0.6646276019143168
1123,1136,0.11,0.26,1.44,0.01,0.01,0.07,0.06,0.01,0.1,0.08,0.0,0.0,410,50.0,145,170.0,0.0,50.0,0.0,0.0,0.0,650.0,33.0,1,1,3.3,300,0,0.0,577.0,716.0,26.0,61.0,,111.56658172607422,4,False,False,False,False,False,False,True,False,False,False,0.0,0.767345013356277
1124,1137,0.11,0.26,1.44,0.01,0.01,0.07,0.06,0.01,0.1,0.08,0.0,0.0,410,50.0,145,170.0,0.0,50.0,0.0,0.0,0.0,650.0,33.0,1,1,3.3,300,600,0.75,599.0,701.0,26.0,64.0,,111.49015808105467,4,False,False,False,False,False,False,True,False,False,False,0.0,0.7622198459327877
1125,1138,0.16,0.12,1.04,0.03,0.01,0.03,0.02,0.15,0.0,0.04,0.0,0.0,420,50.0,67,90.0,0.0,50.0,0.0,0.0,0.0,650.0,33.0,1,1,3.3,300,0,0.0,405.0,577.0,20.0,32.0,,136.8130645751953,4,False,False,False,False,False,False,True,False,False,False,3.0,0.7906288170462208
1126,1139,0.16,0.12,1.04,0.03,0.01,0.03,0.02,0.15,0.0,0.04,0.0,0.0,420,50.0,67,90.0,0.0,50.0,0.0,0.0,0.0,650.0,33.0,1,1,3.3,300,600,0.75,405.0,562.0,26.0,60.0,,138.09231567382812,4,False,False,False,False,False,False,True,False,False,False,5.0,0.4691312353034382
1127,1140,0.1,0.35,1.54,0.01,0.02,0.06,0.05,0.18,0.06,0.11,0.0,0.0,420,50.0,138,160.0,0.0,50.0,0.0,0.0,0.0,650.0,33.0,1,1,3.3,300,0,0.0,556.0,704.0,25.0,58.0,,109.90223693847656,4,False,False,False,False,False,False,True,False,False,False,0.0,0.8078856811476478
1128,1141,0.1,0.35,1.54,0.01,0.02,0.06,0.05,0.18,0.06,0.11,0.0,0.0,420,50.0,138,160.0,0.0,50.0,0.0,0.0,0.0,650.0,33.0,1,1,3.3,300,600,0.75,593.0,692.0,26.0,65.0,,110.0688934326172,4,False,False,False,False,False,False,True,False,False,False,0.0,0.8117697345974445
1129,1142,0.11,0.27,1.47,0.01,0.01,0.07,0.05,0.22,0.1,0.07,0.0,0.0,480,50.0,139,220.0,0.0,50.0,0.0,0.0,0.0,650.0,33.0,1,1,3.3,300,0,0.0,556.0,716.0,25.0,63.0,,108.43635559082033,4,False,False,False,False,False,False,True,False,False,False,0.0,0.831790319949596
1130,1143,0.11,0.27,1.47,0.01,0.01,0.07,0.05,0.22,0.1,0.07,0.0,0.0,480,50.0,139,220.0,0.0,50.0,0.0,0.0,0.0,650.0,33.0,1,1,3.3,300,600,0.75,648.0,735.0,25.0,65.0,,108.3018569946289,4,False,False,False,False,False,False,True,False,False,False,0.0,0.7609665169195757
1131,1144,0.16,0.12,1.0,0.03,0.01,0.03,0.02,0.39,0.0,0.04,0.0,0.0,450,50.0,62,120.0,0.0,50.0,0.0,0.0,0.0,650.0,33.0,1,1,3.3,300,0,0.0,599.0,670.0,25.0,55.0,,135.09164428710938,4,False,False,False,False,False,False,True,False,False,False,3.0,0.7851368630351535
1132,1145,0.16,0.12,1.0,0.03,0.01,0.03,0.02,0.39,0.0,0.04,0.0,0.0,450,50.0,62,120.0,0.0,50.0,0.0,0.0,0.0,650.0,33.0,1,1,3.3,300,600,0.75,569.0,624.0,22.0,54.0,,137.4634552001953,4,False,False,False,False,False,False,True,False,False,False,3.0,0.792984483720608
1133,1146,0.12,0.33,1.47,0.01,0.01,0.06,0.05,0.39,0.06,0.11,0.0,0.0,400,50.0,136,150.0,0.0,50.0,0.0,0.0,0.0,650.0,33.0,1,1,3.3,300,0,0.0,574.0,744.0,24.0,55.0,,110.0916976928711,4,False,False,False,False,False,False,True,False,False,False,0.0,0.7333835297851803
1134,1147,0.12,0.33,1.47,0.01,0.01,0.06,0.05,0.39,0.06,0.11,0.0,0.0,400,50.0,136,150.0,0.0,50.0,0.0,0.0,0.0,650.0,33.0,1,1,3.3,300,600,0.75,613.0,747.0,24.0,64.0,,110.01527404785156,4,False,False,False,False,False,False,True,False,False,False,0.0,0.7314900936623027
1135,1148,0.11,0.25,1.33,0.01,0.01,0.07,0.05,0.44,0.1,0.07,0.0,0.0,440,50.0,145,180.0,0.0,50.0,0.0,0.0,0.0,650.0,33.0,1,1,3.3,300,0,0.0,559.0,735.0,25.0,62.0,,112.36930847167967,4,False,False,False,False,False,False,True,False,False,False,0.0,0.730011717380092
1136,1149,0.11,0.25,1.33,0.01,0.01,0.07,0.05,0.44,0.1,0.07,0.0,0.0,440,50.0,145,180.0,0.0,50.0,0.0,0.0,0.0,650.0,33.0,1,1,3.3,300,600,0.75,662.0,740.0,24.0,60.0,,113.32034301757812,4,False,False,False,False,False,False,True,False,False,False,0.0,0.5432094212467755
1137,1150,0.11,0.38,1.5,0.03,0.0,0.0,0.0,0.0,0.0,0.0,0.0,0.0,0,0.0,0,0.0,0.0,0.0,0.0,0.0,0.0,650.0,33.0,1,1,3.3,300,600,0.75,524.0,596.0,29.0,64.0,,121.8537368774414,4,False,False,False,False,False,False,True,False,False,False,5.0,0.36065185981817394
1138,1151,0.11,0.37,1.52,0.03,0.0,0.0,0.0,0.0,0.05,0.0,0.0,0.0,0,0.0,0,0.0,0.0,0.0,0.0,0.0,0.0,650.0,33.0,1,1,3.3,300,600,0.75,571.0,644.0,30.67645072937012,71.2757339477539,,120.1915054321289,2,False,False,False,False,False,False,True,False,False,False,5.0,0.3547800165536718
1139,1152,0.11,0.38,1.55,0.03,0.0,0.0,0.0,0.0,0.09,0.0,0.0,0.0,0,0.0,0,0.0,0.0,0.0,0.0,0.0,0.0,650.0,33.0,1,1,3.3,300,600,0.75,631.0,689.0,30.49876976013184,71.33380889892578,,120.0175323486328,2,False,False,False,False,False,False,True,False,False,False,3.0,0.5726283870964323
1140,1153,0.14,0.38,1.65,0.03,0.0,0.0,0.0,0.5,0.0,0.0,0.0,0.0,0,0.0,0,0.0,0.0,0.0,0.0,0.0,0.0,650.0,33.0,1,1,3.3,300,600,0.75,644.0,714.0,34.0,63.0,,119.2738800048828,4,False,False,False,False,False,False,True,False,False,False,3.0,0.5354270294803809
1141,1154,0.1,0.38,1.58,0.03,0.0,0.0,0.0,0.5,0.06,0.0,0.0,0.0,0,0.0,0,0.0,0.0,0.0,0.0,0.0,0.0,650.0,33.0,1,1,3.3,300,600,0.75,663.0,718.0,31.460498809814453,65.64764404296875,,121.924560546875,2,False,False,False,False,False,False,True,False,False,False,3.0,0.7375997782183271
1142,1155,0.1,0.39,1.68,0.03,0.0,0.0,0.0,0.5,0.08,0.0,0.0,0.0,0,0.0,0,0.0,0.0,0.0,0.0,0.0,0.0,650.0,33.0,1,1,3.3,300,600,0.75,669.0,735.0,31.55044937133789,64.85920715332031,,121.43098449707033,2,False,False,False,False,False,False,True,False,False,False,3.0,0.7326213140297806
1143,1156,0.12,0.3,1.4,0.02,0.02,0.14,0.11,0.02,0.0,0.25,0.0,0.0,210,0.0,50,150.0,0.0,50.0,0.0,0.0,0.0,650.0,33.0,1,1,3.3,300,0,0.0,426.0,652.0,21.0,54.0,,112.8700180053711,4,False,False,False,False,False,False,True,False,False,False,0.0,0.8255188759569186
1144,1157,0.11,0.35,1.42,0.01,0.02,0.07,0.08,0.02,0.0,0.17,0.0,0.0,260,0.0,80,180.0,0.0,230.0,0.0,0.0,0.0,650.0,33.0,1,1,3.3,300,0,0.0,493.0,649.0,25.0,60.0,,112.67913818359376,4,False,False,False,False,False,False,True,False,False,False,0.0,0.8349481561146737
1145,1158,0.11,0.33,1.41,0.02,0.02,0.06,0.08,0.02,0.0,0.19,0.0,0.0,0,0.0,0,240.0,0.0,180.0,0.0,0.0,0.0,450.0,30.0,1,1,1.9,300,0,0.0,420.0,560.0,25.0,59.17717361450195,,116.56936645507812,3,False,False,False,False,False,False,True,False,False,False,0.0,0.7041353076918603
1146,1159,0.11,0.31,1.37,0.01,0.02,0.09,0.06,0.02,0.0,0.18,0.0,0.0,0,0.0,0,220.0,0.0,120.0,0.0,0.0,0.0,650.0,33.0,1,1,3.3,300,0,0.0,488.0,618.0,26.0,60.0,,114.89759826660156,4,False,False,False,False,False,False,True,False,False,False,0.0,0.7899301896370884
1147,1160,0.15,0.31,1.23,0.02,0.02,0.06,0.06,0.02,0.0,0.15,0.0,0.0,0,0.0,0,250.0,0.0,200.0,0.0,0.0,0.0,850.0,38.0,1,1,7.6,300,0,0.0,432.0,598.0,16.0,40.0,,115.81249237060548,4,False,False,False,False,False,False,True,False,False,False,0.0,0.7010506645365285
1148,1161,0.08,0.36,1.6,0.02,0.02,0.06,0.08,0.02,0.0,0.18,0.0,0.0,0,0.0,0,300.0,0.0,170.0,0.0,0.0,0.0,450.0,30.0,1,1,1.9,300,0,0.0,457.0,556.0,25.0,60.0,,113.9278335571289,4,False,False,False,False,False,False,True,False,False,False,0.0,0.8376458434560402
1149,1162,0.09,0.4,1.6,0.02,0.02,0.04,0.06,0.02,0.0,0.11,0.0,0.0,400,0.0,80,270.0,0.0,150.0,0.0,0.0,0.0,650.0,33.0,1,1,3.3,300,0,0.0,507.0,647.0,22.0,60.0,,109.96061706542967,4,False,False,False,False,False,False,True,False,False,False,0.0,0.8464354060412008
1150,1163,0.1,0.38,1.5,0.02,0.02,0.06,0.06,0.02,0.0,0.14,0.0,0.0,0,0.0,0,310.0,0.0,200.0,0.0,0.0,0.0,850.0,38.0,1,1,7.6,300,0,0.0,452.0,581.0,18.0,50.0,,110.4334945678711,4,False,False,False,False,False,False,True,False,False,False,0.0,0.8444187624848962
1151,1164,0.12,0.29,1.5,0.01,0.02,0.08,0.08,0.3,0.0,0.19,0.0,0.0,0,0.0,0,190.0,0.0,100.0,0.0,0.0,0.0,650.0,33.0,1,1,3.3,300,0,0.0,544.0,717.0,21.0,60.0,,114.33238220214844,4,False,False,False,False,False,False,True,False,False,False,0.0,0.6127094561412562
1152,1165,0.09,0.46,1.81,0.02,0.02,0.1,0.08,0.28,0.0,0.21,0.0,0.0,340,0.0,100,260.0,0.0,140.0,0.0,0.0,0.0,650.0,33.0,1,1,3.3,300,0,0.0,620.0,712.0,22.0,58.0,,90.7299346923828,4,False,False,False,False,False,False,True,False,False,False,1.0,0.5511455083043552
1153,1166,0.08,0.45,0.96,0.01,0.02,0.21,9.1,0.96,0.19,0.03,0.02,0.0,540,96.66,540,97.01,0.0,900.0,0.0,0.0,0.0,181.0,23.0,1,1,1.3,181,0,0.0,708.1819458007812,813.377685546875,16.579830169677734,58.891448974609375,,83.29617309570312,0,False,False,False,True,False,False,False,False,False,False,1.0,0.9936450091530168
1154,1167,0.1,0.54,0.66,0.01,0.01,0.31,9.0,0.82,0.23,0.02,0.01,0.0,510,58.02,180,96.53,0.0,170.0,0.0,0.0,0.0,181.0,22.0,1,1,1.0,173,0,0.0,728.5814819335938,817.5083618164062,15.916973114013672,61.1723861694336,,80.73383331298828,0,False,False,False,True,False,False,False,False,False,False,1.0,0.9954922416756014
1155,1168,0.09,0.46,0.99,0.01,0.02,0.22,9.5,0.96,0.19,0.03,0.01,0.0,530,91.58,450,64.53,0.0,100.0,0.0,0.0,0.0,201.0,22.0,1,1,1.4,183,0,0.0,716.3360595703125,838.5288696289062,16.077787399291992,58.77030563354492,,78.37775421142578,0,False,False,False,True,False,False,False,False,False,False,1.0,0.9973019835160589
1156,1169,0.09,0.37,1.03,0.0,0.01,0.05,8.8,1.03,0.25,0.01,0.01,0.0,470,92.32,370,95.97,0.0,800.0,0.0,0.0,0.0,180.0,23.0,1,1,1.3,194,0,0.0,701.0739135742188,819.7766723632812,16.55483627319336,60.47523880004883,,89.70496368408203,0,False,False,False,True,False,False,False,False,False,False,1.0,0.989664538607139
1157,1170,0.09,0.37,1.03,0.0,0.01,0.05,8.8,1.03,0.25,0.01,0.01,0.0,470,99.83,370,98.1,0.0,800.0,0.0,0.0,0.0,180.0,23.0,1,1,1.3,172,720,2.0,678.5070190429688,764.0549926757812,17.519670486450195,62.627811431884766,,90.51007080078124,0,False,False,False,True,False,False,False,False,False,False,1.0,0.9272453238339042
1158,1171,0.09,0.37,1.03,0.0,0.01,0.05,8.8,1.03,0.25,0.01,0.01,0.0,470,90.96,370,60.08,0.0,800.0,0.0,0.0,0.0,180.0,23.0,1,1,1.3,172,720,8.0,645.7980346679688,763.0180053710938,17.477893829345703,63.85923385620117,,90.76466369628906,0,False,False,False,True,False,False,False,False,False,False,1.0,0.8621520938191081
1159,1172,0.09,0.37,1.03,0.0,0.01,0.05,8.8,1.03,0.25,0.01,0.01,0.0,470,92.99,370,93.91,0.0,800.0,0.0,0.0,0.0,180.0,23.0,1,1,1.3,194,740,2.0,684.6160278320312,764.005859375,17.551998138427734,62.39661407470703,,90.29507446289062,0,False,False,False,True,False,False,False,False,False,False,1.0,0.9360523100385397
1160,1173,0.09,0.37,1.03,0.0,0.01,0.05,8.8,1.03,0.25,0.01,0.01,0.0,470,92.18,370,94.3,0.0,800.0,0.0,0.0,0.0,180.0,23.0,1,1,1.3,184,740,8.0,647.7466430664062,762.9688720703125,17.53774642944336,62.30998611450195,,91.07987213134766,0,False,False,False,True,False,False,False,False,False,False,1.0,0.8851081084344341
1161,1174,0.09,0.37,1.03,0.0,0.01,0.05,8.8,1.03,0.25,0.01,0.01,0.0,470,95.95,370,99.64,0.0,800.0,0.0,0.0,0.0,180.0,23.0,1,1,1.3,169,760,2.0,688.3211669921875,764.1080322265625,17.485960006713867,62.627811431884766,,91.03893280029295,0,False,False,False,True,False,False,False,False,False,False,1.0,0.9343059863227162
1162,1175,0.09,0.37,1.03,0.0,0.01,0.05,8.8,1.03,0.25,0.01,0.01,0.0,470,97.87,370,98.11,0.0,800.0,0.0,0.0,0.0,180.0,23.0,1,1,1.3,181,760,8.0,662.3141479492188,762.9688720703125,17.486345291137695,62.443965911865234,,91.82373046875,0,False,False,False,True,False,False,False,False,False,False,1.0,0.8983694998220425
1163,1176,0.06,0.34,1.08,0.01,0.01,0.69,9.0,1.03,0.29,0.02,0.01,0.0,480,97.89,110,97.74,0.0,95.65,0.0,0.0,0.0,116.0,23.0,1,1,1.3,169,0,0.0,725.2802734375,809.6824951171875,17.489879608154297,62.05309677124024,,90.6833038330078,0,False,False,False,True,False,False,False,False,False,False,1.0,0.9840202442663568
1164,1177,0.06,0.34,1.08,0.01,0.01,0.69,9.0,1.03,0.29,0.02,0.01,0.0,480,92.95,110,97.75,0.0,96.52,0.0,0.0,0.0,116.0,23.0,1,1,1.3,169,720,2.0,701.7078247070312,754.2350463867188,18.701560974121094,65.24515533447266,,90.13801574707033,0,False,False,False,True,False,False,False,False,False,False,1.0,0.8866300648530832
1165,1178,0.06,0.34,1.08,0.01,0.01,0.69,9.0,1.03,0.29,0.02,0.01,0.0,480,49.59,110,51.48,0.0,92.63,0.0,0.0,0.0,116.0,23.0,1,1,1.3,178,720,8.0,681.4971923828125,758.7617797851562,18.396617889404297,66.20464324951172,,91.6127471923828,0,False,False,False,True,False,False,False,False,False,False,1.0,0.8343943872534143
1166,1179,0.06,0.34,1.08,0.01,0.01,0.69,9.0,1.03,0.29,0.02,0.01,0.0,480,52.56,110,61.77,0.0,94.89,0.0,0.0,0.0,116.0,23.0,1,1,1.3,151,740,2.0,709.5343017578125,755.0556640625,18.50495338439941,66.76255798339844,,89.53166198730469,0,False,False,False,True,False,False,False,False,False,False,1.0,0.8886329266495734
1167,1180,0.06,0.34,1.08,0.01,0.01,0.69,9.0,1.03,0.29,0.02,0.01,0.0,480,99.97,110,97.7,0.0,99.04,0.0,0.0,0.0,116.0,23.0,1,1,1.3,153,740,8.0,684.9913940429688,754.2427368164062,18.636831283569336,64.87689971923828,,90.42350769042967,0,False,False,False,True,False,False,False,False,False,False,1.0,0.8638276280666545
1168,1181,0.06,0.34,1.08,0.01,0.01,0.69,9.0,1.03,0.29,0.02,0.01,0.0,480,94.34,110,63.44,0.0,97.24,0.0,0.0,0.0,116.0,23.0,1,1,1.3,167,760,2.0,720.2367553710938,754.2350463867188,18.57728385925293,66.52510070800781,,90.35166931152344,0,False,False,False,True,False,False,False,False,False,False,1.0,0.8973505053922345
1169,1182,0.06,0.34,1.08,0.01,0.01,0.69,9.0,1.03,0.29,0.02,0.01,0.0,480,97.23,110,92.43,0.0,56.22,0.0,0.0,0.0,116.0,23.0,1,1,1.3,162,760,8.0,695.5927124023438,753.2901000976562,18.73273468017578,66.30015563964844,,91.85588836669922,0,False,False,False,True,False,False,False,False,False,False,1.0,0.8319019053340913
1170,1183,0.07,0.23,1.0,0.0,0.01,0.58,8.3,0.93,0.24,0.01,0.01,0.0,460,99.71,250,90.6,0.0,340.0,0.0,0.0,0.0,116.0,23.0,1,1,1.3,178,0,0.0,719.5451049804688,793.46533203125,17.63042640686035,62.40377426147461,,85.79405212402344,0,False,False,False,True,False,False,False,False,False,False,1.0,0.9816340945965788
1171,1184,0.07,0.23,1.0,0.0,0.01,0.58,8.3,0.93,0.24,0.01,0.01,0.0,460,93.51,250,95.43,0.0,340.0,0.0,0.0,0.0,116.0,23.0,1,1,1.3,163,720,2.0,701.1666259765625,751.1267700195312,18.14316749572754,63.80110549926758,,85.70576477050781,0,False,False,False,True,False,False,False,False,False,False,1.0,0.9275567359348735
1172,1185,0.07,0.23,1.0,0.0,0.01,0.58,8.3,0.93,0.24,0.01,0.01,0.0,460,91.62,250,98.34,0.0,340.0,0.0,0.0,0.0,116.0,23.0,1,1,1.3,157,720,8.0,676.14794921875,751.6572265625,18.174177169799805,63.175899505615234,,87.57209014892578,0,False,False,False,True,False,False,False,False,False,False,1.0,0.8991042517925636
1173,1186,0.07,0.23,1.0,0.0,0.01,0.58,8.3,0.93,0.24,0.01,0.01,0.0,460,42.76,250,94.75,0.0,340.0,0.0,0.0,0.0,116.0,23.0,1,1,1.3,193,740,2.0,713.2874145507812,752.7988891601562,18.21183586120605,63.233154296875,,85.71861267089844,0,False,False,False,True,False,False,False,False,False,False,1.0,0.9447355601478263
1174,1187,0.07,0.23,1.0,0.0,0.01,0.58,8.3,0.93,0.24,0.01,0.01,0.0,460,97.93,250,96.76,0.0,340.0,0.0,0.0,0.0,116.0,23.0,1,1,1.3,172,740,8.0,683.047607421875,751.8663940429688,18.12277603149414,63.08760070800781,,87.57209014892578,0,False,False,False,True,False,False,False,False,False,False,1.0,0.9112842085284831
1175,1188,0.07,0.23,1.0,0.0,0.01,0.58,8.3,0.93,0.24,0.01,0.01,0.0,460,98.4,250,99.99,0.0,340.0,0.0,0.0,0.0,116.0,23.0,1,1,1.3,175,760,2.0,718.271728515625,751.3359375,18.122772216796875,63.09697341918945,,86.44962310791016,0,False,False,False,True,False,False,False,False,False,False,1.0,0.949194390715422
1176,1189,0.07,0.23,1.0,0.0,0.01,0.58,8.3,0.93,0.24,0.01,0.01,0.0,460,99.9,250,90.97,0.0,340.0,0.0,0.0,0.0,116.0,23.0,1,1,1.3,157,760,8.0,696.1024780273438,751.6572265625,18.12277603149414,63.826454162597656,,87.91122436523438,0,False,False,False,True,False,False,False,False,False,False,1.0,0.918527497618679
1177,1190,0.11,0.51,1.1,0.01,0.01,0.08,8.9,1.0,0.18,0.03,0.01,0.0,500,92.38,400,92.46,0.0,900.0,0.0,0.0,0.0,115.0,23.0,1,1,1.0,168,0,0.0,704.943603515625,838.7708740234375,16.151065826416016,60.821754455566406,,79.06344604492188,0,False,False,False,True,False,False,False,False,False,False,1.0,0.995305048422773
1178,1191,0.11,0.51,1.1,0.01,0.01,0.08,8.9,1.0,0.18,0.03,0.01,0.0,500,92.46,400,52.69,0.0,900.0,0.0,0.0,0.0,115.0,23.0,1,1,1.0,176,720,2.0,688.4612426757812,785.3629150390625,16.427410125732422,62.96733474731445,,78.77629089355469,0,False,False,False,True,False,False,False,False,False,False,1.0,0.974436164588822
1179,1192,0.11,0.51,1.1,0.01,0.01,0.08,8.9,1.0,0.18,0.03,0.01,0.0,500,96.13,400,95.04,0.0,900.0,0.0,0.0,0.0,115.0,23.0,1,1,1.0,160,720,8.0,651.3653564453125,782.5856323242188,16.25895881652832,62.5980110168457,,80.35575866699219,0,False,False,False,True,False,False,False,False,False,False,1.0,0.9548503940231514
1180,1193,0.11,0.51,1.1,0.01,0.01,0.08,8.9,1.0,0.18,0.03,0.01,0.0,500,97.3,400,96.53,0.0,900.0,0.0,0.0,0.0,115.0,23.0,1,1,1.0,179,740,2.0,688.293701171875,784.9411010742188,16.587738037109375,62.73648452758789,,79.23359680175781,0,False,False,False,True,False,False,False,False,False,False,1.0,0.9736942378773928
1181,1194,0.11,0.51,1.1,0.01,0.01,0.08,8.9,1.0,0.18,0.03,0.01,0.0,500,99.49,400,97.45,0.0,900.0,0.0,0.0,0.0,115.0,23.0,1,1,1.0,167,740,8.0,645.6898193359375,782.5856323242188,16.25895881652832,62.80542755126953,,80.57075500488281,0,False,False,False,True,False,False,False,False,False,False,1.0,0.9491126693358993
1182,1195,0.11,0.51,1.1,0.01,0.01,0.08,8.9,1.0,0.18,0.03,0.01,0.0,500,98.24,400,96.51,0.0,900.0,0.0,0.0,0.0,115.0,23.0,1,1,1.0,171,760,2.0,703.0120849609375,785.3629150390625,16.421937942504883,62.62628555297852,,79.23297882080078,0,False,False,False,True,False,False,False,False,False,False,1.0,0.9809923783853781
1183,1196,0.11,0.51,1.1,0.01,0.01,0.08,8.9,1.0,0.18,0.03,0.01,0.0,500,95.06,400,53.72,0.0,900.0,0.0,0.0,0.0,115.0,23.0,1,1,1.0,167,760,8.0,671.3436889648438,782.5856323242188,16.26514434814453,62.96308898925781,,80.32782745361328,0,False,False,False,True,False,False,False,False,False,False,1.0,0.9657158965578638
1184,1197,0.06,0.32,1.23,0.0,0.0,1.01,8.4,0.89,0.22,0.01,0.01,0.0,380,52.11,80,99.54,0.0,300.0,0.0,0.0,0.0,163.0,25.0,1,1,1.2,198,0,0.0,739.9195556640625,823.3287353515625,18.547361373901367,60.93315124511719,,83.59806823730469,0,False,False,False,True,False,False,False,False,False,False,1.0,0.9923611296124933
1185,1198,0.06,0.32,1.23,0.0,0.0,1.01,8.4,0.89,0.22,0.01,0.01,0.0,380,94.64,80,55.04,0.0,300.0,0.0,0.0,0.0,163.0,25.0,1,1,1.2,174,720,2.0,713.111572265625,765.3925170898438,19.54319953918457,64.86949157714844,,82.59046936035156,0,False,False,False,True,False,False,False,False,False,False,1.0,0.922057115603463
1186,1199,0.06,0.32,1.23,0.0,0.0,1.01,8.4,0.89,0.22,0.01,0.01,0.0,380,94.97,80,99.19,0.0,300.0,0.0,0.0,0.0,163.0,25.0,1,1,1.2,161,720,8.0,685.3986206054688,764.3048706054688,19.737667083740234,63.569313049316406,,84.86548614501953,0,False,False,False,True,False,False,False,False,False,False,1.0,0.8906752540588362
1187,1200,0.06,0.32,1.23,0.0,0.0,1.01,8.4,0.89,0.22,0.01,0.01,0.0,380,92.38,80,97.48,0.0,300.0,0.0,0.0,0.0,163.0,25.0,1,1,1.2,185,740,2.0,715.2974243164062,764.5280151367188,19.661252975463867,63.442230224609375,,82.38506317138672,0,False,False,False,True,False,False,False,False,False,False,1.0,0.9342664352946847
1188,1201,0.06,0.32,1.23,0.0,0.0,1.01,8.4,0.89,0.22,0.01,0.01,0.0,380,98.69,80,96.11,0.0,300.0,0.0,0.0,0.0,163.0,25.0,1,1,1.2,159,740,8.0,690.5604858398438,764.3048706054688,19.731481552124023,63.569313049316406,,84.86548614501953,0,False,False,False,True,False,False,False,False,False,False,1.0,0.8987004742661509
1189,1202,0.06,0.32,1.23,0.0,0.0,1.01,8.4,0.89,0.22,0.01,0.01,0.0,380,93.94,80,97.04,0.0,300.0,0.0,0.0,0.0,163.0,25.0,1,1,1.2,177,760,2.0,727.3192138671875,764.9181518554688,19.677005767822266,63.442230224609375,,82.69954681396484,0,False,False,False,True,False,False,False,False,False,False,1.0,0.9455361994367324
1190,1203,0.06,0.32,1.23,0.0,0.0,1.01,8.4,0.89,0.22,0.01,0.01,0.0,380,96.57,80,51.33,0.0,300.0,0.0,0.0,0.0,163.0,25.0,1,1,1.2,150,760,8.0,703.254150390625,764.4713745117188,19.772565841674805,64.72362518310547,,84.20579528808594,0,False,False,False,True,False,False,False,False,False,False,1.0,0.9029937083956374
1191,1204,0.1,0.43,0.96,0.0,0.01,0.17,8.6,0.97,0.22,0.02,0.0,0.0,360,0.01,430,0.01,0.0,200.0,0.0,0.0,0.0,145.0,20.0,1,1,1.0,200,750,2.0,701.2056274414062,766.2893676757812,17.68429946899414,65.18213653564453,,58.33051681518555,0,False,False,False,True,False,False,False,False,False,False,1.0,0.9449351572467236
1192,1205,0.1,0.43,0.96,0.0,0.01,0.17,8.6,0.97,0.22,0.02,0.0,0.0,360,0.01,430,0.01,0.0,200.0,0.0,0.0,0.0,145.0,20.0,1,1,1.0,200,750,2.0,698.2100219726562,767.1878662109375,17.802894592285156,65.67771911621094,253.15,8.0,0,False,False,False,True,False,False,False,False,False,False,1.0,0.8852312071331145
1193,1206,0.1,0.43,0.96,0.0,0.01,0.17,8.6,0.97,0.22,0.02,0.0,0.0,360,0.01,430,0.01,0.0,200.0,0.0,0.0,0.0,145.0,20.0,1,1,1.0,200,750,2.0,696.4547729492188,765.7684936523438,17.658123016357422,65.51604461669922,293.15,23.0,0,False,False,False,True,False,False,False,False,False,False,1.0,0.9135853519079989
1194,1207,0.1,0.43,0.96,0.0,0.01,0.17,8.6,0.97,0.22,0.02,0.0,0.0,360,0.01,430,0.01,0.0,200.0,0.0,0.0,0.0,145.0,20.0,1,1,1.0,200,750,2.0,696.4547729492188,765.7684936523438,17.644811630249023,65.10140991210938,313.15,44.0,0,False,False,False,True,False,False,False,False,False,False,1.0,0.936533667265127
1195,1208,0.1,0.4,0.98,0.0,0.01,0.17,8.7,0.98,0.22,0.03,0.01,0.0,410,0.01,420,0.01,0.0,300.0,0.0,0.0,0.0,145.0,21.0,1,1,1.2,200,750,2.0,695.8751831054688,764.5440673828125,18.23418235778809,65.2048110961914,,64.36102294921875,0,False,False,False,True,False,False,False,False,False,False,1.0,0.9290351325834684
1196,1209,0.1,0.4,0.98,0.0,0.01,0.17,8.7,0.98,0.22,0.03,0.01,0.0,410,0.01,420,0.01,0.0,300.0,0.0,0.0,0.0,145.0,21.0,1,1,1.2,200,750,2.0,692.982666015625,765.4425659179688,18.3527774810791,65.6803207397461,253.15,8.0,0,False,False,False,True,False,False,False,False,False,False,1.0,0.8552583751801263
1197,1210,0.1,0.4,0.98,0.0,0.01,0.17,8.7,0.98,0.22,0.03,0.01,0.0,410,0.01,420,0.01,0.0,300.0,0.0,0.0,0.0,145.0,21.0,1,1,1.2,200,750,2.0,690.9713134765625,764.023193359375,18.208005905151367,65.55260467529297,293.15,27.0,0,False,False,False,True,False,False,False,False,False,False,1.0,0.8953144494398129
1198,1211,0.1,0.4,0.98,0.0,0.01,0.17,8.7,0.98,0.22,0.03,0.01,0.0,410,0.0,420,0.01,0.0,300.0,0.0,0.0,0.0,145.0,21.0,1,1,1.2,200,750,2.0,690.9713134765625,764.023193359375,18.19469451904297,65.13797760009766,313.15,52.0,0,False,False,False,True,False,False,False,False,False,False,1.0,0.9217725088108625
1199,1212,0.1,0.42,0.96,0.0,0.01,0.17,8.8,1.01,0.21,0.02,0.0,0.0,400,0.01,430,0.01,0.0,900.0,0.0,0.0,0.0,143.0,21.0,1,1,1.1,200,760,8.0,687.8857421875,776.8260498046875,17.137226104736328,63.39252471923828,,80.5739517211914,0,False,False,False,True,False,False,False,False,False,False,1.0,0.9604092053337469
1200,1213,0.1,0.42,0.96,0.0,0.01,0.17,8.8,1.01,0.21,0.02,0.0,0.0,400,0.01,430,0.01,0.0,900.0,0.0,0.0,0.0,143.0,21.0,1,1,1.1,200,760,8.0,683.839111328125,777.7996826171875,17.273845672607422,63.73509979248047,253.15,10.0,0,False,False,False,True,False,False,False,False,False,False,1.0,0.9194057095435668
1201,1214,0.1,0.42,0.96,0.0,0.01,0.17,8.8,1.01,0.21,0.02,0.0,0.0,400,0.01,430,0.0,0.0,900.0,0.0,0.0,0.0,143.0,21.0,1,1,1.1,200,760,8.0,684.0474243164062,776.5538940429688,17.11104965209961,63.7319564819336,293.15,44.0,0,False,False,False,True,False,False,False,False,False,False,1.0,0.9531200744062456
1202,1215,0.1,0.42,0.96,0.0,0.01,0.17,8.8,1.01,0.21,0.02,0.0,0.0,400,0.01,430,0.01,0.0,900.0,0.0,0.0,0.0,143.0,21.0,1,1,1.1,200,760,8.0,684.0474243164062,776.5538940429688,17.09773826599121,63.4206657409668,313.15,83.0,0,False,False,False,True,False,False,False,False,False,False,1.0,0.9573120676557836
1203,1216,0.1,0.42,0.91,0.0,0.01,0.17,8.9,0.98,0.21,0.03,0.01,0.0,390,0.01,410,0.01,0.0,900.0,0.0,0.0,0.0,146.0,22.0,1,1,1.1,200,760,8.0,697.7070922851562,778.099609375,17.4990234375,61.23965835571289,,80.19215393066406,0,False,False,False,True,False,False,False,False,False,False,1.0,0.9727958339149584
1204,1217,0.1,0.42,0.91,0.0,0.01,0.17,8.9,0.98,0.21,0.03,0.01,0.0,390,0.01,410,0.01,0.0,900.0,0.0,0.0,0.0,146.0,22.0,1,1,1.1,200,760,8.0,693.6604614257812,779.0732421875,17.609943389892578,61.72673416137695,253.15,10.0,0,False,False,False,True,False,False,False,False,False,False,1.0,0.9415530574611279
1205,1218,0.1,0.42,0.91,0.0,0.01,0.17,8.9,0.98,0.21,0.03,0.01,0.0,390,0.01,410,0.01,0.0,900.0,0.0,0.0,0.0,146.0,22.0,1,1,1.1,200,760,8.0,693.8687744140625,777.8274536132812,17.447147369384766,61.658451080322266,293.15,44.0,0,False,False,False,True,False,False,False,False,False,False,1.0,0.9670396673323008
1206,1219,0.1,0.42,0.91,0.0,0.01,0.17,8.9,0.98,0.21,0.03,0.01,0.0,390,0.01,410,0.0,0.0,900.0,0.0,0.0,0.0,146.0,22.0,1,1,1.1,200,760,8.0,693.8687744140625,777.8274536132812,17.433835983276367,60.67862701416016,313.15,83.0,0,False,False,False,True,False,False,False,False,False,False,1.0,0.9731135318140722
1207,1220,0.1,0.27,0.6,0.0,0.01,0.13,8.75,1.02,0.2,0.09,0.02,0.04,0,20.0,390,160.0,9.52,0.0,30.0,40.0,0.0,400.0,31.5,0,1,1.4,177,746,4.0,650.0,747.0,19.0,63.0,,99.86479949951172,4,False,False,False,False,False,False,False,True,False,False,1.0,0.46848972204206296
1208,1221,0.1,0.27,0.6,0.0,0.01,0.13,8.75,1.02,0.2,0.09,0.02,0.1,0,20.0,390,160.0,9.55,0.0,30.0,40.0,0.0,400.0,31.5,0,1,1.4,177,746,4.0,625.0,734.0,22.0,63.0,,99.86479949951172,4,False,False,False,False,False,False,False,True,False,False,0.0,0.5872799742479223
1209,1222,0.11,0.27,0.6,0.0,0.01,0.14,8.77,1.01,0.2,0.1,0.02,0.1,0,20.0,370,0.01,9.24,0.0,40.0,50.0,0.0,400.0,31.5,0,1,1.4,177,746,4.0,626.0,727.0,23.0,69.0,,96.31793975830078,4,False,False,False,False,False,False,False,True,False,False,0.0,0.549112288951336
1210,1223,0.11,0.27,0.6,0.0,0.01,0.14,8.77,1.01,0.2,0.1,0.02,0.09,0,20.0,370,0.01,5.11,0.0,40.0,50.0,0.0,400.0,31.5,0,1,1.4,177,746,4.0,629.0,735.0,21.0,68.0,,95.97081756591795,4,False,False,False,False,False,False,False,True,False,False,0.0,0.43422398651894356
1211,1224,0.09,0.34,0.48,0.0,0.01,0.08,8.6,0.98,0.22,0.05,0.02,0.06,0,20.0,260,0.0,6.35,0.0,30.0,50.0,0.0,390.0,11.5,1,1,1.9,177,746,4.0,647.0,747.0,20.0,68.0,,95.42546844482422,4,False,False,True,False,False,False,False,False,False,False,1.0,0.4167531556234603
1212,1225,0.09,0.34,0.48,0.0,0.01,0.08,8.6,0.98,0.22,0.05,0.02,0.06,0,20.0,260,0.0,9.38,0.0,30.0,50.0,0.0,390.0,11.5,1,1,1.9,177,746,4.0,661.0,756.0,24.0,73.0,,95.42546844482422,4,False,False,True,False,False,False,False,False,False,False,0.0,0.5238994535036177
1213,1226,0.08,0.34,0.49,0.0,0.01,0.08,8.57,0.98,0.22,0.05,0.02,0.09,0,20.0,240,0.0,9.73,0.0,30.0,60.0,0.0,300.0,12.5,1,1,1.4,177,746,1.0,682.0,783.0,26.0,74.0,,89.61907958984375,4,False,False,True,False,False,False,False,False,False,False,3.0,0.5659495046160908
1214,1227,0.08,0.34,0.49,0.0,0.01,0.08,8.57,0.98,0.22,0.05,0.02,0.06,0,20.0,240,0.0,9.48,0.0,30.0,60.0,0.0,300.0,12.5,1,1,1.4,177,746,1.0,728.0,817.0,21.0,73.0,,89.71946716308594,4,False,False,True,False,False,False,False,False,False,False,1.0,0.8543774727050442
1215,1228,0.11,0.3,0.44,0.0,0.01,0.08,8.58,1.0,0.22,0.05,0.02,0.1,0,20.0,340,0.0,9.8,0.0,20.0,50.0,0.0,275.0,28.5,1,1,1.2,177,746,4.0,605.0,726.0,20.0,68.0,,100.1868133544922,4,False,True,False,False,False,False,False,False,False,False,0.0,0.6850958299694346
1216,1229,0.11,0.3,0.44,0.0,0.01,0.08,8.58,1.0,0.22,0.05,0.02,0.09,0,20.0,340,0.0,9.58,0.0,20.0,50.0,0.0,275.0,28.5,1,1,1.2,177,746,4.0,603.0,726.0,20.0,66.0,,100.1868133544922,4,False,True,False,False,False,False,False,False,False,False,0.0,0.6526739947678647
1217,1230,0.12,0.24,0.53,0.0,0.01,0.13,8.61,1.03,0.2,0.09,0.02,0.1,0,20.0,430,0.01,5.64,0.0,30.0,50.0,0.0,285.0,28.5,1,1,1.3,177,746,4.0,654.0,767.0,20.0,62.0,,110.23908996582033,4,False,True,False,False,False,False,False,False,False,False,0.0,0.507187310135876
1218,1231,0.12,0.24,0.53,0.0,0.01,0.13,8.61,1.03,0.2,0.09,0.02,0.06,0,20.0,430,0.01,9.53,0.0,30.0,50.0,0.0,285.0,28.5,1,1,1.3,177,746,4.0,661.0,772.0,19.0,62.0,,110.13054656982422,4,False,True,False,False,False,False,False,False,False,False,1.0,0.4877206878793489
1219,1232,0.1,0.22,0.55,0.01,0.01,0.21,2.68,1.05,0.0,0.0,0.0,0.0,260,0.0,0,200.0,0.0,0.0,0.0,0.0,0.0,500.0,32.0,1,1,2.0,250,690,10.0,492.0,610.0,27.0,62.02833557128906,,144.62997436523438,3,False,False,False,False,False,True,False,False,False,False,5.0,0.6352521577039247
1220,1233,0.1,0.22,0.55,0.01,0.01,0.21,2.68,1.05,0.0,0.0,0.0,0.0,260,0.0,0,200.0,0.0,0.0,0.0,0.0,0.0,500.0,32.0,1,1,2.0,250,690,10.0,491.1479797363281,606.8865966796875,27.10761833190918,61.15505599975586,297.15,193.0,0,False,False,False,False,False,True,False,False,False,False,5.0,0.8816566193187195
1221,1234,0.1,0.22,0.55,0.01,0.01,0.21,2.68,1.05,0.0,0.0,0.0,0.0,260,0.0,0,200.0,0.0,0.0,0.0,0.0,0.0,500.0,32.0,1,1,2.0,250,690,10.0,491.1479797363281,606.755859375,27.24135398864746,61.31528854370117,273.15,164.0,0,False,False,False,False,False,True,False,False,False,False,5.0,0.7827583650884791
1222,1235,0.1,0.22,0.55,0.01,0.01,0.21,2.68,1.05,0.0,0.0,0.0,0.0,260,0.0,0,200.0,0.0,0.0,0.0,0.0,0.0,500.0,32.0,1,1,2.0,250,690,10.0,490.3143615722656,605.4728393554688,27.47076988220215,62.12229537963867,253.15,147.0,0,False,False,False,False,False,True,False,False,False,False,5.0,0.6743166631188917
1223,1236,0.1,0.22,0.55,0.01,0.01,0.21,2.68,1.05,0.0,0.0,0.0,0.0,260,0.0,0,200.0,0.0,0.0,0.0,0.0,0.0,500.0,32.0,1,1,2.0,250,690,10.0,489.6212158203125,605.3509521484375,27.64334297180176,62.19479370117188,233.15,72.0,0,False,False,False,False,False,True,False,False,False,False,3.0,0.7731127611783445
1224,1237,0.1,0.22,0.55,0.01,0.01,0.21,2.68,1.05,0.0,0.0,0.0,0.0,260,0.0,0,200.0,0.0,0.0,0.0,0.0,0.0,500.0,32.0,1,1,2.0,250,690,10.0,488.1715393066406,600.9696655273438,27.809202194213867,62.066192626953125,213.15,15.0,0,False,False,False,False,False,True,False,False,False,False,2.0,0.5269826440280032
1225,1238,0.06,0.49,0.67,0.01,0.01,0.21,2.63,1.06,0.0,0.0,0.0,0.0,850,0.0,0,150.0,0.0,0.0,0.0,0.0,0.0,500.0,32.0,1,1,2.0,250,690,10.0,469.0,592.0,27.0,60.55838394165039,,79.75554656982422,3,False,False,False,False,False,True,False,False,False,False,3.0,0.6594545787243099
1226,1239,0.06,0.49,0.67,0.01,0.01,0.21,2.63,1.06,0.0,0.0,0.0,0.0,850,0.0,0,150.0,0.0,0.0,0.0,0.0,0.0,500.0,32.0,1,1,2.0,250,690,10.0,542.0972290039062,629.2216796875,22.012584686279297,60.28345489501953,295.15,96.0,0,False,False,False,False,False,True,False,False,False,False,0.0,0.5229198376726014
1227,1240,0.06,0.49,0.67,0.01,0.01,0.21,2.63,1.06,0.0,0.0,0.0,0.0,850,0.0,0,150.0,0.0,0.0,0.0,0.0,0.0,500.0,32.0,1,1,2.0,250,690,10.0,542.0972290039062,628.7946166992188,22.012584686279297,60.32460403442383,273.15,68.0,0,False,False,False,False,False,True,False,False,False,False,3.0,0.8565483955790705
1228,1241,0.06,0.49,0.67,0.01,0.01,0.21,2.63,1.06,0.0,0.0,0.0,0.0,850,0.0,0,150.0,0.0,0.0,0.0,0.0,0.0,500.0,32.0,1,1,2.0,250,690,10.0,543.19970703125,627.5115966796875,22.289966583251957,61.42962265014648,253.15,38.0,0,False,False,False,False,False,True,False,False,False,False,3.0,0.8660499528836286
1229,1242,0.06,0.49,0.67,0.01,0.01,0.21,2.63,1.06,0.0,0.0,0.0,0.0,850,0.0,0,150.0,0.0,0.0,0.0,0.0,0.0,500.0,32.0,1,1,2.0,250,690,10.0,543.229248046875,627.6072387695312,22.4343376159668,61.49665069580078,233.15,15.0,0,False,False,False,False,False,True,False,False,False,False,3.0,0.9093883832189067
1230,1243,0.1,0.19,0.53,0.01,0.01,0.2,2.7,1.03,0.0,0.0,0.0,0.0,220,0.0,0,150.0,0.0,0.0,0.0,0.0,0.0,500.0,32.0,1,1,2.0,250,690,10.0,456.0,592.0,29.0,61.23914337158203,,196.5213165283203,3,False,False,False,False,False,True,False,False,False,False,5.0,0.9626150569886555
1231,1244,0.1,0.19,0.53,0.01,0.01,0.2,2.7,1.03,0.0,0.0,0.0,0.0,220,0.0,0,150.0,0.0,0.0,0.0,0.0,0.0,500.0,32.0,1,1,2.0,250,690,10.0,461.3612365722656,598.4339599609375,28.21049118041992,60.38743209838867,297.15,270.0,0,False,False,False,False,False,True,False,False,False,False,5.0,0.9771572904405313
1232,1245,0.1,0.19,0.53,0.01,0.01,0.2,2.7,1.03,0.0,0.0,0.0,0.0,220,0.0,0,150.0,0.0,0.0,0.0,0.0,0.0,500.0,32.0,1,1,2.0,250,690,10.0,461.3612365722656,598.30322265625,28.21049118041992,60.547664642333984,273.15,238.0,0,False,False,False,False,False,True,False,False,False,False,5.0,0.971622731503681
1233,1246,0.1,0.19,0.53,0.01,0.01,0.2,2.7,1.03,0.0,0.0,0.0,0.0,220,0.0,0,150.0,0.0,0.0,0.0,0.0,0.0,500.0,32.0,1,1,2.0,250,690,10.0,460.5276184082031,597.0202026367188,28.43990707397461,61.4208869934082,253.15,176.0,0,False,False,False,False,False,True,False,False,False,False,5.0,0.9070474759929474
1234,1247,0.1,0.19,0.53,0.01,0.01,0.2,2.7,1.03,0.0,0.0,0.0,0.0,220,0.0,0,150.0,0.0,0.0,0.0,0.0,0.0,500.0,32.0,1,1,2.0,250,690,10.0,459.9228820800781,597.5664672851562,28.61248016357422,61.493385314941406,233.15,157.0,0,False,False,False,False,False,True,False,False,False,False,5.0,0.7800269455133799
1235,1248,0.1,0.19,0.53,0.01,0.01,0.2,2.7,1.03,0.0,0.0,0.0,0.0,220,0.0,0,150.0,0.0,0.0,0.0,0.0,0.0,500.0,32.0,1,1,2.0,250,690,10.0,458.4732055664063,593.1851806640625,28.720006942749023,61.364784240722656,213.15,53.0,0,False,False,False,False,False,True,False,False,False,False,3.0,0.7399522909589746
1236,1249,0.09,0.24,0.68,0.01,0.01,0.2,2.22,1.03,0.0,0.0,0.0,0.0,520,0.0,0,100.0,0.0,0.0,0.0,0.0,0.0,500.0,30.0,1,1,3.6,200,690,10.0,535.0,627.0,23.0,59.38078308105469,,133.44192504882812,3,False,False,False,False,True,False,False,False,False,False,3.0,0.7396980714269216
1237,1250,0.09,0.24,0.68,0.01,0.01,0.2,2.22,1.03,0.0,0.0,0.0,0.0,520,0.0,0,100.0,0.0,0.0,0.0,0.0,0.0,500.0,30.0,1,1,3.6,200,690,10.0,524.8221435546875,622.6560668945312,22.867277145385746,60.33090972900391,300.15,144.0,0,False,False,False,False,True,False,False,False,False,False,3.0,0.6544367891812082
1238,1251,0.09,0.24,0.68,0.01,0.01,0.2,2.22,1.03,0.0,0.0,0.0,0.0,520,0.0,0,100.0,0.0,0.0,0.0,0.0,0.0,500.0,30.0,1,1,3.6,200,690,10.0,524.8221435546875,622.5253295898438,22.867277145385746,60.147090911865234,275.15,127.0,0,False,False,False,False,True,False,False,False,False,False,3.0,0.7329576225760858
1239,1252,0.09,0.24,0.68,0.01,0.01,0.2,2.22,1.03,0.0,0.0,0.0,0.0,520,0.0,0,100.0,0.0,0.0,0.0,0.0,0.0,500.0,30.0,1,1,3.6,200,690,10.0,524.6820068359375,621.2423095703125,23.06059837341309,61.40278625488281,253.15,111.0,0,False,False,False,False,True,False,False,False,False,False,0.0,0.8472227589593987
1240,1253,0.09,0.24,0.68,0.01,0.01,0.2,2.22,1.03,0.0,0.0,0.0,0.0,520,0.0,0,100.0,0.0,0.0,0.0,0.0,0.0,500.0,30.0,1,1,3.6,200,690,10.0,525.2792358398438,619.9214477539062,23.17148780822754,61.475284576416016,233.15,81.0,0,False,False,False,False,True,False,False,False,False,False,3.0,0.8742212932788513
1241,1254,0.09,0.24,0.68,0.01,0.01,0.2,2.22,1.03,0.0,0.0,0.0,0.0,520,0.0,0,100.0,0.0,0.0,0.0,0.0,0.0,500.0,30.0,1,1,3.6,200,690,10.0,520.2085571289062,615.5401611328125,23.30561065673828,61.3621940612793,213.15,36.0,0,False,False,False,False,True,False,False,False,False,False,3.0,0.8143367009789539
1242,1255,0.11,0.14,0.73,0.0,0.0,0.0,2.3,1.03,0.27,0.0,0.0,0.0,254,0.0,26,0.0,0.0,200.0,0.0,0.0,0.0,500.0,29.0,0,0,2.9,200,690,8.0,553.0291137695312,738.0,23.68210220336914,68.9727783203125,,89.78898620605469,1,False,False,False,False,False,False,True,False,False,False,3.0,0.72400043043888
1243,1256,0.11,0.14,0.73,0.0,0.0,0.0,2.3,1.03,0.27,0.0,0.0,0.0,254,0.0,26,0.0,0.0,200.0,0.0,0.0,0.0,500.0,29.0,0,0,2.9,200,690,8.0,551.0109252929688,734.8352661132812,23.715267181396484,69.08751678466797,233.15,10.0,0,False,False,False,False,False,False,True,False,False,False,3.0,0.8970903615958613
1244,1257,0.11,0.14,0.73,0.0,0.0,0.0,2.3,1.03,0.27,0.0,0.0,0.0,254,0.0,26,0.0,0.0,200.0,0.0,0.0,0.0,500.0,29.0,0,0,2.9,200,690,8.0,551.0109252929688,734.8352661132812,23.715267181396484,69.08751678466797,233.15,12.0,0,False,False,False,False,False,False,True,False,False,False,3.0,0.891787430705137
1245,1258,0.11,0.14,0.73,0.0,0.0,0.0,2.3,1.03,0.27,0.0,0.0,0.0,254,0.0,26,0.0,0.0,200.0,0.0,0.0,0.0,500.0,29.0,0,0,2.9,200,690,8.0,551.0109252929688,734.8352661132812,23.715267181396484,69.08751678466797,233.15,17.0,0,False,False,False,False,False,False,True,False,False,False,3.0,0.8757325987053165
1246,1259,0.11,0.14,0.73,0.0,0.0,0.0,2.3,1.03,0.27,0.0,0.0,0.0,254,0.0,26,0.0,0.0,200.0,0.0,0.0,0.0,500.0,29.0,0,0,2.9,200,690,8.0,551.9893188476562,735.7061157226562,23.685102462768555,69.05674743652344,253.15,13.0,0,False,False,False,False,False,False,True,False,False,False,3.0,0.8863680962941435
1247,1260,0.11,0.14,0.73,0.0,0.0,0.0,2.3,1.03,0.27,0.0,0.0,0.0,254,0.0,26,0.0,0.0,200.0,0.0,0.0,0.0,500.0,29.0,0,0,2.9,200,690,8.0,551.9893188476562,735.7061157226562,23.685102462768555,69.05674743652344,253.15,18.0,0,False,False,False,False,False,False,True,False,False,False,3.0,0.8699292266499208
1248,1261,0.11,0.14,0.73,0.0,0.0,0.0,2.3,1.03,0.27,0.0,0.0,0.0,254,0.0,26,0.0,0.0,200.0,0.0,0.0,0.0,500.0,29.0,0,0,2.9,200,690,8.0,551.9893188476562,735.7061157226562,23.685102462768555,69.05674743652344,253.15,22.0,0,False,False,False,False,False,False,True,False,False,False,3.0,0.85606503200749
1249,1262,0.11,0.14,0.73,0.0,0.0,0.0,2.3,1.03,0.27,0.0,0.0,0.0,254,0.0,26,0.0,0.0,200.0,0.0,0.0,0.0,500.0,29.0,0,0,2.9,200,690,24.0,555.7514038085938,685.0,23.19121551513672,68.3783950805664,,96.49128723144533,1,False,False,False,False,False,False,True,False,False,False,0.0,0.6802069074966033
1250,1263,0.12,0.14,1.03,0.0,0.01,0.0,2.3,1.03,0.27,0.0,0.0,0.0,166,0.0,22,0.0,0.0,200.0,0.0,0.0,0.0,500.0,29.0,0,0,2.9,200,690,8.0,578.7957763671875,745.0,23.86565399169922,69.31655883789062,,122.51994323730467,1,False,False,False,False,False,False,True,False,False,False,3.0,0.7703804130866418
1251,1264,0.12,0.14,1.03,0.0,0.01,0.0,2.3,1.03,0.27,0.0,0.0,0.0,166,0.0,22,0.0,0.0,200.0,0.0,0.0,0.0,500.0,29.0,0,0,2.9,200,690,8.0,571.4271240234375,739.385498046875,23.83110237121582,69.1905288696289,233.15,37.0,0,False,False,False,False,False,False,True,False,False,False,3.0,0.8162489185355384
1252,1265,0.12,0.14,1.03,0.0,0.01,0.0,2.3,1.03,0.27,0.0,0.0,0.0,166,0.0,22,0.0,0.0,200.0,0.0,0.0,0.0,500.0,29.0,0,0,2.9,200,690,8.0,571.4271240234375,739.385498046875,23.83110237121582,69.1905288696289,233.15,53.0,0,False,False,False,False,False,False,True,False,False,False,3.0,0.8061570485338557
1253,1266,0.12,0.14,1.03,0.0,0.01,0.0,2.3,1.03,0.27,0.0,0.0,0.0,166,0.0,22,0.0,0.0,200.0,0.0,0.0,0.0,500.0,29.0,0,0,2.9,200,690,8.0,577.7559814453125,740.25634765625,23.80093765258789,69.15975952148438,253.15,96.0,0,False,False,False,False,False,False,True,False,False,False,0.0,0.5776761282410104
1254,1267,0.12,0.14,1.03,0.0,0.01,0.0,2.3,1.03,0.27,0.0,0.0,0.0,166,0.0,22,0.0,0.0,200.0,0.0,0.0,0.0,500.0,29.0,0,0,2.9,200,690,8.0,577.7559814453125,740.25634765625,23.80093765258789,69.15975952148438,253.15,149.0,0,False,False,False,False,False,False,True,False,False,False,3.0,0.7675536362911476
1255,1268,0.12,0.14,1.03,0.0,0.01,0.0,2.3,1.03,0.27,0.0,0.0,0.0,166,0.0,22,0.0,0.0,200.0,0.0,0.0,0.0,500.0,29.0,0,0,2.9,200,690,8.0,577.7559814453125,740.25634765625,23.80093765258789,69.15975952148438,253.15,172.0,0,False,False,False,False,False,False,True,False,False,False,3.0,0.7140944920477176
1256,1269,0.12,0.14,1.03,0.0,0.01,0.0,2.3,1.03,0.27,0.0,0.0,0.0,166,0.0,22,0.0,0.0,200.0,0.0,0.0,0.0,500.0,29.0,0,0,2.9,200,690,24.0,580.8240966796875,696.0,23.379053115844727,68.7464599609375,,127.74861907958984,1,False,False,False,False,False,False,True,False,False,False,3.0,0.7861741505426103
1257,1270,0.14,0.18,0.75,0.0,0.0,0.0,2.3,1.01,0.27,0.0,0.0,0.0,256,0.0,21,0.0,0.0,200.0,0.0,0.0,0.0,500.0,29.0,0,0,2.9,200,690,8.0,571.018798828125,770.0,22.7185115814209,68.2164077758789,,103.3318099975586,1,False,False,False,False,False,False,True,False,False,False,0.0,0.786834052031422
1258,1271,0.14,0.18,0.75,0.0,0.0,0.0,2.3,1.01,0.27,0.0,0.0,0.0,256,0.0,21,0.0,0.0,200.0,0.0,0.0,0.0,500.0,29.0,0,0,2.9,200,690,8.0,561.6548461914062,732.8076171875,22.72113037109375,68.31896209716797,233.15,24.0,0,False,False,False,False,False,False,True,False,False,False,3.0,0.8185804788604362
1259,1272,0.14,0.18,0.75,0.0,0.0,0.0,2.3,1.01,0.27,0.0,0.0,0.0,256,0.0,21,0.0,0.0,200.0,0.0,0.0,0.0,500.0,29.0,0,0,2.9,200,690,8.0,561.6548461914062,732.8076171875,22.72113037109375,68.31896209716797,233.15,37.0,0,False,False,False,False,False,False,True,False,False,False,3.0,0.7998482629809814
1260,1273,0.14,0.18,0.75,0.0,0.0,0.0,2.3,1.01,0.27,0.0,0.0,0.0,256,0.0,21,0.0,0.0,200.0,0.0,0.0,0.0,500.0,29.0,0,0,2.9,200,690,8.0,561.6548461914062,732.8076171875,22.72113037109375,68.31896209716797,233.15,52.0,0,False,False,False,False,False,False,True,False,False,False,3.0,0.787922544180826
1261,1274,0.14,0.18,0.75,0.0,0.0,0.0,2.3,1.01,0.27,0.0,0.0,0.0,256,0.0,21,0.0,0.0,200.0,0.0,0.0,0.0,500.0,29.0,0,0,2.9,200,690,8.0,569.97900390625,733.678466796875,22.729833602905277,68.32206726074219,253.15,37.0,0,False,False,False,False,False,False,True,False,False,False,3.0,0.7835694295535962
1262,1275,0.14,0.18,0.75,0.0,0.0,0.0,2.3,1.01,0.27,0.0,0.0,0.0,256,0.0,21,0.0,0.0,200.0,0.0,0.0,0.0,500.0,29.0,0,0,2.9,200,690,8.0,569.97900390625,733.678466796875,22.729833602905277,68.32206726074219,253.15,80.0,0,False,False,False,False,False,False,True,False,False,False,3.0,0.7689278372609168
1263,1276,0.14,0.18,0.75,0.0,0.0,0.0,2.3,1.01,0.27,0.0,0.0,0.0,256,0.0,21,0.0,0.0,200.0,0.0,0.0,0.0,500.0,29.0,0,0,2.9,200,690,24.0,573.4572143554688,714.0,22.36433982849121,67.640625,,108.9238739013672,1,False,False,False,False,False,False,True,False,False,False,0.0,0.796226345630316
1264,1277,0.12,0.14,1.34,0.0,0.01,0.0,2.23,1.0,0.31,0.0,0.0,0.0,292,0.0,37,0.0,0.0,200.0,0.0,0.0,0.0,500.0,29.0,0,0,2.9,200,690,8.0,599.3471069335938,741.7138671875,25.3,73.2,,103.7915267944336,2,False,False,False,False,False,False,True,False,False,False,0.0,0.8535451832943731
1265,1278,0.12,0.13,1.29,0.0,0.01,0.0,2.26,0.99,0.3,0.0,0.0,0.0,344,0.0,35,0.0,0.0,200.0,0.0,0.0,0.0,500.0,29.0,0,0,2.9,200,690,24.0,600.22119140625,719.0625,21.8,70.7,,109.90962982177734,2,False,False,False,False,False,False,True,False,False,False,0.0,0.7436540292990025
1266,1279,0.12,0.15,1.36,0.0,0.01,0.0,2.26,0.99,0.32,0.0,0.0,0.0,243,0.0,101,0.0,0.0,200.0,0.0,0.0,0.0,500.0,29.0,0,0,2.9,200,690,8.0,623.7316284179688,743.48095703125,24.3,72.4,,97.06405639648438,2,False,False,False,False,False,False,True,False,False,False,0.0,0.6708881380668953
1267,1280,0.11,0.14,1.32,0.0,0.01,0.0,2.27,1.0,0.32,0.0,0.0,0.0,334,0.0,127,0.0,0.0,200.0,0.0,0.0,0.0,500.0,29.0,0,0,2.9,200,690,24.0,605.5609130859375,724.5532836914062,22.4,69.1,,103.88167572021484,2,False,False,False,False,False,False,True,False,False,False,0.0,0.8053904098838381
1268,1281,0.12,0.13,1.23,0.0,0.01,0.0,2.29,1.01,0.32,0.0,0.0,0.0,303,0.0,166,0.0,0.0,200.0,0.0,0.0,0.0,500.0,29.0,0,0,2.9,200,690,8.0,614.2702026367188,740.6880493164062,24.7,69.9,,100.96075439453124,2,False,False,False,False,False,False,True,False,False,False,0.0,0.786067437067907
1269,1282,0.11,0.13,1.2,0.0,0.01,0.0,2.26,1.0,0.31,0.0,0.0,0.0,283,0.0,156,0.0,0.0,200.0,0.0,0.0,0.0,500.0,29.0,0,0,2.9,200,690,24.0,604.4688720703125,721.823486328125,21.6,69.8,,104.02125549316406,2,False,False,False,False,False,False,True,False,False,False,0.0,0.8035555374972257
1270,1283,0.12,0.15,1.28,0.0,0.01,0.0,2.27,1.0,0.31,0.0,0.0,0.0,237,0.0,245,0.0,0.0,200.0,0.0,0.0,0.0,500.0,29.0,0,0,2.9,200,690,8.0,624.22216796875,743.8139038085938,20.8,68.8,,96.70317840576172,2,False,False,False,False,False,False,True,False,False,False,0.0,0.49118751005272054
1271,1284,0.12,0.13,1.18,0.0,0.01,0.0,2.26,1.0,0.31,0.0,0.0,0.0,286,0.0,312,0.0,0.0,200.0,0.0,0.0,0.0,500.0,29.0,0,0,2.9,200,690,24.0,616.4102172851562,723.1651000976562,21.7,67.0,,105.00531768798828,2,False,False,False,False,False,False,True,False,False,False,0.0,0.779254637675673
1272,1285,0.08,0.42,1.24,0.01,0.02,0.05,0.04,0.38,0.0,0.1,0.0,0.0,480,0.0,86,0.0,0.0,0.0,60.0,150.0,5.0,512.1690063476562,29.502086639404297,1,1,2.4,100,550,1.83,529.0,635.0,25.6,70.0,,104.3139419555664,4,False,False,False,False,False,False,True,False,False,False,0.0,0.9291119096942132
1273,1286,0.08,0.42,1.24,0.01,0.02,0.05,0.04,0.38,0.0,0.1,0.0,0.0,480,0.0,86,0.0,0.0,0.0,60.0,150.0,5.0,512.1690063476562,29.502086639404297,1,1,2.4,100,550,1.83,473.0,605.0,28.8,73.0,,104.3139419555664,4,False,False,False,False,False,False,True,False,False,False,0.0,0.8889468817547939
1274,1287,0.08,0.42,1.24,0.01,0.02,0.05,0.04,0.38,0.0,0.1,0.0,0.0,480,0.0,86,0.0,0.0,0.0,60.0,150.0,5.0,512.1690063476562,29.502086639404297,1,1,2.4,100,550,1.83,557.0,658.0,23.8,68.5,,104.3139419555664,4,False,False,False,False,False,False,True,False,False,False,0.0,0.8895022573025412
1275,1288,0.08,0.42,1.24,0.01,0.02,0.05,0.04,0.38,0.0,0.1,0.0,0.0,480,0.0,86,0.0,0.0,0.0,60.0,150.0,5.0,512.1690063476562,29.502086639404297,1,1,2.4,100,550,1.83,582.3712768554688,627.80029296875,25.840606689453125,70.66495513916016,233.15,96.0,0,False,False,False,False,False,False,True,False,False,False,0.0,0.801430853793192
1276,1289,0.08,0.42,1.24,0.01,0.02,0.05,0.04,0.38,0.0,0.1,0.0,0.0,480,0.0,86,0.0,0.0,0.0,60.0,150.0,5.0,512.1690063476562,29.502086639404297,1,1,2.4,100,550,1.83,579.5432739257812,619.7886352539062,26.1322021484375,70.1678695678711,194.15,40.0,0,False,False,False,False,False,False,True,False,False,False,3.0,0.7767027163318915
1277,1290,0.08,0.42,1.24,0.01,0.02,0.05,0.04,0.38,0.0,0.1,0.0,0.0,480,0.0,86,0.0,0.0,0.0,60.0,150.0,5.0,512.1690063476562,29.502086639404297,1,1,2.4,100,550,1.83,580.357666015625,630.191650390625,25.955341339111328,70.51240539550781,,104.3139419555664,0,False,False,False,False,False,False,True,False,False,False,0.0,0.9177019806888868
1278,1291,0.08,0.3,0.54,0.0,0.01,0.04,2.2,1.05,0.0,0.04,0.0,0.0,660,0.0,66,0.0,0.0,0.0,40.0,70.0,4.0,478.5335998535156,28.908004760742188,1,1,2.4,175,690,2.33,496.0,638.0,23.3,73.0,,134.10812377929688,4,False,False,False,False,False,False,True,False,False,False,5.0,0.5438526277356718
1279,1292,0.08,0.3,0.54,0.0,0.01,0.04,2.2,1.05,0.0,0.04,0.0,0.0,660,0.0,66,0.0,0.0,0.0,40.0,70.0,4.0,478.5335998535156,28.908004760742188,1,1,2.4,175,690,2.33,524.0,664.0,23.6,66.5,,134.10812377929688,4,False,False,False,False,False,False,True,False,False,False,3.0,0.6574667328143636
1280,1293,0.08,0.3,0.54,0.0,0.01,0.04,2.2,1.05,0.0,0.04,0.0,0.0,660,0.0,66,0.0,0.0,0.0,40.0,70.0,4.0,478.5335998535156,28.908004760742188,1,1,2.4,175,690,2.33,530.0,653.0,21.5,69.0,,134.10812377929688,4,False,False,False,False,False,False,True,False,False,False,3.0,0.6782023634895686
1281,1294,0.08,0.3,0.54,0.0,0.01,0.04,2.2,1.05,0.0,0.04,0.0,0.0,660,0.0,66,0.0,0.0,0.0,40.0,70.0,4.0,478.5335998535156,28.908004760742188,1,1,2.4,175,690,2.33,524.1871948242188,651.64501953125,22.829381942749023,68.53413391113281,273.15,118.0,0,False,False,False,False,False,False,True,False,False,False,3.0,0.4525560633793654
1282,1295,0.08,0.3,0.54,0.0,0.01,0.04,2.2,1.05,0.0,0.04,0.0,0.0,660,0.0,66,0.0,0.0,0.0,40.0,70.0,4.0,478.5335998535156,28.908004760742188,1,1,2.4,175,690,2.33,521.1896362304688,642.8711547851562,22.905982971191406,69.43021392822266,223.15,40.0,0,False,False,False,False,False,False,True,False,False,False,3.0,0.8391485654551818
1283,1296,0.08,0.3,0.54,0.0,0.01,0.04,2.2,1.05,0.0,0.04,0.0,0.0,660,0.0,66,0.0,0.0,0.0,40.0,70.0,4.0,478.5335998535156,28.908004760742188,1,1,2.4,175,690,2.33,524.3316040039062,651.4024047851562,22.914594650268555,69.5441665649414,,134.10812377929688,0,False,False,False,False,False,False,True,False,False,False,3.0,0.5936211850400646
1284,1297,0.06,0.2,1.15,0.01,0.02,0.16,0.05,0.45,0.0,0.13,0.0,0.0,350,0.0,97,0.0,0.0,0.0,140.0,160.0,15.0,512.1690063476562,29.502086639404297,1,1,2.4,125,605,1.92,598.0,678.0,24.5,74.0,,95.92227172851562,4,False,False,False,False,False,False,True,False,False,False,0.0,0.7541234247312908
1285,1298,0.06,0.2,1.15,0.01,0.02,0.16,0.05,0.45,0.0,0.13,0.0,0.0,350,0.0,97,0.0,0.0,0.0,140.0,160.0,15.0,512.1690063476562,29.502086639404297,1,1,2.4,125,605,1.92,663.0,730.0,22.5,66.5,,95.92227172851562,4,False,False,False,False,False,False,True,False,False,False,0.0,0.3968222475025299
1286,1299,0.06,0.2,1.15,0.01,0.02,0.16,0.05,0.45,0.0,0.13,0.0,0.0,350,0.0,97,0.0,0.0,0.0,140.0,160.0,15.0,512.1690063476562,29.502086639404297,1,1,2.4,125,605,1.92,630.0,708.0,24.8,63.0,,95.92227172851562,4,False,False,False,False,False,False,True,False,False,False,0.0,0.4384376195954557
1287,1300,0.06,0.2,1.15,0.01,0.02,0.16,0.05,0.45,0.0,0.13,0.0,0.0,350,0.0,97,0.0,0.0,0.0,140.0,160.0,15.0,512.1690063476562,29.502086639404297,1,1,2.4,125,605,1.92,630.0873413085938,720.7618408203125,23.71215438842773,65.46316528320312,263.15,80.0,0,False,False,False,False,False,False,True,False,False,False,3.0,0.6420726782611642
1288,1301,0.06,0.2,1.15,0.01,0.02,0.16,0.05,0.45,0.0,0.13,0.0,0.0,350,0.0,97,0.0,0.0,0.0,140.0,160.0,15.0,512.1690063476562,29.502086639404297,1,1,2.4,125,605,1.92,631.9113159179688,720.4100341796875,23.69534111022949,65.15260314941406,230.15,40.0,0,False,False,False,False,False,False,True,False,False,False,3.0,0.6402748632357244
1289,1302,0.06,0.2,1.15,0.01,0.02,0.16,0.05,0.45,0.0,0.13,0.0,0.0,350,0.0,97,0.0,0.0,0.0,140.0,160.0,15.0,512.1690063476562,29.502086639404297,1,1,2.4,125,605,1.92,628.1910400390625,722.1966552734375,23.594038009643555,65.09105682373047,,95.92227172851562,0,False,False,False,False,False,False,True,False,False,False,0.0,0.44337152821523457
1290,1303,0.11,0.18,0.7,0.0,0.0,0.13,2.28,0.27,0.0,0.0,0.0,0.0,0,0.0,62,0.0,0.0,200.0,0.0,0.0,0.0,535.0,63.0,0,0,1.8,225,690,24.0,606.0,707.0,22.0,63.0,,160.7578125,4,False,False,False,False,False,False,False,False,False,True,3.0,0.7999394965872991
1291,1304,0.1,0.17,0.67,0.0,0.0,0.14,2.31,0.29,0.0,0.0,0.0,0.0,0,0.0,240,0.0,0.0,240.0,0.0,0.0,0.0,535.0,63.0,0,0,1.8,225,690,24.0,596.0,703.0,20.0,62.0,,158.6050567626953,4,False,False,False,False,False,False,False,False,False,True,3.0,0.7829029726600173
1292,1305,0.11,0.17,0.65,0.0,0.0,0.02,2.28,0.27,0.0,0.0,0.0,0.0,0,0.0,68,0.0,0.0,68.0,0.0,0.0,0.0,535.0,63.0,0,0,1.8,225,690,24.0,597.0,700.0,22.0,58.0,,162.40951538085938,4,False,False,False,False,False,False,False,False,False,True,3.0,0.7941294759495582
1293,1306,0.1,0.16,0.61,0.0,0.0,0.02,2.27,0.27,0.0,0.0,0.0,0.0,0,0.0,260,0.0,0.0,260.0,0.0,0.0,0.0,535.0,63.0,0,0,1.8,225,690,24.0,608.0,702.0,21.0,60.0,,161.5261688232422,4,False,False,False,False,False,False,False,False,False,True,3.0,0.7817988763033917
1294,1307,0.07,0.08,0.98,0.01,0.01,0.27,2.07,1.07,0.02,0.0,0.0,0.0,891,0.0,97,0.0,0.0,0.0,0.01,0.01,0.01,300.0,28.0,1,1,2.04,150,690,10.0,440.0,540.0,24.0,67.0,,159.6207733154297,4,True,False,False,False,False,False,False,False,False,False,5.0,0.7851928826665093
1295,1308,0.07,0.08,0.98,0.01,0.01,0.27,2.07,1.07,0.02,0.0,0.0,0.0,891,0.0,97,0.0,0.0,0.0,0.01,0.01,0.01,300.0,28.0,1,1,2.04,150,690,10.0,444.1929321289063,544.9895629882812,23.787429809570312,66.51945495605469,193.15,9.0,0,True,False,False,False,False,False,False,False,False,False,2.0,0.5848147058715695
1296,1309,0.07,0.08,0.98,0.01,0.01,0.27,2.07,1.07,0.02,0.0,0.0,0.0,891,0.0,97,0.0,0.0,0.0,0.01,0.01,0.01,300.0,28.0,1,1,2.04,150,690,10.0,444.522705078125,547.1558837890625,23.787429809570312,66.54930877685547,203.15,9.0,0,True,False,False,False,False,False,False,False,False,False,2.0,0.5718784760383122
1297,1310,0.07,0.08,0.98,0.01,0.01,0.27,2.07,1.07,0.02,0.0,0.0,0.0,891,0.0,97,0.0,0.0,0.0,0.01,0.01,0.01,300.0,28.0,1,1,2.04,150,690,10.0,444.6583251953125,546.8468017578125,23.82337951660156,67.34060668945312,213.15,9.0,0,True,False,False,False,False,False,False,False,False,False,2.0,0.6222662666278999
1298,1311,0.07,0.08,0.98,0.01,0.01,0.27,2.07,1.07,0.02,0.0,0.0,0.0,891,0.0,97,0.0,0.0,0.0,0.01,0.01,0.01,300.0,28.0,1,1,2.04,150,690,10.0,447.6714782714844,546.33984375,23.63487243652344,67.36528015136719,233.15,19.0,0,True,False,False,False,False,False,False,False,False,False,2.0,0.9225071441099346
1299,1312,0.07,0.08,0.98,0.01,0.01,0.27,2.07,1.07,0.02,0.0,0.0,0.0,891,0.0,97,0.0,0.0,0.0,0.01,0.01,0.01,300.0,28.0,1,1,2.04,150,690,10.0,447.4699096679688,547.27587890625,23.64580726623535,67.3430404663086,243.15,28.0,0,True,False,False,False,False,False,False,False,False,False,2.0,0.9531212122532865
1300,1313,0.07,0.08,0.98,0.01,0.01,0.27,2.07,1.07,0.02,0.0,0.0,0.0,891,0.0,97,0.0,0.0,0.0,0.01,0.01,0.01,300.0,28.0,1,1,2.04,150,690,10.0,446.78759765625,547.27587890625,23.616214752197266,67.21223449707031,253.15,43.0,0,True,False,False,False,False,False,False,False,False,False,2.0,0.7448534748061323
1301,1314,0.07,0.08,0.98,0.01,0.01,0.27,2.07,1.07,0.02,0.0,0.0,0.0,891,0.0,97,0.0,0.0,0.0,0.01,0.01,0.01,300.0,28.0,1,1,2.04,150,690,10.0,447.68011474609375,546.8441162109375,23.55101203918457,65.94756317138672,273.15,117.0,0,True,False,False,False,False,False,False,False,False,False,0.0,0.5319042108168383
1302,1315,0.07,0.08,0.98,0.01,0.01,0.27,2.07,1.07,0.02,0.0,0.0,0.0,891,0.0,97,0.0,0.0,0.0,0.01,0.01,0.01,300.0,28.0,1,1,2.04,150,690,10.0,447.68011474609375,546.8441162109375,23.55101203918457,65.98609924316406,293.15,179.0,0,True,False,False,False,False,False,False,False,False,False,5.0,0.9289516238465828
1303,1316,0.07,0.08,0.98,0.01,0.01,0.27,2.07,1.07,0.02,0.0,0.0,0.0,891,0.0,97,0.0,0.0,0.0,0.01,0.01,0.01,300.0,28.0,1,1,2.04,150,690,10.0,447.68011474609375,546.8441162109375,23.55101203918457,65.55901336669922,313.15,204.0,0,True,False,False,False,False,False,False,False,False,False,5.0,0.9673375020541635
1304,1317,0.07,0.08,0.98,0.01,0.01,0.27,2.07,1.07,0.02,0.0,0.0,0.0,891,0.0,97,0.0,0.0,0.0,0.01,0.01,0.01,300.0,28.0,1,1,2.04,150,690,10.0,450.4192199707031,546.8441162109375,23.55101203918457,64.06922912597656,333.15,210.0,0,True,False,False,False,False,False,False,False,False,False,5.0,0.963971511681006
1305,1318,0.07,0.08,0.98,0.01,0.01,0.27,2.07,1.07,0.02,0.0,0.0,0.0,891,0.0,97,0.0,0.0,0.0,0.01,0.01,0.01,300.0,28.0,1,1,2.04,150,690,10.0,450.16302490234375,546.8441162109375,23.55101203918457,64.06922912597656,343.15,210.0,0,True,False,False,False,False,False,False,False,False,False,5.0,0.9641059786811816
1306,1319,0.05,0.13,1.06,0.01,0.02,0.23,2.02,1.3,0.02,0.0,0.0,0.0,768,0.0,266,0.0,0.0,0.0,0.01,0.03,0.01,300.0,28.0,1,1,1.96,150,690,10.0,506.0,598.0,22.0,70.0,,144.23243713378906,4,True,False,False,False,False,False,False,False,False,False,5.0,0.6030001914318793
1307,1320,0.05,0.13,1.06,0.01,0.02,0.23,2.02,1.3,0.02,0.0,0.0,0.0,768,0.0,266,0.0,0.0,0.0,0.01,0.03,0.01,300.0,28.0,1,1,1.96,150,690,10.0,505.9132080078125,593.9775390625,21.70730209350586,68.51693725585938,203.15,6.0,0,True,False,False,False,False,False,False,False,False,False,3.0,0.9479995777586269
1308,1321,0.05,0.13,1.06,0.01,0.02,0.23,2.02,1.3,0.02,0.0,0.0,0.0,768,0.0,266,0.0,0.0,0.0,0.01,0.03,0.01,300.0,28.0,1,1,1.96,150,690,10.0,506.7055358886719,593.66845703125,21.712421417236328,68.94419860839844,213.15,6.0,0,True,False,False,False,False,False,False,False,False,False,3.0,0.9455384935023444
1309,1322,0.05,0.13,1.06,0.01,0.02,0.23,2.02,1.3,0.02,0.0,0.0,0.0,768,0.0,266,0.0,0.0,0.0,0.01,0.03,0.01,300.0,28.0,1,1,1.96,150,690,10.0,509.46044921875,593.1614990234375,21.51789283752441,69.04304504394531,233.15,15.0,0,True,False,False,False,False,False,False,False,False,False,3.0,0.7386781650906011
1310,1323,0.05,0.13,1.06,0.01,0.02,0.23,2.02,1.3,0.02,0.0,0.0,0.0,768,0.0,266,0.0,0.0,0.0,0.01,0.03,0.01,300.0,28.0,1,1,1.96,150,690,10.0,508.8948364257813,593.8008422851562,21.536836624145508,69.02899169921875,253.15,68.0,0,True,False,False,False,False,False,False,False,False,False,3.0,0.8835749355718797
1311,1324,0.05,0.13,1.06,0.01,0.02,0.23,2.02,1.3,0.02,0.0,0.0,0.0,768,0.0,266,0.0,0.0,0.0,0.01,0.03,0.01,300.0,28.0,1,1,1.96,150,690,10.0,509.9436645507813,593.2529907226562,21.49845695495605,68.3624496459961,273.15,120.0,0,True,False,False,False,False,False,False,False,False,False,3.0,0.45243205552392907
1312,1325,0.05,0.13,1.06,0.01,0.02,0.23,2.02,1.3,0.02,0.0,0.0,0.0,768,0.0,266,0.0,0.0,0.0,0.01,0.03,0.01,300.0,28.0,1,1,1.96,150,690,10.0,509.9436645507813,593.2529907226562,21.49845695495605,68.31419372558594,293.15,151.0,0,True,False,False,False,False,False,False,False,False,False,5.0,0.6038740146611256
1313,1326,0.05,0.13,1.06,0.01,0.02,0.23,2.02,1.3,0.02,0.0,0.0,0.0,768,0.0,266,0.0,0.0,0.0,0.01,0.03,0.01,300.0,28.0,1,1,1.96,150,690,10.0,509.9436645507813,593.2529907226562,21.49845695495605,67.74076843261719,313.15,160.0,0,True,False,False,False,False,False,False,False,False,False,5.0,0.651149537363714
1314,1327,0.05,0.13,1.06,0.01,0.02,0.23,2.02,1.3,0.02,0.0,0.0,0.0,768,0.0,266,0.0,0.0,0.0,0.01,0.03,0.01,300.0,28.0,1,1,1.96,150,690,10.0,512.6822509765625,593.2529907226562,21.49845695495605,65.58389282226562,333.15,164.0,0,True,False,False,False,False,False,False,False,False,False,5.0,0.618979795487389
1315,1328,0.04,0.12,0.86,0.01,0.02,0.2,2.01,0.93,0.02,0.0,0.0,0.0,922,0.0,123,0.0,0.0,0.0,0.01,0.01,0.01,300.0,20.0,1,1,2.08,150,690,10.0,505.0,600.0,19.0,69.0,,81.22811889648438,4,True,False,False,False,False,False,False,False,False,False,3.0,0.863382897736908
1316,1329,0.04,0.12,0.86,0.01,0.02,0.2,2.01,0.93,0.02,0.0,0.0,0.0,922,0.0,123,0.0,0.0,0.0,0.01,0.01,0.01,300.0,20.0,1,1,2.08,150,690,10.0,498.7632751464844,599.16845703125,19.72072410583496,69.10224914550781,203.15,3.0,0,True,False,False,False,False,False,False,False,False,False,3.0,0.967506403141811
1317,1330,0.04,0.12,0.86,0.01,0.02,0.2,2.01,0.93,0.02,0.0,0.0,0.0,922,0.0,123,0.0,0.0,0.0,0.01,0.01,0.01,300.0,20.0,1,1,2.08,150,690,10.0,498.7658386230469,599.1070556640625,19.703784942626957,69.66485595703125,213.15,3.0,0,True,False,False,False,False,False,False,False,False,False,3.0,0.9675973510682587
1318,1331,0.04,0.12,0.86,0.01,0.02,0.2,2.01,0.93,0.02,0.0,0.0,0.0,922,0.0,123,0.0,0.0,0.0,0.01,0.01,0.01,300.0,20.0,1,1,2.08,150,690,10.0,498.5785827636719,599.0384521484375,19.420089721679688,69.71150207519531,253.15,9.0,0,True,False,False,False,False,False,False,False,False,False,3.0,0.9299384922616912
1319,1332,0.04,0.12,0.86,0.01,0.02,0.2,2.01,0.93,0.02,0.0,0.0,0.0,922,0.0,123,0.0,0.0,0.0,0.01,0.01,0.01,300.0,20.0,1,1,2.08,150,690,10.0,500.467041015625,598.1155395507812,19.268695831298828,69.87254333496094,273.15,12.0,0,True,False,False,False,False,False,False,False,False,False,3.0,0.8887954772286083
1320,1333,0.04,0.12,0.86,0.01,0.02,0.2,2.01,0.93,0.02,0.0,0.0,0.0,922,0.0,123,0.0,0.0,0.0,0.01,0.01,0.01,300.0,20.0,1,1,2.08,150,690,10.0,500.467041015625,598.817138671875,19.268695831298828,69.64268493652344,283.15,43.0,0,True,False,False,False,False,False,False,False,False,False,3.0,0.8807800033481225
1321,1334,0.04,0.12,0.86,0.01,0.02,0.2,2.01,0.93,0.02,0.0,0.0,0.0,922,0.0,123,0.0,0.0,0.0,0.01,0.01,0.01,300.0,20.0,1,1,2.08,150,690,10.0,500.467041015625,598.817138671875,19.268695831298828,69.69890594482422,293.15,65.0,0,True,False,False,False,False,False,False,False,False,False,3.0,0.9043550765537521
1322,1335,0.04,0.12,0.86,0.01,0.02,0.2,2.01,0.93,0.02,0.0,0.0,0.0,922,0.0,123,0.0,0.0,0.0,0.01,0.01,0.01,300.0,20.0,1,1,2.08,150,690,10.0,500.467041015625,598.8898315429688,19.268695831298828,69.73735046386719,303.15,65.0,0,True,False,False,False,False,False,False,False,False,False,3.0,0.9043139191165073
1323,1336,0.04,0.14,1.33,0.01,0.02,0.26,2.39,1.21,0.02,0.0,0.0,0.0,735,0.0,236,0.0,0.0,0.0,0.01,0.02,0.01,300.0,28.0,1,1,1.96,150,690,10.0,520.0,620.0,20.0,54.0,,136.19932556152344,4,True,False,False,False,False,False,False,False,False,False,3.0,0.7939711733628754
1324,1337,0.04,0.14,1.33,0.01,0.02,0.26,2.39,1.21,0.02,0.0,0.0,0.0,735,0.0,236,0.0,0.0,0.0,0.01,0.02,0.01,300.0,28.0,1,1,1.96,150,690,10.0,517.9716796875,617.8622436523438,20.56778907775879,55.27683639526367,193.15,6.0,0,True,False,False,False,False,False,False,False,False,False,3.0,0.8979622155846577
1325,1338,0.04,0.14,1.33,0.01,0.02,0.26,2.39,1.21,0.02,0.0,0.0,0.0,735,0.0,236,0.0,0.0,0.0,0.01,0.02,0.01,300.0,28.0,1,1,1.96,150,690,10.0,518.3014526367188,619.0101318359375,20.56778907775879,55.2774772644043,203.15,6.0,0,True,False,False,False,False,False,False,False,False,False,3.0,0.8963594983415608
1326,1339,0.04,0.14,1.33,0.01,0.02,0.26,2.39,1.21,0.02,0.0,0.0,0.0,735,0.0,236,0.0,0.0,0.0,0.01,0.02,0.01,300.0,28.0,1,1,1.96,150,690,10.0,518.869140625,618.94873046875,20.521921157836918,55.619441986083984,213.15,12.0,0,True,False,False,False,False,False,False,False,False,False,3.0,0.884039976620949
1327,1340,0.04,0.14,1.33,0.01,0.02,0.26,2.39,1.21,0.02,0.0,0.0,0.0,735,0.0,236,0.0,0.0,0.0,0.01,0.02,0.01,300.0,28.0,1,1,1.96,150,690,10.0,518.7259521484375,619.55712890625,20.321081161499023,55.82904815673828,233.15,49.0,0,True,False,False,False,False,False,False,False,False,False,3.0,0.8215130123231941
1328,1341,0.04,0.14,1.33,0.01,0.02,0.26,2.39,1.21,0.02,0.0,0.0,0.0,735,0.0,236,0.0,0.0,0.0,0.01,0.02,0.01,300.0,28.0,1,1,1.96,150,690,10.0,518.2913818359375,618.6727905273438,20.34002494812012,55.75733184814453,253.15,96.0,0,True,False,False,False,False,False,False,False,False,False,3.0,0.48701682325572465
1329,1342,0.04,0.14,1.33,0.01,0.02,0.26,2.39,1.21,0.02,0.0,0.0,0.0,735,0.0,236,0.0,0.0,0.0,0.01,0.02,0.01,300.0,28.0,1,1,1.96,150,690,10.0,518.6875,617.6337890625,20.22163391113281,54.509273529052734,273.15,123.0,0,True,False,False,False,False,False,False,False,False,False,3.0,0.7139740984874807
1330,1343,0.04,0.14,1.33,0.01,0.02,0.26,2.39,1.21,0.02,0.0,0.0,0.0,735,0.0,236,0.0,0.0,0.0,0.01,0.02,0.01,300.0,28.0,1,1,1.96,150,690,10.0,517.10693359375,618.3353881835938,20.22163391113281,54.52621078491211,293.15,139.0,0,True,False,False,False,False,False,False,False,False,False,3.0,0.786588730890944
1331,1344,0.04,0.14,1.33,0.01,0.02,0.26,2.39,1.21,0.02,0.0,0.0,0.0,735,0.0,236,0.0,0.0,0.0,0.01,0.02,0.01,300.0,28.0,1,1,1.96,150,690,10.0,517.10693359375,618.3353881835938,20.22163391113281,53.357398986816406,313.15,135.0,0,True,False,False,False,False,False,False,False,False,False,3.0,0.7946135776363509
1332,1345,0.04,0.14,1.33,0.01,0.02,0.26,2.39,1.21,0.02,0.0,0.0,0.0,735,0.0,236,0.0,0.0,0.0,0.01,0.02,0.01,300.0,28.0,1,1,1.96,150,690,10.0,519.1475219726562,618.3353881835938,20.22163391113281,51.79561996459961,333.15,148.0,0,True,False,False,False,False,False,False,False,False,False,3.0,0.7875920290713087
1333,1346,0.05,0.42,1.0,0.02,0.02,0.17,2.29,1.04,0.02,0.0,0.0,0.0,695,0.0,165,0.0,0.0,0.0,0.01,0.03,0.01,300.0,28.0,1,1,2.08,150,690,10.0,537.0,620.0,11.0,24.0,,125.14867401123048,4,True,False,False,False,False,False,False,False,False,False,1.0,0.9618925031440335
1334,1347,0.05,0.42,1.0,0.02,0.02,0.17,2.29,1.04,0.02,0.0,0.0,0.0,695,0.0,165,0.0,0.0,0.0,0.01,0.03,0.01,300.0,28.0,1,1,2.08,150,690,10.0,546.9340209960938,624.2965087890625,12.272686004638672,28.90682411193848,203.15,9.0,0,True,False,False,False,False,False,False,False,False,False,1.0,0.9713423832925528
1335,1348,0.05,0.42,1.0,0.02,0.02,0.17,2.29,1.04,0.02,0.0,0.0,0.0,695,0.0,165,0.0,0.0,0.0,0.01,0.03,0.01,300.0,28.0,1,1,2.08,150,690,10.0,547.4918823242188,623.9874267578125,12.306394577026367,28.85201835632324,213.15,9.0,0,True,False,False,False,False,False,False,False,False,False,1.0,0.9713747782563106
1336,1349,0.05,0.42,1.0,0.02,0.02,0.17,2.29,1.04,0.02,0.0,0.0,0.0,695,0.0,165,0.0,0.0,0.0,0.01,0.03,0.01,300.0,28.0,1,1,2.08,150,690,10.0,550.246826171875,624.41357421875,12.004570960998535,28.863405227661133,233.15,12.0,0,True,False,False,False,False,False,False,False,False,False,1.0,0.9770291043362932
1337,1350,0.05,0.42,1.0,0.02,0.02,0.17,2.29,1.04,0.02,0.0,0.0,0.0,695,0.0,165,0.0,0.0,0.0,0.01,0.03,0.01,300.0,28.0,1,1,2.08,150,690,10.0,549.1140747070312,625.349609375,11.994020462036133,28.664691925048828,253.15,22.0,0,True,False,False,False,False,False,False,False,False,False,1.0,0.9822833549019473
1338,1351,0.05,0.42,1.0,0.02,0.02,0.17,2.29,1.04,0.02,0.0,0.0,0.0,695,0.0,165,0.0,0.0,0.0,0.01,0.03,0.01,300.0,28.0,1,1,2.08,150,690,10.0,549.8292846679688,624.9178466796875,11.9557523727417,28.736900329589844,273.15,46.0,0,True,False,False,False,False,False,False,False,False,False,1.0,0.9881863115230266
1339,1352,0.05,0.42,1.0,0.02,0.02,0.17,2.29,1.04,0.02,0.0,0.0,0.0,695,0.0,165,0.0,0.0,0.0,0.01,0.03,0.01,300.0,28.0,1,1,2.08,150,690,10.0,549.8292846679688,624.9178466796875,11.9557523727417,28.87800407409668,293.15,96.0,0,True,False,False,False,False,False,False,False,False,False,1.0,0.9864455860191323
1340,1353,0.05,0.42,1.0,0.02,0.02,0.17,2.29,1.04,0.02,0.0,0.0,0.0,695,0.0,165,0.0,0.0,0.0,0.01,0.03,0.01,300.0,28.0,1,1,2.08,150,690,10.0,549.8292846679688,624.9178466796875,11.9557523727417,26.43317222595215,313.15,154.0,0,True,False,False,False,False,False,False,False,False,False,1.0,0.9769474437459681
1341,1354,0.05,0.42,1.0,0.02,0.02,0.17,2.29,1.04,0.02,0.0,0.0,0.0,695,0.0,165,0.0,0.0,0.0,0.01,0.03,0.01,300.0,28.0,1,1,2.08,150,690,10.0,549.8292846679688,624.9178466796875,11.92369556427002,25.57453155517578,333.15,164.0,0,True,False,False,False,False,False,False,False,False,False,1.0,0.9725931465228957
1342,1355,0.05,0.42,1.0,0.02,0.02,0.17,2.29,1.04,0.02,0.0,0.0,0.0,695,0.0,165,0.0,0.0,0.0,0.01,0.03,0.01,300.0,28.0,1,1,2.08,150,690,10.0,549.5731201171875,624.9178466796875,11.92369556427002,25.57453155517578,343.15,167.0,0,True,False,False,False,False,False,False,False,False,False,1.0,0.9694678445984479
1343,1356,0.07,0.27,1.11,0.01,0.02,0.17,2.3,0.96,0.02,0.0,0.0,0.0,556,0.0,113,0.0,0.0,0.0,0.01,0.03,0.01,290.0,29.0,1,1,2.0,150,690,10.0,595.0,675.0,24.0,69.0,,84.50244140625,4,True,False,False,False,False,False,False,False,False,False,3.0,0.8419820626864878
1344,1357,0.07,0.27,1.11,0.01,0.02,0.17,2.3,0.96,0.02,0.0,0.0,0.0,556,0.0,113,0.0,0.0,0.0,0.01,0.03,0.01,290.0,29.0,1,1,2.0,150,690,10.0,572.8097534179688,672.2053833007812,22.724878311157227,67.17926788330078,203.15,3.0,0,True,False,False,False,False,False,False,False,False,False,3.0,0.9213210660127655
1345,1358,0.07,0.27,1.11,0.01,0.02,0.17,2.3,0.96,0.02,0.0,0.0,0.0,556,0.0,113,0.0,0.0,0.0,0.01,0.03,0.01,290.0,29.0,1,1,2.0,150,690,10.0,573.7324829101562,671.8963012695312,22.70793914794922,67.5575180053711,213.15,3.0,0,True,False,False,False,False,False,False,False,False,False,3.0,0.9229055193450457
1346,1359,0.07,0.27,1.11,0.01,0.02,0.17,2.3,0.96,0.02,0.0,0.0,0.0,556,0.0,113,0.0,0.0,0.0,0.01,0.03,0.01,290.0,29.0,1,1,2.0,150,690,10.0,576.4874267578125,672.3224487304688,22.522294998168945,67.70333099365234,233.15,6.0,0,True,False,False,False,False,False,False,False,False,False,3.0,0.9129327139345509
1347,1360,0.07,0.27,1.11,0.01,0.02,0.17,2.3,0.96,0.02,0.0,0.0,0.0,556,0.0,113,0.0,0.0,0.0,0.01,0.03,0.01,290.0,29.0,1,1,2.0,150,690,10.0,575.775390625,673.1327514648438,22.53169059753418,67.66091918945312,253.15,12.0,0,True,False,False,False,False,False,False,False,False,False,3.0,0.8983530205086324
1348,1361,0.07,0.27,1.11,0.01,0.02,0.17,2.3,0.96,0.02,0.0,0.0,0.0,556,0.0,113,0.0,0.0,0.0,0.01,0.03,0.01,290.0,29.0,1,1,2.0,150,690,10.0,577.16748046875,672.6929931640625,22.4558162689209,66.9138412475586,273.15,31.0,0,True,False,False,False,False,False,False,False,False,False,3.0,0.8410834633970389
1349,1362,0.07,0.27,1.11,0.01,0.02,0.17,2.3,0.96,0.02,0.0,0.0,0.0,556,0.0,113,0.0,0.0,0.0,0.01,0.03,0.01,290.0,29.0,1,1,2.0,150,690,10.0,575.5869140625,672.6929931640625,22.4558162689209,66.89425659179688,293.15,52.0,0,True,False,False,False,False,False,False,False,False,False,3.0,0.8425976679633753
1350,1363,0.07,0.27,1.11,0.01,0.02,0.17,2.3,0.96,0.02,0.0,0.0,0.0,556,0.0,113,0.0,0.0,0.0,0.01,0.03,0.01,290.0,29.0,1,1,2.0,150,690,10.0,575.5869140625,672.6929931640625,22.4425048828125,65.66151428222656,313.15,80.0,0,True,False,False,False,False,False,False,False,False,False,3.0,0.8193376499990319
1351,1364,0.07,0.27,1.11,0.01,0.02,0.17,2.3,0.96,0.02,0.0,0.0,0.0,556,0.0,113,0.0,0.0,0.0,0.01,0.03,0.01,290.0,29.0,1,1,2.0,150,690,10.0,575.5869140625,672.6929931640625,22.4425048828125,65.66151428222656,323.15,93.0,0,True,False,False,False,False,False,False,False,False,False,3.0,0.5606186114887265
1352,1365,0.07,0.27,1.11,0.01,0.02,0.17,2.3,0.96,0.02,0.0,0.0,0.0,556,0.0,113,0.0,0.0,0.0,0.01,0.03,0.01,290.0,29.0,1,1,2.0,150,690,10.0,575.5869140625,672.6929931640625,22.4425048828125,63.52654647827149,333.15,99.0,0,True,False,False,False,False,False,False,False,False,False,0.0,0.7010394083999264
1353,1366,0.07,0.27,1.11,0.01,0.02,0.17,2.3,0.96,0.02,0.0,0.0,0.0,556,0.0,113,0.0,0.0,0.0,0.01,0.03,0.01,290.0,29.0,1,1,2.0,150,690,10.0,575.5869140625,672.6929931640625,22.4425048828125,63.52654647827149,343.15,105.0,0,True,False,False,False,False,False,False,False,False,False,0.0,0.8316117965671971
1354,1367,0.06,0.24,1.24,0.14,0.25,0.22,2.17,0.98,0.18,0.0,0.0,0.0,408,0.0,269,0.0,0.0,0.0,0.01,0.31,0.01,290.0,29.0,1,1,2.0,150,690,10.0,643.0,708.0,16.0,32.0,,76.48551940917969,4,True,False,False,False,False,False,False,False,False,False,1.0,0.9978055191399408
1355,1368,0.06,0.24,1.24,0.14,0.25,0.22,2.17,0.98,0.18,0.0,0.0,0.0,408,0.0,269,0.0,0.0,0.0,0.01,0.31,0.01,290.0,29.0,1,1,2.0,150,690,10.0,638.210693359375,704.9287719726562,16.528392791748047,34.286617279052734,203.15,6.0,0,True,False,False,False,False,False,False,False,False,False,1.0,0.9884927196110885
1356,1369,0.06,0.24,1.24,0.14,0.25,0.22,2.17,0.98,0.18,0.0,0.0,0.0,408,0.0,269,0.0,0.0,0.0,0.01,0.31,0.01,290.0,29.0,1,1,2.0,150,690,10.0,639.3700561523438,704.9470825195312,16.5152530670166,34.47711944580078,213.15,9.0,0,True,False,False,False,False,False,False,False,False,False,1.0,0.9893786932518264
1357,1370,0.06,0.24,1.24,0.14,0.25,0.22,2.17,0.98,0.18,0.0,0.0,0.0,408,0.0,269,0.0,0.0,0.0,0.01,0.31,0.01,290.0,29.0,1,1,2.0,150,690,10.0,639.494873046875,705.5284423828125,16.24410629272461,34.49275207519531,233.15,19.0,0,True,False,False,False,False,False,False,False,False,False,1.0,0.9924757341463829
1358,1371,0.06,0.24,1.24,0.14,0.25,0.22,2.17,0.98,0.18,0.0,0.0,0.0,408,0.0,269,0.0,0.0,0.0,0.01,0.31,0.01,290.0,29.0,1,1,2.0,150,690,10.0,641.2196655273438,707.4220581054688,16.263050079345703,34.47258758544922,253.15,37.0,0,True,False,False,False,False,False,False,False,False,False,1.0,0.9950064697286055
1359,1372,0.06,0.24,1.24,0.14,0.25,0.22,2.17,0.98,0.18,0.0,0.0,0.0,408,0.0,269,0.0,0.0,0.0,0.01,0.31,0.01,290.0,29.0,1,1,2.0,150,690,10.0,641.6026000976562,706.68798828125,16.21392822265625,34.645774841308594,273.15,56.0,0,True,False,False,False,False,False,False,False,False,False,1.0,0.9959432937508952
1360,1373,0.06,0.24,1.24,0.14,0.25,0.22,2.17,0.98,0.18,0.0,0.0,0.0,408,0.0,269,0.0,0.0,0.0,0.01,0.31,0.01,290.0,29.0,1,1,2.0,150,690,10.0,641.6026000976562,706.68798828125,16.21392822265625,34.680397033691406,293.15,62.0,0,True,False,False,False,False,False,False,False,False,False,1.0,0.9960846874530925
1361,1374,0.06,0.24,1.24,0.14,0.25,0.22,2.17,0.98,0.18,0.0,0.0,0.0,408,0.0,269,0.0,0.0,0.0,0.01,0.31,0.01,290.0,29.0,1,1,2.0,150,690,10.0,641.6026000976562,706.68798828125,16.21392822265625,32.608055114746094,313.15,68.0,0,True,False,False,False,False,False,False,False,False,False,1.0,0.9972223288368548
1362,1375,0.06,0.24,1.24,0.14,0.25,0.22,2.17,0.98,0.18,0.0,0.0,0.0,408,0.0,269,0.0,0.0,0.0,0.01,0.31,0.01,290.0,29.0,1,1,2.0,150,690,10.0,643.195068359375,706.68798828125,16.21392822265625,31.398571014404297,333.15,68.0,0,True,False,False,False,False,False,False,False,False,False,1.0,0.9977647445400712
1363,1376,0.06,0.24,1.24,0.14,0.25,0.22,2.17,0.98,0.18,0.0,0.0,0.0,408,0.0,269,0.0,0.0,0.0,0.01,0.31,0.01,290.0,29.0,1,1,2.0,150,690,10.0,643.195068359375,706.68798828125,16.21392822265625,31.398571014404297,343.15,71.0,0,True,False,False,False,False,False,False,False,False,False,1.0,0.9977854475331952
1364,1377,0.06,0.37,0.82,0.02,0.01,0.09,2.5,0.99,0.01,0.51,0.0,0.0,694,50.0,160,130.0,0.0,0.0,50.0,50.0,9.0,537.222412109375,60.29869842529297,1,1,3.6,177,0,0.0,740.0,901.0,15.0,41.8,,119.6077880859375,4,False,False,False,False,False,False,False,False,False,True,1.0,0.9874971664322716
1365,1378,0.06,0.37,0.82,0.02,0.01,0.09,2.5,0.99,0.01,0.51,0.0,0.0,694,50.0,160,130.0,0.0,0.0,50.0,50.0,9.0,537.222412109375,60.29869842529297,1,1,3.6,177,482,4.5,776.0,909.0,16.8,43.0,,121.78346252441406,4,False,False,False,False,False,False,False,False,False,True,1.0,0.9941391849787372
1366,1379,0.06,0.37,0.82,0.02,0.01,0.09,2.5,0.99,0.01,0.51,0.0,0.0,694,50.0,160,130.0,0.0,0.0,50.0,50.0,9.0,537.222412109375,60.29869842529297,1,1,3.6,177,593,4.5,719.0,811.0,16.0,44.6,,122.51860809326172,4,False,False,False,False,False,False,False,False,False,True,1.0,0.9913638739713369
1367,1380,0.06,0.37,0.82,0.02,0.01,0.09,2.5,0.99,0.01,0.51,0.0,0.0,694,50.0,160,130.0,0.0,0.0,50.0,50.0,9.0,537.222412109375,60.29869842529297,1,1,3.6,177,704,4.5,457.0,569.0,25.8,67.0,,121.94693756103516,4,False,False,False,False,False,False,False,False,False,True,4.0,0.5346660434460546
1368,1381,0.13,0.17,0.73,0.0,0.01,0.06,2.3,1.0,0.02,0.08,0.0,0.0,0,9.71,0,140.0,0.0,10.0,4.47,50.0,20.0,450.0,26.0,1,1,2.8,225,690,14.0,437.0,585.0,23.0,64.88924407958984,,160.56683349609375,3,False,False,False,False,False,True,False,False,False,False,5.0,0.8042823341116828
1369,1382,0.11,0.27,0.65,0.0,0.01,0.02,2.47,1.12,0.01,0.17,0.0,0.0,0,4.91,0,60.0,0.0,30.0,9.88,30.0,9.67,277.5,27.0,1,1,1.85,175,690,14.0,431.0,570.0,28.0,67.83013153076172,,134.23492431640625,3,False,False,False,False,True,False,False,False,False,False,4.0,0.7113696664230327
1370,1383,0.07,0.53,0.58,0.02,0.01,0.0,2.6,1.1,0.0,0.0,0.0,0.0,430,0.0,0,0.0,0.0,0.0,0.0,0.0,0.0,150.0,37.5,1,1,1.0,300,690,3.0,593.0,698.0,17.0,67.0,,96.37667846679688,4,False,False,False,True,False,False,False,False,False,False,0.0,0.44085554973949276
1371,1384,0.05,0.45,0.73,0.02,0.02,0.0,2.8,1.1,0.0,0.0,0.0,0.0,460,0.0,0,0.0,0.0,0.0,0.0,0.0,0.0,150.0,37.5,1,1,1.0,300,690,3.0,591.0,705.0,17.0,70.0,,107.6592025756836,4,False,False,False,True,False,False,False,False,False,False,0.0,0.7463052887017376
1372,1385,0.05,0.43,0.76,0.02,0.02,0.0,2.8,1.1,0.0,0.0,0.0,0.0,410,0.0,0,0.0,0.0,0.0,0.0,0.0,0.0,150.0,37.5,1,1,1.0,300,690,3.0,614.0,713.0,18.0,67.0,,138.8160858154297,4,False,False,False,True,False,False,False,False,False,False,3.0,0.6635822194732869
1373,1386,0.07,0.13,0.94,0.02,0.03,0.0,2.9,1.4,0.0,0.0,0.0,0.0,550,0.0,0,0.0,0.0,0.0,0.0,0.0,0.0,150.0,37.5,1,1,1.0,300,690,3.0,546.0,658.0,18.0,65.0,,152.1407470703125,4,False,False,False,True,False,False,False,False,False,False,3.0,0.7803480443234512
1374,1387,0.06,0.2,0.55,0.03,0.03,0.0,1.8,1.2,0.0,0.0,0.0,0.0,730,0.0,0,0.0,0.0,0.0,0.0,0.0,0.0,150.0,37.5,1,1,1.0,300,690,3.0,464.0,578.0,23.0,71.0,,137.85736083984375,4,False,False,False,True,False,False,False,False,False,False,5.0,0.5791579641945018
1375,1388,0.12,0.39,0.88,0.02,0.03,0.0,2.5,1.4,0.0,0.0,0.0,0.0,470,0.0,0,0.0,0.0,0.0,0.0,0.0,0.0,150.0,37.5,1,1,1.0,300,690,3.0,646.0,737.0,18.0,63.0,,130.71282958984375,4,False,False,False,True,False,False,False,False,False,False,1.0,0.6860823356843763
1376,1389,0.05,0.3,0.84,0.02,0.01,0.0,2.1,1.3,0.0,0.0,0.0,0.0,690,0.0,0,0.0,0.0,0.0,0.0,0.0,0.0,150.0,37.5,1,1,1.0,300,690,3.0,536.0,652.0,20.0,73.0,,130.21005249023438,4,False,False,False,True,False,False,False,False,False,False,3.0,0.6923543450500725
1377,1390,0.08,0.35,0.8,0.02,0.02,0.0,2.3,1.5,0.0,0.0,0.0,0.0,550,0.0,0,0.0,0.0,0.0,0.0,0.0,0.0,150.0,37.5,1,1,1.0,300,690,3.0,546.0,648.0,18.0,17.0,,131.5213165283203,4,False,False,False,True,False,False,False,False,False,False,1.0,0.9802034189375892
1378,1391,0.06,0.39,0.77,0.03,0.02,0.0,2.4,1.4,0.0,0.0,0.0,0.0,560,0.0,0,0.0,0.0,0.0,0.0,0.0,0.0,150.0,37.5,1,1,1.0,300,690,3.0,581.0,693.0,20.0,69.0,,131.01539611816406,4,False,False,False,True,False,False,False,False,False,False,3.0,0.793408624312173
1379,1392,0.06,0.32,0.27,0.02,0.02,0.0,2.2,1.2,0.0,0.0,0.0,0.0,690,0.0,0,0.0,0.0,0.0,0.0,0.0,0.0,150.0,37.5,1,1,1.0,300,690,3.0,537.0,648.0,22.0,65.0,,135.45431518554688,4,False,False,False,True,False,False,False,False,False,False,3.0,0.7208838561284163
1380,1393,0.04,0.34,0.45,0.02,0.02,0.0,2.2,1.4,0.0,0.0,0.0,0.0,580,0.0,0,0.0,0.0,0.0,0.0,0.0,0.0,150.0,37.5,1,1,1.0,300,690,3.0,527.0,635.0,20.0,67.0,,135.58596801757812,4,False,False,False,True,False,False,False,False,False,False,3.0,0.7115378398069923
1381,1394,0.07,0.41,0.67,0.02,0.03,0.0,2.5,1.2,0.0,0.0,0.0,0.0,620,0.0,0,0.0,0.0,0.0,0.0,0.0,0.0,150.0,37.5,1,1,1.0,300,690,3.0,561.0,666.0,20.0,68.0,,131.22723388671875,4,False,False,False,True,False,False,False,False,False,False,3.0,0.788919530039786
1382,1395,0.1,0.44,0.8,0.02,0.02,0.0,2.5,1.2,0.0,0.0,0.0,0.0,520,0.0,0,0.0,0.0,0.0,0.0,0.0,0.0,150.0,37.5,1,1,1.0,300,690,3.0,576.0,678.0,17.0,70.0,,130.54788208007812,4,False,False,False,True,False,False,False,False,False,False,3.0,0.7789635475375644
1383,1396,0.04,0.04,0.45,0.01,0.02,0.0,2.3,0.0,0.0,0.0,0.0,0.0,1650,0.0,0,0.0,0.0,0.0,0.0,0.0,0.0,150.0,37.5,1,1,1.0,300,690,3.0,392.0,524.0,22.0,67.0,,151.7969512939453,4,False,False,False,True,False,False,False,False,False,False,5.0,0.6057926629695173
1384,1397,0.05,0.07,0.48,0.01,0.02,0.0,2.2,0.0,0.0,0.0,0.0,0.0,1440,0.0,0,0.0,0.0,0.0,0.0,0.0,0.0,150.0,37.5,1,1,1.0,300,690,3.0,473.0,578.0,21.0,71.0,,151.92002868652344,4,False,False,False,True,False,False,False,False,False,False,5.0,0.7354476377378514
1385,1398,0.05,0.18,0.63,0.02,0.02,0.0,2.0,0.0,0.0,0.0,0.0,0.0,750,0.0,0,0.0,0.0,0.0,0.0,0.0,0.0,150.0,37.5,1,1,1.0,300,690,3.0,543.0,649.0,20.0,71.0,,142.73318481445312,4,False,False,False,True,False,False,False,False,False,False,3.0,0.6703687284234454
1386,1399,0.05,0.39,0.78,0.02,0.02,0.0,2.2,1.1,0.0,0.0,0.0,0.0,680,0.0,0,0.0,0.0,0.0,0.0,0.0,0.0,150.0,37.5,1,1,1.0,300,690,3.0,546.0,661.0,20.0,69.0,,132.240966796875,4,False,False,False,True,False,False,False,False,False,False,3.0,0.7638968653764249
1387,1400,0.08,0.41,0.77,0.02,0.02,0.0,2.2,1.1,0.0,0.0,0.0,0.0,1150,0.0,0,0.0,0.0,0.0,0.0,0.0,0.0,150.0,37.5,1,1,1.0,300,690,3.0,562.0,669.0,20.0,70.0,,130.2828826904297,4,False,False,False,True,False,False,False,False,False,False,3.0,0.7827250650253555
1388,1401,0.04,0.45,0.8,0.01,0.02,0.0,2.4,1.0,0.0,0.0,0.0,0.0,1180,0.0,0,0.0,0.0,0.0,0.0,0.0,0.0,150.0,37.5,1,1,1.0,300,690,3.0,603.0,705.0,19.0,66.0,,96.97425079345705,4,False,False,False,True,False,False,False,False,False,False,0.0,0.4857451152984932
1389,1402,0.04,0.55,0.84,0.01,0.02,0.0,2.5,1.0,0.0,0.0,0.0,0.0,1070,0.0,0,0.0,0.0,0.0,0.0,0.0,0.0,150.0,37.5,1,1,1.0,300,690,3.0,619.0,727.0,20.0,66.0,,88.52872467041016,4,False,False,False,True,False,False,False,False,False,False,1.0,0.5041946501943935
1390,1403,0.06,0.61,0.93,0.01,0.02,0.0,2.5,1.1,0.0,0.0,0.0,0.0,1020,0.0,0,0.0,0.0,0.0,0.0,0.0,0.0,150.0,37.5,1,1,1.0,300,690,3.0,638.0,736.0,17.0,66.0,,90.05652618408203,4,False,False,False,True,False,False,False,False,False,False,1.0,0.7607517708304345
1391,1404,0.09,0.2,1.25,0.01,0.02,0.0,2.4,0.9,0.0,0.0,0.0,0.0,690,0.0,0,0.0,0.0,0.0,0.0,0.0,0.0,150.0,37.5,1,1,1.0,300,690,3.0,594.0,680.0,20.0,66.0,,137.81680297851562,4,False,False,False,True,False,False,False,False,False,False,3.0,0.7869128228288543
1392,1405,0.12,0.27,1.27,0.01,0.02,0.0,2.4,0.9,0.0,0.0,0.0,0.0,680,0.0,0,0.0,0.0,0.0,0.0,0.0,0.0,150.0,37.5,1,1,1.0,300,690,3.0,624.931396484375,708.1828002929688,19.80645751953125,63.55113983154297,,130.18975830078125,0,False,False,False,True,False,False,False,False,False,False,3.0,0.6082924643464801
1393,1406,0.09,0.39,1.18,0.01,0.02,0.0,2.4,1.0,0.0,0.0,0.0,0.0,570,0.0,0,0.0,0.0,0.0,0.0,0.0,0.0,150.0,37.5,1,1,1.0,300,690,3.0,634.580810546875,718.6312255859375,19.23919105529785,64.2659683227539,,130.45848083496094,0,False,False,False,True,False,False,False,False,False,False,3.0,0.5286644611465635
1394,1407,0.11,0.48,1.13,0.02,0.02,0.0,2.4,0.9,0.0,0.0,0.0,0.0,520,0.0,0,0.0,0.0,0.0,0.0,0.0,0.0,150.0,37.5,1,1,1.0,300,690,3.0,650.5741577148438,723.5987548828125,18.21365547180176,62.91728210449219,,95.5801010131836,0,False,False,False,True,False,False,False,False,False,False,1.0,0.6319215476676424
1395,1408,0.09,0.59,1.1,0.01,0.02,0.0,2.4,0.8,0.0,0.0,0.0,0.0,540,0.0,0,0.0,0.0,0.0,0.0,0.0,0.0,150.0,37.5,1,1,1.0,300,690,3.0,648.0,743.0,18.0,58.0,,97.25930786132812,4,False,False,False,True,False,False,False,False,False,False,1.0,0.7778527628258904
1396,1409,0.05,0.33,0.83,0.02,0.02,0.0,2.3,1.1,0.0,0.0,0.0,0.0,0,0.0,0,0.0,0.0,0.0,0.0,0.0,0.0,150.0,37.5,1,1,1.0,300,690,3.0,563.0341186523438,680.6316528320312,20.335378646850582,67.38428497314453,,126.9790267944336,0,False,False,False,True,False,False,False,False,False,False,3.0,0.7963722316538123
1397,1410,0.09,0.3,1.25,0.02,0.02,0.0,2.0,1.1,0.0,0.0,0.0,0.0,0,0.0,0,0.0,0.0,0.0,0.0,0.0,0.0,150.0,37.5,1,1,1.0,300,690,3.0,578.843017578125,661.6364135742188,20.538827896118164,65.81455993652344,,134.91549682617188,0,False,False,False,True,False,False,False,False,False,False,3.0,0.79232498964357
1398,1411,0.06,0.26,0.94,0.01,0.02,0.0,2.3,1.2,0.0,0.0,0.0,0.0,0,0.0,0,0.0,0.0,0.0,0.0,0.0,0.0,150.0,37.5,1,1,1.0,300,690,3.0,553.713623046875,667.562255859375,21.310476303100582,68.10044860839844,,133.63963317871094,0,False,False,False,True,False,False,False,False,False,False,3.0,0.7584015756957647
1399,1412,0.05,0.34,0.96,0.02,0.02,0.0,2.4,1.1,0.0,0.0,0.0,0.0,0,0.0,0,0.0,0.0,0.0,0.0,0.0,0.0,150.0,37.5,1,1,1.0,300,690,3.0,590.709716796875,698.502197265625,20.32172203063965,66.42118835449219,,125.75909423828124,0,False,False,False,True,False,False,False,False,False,False,3.0,0.7585358841793557
1400,1413,0.05,0.27,0.94,0.01,0.02,0.0,2.3,1.3,0.0,0.0,0.0,0.0,0,0.0,0,0.0,0.0,0.0,0.0,0.0,0.0,150.0,37.5,1,1,1.0,300,690,3.0,556.556640625,666.7581176757812,21.326515197753903,68.52118682861328,,128.83868408203125,0,False,False,False,True,False,False,False,False,False,False,3.0,0.7709719609839082
1401,1414,0.05,0.3,1.0,0.01,0.02,0.0,2.2,1.1,0.0,0.0,0.0,0.0,0,0.0,0,0.0,0.0,0.0,0.0,0.0,0.0,150.0,37.5,1,1,1.0,300,690,3.0,562.9459838867188,667.7801513671875,21.36640739440918,68.26924133300781,,130.92828369140625,0,False,False,False,True,False,False,False,False,False,False,3.0,0.7735394808410377
1402,1415,0.08,0.25,0.8,0.01,0.01,0.03,2.3,1.05,0.01,0.02,0.0,0.0,0,0.0,0,0.0,0.0,0.0,0.0,0.0,0.0,525.0,30.0,1,1,1.75,210,700,20.0,507.0,613.0,23.63604736328125,65.02400207519531,,160.989990234375,2,False,False,False,False,False,False,True,False,False,False,5.0,0.6488379619603349
1403,1416,0.08,0.25,0.8,0.01,0.01,0.03,2.3,1.05,0.01,0.02,0.0,0.0,0,0.0,0,0.0,0.0,0.0,0.0,0.0,0.0,525.0,30.0,1,1,1.75,210,700,20.0,511.8728332519531,614.5130615234375,23.57745933532715,64.21477508544922,293.15,231.0,0,False,False,False,False,False,False,True,False,False,False,5.0,0.8323628070738848
1404,1417,0.08,0.25,0.8,0.01,0.01,0.03,2.3,1.05,0.01,0.02,0.0,0.0,0,0.0,0,0.0,0.0,0.0,0.0,0.0,0.0,525.0,30.0,1,1,1.75,210,700,20.0,511.8728332519531,614.5130615234375,23.727487564086918,65.34906005859375,263.15,197.0,0,False,False,False,False,False,False,True,False,False,False,5.0,0.7956263904379131
1405,1418,0.08,0.25,0.8,0.01,0.01,0.03,2.3,1.05,0.01,0.02,0.0,0.0,0,0.0,0,0.0,0.0,0.0,0.0,0.0,0.0,525.0,30.0,1,1,1.75,210,700,20.0,510.85931396484375,614.4390869140625,23.80885505676269,65.35648345947266,243.15,170.0,0,False,False,False,False,False,False,True,False,False,False,5.0,0.7002848200076494
1406,1419,0.08,0.25,0.8,0.01,0.01,0.03,2.3,1.05,0.01,0.02,0.0,0.0,0,0.0,0,0.0,0.0,0.0,0.0,0.0,0.0,525.0,30.0,1,1,1.75,210,700,20.0,527.0,627.0,23.63604736328125,65.02400207519531,,160.989990234375,2,False,False,False,False,False,False,True,False,False,False,5.0,0.5560694363707627
1407,1420,0.08,0.25,0.8,0.01,0.01,0.03,2.3,1.05,0.01,0.02,0.0,0.0,0,0.0,0,0.0,0.0,0.0,0.0,0.0,0.0,525.0,30.0,1,1,1.75,210,700,20.0,511.8728332519531,614.5130615234375,23.57745933532715,64.21477508544922,293.15,224.0,0,False,False,False,False,False,False,True,False,False,False,5.0,0.8236913980935088
1408,1421,0.08,0.25,0.8,0.01,0.01,0.03,2.3,1.05,0.01,0.02,0.0,0.0,0,0.0,0,0.0,0.0,0.0,0.0,0.0,0.0,525.0,30.0,1,1,1.75,210,700,20.0,511.8728332519531,614.5130615234375,23.727487564086918,65.34906005859375,263.15,203.0,0,False,False,False,False,False,False,True,False,False,False,5.0,0.8105898598071941
1409,1422,0.08,0.25,0.8,0.01,0.01,0.03,2.3,1.05,0.01,0.02,0.0,0.0,0,0.0,0,0.0,0.0,0.0,0.0,0.0,0.0,525.0,30.0,1,1,1.75,210,700,20.0,510.85931396484375,614.4390869140625,23.80885505676269,65.35648345947266,243.15,171.0,0,False,False,False,False,False,False,True,False,False,False,5.0,0.7052581617065288
1410,1423,0.08,0.25,0.8,0.01,0.01,0.03,2.3,1.05,0.01,0.02,0.0,0.0,0,0.0,0,0.0,0.0,0.0,0.0,0.0,0.0,525.0,30.0,1,1,1.75,210,700,20.0,515.0,616.0,23.63604736328125,65.02400207519531,,160.989990234375,2,False,False,False,False,False,False,True,False,False,False,5.0,0.6199810930010304
1411,1424,0.08,0.25,0.8,0.01,0.01,0.03,2.3,1.05,0.01,0.02,0.0,0.0,0,0.0,0,0.0,0.0,0.0,0.0,0.0,0.0,525.0,30.0,1,1,1.75,210,700,20.0,511.8728332519531,614.5130615234375,23.57745933532715,64.21477508544922,293.15,227.0,0,False,False,False,False,False,False,True,False,False,False,5.0,0.8276536214432056
1412,1425,0.08,0.25,0.8,0.01,0.01,0.03,2.3,1.05,0.01,0.02,0.0,0.0,0,0.0,0,0.0,0.0,0.0,0.0,0.0,0.0,525.0,30.0,1,1,1.75,210,700,20.0,511.8728332519531,614.5130615234375,23.727487564086918,65.34906005859375,263.15,175.0,0,False,False,False,False,False,False,True,False,False,False,5.0,0.7176978477819895
1413,1426,0.08,0.25,0.8,0.01,0.01,0.03,2.3,1.05,0.01,0.02,0.0,0.0,0,0.0,0,0.0,0.0,0.0,0.0,0.0,0.0,525.0,30.0,1,1,1.75,210,700,20.0,510.85931396484375,614.4390869140625,23.80885505676269,65.35648345947266,243.15,152.0,0,False,False,False,False,False,False,True,False,False,False,5.0,0.5913753876661912
1414,1427,0.08,0.25,0.8,0.01,0.01,0.03,2.3,1.05,0.01,0.02,0.0,0.0,0,0.0,0,0.0,0.0,0.0,0.0,0.0,0.0,525.0,30.0,1,1,1.75,210,700,20.0,509.0,610.0,23.63604736328125,65.02400207519531,,160.989990234375,2,False,False,False,False,False,False,True,False,False,False,5.0,0.6518508837565906
1415,1428,0.08,0.25,0.8,0.01,0.01,0.03,2.3,1.05,0.01,0.02,0.0,0.0,0,0.0,0,0.0,0.0,0.0,0.0,0.0,0.0,525.0,30.0,1,1,1.75,210,700,20.0,511.8728332519531,614.5130615234375,23.57745933532715,64.21477508544922,293.15,221.0,0,False,False,False,False,False,False,True,False,False,False,5.0,0.8193412745401564
1416,1429,0.08,0.25,0.8,0.01,0.01,0.03,2.3,1.05,0.01,0.02,0.0,0.0,0,0.0,0,0.0,0.0,0.0,0.0,0.0,0.0,525.0,30.0,1,1,1.75,210,700,20.0,511.8728332519531,614.5130615234375,23.54817771911621,61.83560562133789,461.15,141.0,0,False,False,False,False,False,False,True,False,False,False,3.0,0.5607498064511518
1417,1430,0.08,0.25,0.8,0.01,0.01,0.03,2.3,1.05,0.01,0.02,0.0,0.0,0,0.0,0,0.0,0.0,0.0,0.0,0.0,0.0,525.0,30.0,1,1,1.75,210,700,20.0,510.85931396484375,614.4390869140625,23.80885505676269,65.35648345947266,243.15,141.0,0,False,False,False,False,False,False,True,False,False,False,5.0,0.5081580963363899
1418,1431,0.08,0.25,0.8,0.01,0.01,0.03,2.3,1.05,0.01,0.02,0.0,0.0,0,0.0,0,0.0,0.0,0.0,0.0,0.0,0.0,525.0,30.0,1,1,1.75,210,700,20.0,504.0,612.0,23.63604736328125,65.02400207519531,,160.989990234375,2,False,False,False,False,False,False,True,False,False,False,5.0,0.6590142000753939
1419,1432,0.08,0.25,0.8,0.01,0.01,0.03,2.3,1.05,0.01,0.02,0.0,0.0,0,0.0,0,0.0,0.0,0.0,0.0,0.0,0.0,525.0,30.0,1,1,1.75,210,700,20.0,511.8728332519531,614.5130615234375,23.57745933532715,64.21477508544922,293.15,233.0,0,False,False,False,False,False,False,True,False,False,False,5.0,0.8344819095636504
1420,1433,0.08,0.25,0.8,0.01,0.01,0.03,2.3,1.05,0.01,0.02,0.0,0.0,0,0.0,0,0.0,0.0,0.0,0.0,0.0,0.0,525.0,30.0,1,1,1.75,210,700,20.0,511.8728332519531,614.5130615234375,23.727487564086918,65.34906005859375,263.15,199.0,0,False,False,False,False,False,False,True,False,False,False,5.0,0.8008672786170157
1421,1434,0.08,0.25,0.8,0.01,0.01,0.03,2.3,1.05,0.01,0.02,0.0,0.0,0,0.0,0,0.0,0.0,0.0,0.0,0.0,0.0,525.0,30.0,1,1,1.75,210,700,20.0,510.85931396484375,614.4390869140625,23.80885505676269,65.35648345947266,243.15,170.0,0,False,False,False,False,False,False,True,False,False,False,5.0,0.7002848200076494
1422,1435,0.03,0.55,0.88,0.01,0.01,0.0,2.06,1.08,0.0,0.0,0.0,0.0,0,0.0,0,0.0,0.0,0.0,0.0,0.0,0.0,545.0,32.0,1,1,3.7,200,720,3.5,315.0,500.0,25.615087509155277,68.6532974243164,,105.66686248779295,2,False,False,False,False,False,False,True,False,False,False,0.0,0.7660546661102546
1423,1436,0.03,0.55,0.88,0.01,0.01,0.0,2.06,1.08,0.0,0.0,0.0,0.0,0,0.0,0,0.0,0.0,0.0,0.0,0.0,0.0,545.0,32.0,1,1,3.7,200,720,3.5,350.0,530.0,25.615087509155277,68.6532974243164,,105.66686248779295,2,False,False,False,False,False,False,True,False,False,False,0.0,0.7994324617550176
1424,1437,0.1,0.35,0.9,0.01,0.02,0.0,0.0,0.0,0.0,0.0,0.0,0.0,269,0.0,54,170.0,0.0,0.0,0.0,0.0,0.0,450.0,30.0,1,1,2.025,250,200,1.0,408.0,501.0,32.6,77.0,,140.17648315429688,4,False,False,False,False,False,False,True,False,False,False,4.0,0.933889967578766
1425,1438,0.1,0.35,0.9,0.01,0.02,0.0,0.0,0.0,0.0,0.0,0.0,0.0,269,0.0,54,170.0,0.0,0.0,0.0,0.0,0.0,450.0,30.0,1,1,2.025,250,200,1.0,394.0,496.0,34.2,78.0,,140.17648315429688,4,False,False,False,False,False,False,True,False,False,False,4.0,0.9453994857052425
1426,1439,0.09,0.32,0.86,0.01,0.02,0.0,0.0,0.0,0.0,0.0,0.0,0.0,236,0.0,54,180.0,0.0,0.0,0.0,0.0,0.0,550.0,30.0,1,1,2.475,250,200,1.0,390.0,486.0,33.0,76.0,,136.77330017089844,4,False,False,False,False,False,False,True,False,False,False,4.0,0.9532299904088787
1427,1440,0.09,0.32,0.86,0.01,0.02,0.0,0.0,0.0,0.0,0.0,0.0,0.0,236,0.0,54,180.0,0.0,0.0,0.0,0.0,0.0,550.0,30.0,1,1,2.475,250,200,1.0,388.0,482.0,31.8,75.0,,136.77330017089844,4,False,False,False,False,False,False,True,False,False,False,4.0,0.9493726113858731
1428,1441,0.1,0.3,0.8,0.01,0.01,0.0,0.0,0.0,0.0,0.0,0.0,0.0,265,0.0,47,170.0,0.0,0.0,0.0,0.0,0.0,650.0,30.0,1,1,2.925,250,200,1.0,370.0,481.0,33.6,76.0,,137.4730682373047,4,False,False,False,False,False,False,True,False,False,False,4.0,0.9563661947749189
1429,1442,0.1,0.3,0.8,0.01,0.01,0.0,0.0,0.0,0.0,0.0,0.0,0.0,265,0.0,47,170.0,0.0,0.0,0.0,0.0,0.0,650.0,30.0,1,1,2.925,250,200,1.0,379.0,490.0,32.2,77.0,,137.4730682373047,4,False,False,False,False,False,False,True,False,False,False,4.0,0.9509579121051781
1430,1443,0.1,0.28,0.82,0.01,0.01,0.0,0.0,0.0,0.0,0.0,0.0,0.0,258,0.0,45,200.0,0.0,0.0,0.0,0.0,0.0,900.0,33.0,1,1,4.8,100,200,1.0,337.0,477.0,32.6,71.0,,115.2859878540039,4,False,False,False,False,False,False,True,False,False,False,4.0,0.6733057141576092
1431,1444,0.1,0.28,0.82,0.01,0.01,0.0,0.0,0.0,0.0,0.0,0.0,0.0,258,0.0,45,200.0,0.0,0.0,0.0,0.0,0.0,900.0,33.0,1,1,4.8,100,200,1.0,356.0,483.0,32.3,72.0,,115.2859878540039,4,False,False,False,False,False,False,True,False,False,False,4.0,0.7102494974883067
1432,1445,0.09,0.35,1.38,0.0,0.02,0.0,0.0,0.0,0.0,0.0,0.0,0.0,268,0.0,109,200.0,0.0,0.0,0.0,0.0,0.0,450.0,30.0,1,1,2.025,250,200,1.0,456.0,563.0,30.2,75.0,,136.16392517089844,4,False,False,False,False,False,False,True,False,False,False,4.0,0.8390577938083981
1433,1446,0.09,0.35,1.38,0.0,0.02,0.0,0.0,0.0,0.0,0.0,0.0,0.0,268,0.0,109,200.0,0.0,0.0,0.0,0.0,0.0,450.0,30.0,1,1,2.025,250,200,1.0,458.0,567.0,29.6,74.0,,136.16392517089844,4,False,False,False,False,False,False,True,False,False,False,4.0,0.8014938895256003
1434,1447,0.09,0.32,1.36,0.0,0.02,0.0,0.0,0.0,0.0,0.0,0.0,0.0,237,0.0,85,180.0,0.0,0.0,0.0,0.0,0.0,550.0,30.0,1,1,2.475,250,200,1.0,428.0,539.0,28.0,75.0,,130.62904357910156,4,False,False,False,False,False,False,True,False,False,False,4.0,0.890937417604491
1435,1448,0.09,0.32,1.36,0.0,0.02,0.0,0.0,0.0,0.0,0.0,0.0,0.0,237,0.0,85,180.0,0.0,0.0,0.0,0.0,0.0,550.0,30.0,1,1,2.475,250,200,1.0,436.0,544.0,29.4,75.0,,130.62904357910156,4,False,False,False,False,False,False,True,False,False,False,4.0,0.901360670454072
1436,1449,0.09,0.31,1.33,0.0,0.02,0.0,0.0,0.0,0.0,0.0,0.0,0.0,252,0.0,84,170.0,0.0,0.0,0.0,0.0,0.0,650.0,30.0,1,1,2.925,250,200,1.0,439.0,543.0,28.8,75.0,,132.95738220214844,4,False,False,False,False,False,False,True,False,False,False,4.0,0.8770659272607552
1437,1450,0.09,0.31,1.33,0.0,0.02,0.0,0.0,0.0,0.0,0.0,0.0,0.0,252,0.0,84,170.0,0.0,0.0,0.0,0.0,0.0,650.0,30.0,1,1,2.925,250,200,1.0,430.0,541.0,31.4,73.0,,132.95738220214844,4,False,False,False,False,False,False,True,False,False,False,4.0,0.9138689634536972
1438,1451,0.09,0.33,1.19,0.01,0.02,0.0,0.0,0.0,0.0,0.0,0.0,0.0,234,0.0,78,200.0,0.0,0.0,0.0,0.0,0.0,900.0,33.0,1,1,4.8,100,200,1.0,402.0711059570313,539.0,27.1,67.0,,107.94791412353516,3,False,False,False,False,False,False,True,False,False,False,0.0,0.8126519476205359
1439,1452,0.09,0.33,1.19,0.01,0.02,0.0,0.0,0.0,0.0,0.0,0.0,0.0,234,0.0,78,200.0,0.0,0.0,0.0,0.0,0.0,900.0,33.0,1,1,4.8,100,200,1.0,413.0,540.0,28.6,69.0,,107.94791412353516,4,False,False,False,False,False,False,True,False,False,False,0.0,0.7745761140879781
1440,1453,0.08,0.47,1.31,0.01,0.02,0.0,0.0,0.0,0.0,0.0,0.0,0.0,465,0.0,49,190.0,0.0,0.0,0.0,0.0,0.0,450.0,30.0,1,1,2.025,250,200,1.0,405.0,497.0,31.6,76.0,,96.10691833496094,4,False,False,False,False,False,False,True,False,False,False,0.0,0.6864651186040579
1441,1454,0.08,0.47,1.31,0.01,0.02,0.0,0.0,0.0,0.0,0.0,0.0,0.0,465,0.0,49,190.0,0.0,0.0,0.0,0.0,0.0,450.0,30.0,1,1,2.025,250,200,1.0,404.0,503.0,32.0,77.0,,96.10691833496094,4,False,False,False,False,False,False,True,False,False,False,0.0,0.699288738919887
1442,1455,0.08,0.44,1.24,0.01,0.02,0.0,0.0,0.0,0.0,0.0,0.0,0.0,479,0.0,61,220.0,0.0,0.0,0.0,0.0,0.0,550.0,30.0,1,1,2.475,250,200,1.0,383.0,487.0,32.4,77.0,,127.59383392333984,4,False,False,False,False,False,False,True,False,False,False,4.0,0.9714024418766334
1443,1456,0.08,0.44,1.24,0.01,0.02,0.0,0.0,0.0,0.0,0.0,0.0,0.0,479,0.0,61,220.0,0.0,0.0,0.0,0.0,0.0,550.0,30.0,1,1,2.475,250,200,1.0,394.0,490.0,31.6,75.0,,127.59383392333984,4,False,False,False,False,False,False,True,False,False,False,4.0,0.9661196898423796
1444,1457,0.08,0.36,1.02,0.01,0.01,0.0,0.0,0.0,0.0,0.0,0.0,0.0,513,0.0,51,230.0,0.0,0.0,0.0,0.0,0.0,650.0,30.0,1,1,2.925,250,200,1.0,386.0,483.0,30.8,74.0,,136.19570922851562,4,False,False,False,False,False,False,True,False,False,False,4.0,0.9457384518323841
1445,1458,0.08,0.36,1.02,0.01,0.01,0.0,0.0,0.0,0.0,0.0,0.0,0.0,513,0.0,51,230.0,0.0,0.0,0.0,0.0,0.0,650.0,30.0,1,1,2.925,250,200,1.0,378.0,477.0,31.0,75.0,,136.19570922851562,4,False,False,False,False,False,False,True,False,False,False,4.0,0.9512839883532792
1446,1459,0.08,0.44,1.61,0.01,0.02,0.0,0.0,0.0,0.0,0.0,0.0,0.0,434,0.0,105,180.0,0.0,0.0,0.0,0.0,0.0,450.0,30.0,1,1,2.025,250,200,1.0,456.0,567.0,27.6,73.0,,124.57412719726562,4,False,False,False,False,False,False,True,False,False,False,4.0,0.8110761878317296
1447,1460,0.08,0.44,1.61,0.01,0.02,0.0,0.0,0.0,0.0,0.0,0.0,0.0,434,0.0,105,180.0,0.0,0.0,0.0,0.0,0.0,450.0,30.0,1,1,2.025,250,200,1.0,455.0,563.0,29.4,73.0,,124.57412719726562,4,False,False,False,False,False,False,True,False,False,False,4.0,0.8712357962103486
1448,1461,0.07,0.4,1.55,0.01,0.02,0.0,0.0,0.0,0.0,0.0,0.0,0.0,423,0.0,81,200.0,0.0,0.0,0.0,0.0,0.0,550.0,30.0,1,1,2.475,250,200,1.0,439.0,549.0,28.8,71.0,,123.25292205810548,4,False,False,False,False,False,False,True,False,False,False,4.0,0.8764772535551784
1449,1462,0.07,0.4,1.55,0.01,0.02,0.0,0.0,0.0,0.0,0.0,0.0,0.0,423,0.0,81,200.0,0.0,0.0,0.0,0.0,0.0,550.0,30.0,1,1,2.475,250,200,1.0,442.0,547.0,28.2,73.0,,123.25292205810548,4,False,False,False,False,False,False,True,False,False,False,4.0,0.882605654337053
1450,1463,0.03,0.55,1.08,0.01,0.01,0.0,0.0,0.0,0.0,0.0,0.0,0.0,342,0.0,72,20.0,0.0,0.0,0.0,0.0,0.0,190.0,23.0,1,1,1.0925,250,200,1.0,437.0,509.0,31.4,80.0,,100.00762176513672,4,False,False,False,True,False,False,False,False,False,False,0.0,0.7747395884202716
1451,1464,0.06,0.53,1.01,0.01,0.01,0.0,0.0,0.0,0.0,0.0,0.0,0.0,307,0.0,79,10.0,0.0,0.0,0.0,0.0,0.0,190.0,23.0,1,1,1.0925,250,200,1.0,449.0,525.0,30.6,78.0,,109.90775299072266,4,False,False,False,True,False,False,False,False,False,False,0.0,0.5481971464381548
1452,1465,0.08,0.58,1.15,0.01,0.01,0.0,0.0,0.0,0.0,0.0,0.0,0.0,310,0.0,52,10.0,0.0,0.0,0.0,0.0,0.0,190.0,23.0,1,1,1.0925,250,200,1.0,492.0,573.0,27.6,75.0,,107.27531433105467,4,False,False,False,True,False,False,False,False,False,False,0.0,0.8441441200207284
1453,1466,0.1,0.55,1.02,0.01,0.01,0.0,0.0,0.0,0.0,0.0,0.0,0.0,262,0.0,62,10.0,0.0,0.0,0.0,0.0,0.0,190.0,23.0,1,1,1.0925,250,200,1.0,507.0,575.0,27.6,73.0,,108.75174713134766,4,False,False,False,True,False,False,False,False,False,False,0.0,0.8528460370750351
1454,1467,0.07,0.39,1.55,0.01,0.02,0.0,0.0,0.0,0.0,0.0,0.0,0.0,463,0.0,72,220.0,0.0,0.0,0.0,0.0,0.0,650.0,30.0,1,1,2.925,250,200,1.0,435.0,546.0,27.0,73.0,,126.37921142578124,4,False,False,False,False,False,False,True,False,False,False,4.0,0.8578796416430603
1455,1468,0.07,0.39,1.55,0.01,0.02,0.0,0.0,0.0,0.0,0.0,0.0,0.0,463,0.0,72,220.0,0.0,0.0,0.0,0.0,0.0,650.0,30.0,1,1,2.925,250,200,1.0,441.0,553.0,28.4,72.0,,126.37921142578124,4,False,False,False,False,False,False,True,False,False,False,4.0,0.8635429468551973
1456,1469,0.07,0.9,1.2,0.02,0.02,0.0,0.0,0.0,0.0,0.0,0.0,0.0,789,0.0,27,270.0,0.0,0.0,0.0,0.0,0.0,450.0,30.0,1,1,2.025,250,200,1.0,473.0,582.0,26.8,70.0,,94.7929916381836,4,False,False,False,False,False,False,True,False,False,False,0.0,0.7608640377199861
1457,1470,0.07,0.9,1.2,0.02,0.02,0.0,0.0,0.0,0.0,0.0,0.0,0.0,789,0.0,27,270.0,0.0,0.0,0.0,0.0,0.0,450.0,30.0,1,1,2.025,250,200,1.0,490.0,581.0,28.0,70.0,,94.7929916381836,4,False,False,False,False,False,False,True,False,False,False,0.0,0.7579998313202736
1458,1471,0.07,0.8,1.12,0.02,0.02,0.0,0.0,0.0,0.0,0.0,0.0,0.0,774,0.0,26,330.0,0.0,0.0,0.0,0.0,0.0,550.0,30.0,1,1,2.475,250,200,1.0,469.0,561.0,29.0,69.0,,95.03675079345705,4,False,False,False,False,False,False,True,False,False,False,0.0,0.6954321033666377
1459,1472,0.07,0.8,1.12,0.02,0.02,0.0,0.0,0.0,0.0,0.0,0.0,0.0,774,0.0,26,330.0,0.0,0.0,0.0,0.0,0.0,550.0,30.0,1,1,2.475,250,200,1.0,455.0,558.0,28.2,69.0,,95.03675079345705,4,False,False,False,False,False,False,True,False,False,False,0.0,0.6894822565882964
1460,1473,0.06,0.68,1.0,0.02,0.02,0.0,0.0,0.0,0.0,0.0,0.0,0.0,821,0.0,27,400.0,0.0,0.0,0.0,0.0,0.0,650.0,30.0,1,1,2.925,250,200,1.0,449.0,540.0,26.8,66.0,,96.67562103271484,4,False,False,False,False,False,False,True,False,False,False,0.0,0.7734755390012945
1461,1474,0.06,0.68,1.0,0.02,0.02,0.0,0.0,0.0,0.0,0.0,0.0,0.0,821,0.0,27,400.0,0.0,0.0,0.0,0.0,0.0,650.0,30.0,1,1,2.925,250,200,1.0,453.0,543.0,26.8,65.0,,96.67562103271484,4,False,False,False,False,False,False,True,False,False,False,0.0,0.783080879998814
1462,1475,0.07,1.14,1.45,0.02,0.03,0.0,0.0,0.0,0.0,0.0,0.0,0.0,699,0.0,37,230.0,0.0,0.0,0.0,0.0,0.0,450.0,30.0,1,1,2.025,250,200,1.0,530.0,636.0,26.6,64.0,,94.4598159790039,4,False,False,False,False,False,False,True,False,False,False,0.0,0.6245690647797362
1463,1476,0.07,1.14,1.45,0.02,0.03,0.0,0.0,0.0,0.0,0.0,0.0,0.0,699,0.0,37,230.0,0.0,0.0,0.0,0.0,0.0,450.0,30.0,1,1,2.025,250,200,1.0,530.0,633.0,26.6,65.0,,94.4598159790039,4,False,False,False,False,False,False,True,False,False,False,0.0,0.6565317524863382
1464,1477,0.06,0.95,1.33,0.01,0.02,0.0,0.0,0.0,0.0,0.0,0.0,0.0,765,0.0,42,280.0,0.0,0.0,0.0,0.0,0.0,550.0,30.0,1,1,2.475,250,200,1.0,516.0,613.0,23.6,63.0,,98.15174102783205,4,False,False,False,False,False,False,True,False,False,False,0.0,0.8013571901382361
1465,1478,0.06,0.95,1.33,0.01,0.02,0.0,0.0,0.0,0.0,0.0,0.0,0.0,765,0.0,42,280.0,0.0,0.0,0.0,0.0,0.0,550.0,30.0,1,1,2.475,250,200,1.0,516.0,619.0,26.0,62.0,,98.15174102783205,4,False,False,False,False,False,False,True,False,False,False,0.0,0.8198952281152421
1466,1479,0.07,0.76,1.14,0.02,0.02,0.0,0.0,0.0,0.0,0.0,0.0,0.0,711,0.0,46,350.0,0.0,0.0,0.0,0.0,0.0,650.0,30.0,1,1,2.925,250,200,1.0,481.0,577.0,27.8,65.0,,94.9902114868164,4,False,False,False,False,False,False,True,False,False,False,0.0,0.7453613220927059
1467,1480,0.07,0.76,1.14,0.02,0.02,0.0,0.0,0.0,0.0,0.0,0.0,0.0,711,0.0,46,350.0,0.0,0.0,0.0,0.0,0.0,650.0,30.0,1,1,2.925,250,200,1.0,479.0,581.0,26.2,65.0,,94.9902114868164,4,False,False,False,False,False,False,True,False,False,False,0.0,0.7578723993446858
1468,1481,0.07,1.08,1.71,0.02,0.03,0.0,0.0,0.0,0.0,0.0,0.0,0.0,609,0.0,65,320.0,0.0,0.0,0.0,0.0,0.0,450.0,30.0,1,1,2.025,250,200,1.0,592.0,690.0,23.4,51.0,,96.21358489990234,4,False,False,False,False,False,False,True,False,False,False,3.0,0.3964498242163818
1469,1482,0.07,1.08,1.71,0.02,0.03,0.0,0.0,0.0,0.0,0.0,0.0,0.0,609,0.0,65,320.0,0.0,0.0,0.0,0.0,0.0,450.0,30.0,1,1,2.025,250,200,1.0,584.0,686.0,21.0,47.0,,96.21358489990234,4,False,False,False,False,False,False,True,False,False,False,1.0,0.6409549046999062
1470,1483,0.07,0.84,1.53,0.01,0.02,0.0,0.0,0.0,0.0,0.0,0.0,0.0,720,0.0,72,310.0,0.0,0.0,0.0,0.0,0.0,550.0,30.0,1,1,2.475,250,200,1.0,560.0,652.0,25.0,56.0,,95.77225494384766,4,False,False,False,False,False,False,True,False,False,False,3.0,0.4926261052745891
1471,1484,0.07,0.84,1.53,0.01,0.02,0.0,0.0,0.0,0.0,0.0,0.0,0.0,720,0.0,72,310.0,0.0,0.0,0.0,0.0,0.0,550.0,30.0,1,1,2.475,250,200,1.0,577.0,651.0,22.8,54.0,,95.77225494384766,4,False,False,False,False,False,False,True,False,False,False,3.0,0.5017028606191198
1472,1485,0.08,0.64,1.43,0.01,0.02,0.0,0.0,0.0,0.0,0.0,0.0,0.0,646,0.0,75,330.0,0.0,0.0,0.0,0.0,0.0,650.0,30.0,1,1,2.925,250,200,1.0,516.0,613.0,25.4,59.0,,95.0627670288086,4,False,False,False,False,False,False,True,False,False,False,0.0,0.5579637125866949
1473,1486,0.08,0.64,1.43,0.01,0.02,0.0,0.0,0.0,0.0,0.0,0.0,0.0,646,0.0,75,330.0,0.0,0.0,0.0,0.0,0.0,650.0,30.0,1,1,2.925,250,200,1.0,520.0,617.0,24.0,58.0,,95.0627670288086,4,False,False,False,False,False,False,True,False,False,False,0.0,0.474845297399555
1474,1487,0.07,0.34,0.64,0.01,0.01,0.0,0.0,0.0,0.0,0.0,0.0,0.0,450,7.0,63,4.83,4.57,4.86,0.0,0.0,0.0,170.2316436767578,21.607946395874023,1,1,1.0,200,250,14.0,404.0,494.0,32.4,76.0,,116.01598358154295,4,False,False,False,True,False,False,False,False,False,False,4.0,0.8268022625439545
1475,1488,0.07,0.34,0.64,0.01,0.01,0.0,0.0,0.0,0.0,0.0,0.0,0.0,450,7.0,63,5.0,2.2,2.69,0.0,0.0,0.0,170.2316436767578,21.607946395874023,1,1,1.0,200,250,14.0,387.9704284667969,469.0771789550781,32.81232452392578,78.10652160644531,227.15,100.0,0,False,False,False,True,False,False,False,False,False,False,0.0,0.8383196227058317
1476,1489,0.07,0.34,0.64,0.01,0.01,0.0,0.0,0.0,0.0,0.0,0.0,0.0,450,7.0,63,4.7,4.99,4.68,0.0,0.0,0.0,170.2316436767578,21.607946395874023,1,1,1.0,200,250,14.0,373.51605224609375,466.1526489257813,32.23551559448242,78.03691864013672,203.15,28.0,0,False,False,False,True,False,False,False,False,False,False,2.0,0.9998131262108793
1477,1490,0.06,0.3,0.63,0.01,0.01,0.92,0.0,0.0,0.0,0.0,0.0,0.0,473,5.0,70,4.67,2.58,4.71,0.0,0.0,0.0,170.2316436767578,21.607946395874023,1,1,1.0,200,250,14.0,423.0,501.0,31.8,77.0,,119.3065414428711,4,False,False,False,True,False,False,False,False,False,False,4.0,0.9425949315945181
1478,1491,0.06,0.3,0.63,0.01,0.01,0.92,0.0,0.0,0.0,0.0,0.0,0.0,473,5.0,70,4.79,4.98,4.6,0.0,0.0,0.0,170.2316436767578,21.607946395874023,1,1,1.0,200,250,14.0,383.3866882324219,475.6030578613281,30.697927474975582,75.99483489990234,210.15,100.0,0,False,False,False,True,False,False,False,False,False,False,0.0,0.789413322374887
1479,1492,0.06,0.3,0.63,0.01,0.01,0.92,0.0,0.0,0.0,0.0,0.0,0.0,473,5.0,70,4.91,4.92,4.69,0.0,0.0,0.0,170.2316436767578,21.607946395874023,1,1,1.0,200,250,14.0,387.0729675292969,477.0730590820313,30.778047561645508,75.98905181884766,185.15,28.0,0,False,False,False,True,False,False,False,False,False,False,2.0,0.9997130565191497
1480,1493,0.06,0.26,0.61,0.01,0.01,2.14,0.0,0.0,0.0,0.0,0.0,0.0,488,5.0,86,4.52,2.87,4.78,0.0,0.0,0.0,170.2316436767578,21.607946395874023,1,1,1.0,200,250,14.0,443.0,528.0,32.4,76.0,,113.92303466796876,4,False,False,False,True,False,False,False,False,False,False,4.0,0.6966158547991179
1481,1494,0.06,0.26,0.61,0.01,0.01,2.14,0.0,0.0,0.0,0.0,0.0,0.0,488,5.0,86,4.71,4.87,4.89,0.0,0.0,0.0,170.2316436767578,21.607946395874023,1,1,1.0,200,250,14.0,410.5130920410156,517.5508422851562,27.497848510742188,74.89713287353516,208.15,100.0,0,False,False,False,True,False,False,False,False,False,False,0.0,0.7715516246194151
1482,1495,0.06,0.26,0.61,0.01,0.01,2.14,0.0,0.0,0.0,0.0,0.0,0.0,488,5.0,86,4.76,4.81,4.61,0.0,0.0,0.0,170.2316436767578,21.607946395874023,1,1,1.0,200,250,14.0,414.34423828125,517.0159912109375,28.4959716796875,75.25385284423828,178.14999999999998,28.0,0,False,False,False,True,False,False,False,False,False,False,2.0,0.9991697462784357
1483,1496,0.06,0.29,0.62,0.01,0.01,3.01,0.0,0.0,0.0,0.0,0.0,0.0,500,6.0,72,2.65,4.59,4.74,0.0,0.0,0.0,170.2316436767578,21.607946395874023,1,1,1.0,200,250,14.0,457.0,543.0,27.6,77.0,,118.54088592529295,4,False,False,False,True,False,False,False,False,False,False,4.0,0.8529122002811967
1484,1497,0.06,0.29,0.62,0.01,0.01,3.01,0.0,0.0,0.0,0.0,0.0,0.0,500,6.0,72,4.83,2.76,2.49,0.0,0.0,0.0,170.2316436767578,21.607946395874023,1,1,1.0,200,250,14.0,438.9807434082031,535.514892578125,29.49839210510254,68.35626983642578,208.15,100.0,0,False,False,False,True,False,False,False,False,False,False,0.0,0.7961405379300716
1485,1498,0.06,0.29,0.62,0.01,0.01,3.01,0.0,0.0,0.0,0.0,0.0,0.0,500,6.0,72,4.72,2.68,4.81,0.0,0.0,0.0,170.2316436767578,21.607946395874023,1,1,1.0,200,250,14.0,435.1541137695313,533.8453979492188,29.43594741821289,68.56673431396484,175.14999999999998,28.0,0,False,False,False,True,False,False,False,False,False,False,2.0,0.9974274885904423
1486,1499,0.07,0.31,0.66,0.01,0.01,0.0,0.0,0.24,0.0,0.0,0.0,0.0,430,5.0,79,4.69,3.08,4.79,0.0,0.0,0.0,170.2316436767578,21.607946395874023,1,1,1.0,200,250,14.0,433.0,518.0,26.0,78.9,,114.99640655517578,4,False,False,False,True,False,False,False,False,False,False,4.0,0.7541488307739763
1487,1500,0.07,0.31,0.66,0.01,0.01,0.0,0.0,0.24,0.0,0.0,0.0,0.0,430,5.0,79,4.88,4.75,4.74,0.0,0.0,0.0,170.2316436767578,21.607946395874023,1,1,1.0,200,250,14.0,440.0734252929688,499.3642272949219,28.35095596313477,77.44131469726562,212.15,100.0,0,False,False,False,True,False,False,False,False,False,False,0.0,0.7692695866540451
1488,1501,0.07,0.31,0.66,0.01,0.01,0.0,0.0,0.24,0.0,0.0,0.0,0.0,430,5.0,79,4.75,4.75,4.76,0.0,0.0,0.0,170.2316436767578,21.607946395874023,1,1,1.0,200,250,14.0,436.1133728027344,496.4926452636719,28.143251419067383,77.09622192382812,186.15,28.0,0,False,False,False,True,False,False,False,False,False,False,2.0,0.9992117003156242
1489,1502,0.07,0.34,0.66,0.01,0.01,0.0,0.0,0.5,0.0,0.0,0.0,0.0,454,5.0,75,4.77,2.48,4.76,0.0,0.0,0.0,170.2316436767578,21.607946395874023,1,1,1.0,200,250,14.0,470.0,559.0,24.6,75.0,,118.02804565429688,4,False,False,False,True,False,False,False,False,False,False,4.0,0.6107874244127898
1490,1503,0.07,0.34,0.66,0.01,0.01,0.0,0.0,0.5,0.0,0.0,0.0,0.0,454,5.0,75,4.83,4.7,2.1,0.0,0.0,0.0,170.2316436767578,21.607946395874023,1,1,1.0,200,250,14.0,467.3675231933594,569.1044921875,25.08014678955078,75.16532135009766,231.15,100.0,0,False,False,False,True,False,False,False,False,False,False,0.0,0.8851804593485799
1491,1504,0.07,0.34,0.66,0.01,0.01,0.0,0.0,0.5,0.0,0.0,0.0,0.0,454,5.0,75,3.19,4.93,4.67,0.0,0.0,0.0,170.2316436767578,21.607946395874023,1,1,1.0,200,250,14.0,459.11431884765625,559.2727661132812,26.08956718444824,75.54242706298828,197.15,28.0,0,False,False,False,True,False,False,False,False,False,False,2.0,0.9922258609680991
1492,1505,0.08,0.3,0.63,0.01,0.01,0.0,0.0,1.03,0.0,0.0,0.0,0.0,438,5.0,80,4.97,4.64,2.22,0.0,0.0,0.0,170.2316436767578,21.607946395874023,1,1,1.0,200,250,14.0,528.0,619.0,20.6,73.0,,113.04016876220705,4,False,False,False,True,False,False,False,False,False,False,0.0,0.7294475992192413
1493,1506,0.08,0.3,0.63,0.01,0.01,0.0,0.0,1.03,0.0,0.0,0.0,0.0,438,5.0,80,3.09,4.54,4.73,0.0,0.0,0.0,170.2316436767578,21.607946395874023,1,1,1.0,200,250,14.0,500.7716674804688,610.2233276367188,21.498188018798828,73.05155944824219,280.15,100.0,0,False,False,False,True,False,False,False,False,False,False,0.0,0.9160987536524454
1494,1507,0.08,0.3,0.63,0.01,0.01,0.0,0.0,1.03,0.0,0.0,0.0,0.0,438,5.0,80,4.78,4.85,4.68,0.0,0.0,0.0,170.2316436767578,21.607946395874023,1,1,1.0,200,250,14.0,485.69915771484375,590.635009765625,23.354053497314453,73.89511108398438,216.15,28.0,0,False,False,False,True,False,False,False,False,False,False,2.0,0.9004343404504808
1495,1508,0.07,0.35,0.65,0.01,0.01,0.0,1.01,0.0,0.0,0.0,0.0,0.0,504,5.0,78,2.99,4.63,4.77,0.0,0.0,0.0,170.2316436767578,21.607946395874023,1,1,1.0,200,250,14.0,481.0,559.0,22.0,75.0,,117.62374877929688,4,False,False,False,True,False,False,False,False,False,False,4.0,0.380154481660059
1496,1509,0.07,0.35,0.65,0.01,0.01,0.0,1.01,0.0,0.0,0.0,0.0,0.0,504,5.0,78,4.69,4.93,4.88,0.0,0.0,0.0,170.2316436767578,21.607946395874023,1,1,1.0,200,250,14.0,456.888427734375,542.195556640625,22.49561309814453,75.52320861816406,233.15,100.0,0,False,False,False,True,False,False,False,False,False,False,0.0,0.8891159219233497
1497,1510,0.07,0.35,0.65,0.01,0.01,0.0,1.01,0.0,0.0,0.0,0.0,0.0,504,5.0,78,4.67,4.83,4.78,0.0,0.0,0.0,170.2316436767578,21.607946395874023,1,1,1.0,200,250,14.0,437.9444274902344,527.9849853515625,23.84780502319336,75.88755798339844,205.15,28.0,0,False,False,False,True,False,False,False,False,False,False,2.0,0.9944531417104729
1498,1511,0.07,0.25,0.58,0.01,0.01,0.0,1.59,0.0,0.0,0.0,0.0,0.0,500,4.0,89,5.0,4.66,4.68,0.0,0.0,0.0,170.2316436767578,21.607946395874023,1,1,1.0,200,250,14.0,494.0,593.0,19.0,71.9,,113.16374969482422,4,False,False,False,True,False,False,False,False,False,False,0.0,0.7546756738871853
1499,1512,0.07,0.25,0.58,0.01,0.01,0.0,1.59,0.0,0.0,0.0,0.0,0.0,500,4.0,89,4.91,4.98,4.93,0.0,0.0,0.0,170.2316436767578,21.607946395874023,1,1,1.0,200,250,14.0,496.9039611816406,590.3998413085938,19.039640426635746,72.42748260498047,251.15,100.0,0,False,False,False,True,False,False,False,False,False,False,0.0,0.9063646736599914
1500,1513,0.07,0.25,0.58,0.01,0.01,0.0,1.59,0.0,0.0,0.0,0.0,0.0,500,4.0,89,4.71,3.08,1.84,0.0,0.0,0.0,170.2316436767578,21.607946395874023,1,1,1.0,200,250,14.0,471.4648742675781,574.509033203125,20.021568298339844,73.16319274902344,225.15,28.0,0,False,False,False,True,False,False,False,False,False,False,2.0,0.8077374037282519
1501,1514,0.08,0.28,0.64,0.01,0.01,0.0,2.1,0.0,0.0,0.0,0.0,0.0,492,8.0,81,4.78,4.75,4.93,0.0,0.0,0.0,170.2316436767578,21.607946395874023,1,1,1.0,200,250,14.0,565.0,660.0,18.470626831054688,68.6,,108.92718505859376,3,False,False,False,True,False,False,False,False,False,False,0.0,0.7927792258384575
1502,1515,0.08,0.28,0.64,0.01,0.01,0.0,2.1,0.0,0.0,0.0,0.0,0.0,492,8.0,81,2.21,3.08,4.56,0.0,0.0,0.0,170.2316436767578,21.607946395874023,1,1,1.0,200,250,14.0,561.2562866210938,659.4136962890625,18.668567657470703,69.45933532714844,299.15,100.0,0,False,False,False,True,False,False,False,False,False,False,0.0,0.7842028727974544
1503,1516,0.08,0.28,0.64,0.01,0.01,0.0,2.1,0.0,0.0,0.0,0.0,0.0,492,8.0,81,2.49,4.65,4.95,0.0,0.0,0.0,170.2316436767578,21.607946395874023,1,1,1.0,200,250,14.0,547.4387817382812,642.8231811523438,19.184240341186523,70.49215698242188,233.15,28.0,0,False,False,False,True,False,False,False,False,False,False,3.0,0.8491735753551003
1504,1517,0.07,0.28,0.62,0.01,0.01,0.0,0.0,0.0,0.0,0.5,0.0,0.0,477,5.0,73,2.88,4.77,3.02,0.0,0.0,0.0,170.2316436767578,21.607946395874023,1,1,1.0,200,250,14.0,391.0,468.0,29.4,77.0,,115.0623016357422,4,False,False,False,True,False,False,False,False,False,False,4.0,0.7847717340058146
1505,1518,0.07,0.28,0.62,0.01,0.01,0.0,0.0,0.0,0.0,0.5,0.0,0.0,477,5.0,73,4.99,3.04,4.77,0.0,0.0,0.0,170.2316436767578,21.607946395874023,1,1,1.0,200,250,14.0,376.4074096679688,467.4552612304688,31.38490295410156,77.61422729492188,210.15,100.0,0,False,False,False,True,False,False,False,False,False,False,0.0,0.8232171194108858
1506,1519,0.07,0.28,0.62,0.01,0.01,0.0,0.0,0.0,0.0,0.5,0.0,0.0,477,5.0,73,4.83,4.79,4.82,0.0,0.0,0.0,170.2316436767578,21.607946395874023,1,1,1.0,200,250,14.0,372.7855529785156,466.3690490722656,31.03276634216309,77.80419921875,187.15,28.0,0,False,False,False,True,False,False,False,False,False,False,2.0,0.9997811562778008
1507,1520,0.06,0.3,0.62,0.01,0.01,0.0,0.0,0.0,0.0,1.03,0.0,0.0,519,4.0,72,4.85,2.96,4.71,0.0,0.0,0.0,170.2316436767578,21.607946395874023,1,1,1.0,200,250,14.0,439.0,509.0,31.6,78.9,,117.37242889404295,4,False,False,False,True,False,False,False,False,False,False,4.0,0.9086601153544144
1508,1521,0.06,0.3,0.62,0.01,0.01,0.0,0.0,0.0,0.0,1.03,0.0,0.0,519,4.0,72,2.75,4.63,4.72,0.0,0.0,0.0,170.2316436767578,21.607946395874023,1,1,1.0,200,250,14.0,390.6017456054688,479.2454223632813,31.94609832763672,78.48433685302734,219.15,100.0,0,False,False,False,True,False,False,False,False,False,False,0.0,0.8164300838717221
1509,1522,0.06,0.3,0.62,0.01,0.01,0.0,0.0,0.0,0.0,1.03,0.0,0.0,519,4.0,72,4.78,4.88,4.57,0.0,0.0,0.0,170.2316436767578,21.607946395874023,1,1,1.0,200,250,14.0,386.10400390625,476.2095031738281,32.03240966796875,77.82506561279297,186.15,28.0,0,False,False,False,True,False,False,False,False,False,False,2.0,0.9997712321038014
1510,1523,0.06,0.32,0.64,0.01,0.01,0.0,0.0,0.0,0.0,1.6,0.0,0.0,498,4.0,60,4.66,4.89,2.83,0.0,0.0,0.0,170.2316436767578,21.607946395874023,1,1,1.0,200,250,14.0,504.0,565.0,26.6,73.0,,108.37296295166016,4,False,False,False,True,False,False,False,False,False,False,0.0,0.8642826146931123
1511,1524,0.06,0.32,0.64,0.01,0.01,0.0,0.0,0.0,0.0,1.6,0.0,0.0,498,4.0,60,4.99,2.75,4.6,0.0,0.0,0.0,170.2316436767578,21.607946395874023,1,1,1.0,200,250,14.0,491.0153198242188,553.4025268554688,31.22123146057129,73.76675415039062,249.15,100.0,0,False,False,False,True,False,False,False,False,False,False,0.0,0.8097562150742769
1512,1525,0.06,0.32,0.64,0.01,0.01,0.0,0.0,0.0,0.0,1.6,0.0,0.0,498,4.0,60,4.71,2.81,4.66,0.0,0.0,0.0,170.2316436767578,21.607946395874023,1,1,1.0,200,250,14.0,461.1068115234375,515.7438354492188,31.987367630004883,74.2388916015625,203.15,28.0,0,False,False,False,True,False,False,False,False,False,False,2.0,0.9992567839037441
1513,1526,0.07,0.35,0.64,0.0,0.0,0.0,0.0,0.0,0.0,0.0,0.0,0.0,428,38.0,77,2.42,4.81,4.6,0.0,0.0,0.0,170.2316436767578,21.607946395874023,1,1,1.0,200,250,14.0,402.0,494.0,33.3,77.5,,113.9312515258789,4,False,False,False,True,False,False,False,False,False,False,4.0,0.6922693256676218
1514,1527,0.07,0.35,0.64,0.0,0.0,0.0,0.0,0.0,0.0,0.0,0.0,0.0,428,38.0,77,2.88,3.17,4.68,0.0,0.0,0.0,170.2316436767578,21.607946395874023,1,1,1.0,200,250,14.0,391.9191589355469,471.58343505859375,34.85020446777344,78.63269805908203,228.15,100.0,0,False,False,False,True,False,False,False,False,False,False,0.0,0.870548401935632
1515,1528,0.07,0.35,0.64,0.0,0.0,0.0,0.0,0.0,0.0,0.0,0.0,0.0,428,38.0,77,4.8,4.68,2.72,0.0,0.0,0.0,170.2316436767578,21.607946395874023,1,1,1.0,200,250,14.0,368.55511474609375,466.9862976074219,35.71292495727539,78.56686401367188,203.15,28.0,0,False,False,False,True,False,False,False,False,False,False,2.0,0.9998896983190193
1516,1529,0.06,0.31,0.65,0.01,0.01,0.88,0.0,0.0,0.0,0.0,0.0,0.0,472,38.0,85,4.73,4.79,4.77,0.0,0.0,0.0,170.2316436767578,21.607946395874023,1,1,1.0,200,250,14.0,423.0,501.0,31.8,77.0,,116.76952362060548,4,False,False,False,True,False,False,False,False,False,False,4.0,0.8759074666512839
1517,1530,0.06,0.31,0.65,0.01,0.01,0.88,0.0,0.0,0.0,0.0,0.0,0.0,472,38.0,85,4.61,4.81,4.91,0.0,0.0,0.0,170.2316436767578,21.607946395874023,1,1,1.0,200,250,14.0,396.71337890625,493.08203125,30.318233489990234,75.62940216064453,210.15,100.0,0,False,False,False,True,False,False,False,False,False,False,0.0,0.7677840554333863
1518,1531,0.06,0.31,0.65,0.01,0.01,0.88,0.0,0.0,0.0,0.0,0.0,0.0,472,38.0,85,4.73,2.65,4.67,0.0,0.0,0.0,170.2316436767578,21.607946395874023,1,1,1.0,200,250,14.0,392.7160034179688,484.2176208496094,30.307598114013672,75.93688201904297,185.15,28.0,0,False,False,False,True,False,False,False,False,False,False,2.0,0.9996615327207746
1519,1532,0.06,0.27,0.61,0.01,0.01,2.17,0.0,0.0,0.0,0.0,0.0,0.0,454,32.0,91,4.66,4.98,4.76,0.0,0.0,0.0,170.2316436767578,21.607946395874023,1,1,1.0,200,250,14.0,461.0,537.0,28.0,78.9,,116.96954345703124,4,False,False,False,True,False,False,False,False,False,False,4.0,0.8414034814228863
1520,1533,0.06,0.27,0.61,0.01,0.01,2.17,0.0,0.0,0.0,0.0,0.0,0.0,454,32.0,91,4.95,4.7,4.96,0.0,0.0,0.0,170.2316436767578,21.607946395874023,1,1,1.0,200,250,14.0,430.9040222167969,526.3887329101562,28.783945083618164,75.38021850585938,190.15,100.0,0,False,False,False,True,False,False,False,False,False,False,0.0,0.7744390119585598
1521,1534,0.06,0.27,0.61,0.01,0.01,2.17,0.0,0.0,0.0,0.0,0.0,0.0,454,32.0,91,4.75,2.63,2.46,0.0,0.0,0.0,170.2316436767578,21.607946395874023,1,1,1.0,200,250,14.0,426.3834533691406,516.1659545898438,28.928932189941406,75.67304992675781,160.14999999999998,28.0,0,False,False,False,True,False,False,False,False,False,False,2.0,0.9991594493858309
1522,1535,0.07,0.3,0.65,0.01,0.01,3.03,0.0,0.0,0.0,0.0,0.0,0.0,460,36.0,72,4.91,3.07,4.82,0.0,0.0,0.0,170.2316436767578,21.607946395874023,1,1,1.0,200,250,14.0,477.0,557.0,29.4,78.0,,118.38211822509766,4,False,False,False,True,False,False,False,False,False,False,4.0,0.8606223919380843
1523,1536,0.07,0.3,0.65,0.01,0.01,3.03,0.0,0.0,0.0,0.0,0.0,0.0,460,36.0,72,4.75,4.9,4.94,0.0,0.0,0.0,170.2316436767578,21.607946395874023,1,1,1.0,200,250,14.0,446.14788818359375,547.2960815429688,30.23128700256348,67.93853759765625,188.15,100.0,0,False,False,False,True,False,False,False,False,False,False,0.0,0.8030582118718689
1524,1537,0.07,0.3,0.65,0.01,0.01,3.03,0.0,0.0,0.0,0.0,0.0,0.0,460,36.0,72,4.62,4.53,2.66,0.0,0.0,0.0,170.2316436767578,21.607946395874023,1,1,1.0,200,250,14.0,444.7708129882813,541.7099609375,30.06598281860352,67.91284942626953,159.14999999999998,28.0,0,False,False,False,True,False,False,False,False,False,False,2.0,0.9967769179644247
1525,1538,0.07,0.33,0.68,0.01,0.01,0.0,0.0,0.24,0.0,0.0,0.0,0.0,395,36.0,67,4.6,4.75,2.58,0.0,0.0,0.0,170.2316436767578,21.607946395874023,1,1,1.0,200,250,14.0,436.0,519.0,24.6,78.6,,117.70398712158205,4,False,False,False,True,False,False,False,False,False,False,4.0,0.8438091866947512
1526,1539,0.07,0.33,0.68,0.01,0.01,0.0,0.0,0.24,0.0,0.0,0.0,0.0,395,36.0,67,4.85,4.75,4.78,0.0,0.0,0.0,170.2316436767578,21.607946395874023,1,1,1.0,200,250,14.0,453.3076477050781,500.5372009277344,30.734451293945312,77.92854309082031,215.15,100.0,0,False,False,False,True,False,False,False,False,False,False,0.0,0.766547754420782
1527,1540,0.07,0.33,0.68,0.01,0.01,0.0,0.0,0.24,0.0,0.0,0.0,0.0,395,36.0,67,4.77,4.96,4.85,0.0,0.0,0.0,170.2316436767578,21.607946395874023,1,1,1.0,200,250,14.0,448.9826049804688,500.8866271972656,29.99491310119629,77.61323547363281,191.15,28.0,0,False,False,False,True,False,False,False,False,False,False,2.0,0.9993551575432048
1528,1541,0.07,0.34,0.66,0.01,0.01,0.0,0.0,0.5,0.0,0.0,0.0,0.0,433,42.0,70,2.49,4.91,2.06,0.0,0.0,0.0,170.2316436767578,21.607946395874023,1,1,1.0,200,250,14.0,483.0,565.0,27.2,78.0,,118.41877746582033,4,False,False,False,True,False,False,False,False,False,False,4.0,0.7834684678742673
1529,1542,0.07,0.34,0.66,0.01,0.01,0.0,0.0,0.5,0.0,0.0,0.0,0.0,433,42.0,70,4.52,4.85,4.53,0.0,0.0,0.0,170.2316436767578,21.607946395874023,1,1,1.0,200,250,14.0,470.7496948242188,569.270751953125,27.433990478515625,76.17604064941406,225.15,100.0,0,False,False,False,True,False,False,False,False,False,False,0.0,0.8499609369110096
1530,1543,0.07,0.34,0.66,0.01,0.01,0.0,0.0,0.5,0.0,0.0,0.0,0.0,433,42.0,70,4.49,4.52,4.96,0.0,0.0,0.0,170.2316436767578,21.607946395874023,1,1,1.0,200,250,14.0,476.2119445800781,573.54296875,27.279346466064453,75.68477630615234,208.15,28.0,0,False,False,False,True,False,False,False,False,False,False,2.0,0.9904881702165047
1531,1544,0.07,0.32,0.66,0.01,0.01,0.0,0.0,1.03,0.0,0.0,0.0,0.0,411,40.0,76,4.55,4.54,4.62,0.0,0.0,0.0,170.2316436767578,21.607946395874023,1,1,1.0,200,250,14.0,565.0,644.0,23.6,76.0,,116.6702651977539,4,False,False,False,True,False,False,False,False,False,False,3.0,0.37976837064580393
1532,1545,0.07,0.32,0.66,0.01,0.01,0.0,0.0,1.03,0.0,0.0,0.0,0.0,411,40.0,76,2.42,4.86,4.98,0.0,0.0,0.0,170.2316436767578,21.607946395874023,1,1,1.0,200,250,14.0,524.3792724609375,621.8763427734375,24.7879695892334,74.021240234375,240.15,100.0,0,False,False,False,True,False,False,False,False,False,False,0.0,0.9244274391318937
1533,1546,0.07,0.32,0.66,0.01,0.01,0.0,0.0,1.03,0.0,0.0,0.0,0.0,411,40.0,76,2.36,2.52,4.98,0.0,0.0,0.0,170.2316436767578,21.607946395874023,1,1,1.0,200,250,14.0,523.7526245117188,608.125,26.806020736694336,74.11170196533203,207.15,28.0,0,False,False,False,True,False,False,False,False,False,False,2.0,0.9133665037422543
1534,1547,0.08,0.32,0.66,0.01,0.01,0.0,1.03,0.0,0.0,0.0,0.0,0.0,457,34.0,75,2.92,4.79,4.74,0.0,0.0,0.0,170.2316436767578,21.607946395874023,1,1,1.0,200,250,14.0,490.0,558.0,21.0,77.9,,112.20769500732422,4,False,False,False,True,False,False,False,False,False,False,0.0,0.7257060242710442
1535,1548,0.08,0.32,0.66,0.01,0.01,0.0,1.03,0.0,0.0,0.0,0.0,0.0,457,34.0,75,4.91,4.59,4.79,0.0,0.0,0.0,170.2316436767578,21.607946395874023,1,1,1.0,200,250,14.0,481.1047973632813,554.3810424804688,21.6812686920166,76.54879760742188,238.15,100.0,0,False,False,False,True,False,False,False,False,False,False,0.0,0.9151054271758956
1536,1549,0.08,0.32,0.66,0.01,0.01,0.0,1.03,0.0,0.0,0.0,0.0,0.0,457,34.0,75,4.96,4.8,4.84,0.0,0.0,0.0,170.2316436767578,21.607946395874023,1,1,1.0,200,250,14.0,447.8024291992188,533.2913208007812,22.099607467651367,77.00814819335938,219.15,28.0,0,False,False,False,True,False,False,False,False,False,False,2.0,0.9879025848515051
1537,1550,0.08,0.26,0.62,0.01,0.0,0.0,1.6,0.0,0.0,0.0,0.0,0.0,472,29.0,100,4.98,4.89,2.32,0.0,0.0,0.0,170.2316436767578,21.607946395874023,1,1,1.0,200,250,14.0,509.0,596.0,17.0,74.0,,109.42867279052734,4,False,False,False,True,False,False,False,False,False,False,0.0,0.8520963376842916
1538,1551,0.08,0.26,0.62,0.01,0.0,0.0,1.6,0.0,0.0,0.0,0.0,0.0,472,29.0,100,2.88,3.02,4.86,0.0,0.0,0.0,170.2316436767578,21.607946395874023,1,1,1.0,200,250,14.0,516.9190063476562,603.5904541015625,18.642358779907227,72.47239685058594,265.15,100.0,0,False,False,False,True,False,False,False,False,False,False,0.0,0.8860959250189806
1539,1552,0.08,0.26,0.62,0.01,0.0,0.0,1.6,0.0,0.0,0.0,0.0,0.0,472,29.0,100,2.5,4.91,4.86,0.0,0.0,0.0,170.2316436767578,21.607946395874023,1,1,1.0,200,250,14.0,499.6447143554688,593.4761352539062,18.52639579772949,73.40837097167969,238.15,28.0,0,False,False,False,True,False,False,False,False,False,False,3.0,0.5302379193220383
1540,1553,0.08,0.28,0.64,0.01,0.01,0.0,2.15,0.0,0.0,0.0,0.0,0.0,482,42.0,95,4.64,4.68,4.68,0.0,0.0,0.0,170.2316436767578,21.607946395874023,1,1,1.0,200,250,14.0,598.0,685.0,18.0,68.6,,108.01602935791016,4,False,False,False,True,False,False,False,False,False,False,0.0,0.7609177209749813
1541,1554,0.08,0.28,0.64,0.01,0.01,0.0,2.15,0.0,0.0,0.0,0.0,0.0,482,42.0,95,4.76,4.63,4.64,0.0,0.0,0.0,170.2316436767578,21.607946395874023,1,1,1.0,200,250,14.0,585.4191284179688,675.7017211914062,18.264135360717773,69.80208587646484,281.15,100.0,0,False,False,False,True,False,False,False,False,False,False,0.0,0.7486536016701593
1542,1555,0.08,0.28,0.64,0.01,0.01,0.0,2.15,0.0,0.0,0.0,0.0,0.0,482,42.0,95,4.94,4.76,4.71,0.0,0.0,0.0,170.2316436767578,21.607946395874023,1,1,1.0,200,250,14.0,569.7142944335938,664.06640625,18.906641006469727,70.22257232666016,240.15,28.0,0,False,False,False,True,False,False,False,False,False,False,3.0,0.8240932055966228
1543,1556,0.06,0.3,0.64,0.01,0.01,0.0,0.0,0.0,0.0,0.53,0.0,0.0,453,43.0,74,4.69,4.78,4.68,0.0,0.0,0.0,170.2316436767578,21.607946395874023,1,1,1.0,200,250,14.0,417.0,498.0,29.2,78.9,,112.83509063720705,4,False,False,False,True,False,False,False,False,False,False,4.0,0.6627889868103339
1544,1557,0.06,0.3,0.64,0.01,0.01,0.0,0.0,0.0,0.0,0.53,0.0,0.0,453,43.0,74,4.81,4.71,2.67,0.0,0.0,0.0,170.2316436767578,21.607946395874023,1,1,1.0,200,250,14.0,381.2178649902344,465.9446411132813,31.904491424560547,79.42388153076172,211.15,100.0,0,False,False,False,True,False,False,False,False,False,False,0.0,0.8436169748866158
1545,1558,0.06,0.3,0.64,0.01,0.01,0.0,0.0,0.0,0.0,0.53,0.0,0.0,453,43.0,74,4.66,4.97,4.76,0.0,0.0,0.0,170.2316436767578,21.607946395874023,1,1,1.0,200,250,14.0,379.4658203125,462.1136169433594,31.23397254943848,79.18683624267578,179.14999999999998,28.0,0,False,False,False,True,False,False,False,False,False,False,2.0,0.9997894733394684
1546,1559,0.06,0.3,0.63,0.01,0.01,0.0,0.0,0.0,0.0,1.05,0.0,0.0,456,42.0,65,4.86,4.89,4.84,0.0,0.0,0.0,170.2316436767578,21.607946395874023,1,1,1.0,200,250,14.0,429.0,497.0,26.6,77.0,,112.89163208007812,4,False,False,False,True,False,False,False,False,False,False,4.0,0.6080051116558619
1547,1560,0.06,0.3,0.63,0.01,0.01,0.0,0.0,0.0,0.0,1.05,0.0,0.0,456,42.0,65,2.72,4.66,4.58,0.0,0.0,0.0,170.2316436767578,21.607946395874023,1,1,1.0,200,250,14.0,393.1198120117188,477.7040710449219,31.782974243164062,78.82838439941406,215.15,100.0,0,False,False,False,True,False,False,False,False,False,False,0.0,0.8160606464666099
1548,1561,0.06,0.3,0.63,0.01,0.01,0.0,0.0,0.0,0.0,1.05,0.0,0.0,456,42.0,65,4.93,2.86,4.72,0.0,0.0,0.0,170.2316436767578,21.607946395874023,1,1,1.0,200,250,14.0,402.1262512207031,474.0647888183594,32.00455474853516,78.25511169433594,179.14999999999998,28.0,0,False,False,False,True,False,False,False,False,False,False,2.0,0.9997468134002307
1549,1562,0.07,0.37,0.67,0.01,0.01,0.0,0.0,0.0,0.0,1.44,0.0,0.0,453,51.0,55,4.8,2.39,4.66,0.0,0.0,0.0,170.2316436767578,21.607946395874023,1,1,1.0,200,250,14.0,516.0,568.0,28.8,75.0,,114.7452163696289,4,False,False,False,True,False,False,False,False,False,False,4.0,0.4671599220604211
1550,1563,0.07,0.37,0.67,0.01,0.01,0.0,0.0,0.0,0.0,1.44,0.0,0.0,453,51.0,55,4.61,4.75,2.82,0.0,0.0,0.0,170.2316436767578,21.607946395874023,1,1,1.0,200,250,14.0,495.4819946289063,542.0441284179688,29.963653564453125,75.3290023803711,230.15,100.0,0,False,False,False,True,False,False,False,False,False,False,0.0,0.8151754580768636
1551,1564,0.07,0.37,0.67,0.01,0.01,0.0,0.0,0.0,0.0,1.44,0.0,0.0,453,51.0,55,4.86,4.67,4.83,0.0,0.0,0.0,170.2316436767578,21.607946395874023,1,1,1.0,200,250,14.0,467.48638916015625,519.3644409179688,30.79349708557129,76.16102600097656,196.15,28.0,0,False,False,False,True,False,False,False,False,False,False,2.0,0.99905796135642
1552,1565,0.08,0.26,1.43,0.01,0.01,0.0,0.0,0.0,0.0,0.0,0.0,0.0,481,5.0,86,4.71,4.82,3.05,0.0,0.0,0.0,170.2316436767578,21.607946395874023,1,1,1.0,200,250,14.0,434.0,526.0,29.2,78.0,,102.37702178955078,4,False,False,False,True,False,False,False,False,False,False,0.0,0.7759591281393646
1553,1566,0.08,0.26,1.43,0.01,0.01,0.0,0.0,0.0,0.0,0.0,0.0,0.0,481,5.0,86,4.63,3.16,4.94,0.0,0.0,0.0,170.2316436767578,21.607946395874023,1,1,1.0,200,250,14.0,479.7311401367188,544.8560180664062,25.76604461669922,76.11692810058594,255.15,100.0,0,False,False,False,True,False,False,False,False,False,False,0.0,0.861844280012579
1554,1567,0.08,0.26,1.43,0.01,0.01,0.0,0.0,0.0,0.0,0.0,0.0,0.0,481,5.0,86,4.69,4.87,4.61,0.0,0.0,0.0,170.2316436767578,21.607946395874023,1,1,1.0,200,250,14.0,466.7550354003906,536.1412963867188,26.95358657836914,77.15198516845703,230.15,28.0,0,False,False,False,True,False,False,False,False,False,False,2.0,0.996740989222701
1555,1568,0.07,0.28,1.39,0.01,0.01,0.95,0.0,0.0,0.0,0.0,0.0,0.0,454,5.0,76,4.9,4.69,4.55,0.0,0.0,0.0,170.2316436767578,21.607946395874023,1,1,1.0,200,250,14.0,470.0,550.0,26.0,78.0,,102.83175659179688,4,False,False,False,True,False,False,False,False,False,False,0.0,0.8493853950522419
1556,1569,0.07,0.28,1.39,0.01,0.01,0.95,0.0,0.0,0.0,0.0,0.0,0.0,454,5.0,76,2.59,2.29,4.76,0.0,0.0,0.0,170.2316436767578,21.607946395874023,1,1,1.0,200,250,14.0,474.8294982910156,548.3800048828125,26.54752922058105,76.91765594482422,260.15,100.0,0,False,False,False,True,False,False,False,False,False,False,0.0,0.8449400173141186
1557,1570,0.07,0.28,1.39,0.01,0.01,0.95,0.0,0.0,0.0,0.0,0.0,0.0,454,5.0,76,2.75,4.55,4.7,0.0,0.0,0.0,170.2316436767578,21.607946395874023,1,1,1.0,200,250,14.0,464.980224609375,533.7632446289062,27.5290641784668,77.98977661132812,225.15,28.0,0,False,False,False,True,False,False,False,False,False,False,2.0,0.9977504037516765
1558,1571,0.07,0.26,1.48,0.01,0.01,2.28,0.0,0.0,0.0,0.0,0.0,0.0,460,5.0,87,4.69,3.06,4.73,0.0,0.0,0.0,170.2316436767578,21.607946395874023,1,1,1.0,200,250,14.0,512.0,605.0,21.7,75.0,,103.17942810058594,4,False,False,False,True,False,False,False,False,False,False,0.0,0.9331434383896003
1559,1572,0.07,0.26,1.48,0.01,0.01,2.28,0.0,0.0,0.0,0.0,0.0,0.0,460,5.0,87,4.97,4.76,4.69,0.0,0.0,0.0,170.2316436767578,21.607946395874023,1,1,1.0,200,250,14.0,506.5260009765625,596.2890014648438,21.33599090576172,74.55396270751953,253.15,100.0,0,False,False,False,True,False,False,False,False,False,False,0.0,0.9232933673788722
1560,1573,0.07,0.26,1.48,0.01,0.01,2.28,0.0,0.0,0.0,0.0,0.0,0.0,460,5.0,87,4.91,4.83,2.86,0.0,0.0,0.0,170.2316436767578,21.607946395874023,1,1,1.0,200,250,14.0,492.6891479492188,588.2545166015625,23.42369079589844,75.20787048339844,212.15,28.0,0,False,False,False,True,False,False,False,False,False,False,2.0,0.91385977815257
1561,1574,0.07,0.24,1.43,0.01,0.01,3.12,0.0,0.0,0.0,0.0,0.0,0.0,460,5.0,77,2.8,2.27,2.91,0.0,0.0,0.0,170.2316436767578,21.607946395874023,1,1,1.0,200,250,14.0,573.0,666.0,16.0,70.8,,100.36933135986328,4,False,False,False,True,False,False,False,False,False,False,0.0,0.7547542184387852
1562,1575,0.07,0.24,1.43,0.01,0.01,3.12,0.0,0.0,0.0,0.0,0.0,0.0,460,5.0,77,4.82,4.96,4.64,0.0,0.0,0.0,170.2316436767578,21.607946395874023,1,1,1.0,200,250,14.0,562.3602294921875,639.9635009765625,18.061189651489254,71.23279571533203,261.15,100.0,0,False,False,False,True,False,False,False,False,False,False,0.0,0.8113090630935844
1563,1576,0.07,0.24,1.43,0.01,0.01,3.12,0.0,0.0,0.0,0.0,0.0,0.0,460,5.0,77,4.62,4.58,4.63,0.0,0.0,0.0,170.2316436767578,21.607946395874023,1,1,1.0,200,250,14.0,540.8505249023438,619.3280029296875,20.052648544311523,60.68014907836914,209.15,28.0,0,False,False,False,True,False,False,False,False,False,False,3.0,0.8439459924045386
1564,1577,0.08,0.28,1.53,0.01,0.01,0.0,0.0,0.25,0.0,0.0,0.0,0.0,444,5.0,84,3.17,4.88,4.77,0.0,0.0,0.0,170.2316436767578,21.607946395874023,1,1,1.0,200,250,14.0,474.0,570.0,20.4,77.0,,104.1118621826172,4,False,False,False,True,False,False,False,False,False,False,0.0,0.9280832957727723
1565,1578,0.08,0.28,1.53,0.01,0.01,0.0,0.0,0.25,0.0,0.0,0.0,0.0,444,5.0,84,4.83,4.57,4.79,0.0,0.0,0.0,170.2316436767578,21.607946395874023,1,1,1.0,200,250,14.0,494.337646484375,564.8660888671875,22.43669891357422,75.06018829345703,249.15,100.0,0,False,False,False,True,False,False,False,False,False,False,0.0,0.9216438712959355
1566,1579,0.08,0.28,1.53,0.01,0.01,0.0,0.0,0.25,0.0,0.0,0.0,0.0,444,5.0,84,4.93,2.3,4.95,0.0,0.0,0.0,170.2316436767578,21.607946395874023,1,1,1.0,200,250,14.0,487.24066162109375,557.2249145507812,24.281679153442383,75.29360961914062,212.15,28.0,0,False,False,False,True,False,False,False,False,False,False,2.0,0.9722621113145697
1567,1580,0.08,0.25,1.45,0.01,0.01,0.0,0.0,0.5,0.0,0.0,0.0,0.0,457,5.0,78,4.44,4.74,4.85,0.0,0.0,0.0,170.2316436767578,21.607946395874023,1,1,1.0,200,250,14.0,523.0,610.0,19.4,75.0,,106.54712677001952,4,False,False,False,True,False,False,False,False,False,False,0.0,0.9038308671955078
1568,1581,0.08,0.25,1.45,0.01,0.01,0.0,0.0,0.5,0.0,0.0,0.0,0.0,457,5.0,78,2.54,4.88,4.68,0.0,0.0,0.0,170.2316436767578,21.607946395874023,1,1,1.0,200,250,14.0,519.7236328125,605.5119018554688,20.65927124023437,74.57615661621094,269.15,100.0,0,False,False,False,True,False,False,False,False,False,False,0.0,0.9135946037354508
1569,1582,0.08,0.25,1.45,0.01,0.01,0.0,0.0,0.5,0.0,0.0,0.0,0.0,457,5.0,78,2.74,2.55,4.74,0.0,0.0,0.0,170.2316436767578,21.607946395874023,1,1,1.0,200,250,14.0,512.0389404296875,612.2905883789062,22.516542434692383,74.92166137695312,223.15,28.0,0,False,False,False,True,False,False,False,False,False,False,2.0,0.7203222222814443
1570,1583,0.08,0.24,1.41,0.01,0.01,0.0,0.0,1.11,0.0,0.0,0.0,0.0,447,5.0,85,4.96,4.74,2.35,0.0,0.0,0.0,170.2316436767578,21.607946395874023,1,1,1.0,200,250,14.0,594.0,699.0,19.2,68.6,,105.78600311279295,4,False,False,False,True,False,False,False,False,False,False,0.0,0.7913002935155524
1571,1584,0.08,0.24,1.41,0.01,0.01,0.0,0.0,1.11,0.0,0.0,0.0,0.0,447,5.0,85,4.67,4.81,2.57,0.0,0.0,0.0,170.2316436767578,21.607946395874023,1,1,1.0,200,250,14.0,581.113525390625,625.3324584960938,19.98045921325684,70.60535430908203,299.15,100.0,0,False,False,False,True,False,False,False,False,False,False,0.0,0.830106155709206
1572,1585,0.08,0.24,1.41,0.01,0.01,0.0,0.0,1.11,0.0,0.0,0.0,0.0,447,5.0,85,4.97,3.07,4.66,0.0,0.0,0.0,170.2316436767578,21.607946395874023,1,1,1.0,200,250,14.0,568.5568237304688,618.690673828125,21.45138359069824,70.82720184326172,223.15,28.0,0,False,False,False,True,False,False,False,False,False,False,3.0,0.7880694715300498
1573,1586,0.08,0.28,1.48,0.01,0.01,0.0,1.07,0.0,0.0,0.0,0.0,0.0,436,5.0,94,4.63,4.76,4.58,0.0,0.0,0.0,170.2316436767578,21.607946395874023,1,1,1.0,200,250,14.0,570.0,658.0,18.0,68.6,,103.20822143554688,4,False,False,False,True,False,False,False,False,False,False,0.0,0.8158403864074544
1574,1587,0.08,0.28,1.48,0.01,0.01,0.0,1.07,0.0,0.0,0.0,0.0,0.0,436,5.0,94,3.14,4.71,4.74,0.0,0.0,0.0,170.2316436767578,21.607946395874023,1,1,1.0,200,250,14.0,569.9996948242188,644.99072265625,20.28492546081543,74.10902404785156,253.15,100.0,0,False,False,False,True,False,False,False,False,False,False,0.0,0.857130512131947
1575,1588,0.08,0.28,1.48,0.01,0.01,0.0,1.07,0.0,0.0,0.0,0.0,0.0,436,5.0,94,3.16,4.78,4.66,0.0,0.0,0.0,170.2316436767578,21.607946395874023,1,1,1.0,200,250,14.0,550.2600708007812,629.496337890625,21.461238861083984,74.91193389892578,203.15,28.0,0,False,False,False,True,False,False,False,False,False,False,3.0,0.6492203056005555
1576,1589,0.08,0.28,1.48,0.01,0.0,0.0,1.55,0.0,0.0,0.0,0.0,0.0,466,5.0,86,4.72,4.79,4.69,0.0,0.0,0.0,170.2316436767578,21.607946395874023,1,1,1.0,200,250,14.0,591.0,687.0,17.8,69.7,,101.8954086303711,4,False,False,False,True,False,False,False,False,False,False,0.0,0.7677670104671307
1577,1590,0.08,0.28,1.48,0.01,0.0,0.0,1.55,0.0,0.0,0.0,0.0,0.0,466,5.0,86,4.58,4.82,4.58,0.0,0.0,0.0,170.2316436767578,21.607946395874023,1,1,1.0,200,250,14.0,588.2242431640625,689.0435791015625,18.657421112060547,70.9625473022461,279.15,100.0,0,False,False,False,True,False,False,False,False,False,False,0.0,0.7538546268947391
1578,1591,0.08,0.28,1.48,0.01,0.0,0.0,1.55,0.0,0.0,0.0,0.0,0.0,466,5.0,86,4.92,4.63,4.96,0.0,0.0,0.0,170.2316436767578,21.607946395874023,1,1,1.0,200,250,14.0,570.3760986328125,654.8870239257812,19.054906845092773,71.3572769165039,218.15,28.0,0,False,False,False,True,False,False,False,False,False,False,3.0,0.843073359787699
1579,1592,0.08,0.28,1.44,0.01,0.01,0.0,1.96,0.0,0.0,0.0,0.0,0.0,476,5.0,84,4.64,4.77,4.62,0.0,0.0,0.0,170.2316436767578,21.607946395874023,1,1,1.0,200,250,14.0,637.0,730.0,18.5,68.6,,100.26033020019533,4,False,False,False,True,False,False,False,False,False,False,0.0,0.6138406849689487
1580,1593,0.08,0.28,1.44,0.01,0.01,0.0,1.96,0.0,0.0,0.0,0.0,0.0,476,5.0,84,4.85,3.19,4.79,0.0,0.0,0.0,170.2316436767578,21.607946395874023,1,1,1.0,200,250,14.0,639.83154296875,711.1461791992188,18.17775535583496,69.4157485961914,297.15,100.0,0,False,False,False,True,False,False,False,False,False,False,0.0,0.6403365678832964
1581,1594,0.08,0.28,1.44,0.01,0.01,0.0,1.96,0.0,0.0,0.0,0.0,0.0,476,5.0,84,4.89,4.75,2.79,0.0,0.0,0.0,170.2316436767578,21.607946395874023,1,1,1.0,200,250,14.0,614.6759643554688,698.1900024414062,19.621488571166992,70.61607360839844,223.15,28.0,0,False,False,False,True,False,False,False,False,False,False,3.0,0.7002223044760701
1582,1595,0.08,0.24,1.47,0.01,0.01,0.0,0.0,0.0,0.0,0.55,0.0,0.0,455,5.0,96,2.63,2.53,4.87,0.0,0.0,0.0,170.2316436767578,21.607946395874023,1,1,1.0,200,250,14.0,453.0,535.0,26.6,78.9,,100.46605682373048,4,False,False,False,True,False,False,False,False,False,False,0.0,0.8088837534194572
1583,1596,0.08,0.24,1.47,0.01,0.01,0.0,0.0,0.0,0.0,0.55,0.0,0.0,455,5.0,96,4.83,2.58,4.85,0.0,0.0,0.0,170.2316436767578,21.607946395874023,1,1,1.0,200,250,14.0,478.9643859863281,551.141845703125,25.817657470703125,76.79623413085938,263.15,100.0,0,False,False,False,True,False,False,False,False,False,False,0.0,0.8621810175988326
1584,1597,0.08,0.24,1.47,0.01,0.01,0.0,0.0,0.0,0.0,0.55,0.0,0.0,455,5.0,96,4.7,3.12,2.77,0.0,0.0,0.0,170.2316436767578,21.607946395874023,1,1,1.0,200,250,14.0,467.67822265625,550.6346435546875,26.692514419555664,77.09056091308594,237.15,28.0,0,False,False,False,True,False,False,False,False,False,False,2.0,0.9951171334499349
1585,1598,0.08,0.24,1.41,0.01,0.01,0.0,0.0,0.0,0.0,1.06,0.0,0.0,484,5.0,89,4.79,4.89,4.96,0.0,0.0,0.0,170.2316436767578,21.607946395874023,1,1,1.0,200,250,14.0,492.0,566.0,25.0,75.0,,99.1713638305664,4,False,False,False,True,False,False,False,False,False,False,0.0,0.8943975591887617
1586,1599,0.08,0.24,1.41,0.01,0.01,0.0,0.0,0.0,0.0,1.06,0.0,0.0,484,5.0,89,4.89,4.66,4.94,0.0,0.0,0.0,170.2316436767578,21.607946395874023,1,1,1.0,200,250,14.0,485.6664123535156,565.43115234375,25.66042709350586,74.8598403930664,269.15,100.0,0,False,False,False,True,False,False,False,False,False,False,0.0,0.8898440336267674
1587,1600,0.08,0.24,1.41,0.01,0.01,0.0,0.0,0.0,0.0,1.06,0.0,0.0,484,5.0,89,4.66,3.04,2.27,0.0,0.0,0.0,170.2316436767578,21.607946395874023,1,1,1.0,200,250,14.0,464.0158996582031,552.4033813476562,27.60442924499512,75.72362518310547,225.15,28.0,0,False,False,False,True,False,False,False,False,False,False,2.0,0.9957947588466616
1588,1601,0.07,0.22,1.36,0.01,0.01,0.0,0.0,0.0,0.0,1.63,0.0,0.0,484,5.0,110,4.94,2.32,4.8,0.0,0.0,0.0,170.2316436767578,21.607946395874023,1,1,1.0,200,250,14.0,559.0,638.0,23.2,70.8,,98.7689437866211,4,False,False,False,True,False,False,False,False,False,False,0.0,0.8542507241189368
1589,1602,0.07,0.22,1.36,0.01,0.01,0.0,0.0,0.0,0.0,1.63,0.0,0.0,484,5.0,110,2.7,4.61,4.79,0.0,0.0,0.0,170.2316436767578,21.607946395874023,1,1,1.0,200,250,14.0,551.5872802734375,626.9534912109375,26.38016891479492,72.2196044921875,296.15,100.0,0,False,False,False,True,False,False,False,False,False,False,0.0,0.9190183653210813
1590,1603,0.07,0.22,1.36,0.01,0.01,0.0,0.0,0.0,0.0,1.63,0.0,0.0,484,5.0,110,4.83,4.91,4.82,0.0,0.0,0.0,170.2316436767578,21.607946395874023,1,1,1.0,200,250,14.0,543.128173828125,607.2221069335938,26.775209426879883,73.565185546875,243.15,28.0,0,False,False,False,True,False,False,False,False,False,False,2.0,0.8619744426720021
1591,1604,0.07,0.28,1.46,0.01,0.01,0.0,0.0,0.0,0.0,0.0,0.0,0.0,443,35.0,79,4.66,4.95,2.71,0.0,0.0,0.0,170.2316436767578,21.607946395874023,1,1,1.0,200,250,14.0,460.0,533.0,27.6,78.9,,107.98351287841795,4,False,False,False,True,False,False,False,False,False,False,0.0,0.6857193448545944
1592,1605,0.07,0.28,1.46,0.01,0.01,0.0,0.0,0.0,0.0,0.0,0.0,0.0,443,35.0,79,2.73,4.96,4.87,0.0,0.0,0.0,170.2316436767578,21.607946395874023,1,1,1.0,200,250,14.0,439.89398193359375,521.9877319335938,28.51137351989746,78.99143981933594,205.15,100.0,0,False,False,False,True,False,False,False,False,False,False,0.0,0.7735256234775898
1593,1606,0.07,0.28,1.46,0.01,0.01,0.0,0.0,0.0,0.0,0.0,0.0,0.0,443,35.0,79,4.97,4.97,4.71,0.0,0.0,0.0,170.2316436767578,21.607946395874023,1,1,1.0,200,250,14.0,442.6366271972656,522.3084106445312,29.127315521240234,78.92957305908203,185.15,28.0,0,False,False,False,True,False,False,False,False,False,False,2.0,0.9991719109373828
1594,1607,0.08,0.25,1.48,0.01,0.01,0.95,0.0,0.0,0.0,0.0,0.0,0.0,417,33.0,81,2.69,4.94,4.75,0.0,0.0,0.0,170.2316436767578,21.607946395874023,1,1,1.0,200,250,14.0,498.0,551.0,27.2,78.9,,107.18145751953124,4,False,False,False,True,False,False,False,False,False,False,0.0,0.781455261468158
1595,1608,0.08,0.25,1.48,0.01,0.01,0.95,0.0,0.0,0.0,0.0,0.0,0.0,417,33.0,81,4.82,4.65,4.93,0.0,0.0,0.0,170.2316436767578,21.607946395874023,1,1,1.0,200,250,14.0,495.1629638671875,548.7525634765625,26.947784423828125,77.193359375,211.15,100.0,0,False,False,False,True,False,False,False,False,False,False,0.0,0.855193109486664
1596,1609,0.08,0.25,1.48,0.01,0.01,0.95,0.0,0.0,0.0,0.0,0.0,0.0,417,33.0,81,4.76,4.92,2.44,0.0,0.0,0.0,170.2316436767578,21.607946395874023,1,1,1.0,200,250,14.0,482.2548828125,543.3131713867188,27.47683525085449,75.6836166381836,179.14999999999998,28.0,0,False,False,False,True,False,False,False,False,False,False,2.0,0.994731863275878
1597,1610,0.07,0.27,1.46,0.01,0.01,2.24,0.0,0.0,0.0,0.0,0.0,0.0,436,34.0,78,4.83,4.82,1.79,0.0,0.0,0.0,170.2316436767578,21.607946395874023,1,1,1.0,200,250,14.0,555.0,622.0,25.6,78.0,,106.48706817626952,4,False,False,False,True,False,False,False,False,False,False,0.0,0.9165767017695808
1598,1611,0.07,0.27,1.46,0.01,0.01,2.24,0.0,0.0,0.0,0.0,0.0,0.0,436,34.0,78,2.78,4.69,4.97,0.0,0.0,0.0,170.2316436767578,21.607946395874023,1,1,1.0,200,250,14.0,518.18212890625,592.4672241210938,26.476337432861328,76.62532043457031,215.15,100.0,0,False,False,False,True,False,False,False,False,False,False,0.0,0.9110903565513937
1599,1612,0.07,0.27,1.46,0.01,0.01,2.24,0.0,0.0,0.0,0.0,0.0,0.0,436,34.0,78,2.9,2.43,4.76,0.0,0.0,0.0,170.2316436767578,21.607946395874023,1,1,1.0,200,250,14.0,522.7484130859375,594.2918090820312,26.649946212768555,69.80419158935547,171.14999999999998,28.0,0,False,False,False,True,False,False,False,False,False,False,2.0,0.8663261006500325
1600,1613,0.08,0.26,1.46,0.01,0.01,3.15,0.0,0.0,0.0,0.0,0.0,0.0,418,32.0,72,5.0,4.97,2.93,0.0,0.0,0.0,170.2316436767578,21.607946395874023,1,1,1.0,200,250,14.0,604.0,680.0,20.0,71.9,,110.7281265258789,4,False,False,False,True,False,False,False,False,False,False,0.0,0.7128863172831899
1601,1614,0.08,0.26,1.46,0.01,0.01,3.15,0.0,0.0,0.0,0.0,0.0,0.0,418,32.0,72,4.79,4.55,4.68,0.0,0.0,0.0,170.2316436767578,21.607946395874023,1,1,1.0,200,250,14.0,575.4332275390625,654.4347534179688,22.72058486938477,72.9004898071289,224.15,100.0,0,False,False,False,True,False,False,False,False,False,False,0.0,0.8658537469389525
1602,1615,0.08,0.26,1.46,0.01,0.01,3.15,0.0,0.0,0.0,0.0,0.0,0.0,418,32.0,72,4.95,4.87,4.81,0.0,0.0,0.0,170.2316436767578,21.607946395874023,1,1,1.0,200,250,14.0,569.2005615234375,654.1839599609375,22.8629207611084,61.02377700805664,178.14999999999998,28.0,0,False,False,False,True,False,False,False,False,False,False,3.0,0.8336434858098086
1603,1616,0.08,0.26,1.49,0.01,0.01,0.0,0.0,0.25,4.98,0.0,0.0,0.0,412,34.0,89,4.84,4.92,2.65,0.0,0.0,0.0,170.2316436767578,21.607946395874023,1,1,1.0,200,250,14.0,560.0,600.0,25.0,77.0,,100.04869079589844,4,False,False,False,True,False,False,False,False,False,False,0.0,0.92995891351236
1604,1617,0.08,0.26,1.49,0.01,0.01,0.0,0.0,0.25,4.86,0.0,0.0,0.0,412,34.0,89,2.96,4.88,4.89,0.0,0.0,0.0,170.2316436767578,21.607946395874023,1,1,1.0,200,250,14.0,574.8471069335938,610.2166137695312,24.256858825683597,75.36286926269531,204.15,100.0,0,False,False,False,True,False,False,False,False,False,False,0.0,0.9195931684975299
1605,1618,0.08,0.26,1.49,0.01,0.01,0.0,0.0,0.25,2.93,0.0,0.0,0.0,412,34.0,89,4.8,4.66,4.82,0.0,0.0,0.0,170.2316436767578,21.607946395874023,1,1,1.0,200,250,14.0,572.2551879882812,609.8067016601562,25.24619674682617,75.44110870361328,187.15,28.0,0,False,False,False,True,False,False,False,False,False,False,2.0,0.6970748318135208
1606,1619,0.08,0.26,1.46,0.01,0.01,0.0,0.0,0.5,4.54,0.0,0.0,0.0,429,31.0,86,4.92,4.97,4.64,0.0,0.0,0.0,170.2316436767578,21.607946395874023,1,1,1.0,200,250,14.0,596.0,642.0,21.0,74.0,,102.11227416992188,4,False,False,False,True,False,False,False,False,False,False,0.0,0.8712486253209875
1607,1620,0.08,0.26,1.46,0.01,0.01,0.0,0.0,0.5,4.79,0.0,0.0,0.0,429,31.0,86,4.83,3.05,4.69,0.0,0.0,0.0,170.2316436767578,21.607946395874023,1,1,1.0,200,250,14.0,607.149169921875,648.7498779296875,22.56780815124512,74.20706939697266,217.15,100.0,0,False,False,False,True,False,False,False,False,False,False,0.0,0.8592271059397322
1608,1621,0.08,0.26,1.46,0.01,0.01,0.0,0.0,0.5,4.84,0.0,0.0,0.0,429,31.0,86,4.77,4.77,2.44,0.0,0.0,0.0,170.2316436767578,21.607946395874023,1,1,1.0,200,250,14.0,605.07470703125,648.088623046875,22.791318893432617,73.48329162597656,183.15,28.0,0,False,False,False,True,False,False,False,False,False,False,3.0,0.8291461325136411
1609,1622,0.08,0.25,1.44,0.01,0.01,0.0,0.0,1.07,4.93,0.0,0.0,0.0,432,31.0,83,4.68,2.9,5.0,0.0,0.0,0.0,170.2316436767578,21.607946395874023,1,1,1.0,200,250,14.0,650.0,720.0,20.0,70.8,,102.14681243896484,4,False,False,False,True,False,False,False,False,False,False,0.0,0.7337319396708548
1610,1623,0.08,0.25,1.44,0.01,0.01,0.0,0.0,1.07,2.59,0.0,0.0,0.0,432,31.0,83,4.74,4.85,4.88,0.0,0.0,0.0,170.2316436767578,21.607946395874023,1,1,1.0,200,250,14.0,635.7636108398438,688.2098999023438,19.386682510375977,71.29711151123047,234.15,100.0,0,False,False,False,True,False,False,False,False,False,False,0.0,0.7316266218378732
1611,1624,0.08,0.25,1.44,0.01,0.01,0.0,0.0,1.07,4.85,0.0,0.0,0.0,432,31.0,83,4.81,2.76,4.92,0.0,0.0,0.0,170.2316436767578,21.607946395874023,1,1,1.0,200,250,14.0,635.1189575195312,696.8831787109375,21.02117156982422,71.21570587158203,188.15,28.0,0,False,False,False,True,False,False,False,False,False,False,3.0,0.726693601534745
1612,1625,0.08,0.3,1.56,0.01,0.01,0.0,1.03,0.0,0.0,0.0,0.0,0.0,431,27.0,98,4.8,2.44,4.59,0.0,0.0,0.0,170.2316436767578,21.607946395874023,1,1,1.0,200,250,14.0,624.0,672.0,20.0,73.0,,106.707275390625,4,False,False,False,True,False,False,False,False,False,False,0.0,0.8079108710792521
1613,1626,0.08,0.3,1.56,0.01,0.01,0.0,1.03,0.0,0.0,0.0,0.0,0.0,431,27.0,98,3.08,4.86,2.92,0.0,0.0,0.0,170.2316436767578,21.607946395874023,1,1,1.0,200,250,14.0,559.0403442382812,640.0028076171875,21.54571914672852,74.6144790649414,215.15,100.0,0,False,False,False,True,False,False,False,False,False,False,0.0,0.8850602791660344
1614,1627,0.08,0.3,1.56,0.01,0.01,0.0,1.03,0.0,0.0,0.0,0.0,0.0,431,27.0,98,4.85,4.86,2.9,0.0,0.0,0.0,170.2316436767578,21.607946395874023,1,1,1.0,200,250,14.0,553.9530639648438,638.2329711914062,21.76294708251953,74.53024291992188,189.15,28.0,0,False,False,False,True,False,False,False,False,False,False,3.0,0.6938537548875913
1615,1628,0.07,0.29,1.53,0.01,0.01,0.0,1.53,0.0,0.0,0.0,0.0,0.0,438,27.0,79,4.92,2.88,4.81,0.0,0.0,0.0,170.2316436767578,21.607946395874023,1,1,1.0,200,250,14.0,650.0,710.0,18.4,73.0,,105.570068359375,4,False,False,False,True,False,False,False,False,False,False,0.0,0.7484288857966015
1616,1629,0.07,0.29,1.53,0.01,0.01,0.0,1.53,0.0,0.0,0.0,0.0,0.0,438,27.0,79,4.73,4.67,2.24,0.0,0.0,0.0,170.2316436767578,21.607946395874023,1,1,1.0,200,250,14.0,619.4667358398438,663.4733276367188,19.85492706298828,72.48829650878906,235.15,100.0,0,False,False,False,True,False,False,False,False,False,False,0.0,0.7889271857461478
1617,1630,0.07,0.29,1.53,0.01,0.01,0.0,1.53,0.0,0.0,0.0,0.0,0.0,438,27.0,79,4.96,4.66,4.7,0.0,0.0,0.0,170.2316436767578,21.607946395874023,1,1,1.0,200,250,14.0,610.203369140625,638.1578369140625,20.857192993164062,72.52872467041016,194.15,28.0,0,False,False,False,True,False,False,False,False,False,False,3.0,0.8502339181379478
1618,1631,0.08,0.29,1.48,0.01,0.01,0.0,1.96,0.0,0.0,0.0,0.0,0.0,438,28.0,82,4.92,4.79,4.78,0.0,0.0,0.0,170.2316436767578,21.607946395874023,1,1,1.0,200,250,14.0,706.0,772.0,16.0,67.5,,102.47679138183594,4,False,False,False,True,False,False,False,False,False,False,1.0,0.643087983884453
1619,1632,0.08,0.29,1.48,0.01,0.01,0.0,1.96,0.0,0.0,0.0,0.0,0.0,438,28.0,82,5.0,2.7,4.72,0.0,0.0,0.0,170.2316436767578,21.607946395874023,1,1,1.0,200,250,14.0,669.230224609375,707.580810546875,18.53753662109375,71.13455200195312,267.15,100.0,0,False,False,False,True,False,False,False,False,False,False,0.0,0.6476904421112819
1620,1633,0.08,0.29,1.48,0.01,0.01,0.0,1.96,0.0,0.0,0.0,0.0,0.0,438,28.0,82,4.65,3.02,4.78,0.0,0.0,0.0,170.2316436767578,21.607946395874023,1,1,1.0,200,250,14.0,668.1741943359375,691.3648071289062,19.905183792114254,71.51205444335938,203.15,28.0,0,False,False,False,True,False,False,False,False,False,False,3.0,0.6014180379006591
1621,1634,0.08,0.27,1.48,0.01,0.01,0.0,0.0,0.0,0.0,0.53,0.0,0.0,454,22.0,81,4.68,2.79,4.58,0.0,0.0,0.0,170.2316436767578,21.607946395874023,1,1,1.0,200,250,14.0,495.0,557.0,27.6,78.9,,103.69251251220705,4,False,False,False,True,False,False,False,False,False,False,0.0,0.8396873577818846
1622,1635,0.08,0.27,1.48,0.01,0.01,0.0,0.0,0.0,0.0,0.53,0.0,0.0,454,22.0,81,4.91,4.94,3.21,0.0,0.0,0.0,170.2316436767578,21.607946395874023,1,1,1.0,200,250,14.0,464.2132568359375,530.4977416992188,27.82187843322754,78.39193725585938,216.15,100.0,0,False,False,False,True,False,False,False,False,False,False,0.0,0.7979564896039073
1623,1636,0.08,0.27,1.48,0.01,0.01,0.0,0.0,0.0,0.0,0.53,0.0,0.0,454,22.0,81,4.96,4.75,4.66,0.0,0.0,0.0,170.2316436767578,21.607946395874023,1,1,1.0,200,250,14.0,465.3844299316406,530.5464477539062,28.00163459777832,77.80574798583984,180.15,28.0,0,False,False,False,True,False,False,False,False,False,False,2.0,0.9980983393527864
1624,1637,0.08,0.25,1.43,0.01,0.01,0.0,0.0,0.0,0.0,1.08,0.0,0.0,456,19.0,92,4.85,4.86,4.59,0.0,0.0,0.0,170.2316436767578,21.607946395874023,1,1,1.0,200,250,14.0,487.0,563.0,27.4,77.4,,109.09064483642578,4,False,False,False,True,False,False,False,False,False,False,0.0,0.7400708137284442
1625,1638,0.08,0.25,1.43,0.01,0.01,0.0,0.0,0.0,0.0,1.08,0.0,0.0,456,19.0,92,4.66,4.83,4.8,0.0,0.0,0.0,170.2316436767578,21.607946395874023,1,1,1.0,200,250,14.0,482.663818359375,548.9952392578125,27.44334983825684,77.26288604736328,225.15,100.0,0,False,False,False,True,False,False,False,False,False,False,0.0,0.837080650702357
1626,1639,0.08,0.25,1.43,0.01,0.01,0.0,0.0,0.0,0.0,1.08,0.0,0.0,456,19.0,92,3.07,3.04,4.6,0.0,0.0,0.0,170.2316436767578,21.607946395874023,1,1,1.0,200,250,14.0,463.14837646484375,551.27490234375,27.805253982543945,76.80038452148438,188.15,28.0,0,False,False,False,True,False,False,False,False,False,False,2.0,0.9967670055604348
1627,1640,0.07,0.25,1.37,0.01,0.01,0.0,0.0,0.0,0.0,1.6,0.0,0.0,475,23.0,75,4.47,2.69,4.85,0.0,0.0,0.0,170.2316436767578,21.607946395874023,1,1,1.0,200,250,14.0,570.0,625.0,25.8,75.0,,107.02886199951172,4,False,False,False,True,False,False,False,False,False,False,0.0,0.9141680003756107
1628,1641,0.07,0.25,1.37,0.01,0.01,0.0,0.0,0.0,0.0,1.6,0.0,0.0,475,23.0,75,4.59,4.96,4.67,0.0,0.0,0.0,170.2316436767578,21.607946395874023,1,1,1.0,200,250,14.0,550.7177124023438,611.6992797851562,26.372493743896484,73.6207275390625,258.15,100.0,0,False,False,False,True,False,False,False,False,False,False,0.0,0.9254421359315852
1629,1642,0.07,0.25,1.37,0.01,0.01,0.0,0.0,0.0,0.0,1.6,0.0,0.0,475,23.0,75,4.84,4.89,2.25,0.0,0.0,0.0,170.2316436767578,21.607946395874023,1,1,1.0,200,250,14.0,535.1162719726562,570.0310668945312,28.268434524536133,74.07575225830078,206.15,28.0,0,False,False,False,True,False,False,False,False,False,False,2.0,0.972318299789624
1630,1643,0.09,0.39,0.89,0.01,0.02,0.57,8.2,0.96,0.18,0.0,0.0,0.0,361,0.0,373,0.0,0.0,500.0,0.0,0.0,0.0,450.0,30.0,1,1,2.0,200,760,2.0,830.0,760.6574096679688,20.650968551635746,56.09502029418945,,85.67656707763672,1,False,False,False,False,False,False,True,False,False,False,1.0,0.9951745858576656
1631,1644,0.09,0.38,0.55,0.01,0.02,0.52,8.6,0.98,0.19,0.0,0.0,0.0,363,0.0,376,0.0,0.0,500.0,0.0,0.0,0.0,450.0,30.0,1,1,2.0,200,760,2.0,830.0,759.32373046875,21.038969039916992,57.4371337890625,,86.12950134277344,1,False,False,False,False,False,False,True,False,False,False,1.0,0.9930141101052278
1632,1645,0.1,0.39,1.63,0.01,0.02,0.79,8.6,0.98,0.2,0.0,0.0,0.0,330,0.0,390,0.0,0.0,500.0,0.0,0.0,0.0,450.0,30.0,1,1,2.0,200,760,2.0,825.0,771.2221069335938,20.723182678222656,54.65434265136719,,79.1153335571289,1,False,False,False,False,False,False,True,False,False,False,1.0,0.996650395826356
1633,1646,0.1,0.36,0.93,0.01,0.02,0.23,8.9,1.02,0.2,0.0,0.0,0.0,372,0.0,416,0.0,0.0,500.0,0.0,0.0,0.0,450.0,30.0,1,1,2.0,200,760,2.0,734.0,759.9087524414062,20.08275032043457,57.83847427368164,,87.78689575195312,1,False,False,False,False,False,False,True,False,False,False,1.0,0.9699774484189647
1634,1647,0.1,0.35,0.9,0.01,0.02,0.6,8.6,0.98,0.18,0.0,0.0,0.0,368,0.0,398,0.0,0.0,24.34,0.0,0.0,0.0,450.0,30.0,1,1,2.0,200,760,2.0,834.0,763.382568359375,20.20118904113769,58.69371795654297,,84.18619537353516,1,False,False,False,False,False,False,True,False,False,False,1.0,0.9946569447014306
1635,1648,0.09,0.36,0.88,0.01,0.02,0.57,8.4,0.94,0.19,0.0,0.0,0.0,441,0.0,394,0.0,0.0,1000.0,0.0,0.0,0.0,450.0,30.0,1,1,2.0,200,760,2.0,822.0,774.7659912109375,19.85190963745117,55.55249786376953,,88.69450378417969,1,False,False,False,False,False,False,True,False,False,False,1.0,0.9964951601346991
1636,1649,0.09,0.34,0.89,0.01,0.02,0.17,8.2,0.94,0.02,0.0,0.0,0.0,396,0.0,96,0.0,0.0,46.51,0.0,0.0,0.0,450.0,30.0,1,1,2.0,200,760,2.0,660.0,736.33544921875,22.805334091186523,63.20017623901367,,96.15360260009766,1,False,False,False,False,False,False,True,False,False,False,1.0,0.3913896993048001
1637,1650,0.09,0.35,0.9,0.01,0.02,0.54,8.4,0.97,0.17,0.0,0.0,0.0,426,0.0,99,0.0,0.0,500.0,0.0,0.0,0.0,450.0,30.0,1,1,2.0,200,760,2.0,832.0,750.5169677734375,21.513782501220703,60.10670852661133,,94.00951385498048,1,False,False,False,False,False,False,True,False,False,False,1.0,0.9619160726496097
1638,1651,0.18,0.39,0.88,0.01,0.02,0.18,10.2,0.94,0.28,0.0,0.0,0.0,327,0.0,103,0.0,0.0,49.26,0.0,0.0,0.0,450.0,30.0,1,1,2.0,200,760,2.0,739.7595825195312,748.0059204101562,23.02237701416016,60.01571273803711,,85.5689468383789,0,False,False,False,False,False,False,True,False,False,False,1.0,0.9019515421940012
