Carbon concentration (weight%),Silicon concentration (weight%),Manganese concentration (weight%),Sulphur concentration (weight%),Phosphorus concentration (weight%),Nickel concentration (weight%),Chromium concentration (weight%),Molybdenum concentration (weight%),Vanadium concentration (weight%),Copper concentration (weight%),Oxygen concentration (ppm by weight),Titanium concentration (ppm by weight),Nitrogen concentration (ppm by weight),Aluminium concentration (ppm by weight),Boron concentration (ppm by weight),Niobium concentration (ppm by weight),Current (A),Voltage (V),AC or DC,Electrode polarity (positive or negative),Heat input (kJmm-1),Interpass temperature (°C),Type of weld,Post weld heat treatment temperature (°C),Post weld heat treatment time (hours),Yield strength (MPa),Ultimate tensile strength (MPa),Elongation (%),Reduction of Area (%),Charpy temperature (°C),Charpy impact toughness (J),Weld ID,Oxygen concentration (weight%),Titanium concentration (weight%),Nitrogen concentration (weight%),Aluminium concentration (weight%),Boron concentration (weight%),Niobium concentration (weight%)
0.037,0.3,0.65,0.008,0.012,0.0,0.0,0.0,0.0,0.0,0.0,0.0,0.0,0.0,0.0,0.0,170.0,21.0,1.0,1.0,1.0,200.0,MMA,250.0,14.0,392.0,466.0,31.9,80.6,,,Evans-Ni/CMn-1990/1991-0Aaw,0.0,0.0,0.0,0.0,0.0,0.0
0.037,0.3,0.65,0.008,0.012,0.0,0.0,0.0,0.0,0.0,0.0,0.0,0.0,0.0,0.0,0.0,170.0,21.0,1.0,1.0,1.0,200.0,MMA,0.0,0.0,,,,,-28.0,100.0,Evans-Ni/CMn-1990/1991-0Aawch,0.0,0.0,0.0,0.0,0.0,0.0
0.037,0.3,0.65,0.008,0.012,0.0,0.0,0.0,0.0,0.0,0.0,0.0,0.0,0.0,0.0,0.0,170.0,21.0,1.0,1.0,1.0,200.0,MMA,580.0,2.0,370.0,456.0,35.2,80.6,-38.0,100.0,Evans-Ni/CMn-1990/1991-0Aht,0.0,0.0,0.0,0.0,0.0,0.0
0.037,0.31,1.03,0.007,0.014,0.0,0.0,0.0,0.0,0.0,0.0,0.0,0.0,0.0,0.0,0.0,170.0,21.0,1.0,1.0,1.0,200.0,MMA,250.0,14.0,413.0,498.0,31.2,80.6,,,Evans-Ni/CMn-1990/1991-0Baw,0.0,0.0,0.0,0.0,0.0,0.0
0.037,0.31,1.03,0.007,0.014,0.0,0.0,0.0,0.0,0.0,0.0,0.0,0.0,0.0,0.0,0.0,170.0,21.0,1.0,1.0,1.0,200.0,MMA,0.0,0.0,,,,,-48.0,100.0,Evans-Ni/CMn-1990/1991-0Bawch,0.0,0.0,0.0,0.0,0.0,0.0
0.037,0.31,1.03,0.007,0.014,0.0,0.0,0.0,0.0,0.0,0.0,0.0,0.0,0.0,0.0,0.0,170.0,21.0,1.0,1.0,1.0,200.0,MMA,580.0,2.0,402.0,490.0,31.0,80.6,-44.0,100.0,Evans-Ni/CMn-1990/1991-0Bht,0.0,0.0,0.0,0.0,0.0,0.0
0.044,0.35,1.43,0.007,0.014,0.0,0.0,0.0,0.0,0.0,0.0,0.0,0.0,0.0,0.0,0.0,170.0,21.0,1.0,1.0,1.0,200.0,MMA,250.0,14.0,468.0,551.0,29.4,78.7,,,Evans-Ni/CMn-1990/1991-0Caw,0.0,0.0,0.0,0.0,0.0,0.0
0.044,0.35,1.43,0.007,0.014,0.0,0.0,0.0,0.0,0.0,0.0,0.0,0.0,0.0,0.0,0.0,170.0,21.0,1.0,1.0,1.0,200.0,MMA,0.0,0.0,,,,,-53.0,100.0,Evans-Ni/CMn-1990/1991-0Cawch,0.0,0.0,0.0,0.0,0.0,0.0
0.044,0.35,1.43,0.007,0.014,0.0,0.0,0.0,0.0,0.0,0.0,0.0,0.0,0.0,0.0,0.0,170.0,21.0,1.0,1.0,1.0,200.0,MMA,580.0,2.0,436.0,529.0,31.6,78.8,-58.0,100.0,Evans-Ni/CMn-1990/1991-0Cht,0.0,0.0,0.0,0.0,0.0,0.0
0.045,0.33,1.85,0.007,0.016,0.0,0.0,0.0,0.0,0.0,0.0,0.0,0.0,0.0,0.0,0.0,170.0,21.0,1.0,1.0,1.0,200.0,MMA,250.0,14.0,514.0,588.0,28.0,76.8,,,Evans-Ni/CMn-1990/1991-0Daw,0.0,0.0,0.0,0.0,0.0,0.0
0.045,0.33,1.85,0.007,0.016,0.0,0.0,0.0,0.0,0.0,0.0,0.0,0.0,0.0,0.0,0.0,170.0,21.0,1.0,1.0,1.0,200.0,MMA,0.0,0.0,,,,,-38.0,100.0,Evans-Ni/CMn-1990/1991-0Dawch,0.0,0.0,0.0,0.0,0.0,0.0
0.045,0.33,1.85,0.007,0.016,0.0,0.0,0.0,0.0,0.0,0.0,0.0,0.0,0.0,0.0,0.0,170.0,21.0,1.0,1.0,1.0,200.0,MMA,580.0,2.0,479.0,576.0,27.4,76.9,-40.0,100.0,Evans-Ni/CMn-1990/1991-0Dht,0.0,0.0,0.0,0.0,0.0,0.0
0.039,0.32,0.66,0.006,0.011,0.53,0.0,0.0,0.0,0.0,0.0,0.0,0.0,0.0,0.0,0.0,170.0,21.0,1.0,1.0,1.0,200.0,MMA,250.0,14.0,411.0,484.0,32.6,79.3,,,Evans-Ni/CMn-1990/1991-0.5Aaw,0.0,0.0,0.0,0.0,0.0,0.0
0.039,0.32,0.66,0.006,0.011,0.53,0.0,0.0,0.0,0.0,0.0,0.0,0.0,0.0,0.0,0.0,170.0,21.0,1.0,1.0,1.0,200.0,MMA,580.0,2.0,401.0,475.0,34.2,80.6,,,Evans-Ni/CMn-1990/1991-0.5Aht,0.0,0.0,0.0,0.0,0.0,0.0
0.041,0.33,1.01,0.006,0.011,0.49,0.0,0.0,0.0,0.0,0.0,0.0,0.0,0.0,0.0,0.0,170.0,21.0,1.0,1.0,1.0,200.0,MMA,250.0,14.0,464.0,522.0,29.6,77.8,,,Evans-Ni/CMn-1990/1991-0.5Baw,0.0,0.0,0.0,0.0,0.0,0.0
0.041,0.33,1.01,0.006,0.011,0.49,0.0,0.0,0.0,0.0,0.0,0.0,0.0,0.0,0.0,0.0,170.0,21.0,1.0,1.0,1.0,200.0,MMA,0.0,0.0,,,,,,,Evans-Ni/CMn-1990/1991-0.5Bawmic,0.0,0.0,0.0,0.0,0.0,0.0
0.041,0.33,1.01,0.006,0.011,0.49,0.0,0.0,0.0,0.0,0.0,0.0,0.0,0.0,0.0,0.0,170.0,21.0,1.0,1.0,1.0,200.0,MMA,580.0,2.0,426.0,506.0,31.6,79.7,,,Evans-Ni/CMn-1990/1991-0.5Bht,0.0,0.0,0.0,0.0,0.0,0.0
0.051,0.32,1.4,0.007,0.014,0.47,0.0,0.0,0.0,0.0,0.0,0.0,0.0,0.0,0.0,0.0,170.0,21.0,1.0,1.0,1.0,200.0,MMA,250.0,14.0,509.0,568.0,28.6,76.9,,,Evans-Ni/CMn-1990/1991-0.5Caw,0.0,0.0,0.0,0.0,0.0,0.0
0.051,0.32,1.4,0.007,0.014,0.47,0.0,0.0,0.0,0.0,0.0,0.0,0.0,0.0,0.0,0.0,170.0,21.0,1.0,1.0,1.0,200.0,MMA,580.0,2.0,450.0,536.0,28.2,78.8,,,Evans-Ni/CMn-1990/1991-0.5Cht,0.0,0.0,0.0,0.0,0.0,0.0
0.049,0.33,1.85,0.006,0.014,0.51,0.0,0.0,0.0,0.0,0.0,0.0,0.0,0.0,0.0,0.0,170.0,21.0,1.0,1.0,1.0,200.0,MMA,250.0,14.0,547.0,618.0,26.0,74.9,,,Evans-Ni/CMn-1990/1991-0.5Daw,0.0,0.0,0.0,0.0,0.0,0.0
0.049,0.33,1.85,0.006,0.014,0.51,0.0,0.0,0.0,0.0,0.0,0.0,0.0,0.0,0.0,0.0,170.0,21.0,1.0,1.0,1.0,200.0,MMA,0.0,0.0,,,,,,,Evans-Ni/CMn-1990/1991-0.5Dawmic,0.0,0.0,0.0,0.0,0.0,0.0
0.049,0.33,1.85,0.006,0.014,0.51,0.0,0.0,0.0,0.0,0.0,0.0,0.0,0.0,0.0,0.0,170.0,21.0,1.0,1.0,1.0,200.0,MMA,580.0,2.0,526.0,612.0,26.8,72.9,,,Evans-Ni/CMn-1990/1991-0.5Dht,0.0,0.0,0.0,0.0,0.0,0.0
0.038,0.31,0.63,0.007,0.012,1.09,0.0,0.0,0.0,0.0,0.0,0.0,0.0,0.0,0.0,0.0,170.0,21.0,1.0,1.0,1.0,200.0,MMA,250.0,14.0,423.0,497.0,30.6,78.8,,,Evans-Ni/CMn-1990/1991-1Aaw,0.0,0.0,0.0,0.0,0.0,0.0
0.038,0.31,0.63,0.007,0.012,1.09,0.0,0.0,0.0,0.0,0.0,0.0,0.0,0.0,0.0,0.0,170.0,21.0,1.0,1.0,1.0,200.0,MMA,0.0,0.0,,,,,-38.0,100.0,Evans-Ni/CMn-1990/1991-1Aawch,0.0,0.0,0.0,0.0,0.0,0.0
0.038,0.31,0.63,0.007,0.012,1.09,0.0,0.0,0.0,0.0,0.0,0.0,0.0,0.0,0.0,0.0,170.0,21.0,1.0,1.0,1.0,200.0,MMA,580.0,2.0,411.0,493.0,33.6,79.7,-40.0,100.0,Evans-Ni/CMn-1990/1991-1Aht,0.0,0.0,0.0,0.0,0.0,0.0
0.043,0.33,1.0,0.006,0.013,1.1,0.0,0.0,0.0,0.0,0.0,0.0,0.0,0.0,0.0,0.0,170.0,21.0,1.0,1.0,1.0,200.0,MMA,250.0,14.0,475.0,541.0,29.6,77.9,,,Evans-Ni/CMn-1990/1991-1Baw,0.0,0.0,0.0,0.0,0.0,0.0
0.043,0.33,1.0,0.006,0.013,1.1,0.0,0.0,0.0,0.0,0.0,0.0,0.0,0.0,0.0,0.0,170.0,21.0,1.0,1.0,1.0,200.0,MMA,0.0,0.0,,,,,-55.0,100.0,Evans-Ni/CMn-1990/1991-1Bawch,0.0,0.0,0.0,0.0,0.0,0.0
0.043,0.33,1.0,0.006,0.013,1.1,0.0,0.0,0.0,0.0,0.0,0.0,0.0,0.0,0.0,0.0,170.0,21.0,1.0,1.0,1.0,200.0,MMA,580.0,2.0,443.0,521.0,31.8,77.8,-51.0,100.0,Evans-Ni/CMn-1990/1991-1Bht,0.0,0.0,0.0,0.0,0.0,0.0
0.049,0.35,1.37,0.007,0.013,1.06,0.0,0.0,0.0,0.0,0.0,0.0,0.0,0.0,0.0,0.0,170.0,21.0,1.0,1.0,1.0,200.0,MMA,250.0,14.0,498.0,569.0,28.4,78.8,,,Evans-Ni/CMn-1990/1991-1Caw,0.0,0.0,0.0,0.0,0.0,0.0
0.049,0.35,1.37,0.007,0.013,1.06,0.0,0.0,0.0,0.0,0.0,0.0,0.0,0.0,0.0,0.0,170.0,21.0,1.0,1.0,1.0,200.0,MMA,0.0,0.0,,,,,-58.0,100.0,Evans-Ni/CMn-1990/1991-1Cawch,0.0,0.0,0.0,0.0,0.0,0.0
0.049,0.35,1.37,0.007,0.013,1.06,0.0,0.0,0.0,0.0,0.0,0.0,0.0,0.0,0.0,0.0,170.0,21.0,1.0,1.0,1.0,200.0,MMA,580.0,2.0,470.0,557.0,30.2,76.0,-20.0,100.0,Evans-Ni/CMn-1990/1991-1Cht,0.0,0.0,0.0,0.0,0.0,0.0
0.053,0.35,1.83,0.007,0.012,1.06,0.0,0.0,0.0,0.0,0.0,0.0,0.0,0.0,0.0,0.0,170.0,21.0,1.0,1.0,1.0,200.0,MMA,250.0,14.0,566.0,641.0,26.4,76.0,,,Evans-Ni/CMn-1990/1991-1Daw,0.0,0.0,0.0,0.0,0.0,0.0
0.053,0.35,1.83,0.007,0.012,1.06,0.0,0.0,0.0,0.0,0.0,0.0,0.0,0.0,0.0,0.0,170.0,21.0,1.0,1.0,1.0,200.0,MMA,0.0,0.0,,,,,-39.0,100.0,Evans-Ni/CMn-1990/1991-1Dawch,0.0,0.0,0.0,0.0,0.0,0.0
0.053,0.35,1.83,0.007,0.012,1.06,0.0,0.0,0.0,0.0,0.0,0.0,0.0,0.0,0.0,0.0,170.0,21.0,1.0,1.0,1.0,200.0,MMA,580.0,2.0,521.0,612.0,26.0,74.0,1.0,100.0,Evans-Ni/CMn-1990/1991-1Dht,0.0,0.0,0.0,0.0,0.0,0.0
0.041,0.3,0.62,0.007,0.01,2.38,0.0,0.0,0.0,0.0,0.0,0.0,0.0,0.0,0.0,0.0,170.0,21.0,1.0,1.0,1.0,200.0,MMA,250.0,14.0,466.0,538.0,30.6,77.8,,,Evans-Ni/CMn-1990/1991-2.25Aaw,0.0,0.0,0.0,0.0,0.0,0.0
0.041,0.3,0.62,0.007,0.01,2.38,0.0,0.0,0.0,0.0,0.0,0.0,0.0,0.0,0.0,0.0,170.0,21.0,1.0,1.0,1.0,200.0,MMA,0.0,0.0,,,,,-50.0,100.0,Evans-Ni/CMn-1990/1991-2.25Aawch,0.0,0.0,0.0,0.0,0.0,0.0
0.041,0.3,0.62,0.007,0.01,2.38,0.0,0.0,0.0,0.0,0.0,0.0,0.0,0.0,0.0,0.0,170.0,21.0,1.0,1.0,1.0,200.0,MMA,580.0,2.0,431.0,518.0,32.2,76.9,-41.0,100.0,Evans-Ni/CMn-1990/1991-2.25Aht,0.0,0.0,0.0,0.0,0.0,0.0
0.044,0.31,0.96,0.006,0.013,2.38,0.0,0.0,0.0,0.0,0.0,0.0,0.0,0.0,0.0,0.0,170.0,21.0,1.0,1.0,1.0,200.0,MMA,250.0,14.0,489.0,567.0,30.6,76.9,,,Evans-Ni/CMn-1990/1991-2.25Baw,0.0,0.0,0.0,0.0,0.0,0.0
0.044,0.31,0.96,0.006,0.013,2.38,0.0,0.0,0.0,0.0,0.0,0.0,0.0,0.0,0.0,0.0,170.0,21.0,1.0,1.0,1.0,200.0,MMA,0.0,0.0,,,,,-59.0,100.0,Evans-Ni/CMn-1990/1991-2.25Bawch,0.0,0.0,0.0,0.0,0.0,0.0
0.044,0.31,0.96,0.006,0.013,2.38,0.0,0.0,0.0,0.0,0.0,0.0,0.0,0.0,0.0,0.0,170.0,21.0,1.0,1.0,1.0,200.0,MMA,580.0,2.0,481.0,561.0,29.1,76.9,-44.0,100.0,Evans-Ni/CMn-1990/1991-2.25Bht,0.0,0.0,0.0,0.0,0.0,0.0
0.049,0.32,1.41,0.007,0.014,2.32,0.0,0.0,0.0,0.0,0.0,0.0,0.0,0.0,0.0,0.0,170.0,21.0,1.0,1.0,1.0,200.0,MMA,250.0,14.0,567.0,635.0,23.6,72.7,,,Evans-Ni/CMn-1990/1991-2.25Caw,0.0,0.0,0.0,0.0,0.0,0.0
0.049,0.32,1.41,0.007,0.014,2.32,0.0,0.0,0.0,0.0,0.0,0.0,0.0,0.0,0.0,0.0,170.0,21.0,1.0,1.0,1.0,200.0,MMA,0.0,0.0,,,,,-38.0,100.0,Evans-Ni/CMn-1990/1991-2.25Cawch,0.0,0.0,0.0,0.0,0.0,0.0
0.049,0.32,1.41,0.007,0.014,2.32,0.0,0.0,0.0,0.0,0.0,0.0,0.0,0.0,0.0,0.0,170.0,21.0,1.0,1.0,1.0,200.0,MMA,580.0,2.0,530.0,615.0,26.6,73.0,-20.0,100.0,Evans-Ni/CMn-1990/1991-2.25Cht,0.0,0.0,0.0,0.0,0.0,0.0
0.046,0.32,1.81,0.007,0.015,2.33,0.0,0.0,0.0,0.0,0.0,0.0,0.0,0.0,0.0,0.0,170.0,21.0,1.0,1.0,1.0,200.0,MMA,250.0,14.0,621.0,684.0,23.5,73.9,,,Evans-Ni/CMn-1990/1991-2.25Daw,0.0,0.0,0.0,0.0,0.0,0.0
0.046,0.32,1.81,0.007,0.015,2.33,0.0,0.0,0.0,0.0,0.0,0.0,0.0,0.0,0.0,0.0,170.0,21.0,1.0,1.0,1.0,200.0,MMA,0.0,0.0,,,,,-30.0,100.0,Evans-Ni/CMn-1990/1991-2.25Dawch,0.0,0.0,0.0,0.0,0.0,0.0
0.046,0.32,1.81,0.007,0.015,2.33,0.0,0.0,0.0,0.0,0.0,0.0,0.0,0.0,0.0,0.0,170.0,21.0,1.0,1.0,1.0,200.0,MMA,580.0,2.0,574.0,665.0,26.4,70.7,,,Evans-Ni/CMn-1990/1991-2.25Dht,0.0,0.0,0.0,0.0,0.0,0.0
0.037,0.3,0.65,0.009,0.011,3.5,0.0,0.0,0.0,0.0,0.0,0.0,0.0,0.0,0.0,0.0,170.0,21.0,1.0,1.0,1.0,200.0,MMA,250.0,14.0,479.0,561.0,30.4,76.6,,,Evans-Ni/CMn-1990/1991-3.5Aaw,0.0,0.0,0.0,0.0,0.0,0.0
0.037,0.3,0.65,0.009,0.011,3.5,0.0,0.0,0.0,0.0,0.0,0.0,0.0,0.0,0.0,0.0,170.0,21.0,1.0,1.0,1.0,200.0,MMA,0.0,0.0,,,,,-26.0,100.0,Evans-Ni/CMn-1990/1991-3.5Aawch,0.0,0.0,0.0,0.0,0.0,0.0
0.037,0.3,0.65,0.009,0.011,3.5,0.0,0.0,0.0,0.0,0.0,0.0,0.0,0.0,0.0,0.0,170.0,21.0,1.0,1.0,1.0,200.0,MMA,580.0,2.0,482.0,560.0,31.4,48.8,-63.0,100.0,Evans-Ni/CMn-1990/1991-3.5Aht,0.0,0.0,0.0,0.0,0.0,0.0
0.041,0.31,0.98,0.008,0.012,3.46,0.0,0.0,0.0,0.0,0.0,0.0,0.0,0.0,0.0,0.0,170.0,21.0,1.0,1.0,1.0,200.0,MMA,250.0,14.0,525.0,605.0,27.6,76.0,,,Evans-Ni/CMn-1990/1991-3.5Baw,0.0,0.0,0.0,0.0,0.0,0.0
0.041,0.31,0.98,0.008,0.012,3.46,0.0,0.0,0.0,0.0,0.0,0.0,0.0,0.0,0.0,0.0,170.0,21.0,1.0,1.0,1.0,200.0,MMA,0.0,0.0,,,,,-48.0,100.0,Evans-Ni/CMn-1990/1991-3.5Bawch,0.0,0.0,0.0,0.0,0.0,0.0
0.041,0.31,0.98,0.008,0.012,3.46,0.0,0.0,0.0,0.0,0.0,0.0,0.0,0.0,0.0,0.0,170.0,21.0,1.0,1.0,1.0,200.0,MMA,580.0,2.0,521.0,599.0,28.4,74.0,-38.0,100.0,Evans-Ni/CMn-1990/1991-3.5Bht,0.0,0.0,0.0,0.0,0.0,0.0
0.048,0.33,1.4,0.007,0.013,3.47,0.0,0.0,0.0,0.0,0.0,0.0,0.0,0.0,0.0,0.0,170.0,21.0,1.0,1.0,1.0,200.0,MMA,250.0,14.0,621.0,682.0,25.4,72.9,,,Evans-Ni/CMn-1990/1991-3.5Caw,0.0,0.0,0.0,0.0,0.0,0.0
0.048,0.33,1.4,0.007,0.013,3.47,0.0,0.0,0.0,0.0,0.0,0.0,0.0,0.0,0.0,0.0,170.0,21.0,1.0,1.0,1.0,200.0,MMA,0.0,0.0,,,,,-18.0,100.0,Evans-Ni/CMn-1990/1991-3.5Cawch,0.0,0.0,0.0,0.0,0.0,0.0
0.048,0.33,1.4,0.007,0.013,3.47,0.0,0.0,0.0,0.0,0.0,0.0,0.0,0.0,0.0,0.0,170.0,21.0,1.0,1.0,1.0,200.0,MMA,580.0,2.0,584.0,677.0,26.6,70.8,56.0,100.0,Evans-Ni/CMn-1990/1991-3.5Cht,0.0,0.0,0.0,0.0,0.0,0.0
0.051,0.36,1.79,0.007,0.013,3.42,0.0,0.0,0.0,0.0,0.0,0.0,0.0,0.0,0.0,0.0,170.0,21.0,1.0,1.0,1.0,200.0,MMA,250.0,14.0,692.0,753.0,22.2,69.7,,,Evans-Ni/CMn-1990/1991-3.5Daw,0.0,0.0,0.0,0.0,0.0,0.0
0.051,0.36,1.79,0.007,0.013,3.42,0.0,0.0,0.0,0.0,0.0,0.0,0.0,0.0,0.0,0.0,170.0,21.0,1.0,1.0,1.0,200.0,MMA,0.0,0.0,,,,,24.0,100.0,Evans-Ni/CMn-1990/1991-3.5Dawch,0.0,0.0,0.0,0.0,0.0,0.0
0.051,0.36,1.79,0.007,0.013,3.42,0.0,0.0,0.0,0.0,0.0,0.0,0.0,0.0,0.0,0.0,170.0,21.0,1.0,1.0,1.0,200.0,MMA,580.0,2.0,662.0,745.0,24.0,67.5,,,Evans-Ni/CMn-1990/1991-3.5Dht,0.0,0.0,0.0,0.0,0.0,0.0
0.074,0.36,1.51,0.008,0.011,0.0,0.0,0.0,0.0,0.02,400.0,40.0,0.0,0.0,0.0,0.0,170.0,21.0,1.0,1.0,1.0,150.0,MMA,0.0,0.0,484.0,560.0,26.0,78.8,,,Es-Souni&-Cu/CMn-1990--aw***WELDINGPROCEDURE***EvansWeldingJVol59No3(1980)67,0.4,0.04,0.0,0.0,0.0,0.0
0.074,0.36,1.51,0.008,0.011,0.0,0.0,0.0,0.0,0.02,400.0,40.0,0.0,0.0,0.0,0.0,170.0,21.0,1.0,1.0,1.0,150.0,MMA,580.0,2.0,471.0,563.0,31.2,77.0,,,Es-Souni&-Cu/CMn-1990--ht,0.4,0.04,0.0,0.0,0.0,0.0
0.075,0.36,1.48,0.007,0.006,0.0,0.0,0.0,0.0,0.11,390.0,40.0,0.0,0.0,0.0,0.0,170.0,21.0,1.0,1.0,1.0,150.0,MMA,0.0,0.0,502.0,578.0,27.6,77.0,,,Es-Souni&-Cu/CMn-1990-0.2aw,0.39,0.04,0.0,0.0,0.0,0.0
0.075,0.36,1.48,0.007,0.006,0.0,0.0,0.0,0.0,0.11,390.0,40.0,0.0,0.0,0.0,0.0,170.0,21.0,1.0,1.0,1.0,150.0,MMA,580.0,2.0,462.0,548.0,29.8,77.9,,,Es-Souni&-Cu/CMn-1990-0.2ht,0.39,0.04,0.0,0.0,0.0,0.0
0.074,0.32,1.42,0.008,0.007,0.0,0.0,0.0,0.0,0.19,380.0,40.0,0.0,0.0,0.0,0.0,170.0,21.0,1.0,1.0,1.0,150.0,MMA,0.0,0.0,488.0,566.0,28.2,77.0,,,Es-Souni&-Cu/CMn-1990-0.4aw,0.38,0.04,0.0,0.0,0.0,0.0
0.074,0.32,1.42,0.008,0.007,0.0,0.0,0.0,0.0,0.19,380.0,40.0,0.0,0.0,0.0,0.0,170.0,21.0,1.0,1.0,1.0,150.0,MMA,580.0,2.0,453.0,549.0,31.2,78.8,,,Es-Souni&-Cu/CMn-1990-0.4ht,0.38,0.04,0.0,0.0,0.0,0.0
0.076,0.33,1.48,0.007,0.006,0.0,0.0,0.0,0.0,0.35,400.0,40.0,0.0,0.0,0.0,0.0,170.0,21.0,1.0,1.0,1.0,150.0,MMA,0.0,0.0,504.0,586.0,27.6,77.0,,,Es-Souni&-Cu/CMn-1990-0.8aw,0.4,0.04,0.0,0.0,0.0,0.0
0.076,0.33,1.48,0.007,0.006,0.0,0.0,0.0,0.0,0.35,400.0,40.0,0.0,0.0,0.0,0.0,170.0,21.0,1.0,1.0,1.0,150.0,MMA,580.0,2.0,482.0,572.0,28.2,77.9,,,Es-Souni&-Cu/CMn-1990-0.8ht,0.4,0.04,0.0,0.0,0.0,0.0
0.068,0.32,1.49,0.006,0.006,0.0,0.0,0.0,0.0,0.66,390.0,40.0,0.0,0.0,0.0,0.0,170.0,21.0,1.0,1.0,1.0,150.0,MMA,0.0,0.0,513.0,593.0,28.6,77.0,,,Es-Souni&-Cu/CMn-1990-1.6aw,0.39,0.04,0.0,0.0,0.0,0.0
0.068,0.32,1.49,0.006,0.006,0.0,0.0,0.0,0.0,0.66,390.0,40.0,0.0,0.0,0.0,0.0,170.0,21.0,1.0,1.0,1.0,150.0,MMA,580.0,2.0,499.0,607.0,28.6,74.0,,,Es-Souni&-Cu/CMn-1990-1.6ht,0.39,0.04,0.0,0.0,0.0,0.0
0.076,0.36,1.49,0.006,0.006,0.0,0.0,0.0,0.0,1.4,410.0,40.0,0.0,0.0,0.0,0.0,170.0,21.0,1.0,1.0,1.0,150.0,MMA,0.0,0.0,568.0,647.0,27.4,73.0,,,Es-Souni&-Cu/CMn-1990-3.2aw,0.41,0.04,0.0,0.0,0.0,0.0
0.076,0.36,1.49,0.006,0.006,0.0,0.0,0.0,0.0,1.4,410.0,40.0,0.0,0.0,0.0,0.0,170.0,21.0,1.0,1.0,1.0,150.0,MMA,580.0,2.0,583.0,673.0,24.2,73.0,,,Es-Souni&-Cu/CMn-1990-3.2ht,0.41,0.04,0.0,0.0,0.0,0.0
0.074,0.29,1.49,0.006,0.013,0.0,0.0,0.0,0.0,0.0,471.0,5.0,72.0,6.0,0.0,0.0,170.0,21.0,1.0,1.0,1.0,200.0,MMA,250.0,14.0,431.0,527.0,29.6,78.0,,,Evans-AlTi-1994-5/6ht,0.471,0.005,0.072,0.006,0.0,0.0
0.074,0.29,1.49,0.006,0.013,0.0,0.0,0.0,0.0,0.0,471.0,5.0,72.0,6.0,0.0,0.0,170.0,21.0,1.0,1.0,1.0,200.0,MMA,0.0,0.0,,,,,-41.0,28.0,Evans-AlTi-1994-5/6awch1,0.471,0.005,0.072,0.006,0.0,0.0
0.074,0.29,1.49,0.006,0.013,0.0,0.0,0.0,0.0,0.0,471.0,5.0,72.0,6.0,0.0,0.0,170.0,21.0,1.0,1.0,1.0,200.0,MMA,0.0,0.0,,,,,-19.0,100.0,Evans-AlTi-1994-5/6awch2,0.471,0.005,0.072,0.006,0.0,0.0
0.074,0.29,1.49,0.006,0.013,0.0,0.0,0.0,0.0,0.0,471.0,5.0,72.0,6.0,0.0,0.0,170.0,21.0,1.0,1.0,1.0,200.0,MMA,0.0,0.0,,,,,,,Evans-AlTi-1994-5/6awmic,0.471,0.005,0.072,0.006,0.0,0.0
0.081,0.29,1.43,0.006,0.013,0.0,0.0,0.0,0.0,0.0,461.0,5.0,54.0,60.0,0.0,0.0,170.0,21.0,1.0,1.0,1.0,200.0,MMA,250.0,14.0,444.0,542.0,27.6,72.9,,,Evans-AlTi-1994-5/60ht,0.461,0.005,0.054,0.06,0.0,0.0
0.081,0.29,1.43,0.006,0.013,0.0,0.0,0.0,0.0,0.0,461.0,5.0,54.0,60.0,0.0,0.0,170.0,21.0,1.0,1.0,1.0,200.0,MMA,0.0,0.0,,,,,-39.0,28.0,Evans-AlTi-1994-5/60awch1,0.461,0.005,0.054,0.06,0.0,0.0
0.081,0.29,1.43,0.006,0.013,0.0,0.0,0.0,0.0,0.0,461.0,5.0,54.0,60.0,0.0,0.0,170.0,21.0,1.0,1.0,1.0,200.0,MMA,0.0,0.0,,,,,-15.0,100.0,Evans-AlTi-1994-5/60awch2,0.461,0.005,0.054,0.06,0.0,0.0
0.081,0.29,1.43,0.006,0.013,0.0,0.0,0.0,0.0,0.0,461.0,5.0,54.0,60.0,0.0,0.0,170.0,21.0,1.0,1.0,1.0,200.0,MMA,0.0,0.0,,,,,,,Evans-AlTi-1994-5/60awmic,0.461,0.005,0.054,0.06,0.0,0.0
0.076,0.34,1.36,0.005,0.011,0.0,0.0,0.0,0.0,0.0,476.0,5.0,57.0,150.0,0.0,0.0,170.0,21.0,1.0,1.0,1.0,200.0,MMA,250.0,14.0,437.0,527.0,24.6,78.9,,,Evans-AlTi-1994-5/150ht,0.476,0.005,0.057,0.15,0.0,0.0
0.076,0.34,1.36,0.005,0.011,0.0,0.0,0.0,0.0,0.0,476.0,5.0,57.0,150.0,0.0,0.0,170.0,21.0,1.0,1.0,1.0,200.0,MMA,0.0,0.0,,,,,-58.0,28.0,Evans-AlTi-1994-5/150ch1,0.476,0.005,0.057,0.15,0.0,0.0
0.076,0.34,1.36,0.005,0.011,0.0,0.0,0.0,0.0,0.0,476.0,5.0,57.0,150.0,0.0,0.0,170.0,21.0,1.0,1.0,1.0,200.0,MMA,0.0,0.0,,,,,-20.0,100.0,Evans-AlTi-1994-5/150ch2,0.476,0.005,0.057,0.15,0.0,0.0
0.076,0.34,1.36,0.005,0.011,0.0,0.0,0.0,0.0,0.0,476.0,5.0,57.0,150.0,0.0,0.0,170.0,21.0,1.0,1.0,1.0,200.0,MMA,0.0,0.0,,,,,,,Evans-AlTi-1994-5/150mic,0.476,0.005,0.057,0.15,0.0,0.0
0.079,0.39,1.37,0.005,0.011,0.0,0.0,0.0,0.0,0.0,446.0,5.0,47.0,250.0,0.0,0.0,170.0,21.0,1.0,1.0,1.0,200.0,MMA,250.0,14.0,437.0,538.0,25.2,78.9,,,Evans-AlTi-1994-5/250ht,0.446,0.005,0.047,0.25,0.0,0.0
0.079,0.39,1.37,0.005,0.011,0.0,0.0,0.0,0.0,0.0,446.0,5.0,47.0,250.0,0.0,0.0,170.0,21.0,1.0,1.0,1.0,200.0,MMA,0.0,0.0,,,,,-56.0,28.0,Evans-AlTi-1994-5/250ch1,0.446,0.005,0.047,0.25,0.0,0.0
0.079,0.39,1.37,0.005,0.011,0.0,0.0,0.0,0.0,0.0,446.0,5.0,47.0,250.0,0.0,0.0,170.0,21.0,1.0,1.0,1.0,200.0,MMA,0.0,0.0,,,,,-25.0,100.0,Evans-AlTi-1994-5/250ch2,0.446,0.005,0.047,0.25,0.0,0.0
0.079,0.39,1.37,0.005,0.011,0.0,0.0,0.0,0.0,0.0,446.0,5.0,47.0,250.0,0.0,0.0,170.0,21.0,1.0,1.0,1.0,200.0,MMA,0.0,0.0,,,,,,,Evans-AlTi-1994-5/250mic,0.446,0.005,0.047,0.25,0.0,0.0
0.078,0.44,1.4,0.004,0.011,0.0,0.0,0.0,0.0,0.0,436.0,5.0,44.0,420.0,0.0,0.0,170.0,21.0,1.0,1.0,1.0,200.0,MMA,250.0,14.0,469.0,545.0,24.4,77.0,,,Evans-AlTi-1994-5/420ht,0.436,0.005,0.044,0.42,0.0,0.0
0.078,0.44,1.4,0.004,0.011,0.0,0.0,0.0,0.0,0.0,436.0,5.0,44.0,420.0,0.0,0.0,170.0,21.0,1.0,1.0,1.0,200.0,MMA,0.0,0.0,,,,,-62.0,28.0,Evans-AlTi-1994-5/420ch1,0.436,0.005,0.044,0.42,0.0,0.0
0.078,0.44,1.4,0.004,0.011,0.0,0.0,0.0,0.0,0.0,436.0,5.0,44.0,420.0,0.0,0.0,170.0,21.0,1.0,1.0,1.0,200.0,MMA,0.0,0.0,,,,,-30.0,100.0,Evans-AlTi-1994-5/420ch2,0.436,0.005,0.044,0.42,0.0,0.0
0.078,0.44,1.4,0.004,0.011,0.0,0.0,0.0,0.0,0.0,436.0,5.0,44.0,420.0,0.0,0.0,170.0,21.0,1.0,1.0,1.0,200.0,MMA,0.0,0.0,,,,,,,Evans-AlTi-1994-5/420mic,0.436,0.005,0.044,0.42,0.0,0.0
0.081,0.48,1.42,0.004,0.006,0.0,0.0,0.0,0.0,0.0,444.0,4.0,46.0,660.0,0.0,0.0,170.0,21.0,1.0,1.0,1.0,200.0,MMA,250.0,14.0,466.0,551.0,26.2,78.9,,,Evans-AlTi-1994-5/660ht,0.444,0.004,0.046,0.66,0.0,0.0
0.081,0.48,1.42,0.004,0.006,0.0,0.0,0.0,0.0,0.0,444.0,4.0,46.0,660.0,0.0,0.0,170.0,21.0,1.0,1.0,1.0,200.0,MMA,0.0,0.0,,,,,-76.0,28.0,Evans-AlTi-1994-5/660ch1,0.444,0.004,0.046,0.66,0.0,0.0
0.081,0.48,1.42,0.004,0.006,0.0,0.0,0.0,0.0,0.0,444.0,4.0,46.0,660.0,0.0,0.0,170.0,21.0,1.0,1.0,1.0,200.0,MMA,0.0,0.0,,,,,-29.0,100.0,Evans-AlTi-1994-5/660ch2,0.444,0.004,0.046,0.66,0.0,0.0
0.081,0.48,1.42,0.004,0.006,0.0,0.0,0.0,0.0,0.0,444.0,4.0,46.0,660.0,0.0,0.0,170.0,21.0,1.0,1.0,1.0,200.0,MMA,0.0,0.0,,,,,,,Evans-AlTi-1994-5/660mic,0.444,0.004,0.046,0.66,0.0,0.0
0.069,0.3,1.36,0.007,0.009,0.0,0.0,0.0,0.0,0.0,432.0,37.0,68.0,5.0,0.0,0.0,170.0,21.0,1.0,1.0,1.0,200.0,MMA,250.0,14.0,468.0,529.0,32.6,80.7,,,Evans-AlTi-1994-40/5ht,0.432,0.037,0.068,0.005,0.0,0.0
0.069,0.3,1.36,0.007,0.009,0.0,0.0,0.0,0.0,0.0,432.0,37.0,68.0,5.0,0.0,0.0,170.0,21.0,1.0,1.0,1.0,200.0,MMA,0.0,0.0,,,,,-99.0,28.0,Evans-AlTi-1994-40/5ch1,0.432,0.037,0.068,0.005,0.0,0.0
0.069,0.3,1.36,0.007,0.009,0.0,0.0,0.0,0.0,0.0,432.0,37.0,68.0,5.0,0.0,0.0,170.0,21.0,1.0,1.0,1.0,200.0,MMA,0.0,0.0,,,,,-72.0,100.0,Evans-AlTi-1994-40/5ch2,0.432,0.037,0.068,0.005,0.0,0.0
0.069,0.3,1.36,0.007,0.009,0.0,0.0,0.0,0.0,0.0,432.0,37.0,68.0,5.0,0.0,0.0,170.0,21.0,1.0,1.0,1.0,200.0,MMA,0.0,0.0,,,,,,,Evans-AlTi-1994-40/5mic,0.432,0.037,0.068,0.005,0.0,0.0
0.08,0.33,1.41,0.006,0.009,0.0,0.0,0.0,0.0,0.0,432.0,43.0,55.0,78.0,0.0,0.0,170.0,21.0,1.0,1.0,1.0,200.0,MMA,250.0,14.0,478.0,540.0,31.2,80.7,,,Evans-AlTi-1994-40/78ht,0.432,0.043,0.055,0.078,0.0,0.0
0.08,0.33,1.41,0.006,0.009,0.0,0.0,0.0,0.0,0.0,432.0,43.0,55.0,78.0,0.0,0.0,170.0,21.0,1.0,1.0,1.0,200.0,MMA,0.0,0.0,,,,,-77.0,28.0,Evans-AlTi-1994-40/78ch1,0.432,0.043,0.055,0.078,0.0,0.0
0.08,0.33,1.41,0.006,0.009,0.0,0.0,0.0,0.0,0.0,432.0,43.0,55.0,78.0,0.0,0.0,170.0,21.0,1.0,1.0,1.0,200.0,MMA,0.0,0.0,,,,,-55.0,100.0,Evans-AlTi-1994-40/78ch2,0.432,0.043,0.055,0.078,0.0,0.0
0.08,0.33,1.41,0.006,0.009,0.0,0.0,0.0,0.0,0.0,432.0,43.0,55.0,78.0,0.0,0.0,170.0,21.0,1.0,1.0,1.0,200.0,MMA,0.0,0.0,,,,,,,Evans-AlTi-1994-40/78mic,0.432,0.043,0.055,0.078,0.0,0.0
0.076,0.37,1.36,0.005,0.009,0.0,0.0,0.0,0.0,0.0,422.0,36.0,53.0,190.0,0.0,0.0,170.0,21.0,1.0,1.0,1.0,200.0,MMA,250.0,14.0,485.0,549.0,31.4,79.8,,,Evans-AlTi-1994-40/190ht,0.422,0.036,0.053,0.19,0.0,0.0
0.076,0.37,1.36,0.005,0.009,0.0,0.0,0.0,0.0,0.0,422.0,36.0,53.0,190.0,0.0,0.0,170.0,21.0,1.0,1.0,1.0,200.0,MMA,0.0,0.0,,,,,-86.0,28.0,Evans-AlTi-1994-40/190ch1,0.422,0.036,0.053,0.19,0.0,0.0
0.076,0.37,1.36,0.005,0.009,0.0,0.0,0.0,0.0,0.0,422.0,36.0,53.0,190.0,0.0,0.0,170.0,21.0,1.0,1.0,1.0,200.0,MMA,0.0,0.0,,,,,-58.0,100.0,Evans-AlTi-1994-40/190ch2,0.422,0.036,0.053,0.19,0.0,0.0
0.076,0.37,1.36,0.005,0.009,0.0,0.0,0.0,0.0,0.0,422.0,36.0,53.0,190.0,0.0,0.0,170.0,21.0,1.0,1.0,1.0,200.0,MMA,0.0,0.0,,,,,,,Evans-AlTi-1994-40/190mic,0.422,0.036,0.053,0.19,0.0,0.0
0.078,0.44,1.31,0.005,0.008,0.0,0.0,0.0,0.0,0.0,431.0,36.0,50.0,340.0,0.0,0.0,170.0,21.0,1.0,1.0,1.0,200.0,MMA,250.0,14.0,491.0,564.0,28.2,78.9,,,Evans-AlTi-1994-40/340ht,0.431,0.036,0.05,0.34,0.0,0.0
0.078,0.44,1.31,0.005,0.008,0.0,0.0,0.0,0.0,0.0,431.0,36.0,50.0,340.0,0.0,0.0,170.0,21.0,1.0,1.0,1.0,200.0,MMA,0.0,0.0,,,,,-88.0,28.0,Evans-AlTi-1994-40/340ch1,0.431,0.036,0.05,0.34,0.0,0.0
0.078,0.44,1.31,0.005,0.008,0.0,0.0,0.0,0.0,0.0,431.0,36.0,50.0,340.0,0.0,0.0,170.0,21.0,1.0,1.0,1.0,200.0,MMA,0.0,0.0,,,,,-63.0,100.0,Evans-AlTi-1994-40/340ch2,0.431,0.036,0.05,0.34,0.0,0.0
0.078,0.44,1.31,0.005,0.008,0.0,0.0,0.0,0.0,0.0,431.0,36.0,50.0,340.0,0.0,0.0,170.0,21.0,1.0,1.0,1.0,200.0,MMA,0.0,0.0,,,,,,,Evans-AlTi-1994-40/340mic,0.431,0.036,0.05,0.34,0.0,0.0
0.076,0.51,1.3,0.005,0.008,0.0,0.0,0.0,0.0,0.0,423.0,43.0,48.0,490.0,0.0,0.0,170.0,21.0,1.0,1.0,1.0,200.0,MMA,250.0,14.0,485.0,560.0,25.2,78.9,,,Evans-AlTi-1994-40/490ht,0.423,0.043,0.048,0.49,0.0,0.0
0.076,0.51,1.3,0.005,0.008,0.0,0.0,0.0,0.0,0.0,423.0,43.0,48.0,490.0,0.0,0.0,170.0,21.0,1.0,1.0,1.0,200.0,MMA,0.0,0.0,,,,,-90.0,28.0,Evans-AlTi-1994-40/490ch1,0.423,0.043,0.048,0.49,0.0,0.0
0.076,0.51,1.3,0.005,0.008,0.0,0.0,0.0,0.0,0.0,423.0,43.0,48.0,490.0,0.0,0.0,170.0,21.0,1.0,1.0,1.0,200.0,MMA,0.0,0.0,,,,,-55.0,100.0,Evans-AlTi-1994-40/490ch2,0.423,0.043,0.048,0.49,0.0,0.0
0.076,0.51,1.3,0.005,0.008,0.0,0.0,0.0,0.0,0.0,423.0,43.0,48.0,490.0,0.0,0.0,170.0,21.0,1.0,1.0,1.0,200.0,MMA,0.0,0.0,,,,,,,Evans-AlTi-1994-40/490mic,0.423,0.043,0.048,0.49,0.0,0.0
0.079,0.57,1.32,0.004,0.008,0.0,0.0,0.0,0.0,0.0,422.0,38.0,52.0,610.0,0.0,0.0,170.0,21.0,1.0,1.0,1.0,200.0,MMA,250.0,14.0,491.0,570.0,29.2,77.0,,,Evans-AlTi-1994-40/610ht,0.422,0.038,0.052,0.61,0.0,0.0
0.079,0.57,1.32,0.004,0.008,0.0,0.0,0.0,0.0,0.0,422.0,38.0,52.0,610.0,0.0,0.0,170.0,21.0,1.0,1.0,1.0,200.0,MMA,0.0,0.0,,,,,-74.0,28.0,Evans-AlTi-1994-40/610ch1,0.422,0.038,0.052,0.61,0.0,0.0
0.079,0.57,1.32,0.004,0.008,0.0,0.0,0.0,0.0,0.0,422.0,38.0,52.0,610.0,0.0,0.0,170.0,21.0,1.0,1.0,1.0,200.0,MMA,0.0,0.0,,,,,-38.0,100.0,Evans-AlTi-1994-40/610ch2,0.422,0.038,0.052,0.61,0.0,0.0
0.079,0.57,1.32,0.004,0.008,0.0,0.0,0.0,0.0,0.0,422.0,38.0,52.0,610.0,0.0,0.0,170.0,21.0,1.0,1.0,1.0,200.0,MMA,0.0,0.0,,,,,,,Evans-AlTi-1994-40/610mic,0.422,0.038,0.052,0.61,0.0,0.0
0.074,0.32,1.5,0.006,0.006,0.0,0.0,0.0,0.0,0.0,375.0,99.0,89.0,8.0,0.0,0.0,170.0,21.0,1.0,1.0,1.0,200.0,MMA,250.0,14.0,484.0,547.0,29.4,79.8,,,Evans-AlTi-1994-80/8ht,0.375,0.099,0.089,0.008,0.0,0.0
0.074,0.32,1.5,0.006,0.006,0.0,0.0,0.0,0.0,0.0,375.0,99.0,89.0,8.0,0.0,0.0,170.0,21.0,1.0,1.0,1.0,200.0,MMA,0.0,0.0,,,,,-74.0,28.0,Evans-AlTi-1994-80/8ht,0.375,0.099,0.089,0.008,0.0,0.0
0.074,0.32,1.5,0.006,0.006,0.0,0.0,0.0,0.0,0.0,375.0,99.0,89.0,8.0,0.0,0.0,170.0,21.0,1.0,1.0,1.0,200.0,MMA,0.0,0.0,,,,,-52.0,100.0,Evans-AlTi-1994-80/8ht,0.375,0.099,0.089,0.008,0.0,0.0
0.074,0.27,1.41,0.007,0.006,0.0,0.0,0.0,0.0,0.0,407.0,88.0,70.0,47.0,0.0,0.0,170.0,21.0,1.0,1.0,1.0,200.0,MMA,250.0,14.0,442.0,514.0,32.2,81.6,,,Evans-AlTi-1994-80/47ht,0.407,0.088,0.07,0.047,0.0,0.0
0.074,0.27,1.41,0.007,0.006,0.0,0.0,0.0,0.0,0.0,407.0,88.0,70.0,47.0,0.0,0.0,170.0,21.0,1.0,1.0,1.0,200.0,MMA,0.0,0.0,,,,,-57.0,28.0,Evans-AlTi-1994-80/47ht,0.407,0.088,0.07,0.047,0.0,0.0
0.074,0.27,1.41,0.007,0.006,0.0,0.0,0.0,0.0,0.0,407.0,88.0,70.0,47.0,0.0,0.0,170.0,21.0,1.0,1.0,1.0,200.0,MMA,0.0,0.0,,,,,-31.0,100.0,Evans-AlTi-1994-80/47ht,0.407,0.088,0.07,0.047,0.0,0.0
0.071,0.39,1.36,0.005,0.009,0.0,0.0,0.0,0.0,0.0,381.0,92.0,52.0,160.0,0.0,0.0,170.0,21.0,1.0,1.0,1.0,200.0,MMA,250.0,14.0,481.0,545.0,30.6,81.4,,,Evans-AlTi-1994-80/160ht,0.381,0.092,0.052,0.16,0.0,0.0
0.071,0.39,1.36,0.005,0.009,0.0,0.0,0.0,0.0,0.0,381.0,92.0,52.0,160.0,0.0,0.0,170.0,21.0,1.0,1.0,1.0,200.0,MMA,0.0,0.0,,,,,-68.0,28.0,Evans-AlTi-1994-80/160ht,0.381,0.092,0.052,0.16,0.0,0.0
0.071,0.39,1.36,0.005,0.009,0.0,0.0,0.0,0.0,0.0,381.0,92.0,52.0,160.0,0.0,0.0,170.0,21.0,1.0,1.0,1.0,200.0,MMA,0.0,0.0,,,,,-56.0,100.0,Evans-AlTi-1994-80/160ht,0.381,0.092,0.052,0.16,0.0,0.0
0.069,0.45,1.36,0.005,0.008,0.0,0.0,0.0,0.0,0.0,374.0,63.0,44.0,280.0,0.0,0.0,170.0,21.0,1.0,1.0,1.0,200.0,MMA,250.0,14.0,474.0,540.0,28.0,80.7,,,Evans-AlTi-1994-80/280ht,0.374,0.063,0.044,0.28,0.0,0.0
0.069,0.45,1.36,0.005,0.008,0.0,0.0,0.0,0.0,0.0,374.0,63.0,44.0,280.0,0.0,0.0,170.0,21.0,1.0,1.0,1.0,200.0,MMA,0.0,0.0,,,,,-68.0,28.0,Evans-AlTi-1994-80/280ht,0.374,0.063,0.044,0.28,0.0,0.0
0.069,0.45,1.36,0.005,0.008,0.0,0.0,0.0,0.0,0.0,374.0,63.0,44.0,280.0,0.0,0.0,170.0,21.0,1.0,1.0,1.0,200.0,MMA,0.0,0.0,,,,,-61.0,100.0,Evans-AlTi-1994-80/280ht,0.374,0.063,0.044,0.28,0.0,0.0
0.069,0.51,1.39,0.004,0.008,0.0,0.0,0.0,0.0,0.0,379.0,69.0,41.0,480.0,0.0,0.0,170.0,21.0,1.0,1.0,1.0,200.0,MMA,250.0,14.0,466.0,533.0,27.2,77.0,,,Evans-AlTi-1994-80/480ht,0.379,0.069,0.041,0.48,0.0,0.0
0.069,0.51,1.39,0.004,0.008,0.0,0.0,0.0,0.0,0.0,379.0,69.0,41.0,480.0,0.0,0.0,170.0,21.0,1.0,1.0,1.0,200.0,MMA,0.0,0.0,,,,,-70.0,28.0,Evans-AlTi-1994-80/480ht,0.379,0.069,0.041,0.48,0.0,0.0
0.069,0.51,1.39,0.004,0.008,0.0,0.0,0.0,0.0,0.0,379.0,69.0,41.0,480.0,0.0,0.0,170.0,21.0,1.0,1.0,1.0,200.0,MMA,0.0,0.0,,,,,-54.0,100.0,Evans-AlTi-1994-80/480ht,0.379,0.069,0.041,0.48,0.0,0.0
0.072,0.57,1.4,0.004,0.008,0.0,0.0,0.0,0.0,0.0,360.0,80.0,38.0,640.0,0.0,0.0,170.0,21.0,1.0,1.0,1.0,200.0,MMA,250.0,14.0,486.0,555.0,26.6,78.0,,,Evans-AlTi-1994-80/640ht,0.36,0.08,0.038,0.64,0.0,0.0
0.072,0.57,1.4,0.004,0.008,0.0,0.0,0.0,0.0,0.0,360.0,80.0,38.0,640.0,0.0,0.0,170.0,21.0,1.0,1.0,1.0,200.0,MMA,0.0,0.0,,,,,-68.0,28.0,Evans-AlTi-1994-80/640ht,0.36,0.08,0.038,0.64,0.0,0.0
0.072,0.57,1.4,0.004,0.008,0.0,0.0,0.0,0.0,0.0,360.0,80.0,38.0,640.0,0.0,0.0,170.0,21.0,1.0,1.0,1.0,200.0,MMA,0.0,0.0,,,,,-41.0,100.0,Evans-AlTi-1994-80/640ht,0.36,0.08,0.038,0.64,0.0,0.0
0.081,0.34,1.54,0.007,0.008,0.0,0.0,0.0,0.0,0.0,312.0,180.0,80.0,3.0,0.0,0.0,170.0,21.0,1.0,1.0,1.0,200.0,MMA,250.0,14.0,502.0,555.0,26.6,78.9,,,Evans-AlTi-1994-220/3,0.312,0.18,0.08,0.003,0.0,0.0
0.081,0.34,1.54,0.007,0.008,0.0,0.0,0.0,0.0,0.0,312.0,180.0,80.0,3.0,0.0,0.0,170.0,21.0,1.0,1.0,1.0,200.0,MMA,0.0,0.0,,,,,-67.0,28.0,Evans-AlTi-1994-220/3ch1,0.312,0.18,0.08,0.003,0.0,0.0
0.081,0.34,1.54,0.007,0.008,0.0,0.0,0.0,0.0,0.0,312.0,180.0,80.0,3.0,0.0,0.0,170.0,21.0,1.0,1.0,1.0,200.0,MMA,0.0,0.0,,,,,-52.0,100.0,Evans-AlTi-1994-220/3ch2,0.312,0.18,0.08,0.003,0.0,0.0
0.081,0.34,1.54,0.007,0.008,0.0,0.0,0.0,0.0,0.0,312.0,180.0,80.0,3.0,0.0,0.0,170.0,21.0,1.0,1.0,1.0,200.0,MMA,0.0,0.0,,,,,,,Evans-AlTi-1994-220/3mic,0.312,0.18,0.08,0.003,0.0,0.0
0.072,0.24,1.32,0.006,0.008,0.0,0.0,0.0,0.0,0.0,397.0,180.0,68.0,47.0,0.0,0.0,170.0,21.0,1.0,1.0,1.0,200.0,MMA,250.0,14.0,452.0,535.0,30.7,78.9,,,Evans-AlTi-1994-220/47,0.397,0.18,0.068,0.047,0.0,0.0
0.072,0.24,1.32,0.006,0.008,0.0,0.0,0.0,0.0,0.0,397.0,180.0,68.0,47.0,0.0,0.0,170.0,21.0,1.0,1.0,1.0,200.0,MMA,0.0,0.0,,,,,-54.0,28.0,Evans-AlTi-1994-220/47ch1,0.397,0.18,0.068,0.047,0.0,0.0
0.072,0.24,1.32,0.006,0.008,0.0,0.0,0.0,0.0,0.0,397.0,180.0,68.0,47.0,0.0,0.0,170.0,21.0,1.0,1.0,1.0,200.0,MMA,0.0,0.0,,,,,-35.0,100.0,Evans-AlTi-1994-220/47ch2,0.397,0.18,0.068,0.047,0.0,0.0
0.072,0.24,1.32,0.006,0.008,0.0,0.0,0.0,0.0,0.0,397.0,180.0,68.0,47.0,0.0,0.0,170.0,21.0,1.0,1.0,1.0,200.0,MMA,0.0,0.0,,,,,,,Evans-AlTi-1994-220/47mic,0.397,0.18,0.068,0.047,0.0,0.0
0.072,0.34,1.33,0.006,0.008,0.0,0.0,0.0,0.0,0.0,427.0,190.0,57.0,150.0,0.0,0.0,170.0,21.0,1.0,1.0,1.0,200.0,MMA,250.0,14.0,467.0,522.0,29.2,77.0,,,Evans-AlTi-1994-220/150,0.427,0.19,0.057,0.15,0.0,0.0
0.072,0.34,1.33,0.006,0.008,0.0,0.0,0.0,0.0,0.0,427.0,190.0,57.0,150.0,0.0,0.0,170.0,21.0,1.0,1.0,1.0,200.0,MMA,0.0,0.0,,,,,-64.0,28.0,Evans-AlTi-1994-220/150ch1,0.427,0.19,0.057,0.15,0.0,0.0
0.072,0.34,1.33,0.006,0.008,0.0,0.0,0.0,0.0,0.0,427.0,190.0,57.0,150.0,0.0,0.0,170.0,21.0,1.0,1.0,1.0,200.0,MMA,0.0,0.0,,,,,-52.0,100.0,Evans-AlTi-1994-220/150ch2,0.427,0.19,0.057,0.15,0.0,0.0
0.072,0.34,1.33,0.006,0.008,0.0,0.0,0.0,0.0,0.0,427.0,190.0,57.0,150.0,0.0,0.0,170.0,21.0,1.0,1.0,1.0,200.0,MMA,0.0,0.0,,,,,,,Evans-AlTi-1994-220/150mic,0.427,0.19,0.057,0.15,0.0,0.0
0.074,0.41,1.36,0.005,0.005,0.0,0.0,0.0,0.0,0.0,418.0,260.0,49.0,320.0,0.0,0.0,170.0,21.0,1.0,1.0,1.0,200.0,MMA,250.0,14.0,514.0,570.0,23.6,77.0,,,Evans-AlTi-1994-220/320,0.418,0.26,0.049,0.32,0.0,0.0
0.074,0.41,1.36,0.005,0.005,0.0,0.0,0.0,0.0,0.0,418.0,260.0,49.0,320.0,0.0,0.0,170.0,21.0,1.0,1.0,1.0,200.0,MMA,0.0,0.0,,,,,-63.0,28.0,Evans-AlTi-1994-220/320ch1,0.418,0.26,0.049,0.32,0.0,0.0
0.074,0.41,1.36,0.005,0.005,0.0,0.0,0.0,0.0,0.0,418.0,260.0,49.0,320.0,0.0,0.0,170.0,21.0,1.0,1.0,1.0,200.0,MMA,0.0,0.0,,,,,-47.0,100.0,Evans-AlTi-1994-220/320ch2,0.418,0.26,0.049,0.32,0.0,0.0
0.074,0.41,1.36,0.005,0.005,0.0,0.0,0.0,0.0,0.0,418.0,260.0,49.0,320.0,0.0,0.0,170.0,21.0,1.0,1.0,1.0,200.0,MMA,0.0,0.0,,,,,,,Evans-AlTi-1994-220/320ch2,0.418,0.26,0.049,0.32,0.0,0.0
0.066,0.46,1.41,0.004,0.009,0.0,0.0,0.0,0.0,0.0,407.0,240.0,49.0,440.0,0.0,0.0,170.0,21.0,1.0,1.0,1.0,200.0,MMA,250.0,14.0,522.0,580.0,24.0,76.0,,,Evans-AlTi-1994-220/440,0.407,0.24,0.049,0.44,0.0,0.0
0.066,0.46,1.41,0.004,0.009,0.0,0.0,0.0,0.0,0.0,407.0,240.0,49.0,440.0,0.0,0.0,170.0,21.0,1.0,1.0,1.0,200.0,MMA,0.0,0.0,,,,,-68.0,28.0,Evans-AlTi-1994-220/440ch1,0.407,0.24,0.049,0.44,0.0,0.0
0.066,0.46,1.41,0.004,0.009,0.0,0.0,0.0,0.0,0.0,407.0,240.0,49.0,440.0,0.0,0.0,170.0,21.0,1.0,1.0,1.0,200.0,MMA,0.0,0.0,,,,,-42.0,100.0,Evans-AlTi-1994-220/440ch2,0.407,0.24,0.049,0.44,0.0,0.0
0.066,0.46,1.41,0.004,0.009,0.0,0.0,0.0,0.0,0.0,407.0,240.0,49.0,440.0,0.0,0.0,170.0,21.0,1.0,1.0,1.0,200.0,MMA,0.0,0.0,,,,,,,Evans-AlTi-1994-220/440ch2,0.407,0.24,0.049,0.44,0.0,0.0
0.066,0.44,1.33,0.004,0.008,0.0,0.0,0.0,0.0,0.0,454.0,240.0,49.0,680.0,0.0,0.0,170.0,21.0,1.0,1.0,1.0,200.0,MMA,250.0,14.0,522.0,591.0,23.8,71.9,,,Evans-AlTi-1994-220/680,0.454,0.24,0.049,0.68,0.0,0.0
0.066,0.44,1.33,0.004,0.008,0.0,0.0,0.0,0.0,0.0,454.0,240.0,49.0,680.0,0.0,0.0,170.0,21.0,1.0,1.0,1.0,200.0,MMA,0.0,0.0,,,,,-76.0,28.0,Evans-AlTi-1994-220/680ch1,0.454,0.24,0.049,0.68,0.0,0.0
0.066,0.44,1.33,0.004,0.008,0.0,0.0,0.0,0.0,0.0,454.0,240.0,49.0,680.0,0.0,0.0,170.0,21.0,1.0,1.0,1.0,200.0,MMA,0.0,0.0,,,,,-42.0,100.0,Evans-AlTi-1994-220/680ch2,0.454,0.24,0.049,0.68,0.0,0.0
0.066,0.44,1.33,0.004,0.008,0.0,0.0,0.0,0.0,0.0,454.0,240.0,49.0,680.0,0.0,0.0,170.0,21.0,1.0,1.0,1.0,200.0,MMA,0.0,0.0,,,,,,,Evans-AlTi-1994-220/680mic,0.454,0.24,0.049,0.68,0.0,0.0
0.069,0.43,1.49,0.004,0.005,0.0,0.0,0.0,0.0,0.0,294.0,460.0,77.0,1.0,0.0,0.0,170.0,21.0,1.0,1.0,1.0,200.0,MMA,250.0,14.0,535.0,594.0,26.0,79.8,,,Evans-AlTi-1994-450/1,0.294,0.46,0.077,0.001,0.0,0.0
0.069,0.43,1.49,0.004,0.005,0.0,0.0,0.0,0.0,0.0,294.0,460.0,77.0,1.0,0.0,0.0,170.0,21.0,1.0,1.0,1.0,200.0,MMA,0.0,0.0,,,,,-78.0,28.0,Evans-AlTi-1994-450/1ch1,0.294,0.46,0.077,0.001,0.0,0.0
0.069,0.43,1.49,0.004,0.005,0.0,0.0,0.0,0.0,0.0,294.0,460.0,77.0,1.0,0.0,0.0,170.0,21.0,1.0,1.0,1.0,200.0,MMA,0.0,0.0,,,,,-60.0,100.0,Evans-AlTi-1994-450/1ch2,0.294,0.46,0.077,0.001,0.0,0.0
0.069,0.43,1.49,0.004,0.005,0.0,0.0,0.0,0.0,0.0,294.0,460.0,77.0,1.0,0.0,0.0,170.0,21.0,1.0,1.0,1.0,200.0,MMA,0.0,0.0,,,,,,,Evans-AlTi-1994-450/1mic,0.294,0.46,0.077,0.001,0.0,0.0
0.071,0.36,1.44,0.007,0.005,0.0,0.0,0.0,0.0,0.0,373.0,460.0,94.0,67.0,0.0,0.0,170.0,21.0,1.0,1.0,1.0,200.0,MMA,250.0,14.0,522.0,583.0,22.0,78.9,,,Evans-AlTi-1994-450/67,0.373,0.46,0.094,0.067,0.0,0.0
0.071,0.36,1.44,0.007,0.005,0.0,0.0,0.0,0.0,0.0,373.0,460.0,94.0,67.0,0.0,0.0,170.0,21.0,1.0,1.0,1.0,200.0,MMA,0.0,0.0,,,,,-69.0,28.0,Evans-AlTi-1994-450/67ch1,0.373,0.46,0.094,0.067,0.0,0.0
0.071,0.36,1.44,0.007,0.005,0.0,0.0,0.0,0.0,0.0,373.0,460.0,94.0,67.0,0.0,0.0,170.0,21.0,1.0,1.0,1.0,200.0,MMA,0.0,0.0,,,,,-48.0,100.0,Evans-AlTi-1994-450/67ch2,0.373,0.46,0.094,0.067,0.0,0.0
0.071,0.36,1.44,0.007,0.005,0.0,0.0,0.0,0.0,0.0,373.0,460.0,94.0,67.0,0.0,0.0,170.0,21.0,1.0,1.0,1.0,200.0,MMA,0.0,0.0,,,,,,,Evans-AlTi-1994-450/67mic,0.373,0.46,0.094,0.067,0.0,0.0
0.071,0.42,1.39,0.007,0.005,0.0,0.0,0.0,0.0,0.0,446.0,420.0,65.0,150.0,0.0,0.0,170.0,21.0,1.0,1.0,1.0,200.0,MMA,250.0,14.0,531.0,587.0,25.2,78.0,,,Evans-AlTi-1994-450/150,0.446,0.42,0.065,0.15,0.0,0.0
0.071,0.42,1.39,0.007,0.005,0.0,0.0,0.0,0.0,0.0,446.0,420.0,65.0,150.0,0.0,0.0,170.0,21.0,1.0,1.0,1.0,200.0,MMA,0.0,0.0,,,,,-74.0,28.0,Evans-AlTi-1994-450/150ch1,0.446,0.42,0.065,0.15,0.0,0.0
0.071,0.42,1.39,0.007,0.005,0.0,0.0,0.0,0.0,0.0,446.0,420.0,65.0,150.0,0.0,0.0,170.0,21.0,1.0,1.0,1.0,200.0,MMA,0.0,0.0,,,,,-56.0,100.0,Evans-AlTi-1994-450/150ch2,0.446,0.42,0.065,0.15,0.0,0.0
0.071,0.42,1.39,0.007,0.005,0.0,0.0,0.0,0.0,0.0,446.0,420.0,65.0,150.0,0.0,0.0,170.0,21.0,1.0,1.0,1.0,200.0,MMA,0.0,0.0,,,,,,,Evans-AlTi-1994-450/150mic,0.446,0.42,0.065,0.15,0.0,0.0
0.071,0.52,1.44,0.005,0.005,0.0,0.0,0.0,0.0,0.0,466.0,460.0,67.0,300.0,0.0,0.0,170.0,21.0,1.0,1.0,1.0,200.0,MMA,250.0,14.0,538.0,604.0,23.2,77.0,,,Evans-AlTi-1994-450/300,0.466,0.46,0.067,0.3,0.0,0.0
0.071,0.52,1.44,0.005,0.005,0.0,0.0,0.0,0.0,0.0,466.0,460.0,67.0,300.0,0.0,0.0,170.0,21.0,1.0,1.0,1.0,200.0,MMA,0.0,0.0,,,,,-65.0,28.0,Evans-AlTi-1994-450/300ch1,0.466,0.46,0.067,0.3,0.0,0.0
0.071,0.52,1.44,0.005,0.005,0.0,0.0,0.0,0.0,0.0,466.0,460.0,67.0,300.0,0.0,0.0,170.0,21.0,1.0,1.0,1.0,200.0,MMA,0.0,0.0,,,,,-49.0,100.0,Evans-AlTi-1994-450/300ch2,0.466,0.46,0.067,0.3,0.0,0.0
0.071,0.52,1.44,0.005,0.005,0.0,0.0,0.0,0.0,0.0,466.0,460.0,67.0,300.0,0.0,0.0,170.0,21.0,1.0,1.0,1.0,200.0,MMA,0.0,0.0,,,,,,,Evans-AlTi-1994-450/300mic,0.466,0.46,0.067,0.3,0.0,0.0
0.069,0.54,1.41,0.005,0.005,0.0,0.0,0.0,0.0,0.0,439.0,460.0,58.0,420.0,0.0,0.0,170.0,21.0,1.0,1.0,1.0,200.0,MMA,250.0,14.0,561.0,622.0,26.0,77.0,,,Evans-AlTi-1994-450/420,0.439,0.46,0.058,0.42,0.0,0.0
0.069,0.54,1.41,0.005,0.005,0.0,0.0,0.0,0.0,0.0,439.0,460.0,58.0,420.0,0.0,0.0,170.0,21.0,1.0,1.0,1.0,200.0,MMA,0.0,0.0,,,,,-63.0,28.0,Evans-AlTi-1994-450/420ch1,0.439,0.46,0.058,0.42,0.0,0.0
0.069,0.54,1.41,0.005,0.005,0.0,0.0,0.0,0.0,0.0,439.0,460.0,58.0,420.0,0.0,0.0,170.0,21.0,1.0,1.0,1.0,200.0,MMA,0.0,0.0,,,,,-43.0,100.0,Evans-AlTi-1994-450/420ch2,0.439,0.46,0.058,0.42,0.0,0.0
0.069,0.54,1.41,0.005,0.005,0.0,0.0,0.0,0.0,0.0,439.0,460.0,58.0,420.0,0.0,0.0,170.0,21.0,1.0,1.0,1.0,200.0,MMA,0.0,0.0,,,,,,,Evans-AlTi-1994-450/420mic,0.439,0.46,0.058,0.42,0.0,0.0
0.067,0.57,1.4,0.005,0.005,0.0,0.0,0.0,0.0,0.0,451.0,450.0,60.0,500.0,0.0,0.0,170.0,21.0,1.0,1.0,1.0,200.0,MMA,250.0,14.0,547.0,616.0,22.6,75.0,,,Evans-AlTi-1994-450/500,0.451,0.45,0.06,0.5,0.0,0.0
0.067,0.57,1.4,0.005,0.005,0.0,0.0,0.0,0.0,0.0,451.0,450.0,60.0,500.0,0.0,0.0,170.0,21.0,1.0,1.0,1.0,200.0,MMA,0.0,0.0,,,,,-76.0,28.0,Evans-AlTi-1994-450/500ch1,0.451,0.45,0.06,0.5,0.0,0.0
0.067,0.57,1.4,0.005,0.005,0.0,0.0,0.0,0.0,0.0,451.0,450.0,60.0,500.0,0.0,0.0,170.0,21.0,1.0,1.0,1.0,200.0,MMA,0.0,0.0,,,,,-44.0,100.0,Evans-AlTi-1994-450/500ch2,0.451,0.45,0.06,0.5,0.0,0.0
0.067,0.57,1.4,0.005,0.005,0.0,0.0,0.0,0.0,0.0,451.0,450.0,60.0,500.0,0.0,0.0,170.0,21.0,1.0,1.0,1.0,200.0,MMA,0.0,0.0,,,,,,,Evans-AlTi-1994-450/500mic,0.451,0.45,0.06,0.5,0.0,0.0
0.09,0.18,0.98,0.008,0.012,0.0,8.9,1.0,0.22,0.0,642.0,0.0,460.0,0.0,3.0,520.0,180.0,34.0,1.0,1.0,1.0,175.0,MMA,750.0,8.0,542.0,697.0,18.8,65.3,,,Evans-B/9Cr1Mo-1994-CM57,0.642,0.0,0.46,0.0,0.003,0.52
0.09,0.18,0.98,0.008,0.012,0.0,8.9,1.0,0.22,0.0,642.0,0.0,460.0,0.0,3.0,520.0,180.0,34.0,1.0,1.0,1.0,175.0,MMA,750.0,8.0,,,,,-24.0,28.0,Evans-B/9Cr1Mo-1994-CM57,0.642,0.0,0.46,0.0,0.003,0.52
0.09,0.18,0.98,0.008,0.012,0.0,8.9,1.0,0.22,0.0,642.0,0.0,460.0,0.0,3.0,520.0,180.0,34.0,1.0,1.0,1.0,175.0,MMA,750.0,8.0,,,,,-13.0,50.0,Evans-B/9Cr1Mo-1994-CM57,0.642,0.0,0.46,0.0,0.003,0.52
0.09,0.18,0.98,0.008,0.012,0.0,8.9,1.0,0.22,0.0,642.0,0.0,460.0,0.0,3.0,520.0,180.0,34.0,1.0,1.0,1.0,175.0,MMA,750.0,8.0,,,,,12.0,100.0,Evans-B/9Cr1Mo-1994-CM57,0.642,0.0,0.46,0.0,0.003,0.52
0.088,0.17,1.03,0.007,0.013,0.0,9.1,1.01,0.23,0.0,604.0,0.0,460.0,0.0,17.0,530.0,180.0,34.0,1.0,1.0,1.0,175.0,MMA,750.0,8.0,574.0,723.0,17.1,59.1,,,Evans-B/9Cr1Mo-1994-CM58,0.604,0.0,0.46,0.0,0.017,0.53
0.088,0.17,1.03,0.007,0.013,0.0,9.1,1.01,0.23,0.0,604.0,0.0,460.0,0.0,17.0,530.0,180.0,34.0,1.0,1.0,1.0,175.0,MMA,750.0,8.0,,,,,-30.0,28.0,Evans-B/9Cr1Mo-1994-CM58,0.604,0.0,0.46,0.0,0.017,0.53
0.088,0.17,1.03,0.007,0.013,0.0,9.1,1.01,0.23,0.0,604.0,0.0,460.0,0.0,17.0,530.0,180.0,34.0,1.0,1.0,1.0,175.0,MMA,750.0,8.0,,,,,-17.0,50.0,Evans-B/9Cr1Mo-1994-CM58,0.604,0.0,0.46,0.0,0.017,0.53
0.088,0.17,1.03,0.007,0.013,0.0,9.1,1.01,0.23,0.0,604.0,0.0,460.0,0.0,17.0,530.0,180.0,34.0,1.0,1.0,1.0,175.0,MMA,750.0,8.0,,,,,12.0,100.0,Evans-B/9Cr1Mo-1994-CM58,0.604,0.0,0.46,0.0,0.017,0.53
0.091,0.2,1.04,0.007,0.013,0.0,9.02,1.01,0.24,0.0,591.0,0.0,480.0,0.0,32.0,620.0,180.0,34.0,1.0,1.0,1.0,175.0,MMA,750.0,8.0,642.0,778.0,16.8,59.8,,,Evans-B/9Cr1Mo-1994-CM59,0.591,0.0,0.48,0.0,0.032,0.62
0.091,0.2,1.04,0.007,0.013,0.0,9.02,1.01,0.24,0.0,591.0,0.0,480.0,0.0,32.0,620.0,180.0,34.0,1.0,1.0,1.0,175.0,MMA,750.0,8.0,,,,,-13.0,28.0,Evans-B/9Cr1Mo-1994-CM59,0.591,0.0,0.48,0.0,0.032,0.62
0.091,0.2,1.04,0.007,0.013,0.0,9.02,1.01,0.24,0.0,591.0,0.0,480.0,0.0,32.0,620.0,180.0,34.0,1.0,1.0,1.0,175.0,MMA,750.0,8.0,,,,,10.0,50.0,Evans-B/9Cr1Mo-1994-CM59,0.591,0.0,0.48,0.0,0.032,0.62
0.091,0.2,1.04,0.007,0.013,0.0,9.02,1.01,0.24,0.0,591.0,0.0,480.0,0.0,32.0,620.0,180.0,34.0,1.0,1.0,1.0,175.0,MMA,750.0,8.0,,,,,53.0,100.0,Evans-B/9Cr1Mo-1994-CM59,0.591,0.0,0.48,0.0,0.032,0.62
0.089,0.22,1.05,0.007,0.013,0.0,9.0,1.04,0.23,0.0,592.0,0.0,460.0,0.0,64.0,700.0,180.0,34.0,1.0,1.0,1.0,175.0,MMA,750.0,8.0,643.0,777.0,15.7,60.2,,,Evans-B/9Cr1Mo-1994-CM60,0.592,0.0,0.46,0.0,0.064,0.7
0.089,0.22,1.05,0.007,0.013,0.0,9.0,1.04,0.23,0.0,592.0,0.0,460.0,0.0,64.0,700.0,180.0,34.0,1.0,1.0,1.0,175.0,MMA,750.0,8.0,,,,,0.0,28.0,Evans-B/9Cr1Mo-1994-CM60,0.592,0.0,0.46,0.0,0.064,0.7
0.089,0.22,1.05,0.007,0.013,0.0,9.0,1.04,0.23,0.0,592.0,0.0,460.0,0.0,64.0,700.0,180.0,34.0,1.0,1.0,1.0,175.0,MMA,750.0,8.0,,,,,21.0,50.0,Evans-B/9Cr1Mo-1994-CM60,0.592,0.0,0.46,0.0,0.064,0.7
0.089,0.22,1.05,0.007,0.013,0.0,9.0,1.04,0.23,0.0,592.0,0.0,460.0,0.0,64.0,700.0,180.0,34.0,1.0,1.0,1.0,175.0,MMA,750.0,8.0,,,,,59.0,100.0,Evans-B/9Cr1Mo-1994-CM60,0.592,0.0,0.46,0.0,0.064,0.7
0.094,0.17,1.0,0.008,0.012,0.0,8.99,1.03,0.21,0.0,636.0,0.0,160.0,0.0,3.0,520.0,180.0,34.0,1.0,1.0,1.0,175.0,MMA,750.0,8.0,558.0,705.0,20.8,64.5,,,Evans-B/9Cr1Mo-1994-CM61,0.636,0.0,0.16,0.0,0.003,0.52
0.094,0.17,1.0,0.008,0.012,0.0,8.99,1.03,0.21,0.0,636.0,0.0,160.0,0.0,3.0,520.0,180.0,34.0,1.0,1.0,1.0,175.0,MMA,750.0,8.0,,,,,-14.0,28.0,Evans-B/9Cr1Mo-1994-CM61,0.636,0.0,0.16,0.0,0.003,0.52
0.094,0.17,1.0,0.008,0.012,0.0,8.99,1.03,0.21,0.0,636.0,0.0,160.0,0.0,3.0,520.0,180.0,34.0,1.0,1.0,1.0,175.0,MMA,750.0,8.0,,,,,0.0,50.0,Evans-B/9Cr1Mo-1994-CM61,0.636,0.0,0.16,0.0,0.003,0.52
0.094,0.17,1.0,0.008,0.012,0.0,8.99,1.03,0.21,0.0,636.0,0.0,160.0,0.0,3.0,520.0,180.0,34.0,1.0,1.0,1.0,175.0,MMA,750.0,8.0,,,,,31.0,100.0,Evans-B/9Cr1Mo-1994-CM61,0.636,0.0,0.16,0.0,0.003,0.52
0.086,0.2,1.01,0.007,0.012,0.0,8.9,1.01,0.21,0.0,596.0,0.0,160.0,0.0,19.0,510.0,180.0,34.0,1.0,1.0,1.0,175.0,MMA,750.0,8.0,569.0,709.0,17.4,62.7,,,Evans-B/9Cr1Mo-1994-CM62,0.596,0.0,0.16,0.0,0.019,0.51
0.086,0.2,1.01,0.007,0.012,0.0,8.9,1.01,0.21,0.0,596.0,0.0,160.0,0.0,19.0,510.0,180.0,34.0,1.0,1.0,1.0,175.0,MMA,750.0,8.0,,,,,-22.0,28.0,Evans-B/9Cr1Mo-1994-CM62,0.596,0.0,0.16,0.0,0.019,0.51
0.086,0.2,1.01,0.007,0.012,0.0,8.9,1.01,0.21,0.0,596.0,0.0,160.0,0.0,19.0,510.0,180.0,34.0,1.0,1.0,1.0,175.0,MMA,750.0,8.0,,,,,-9.0,50.0,Evans-B/9Cr1Mo-1994-CM62,0.596,0.0,0.16,0.0,0.019,0.51
0.086,0.2,1.01,0.007,0.012,0.0,8.9,1.01,0.21,0.0,596.0,0.0,160.0,0.0,19.0,510.0,180.0,34.0,1.0,1.0,1.0,175.0,MMA,750.0,8.0,,,,,24.0,100.0,Evans-B/9Cr1Mo-1994-CM62,0.596,0.0,0.16,0.0,0.019,0.51
0.086,0.2,1.04,0.008,0.013,0.0,8.98,1.01,0.22,0.0,567.0,0.0,160.0,0.0,36.0,560.0,180.0,34.0,1.0,1.0,1.0,175.0,MMA,750.0,8.0,609.0,743.0,16.9,61.9,,,Evans-B/9Cr1Mo-1994-CM63,0.567,0.0,0.16,0.0,0.036,0.56
0.086,0.2,1.04,0.008,0.013,0.0,8.98,1.01,0.22,0.0,567.0,0.0,160.0,0.0,36.0,560.0,180.0,34.0,1.0,1.0,1.0,175.0,MMA,750.0,8.0,,,,,-19.0,28.0,Evans-B/9Cr1Mo-1994-CM63,0.567,0.0,0.16,0.0,0.036,0.56
0.086,0.2,1.04,0.008,0.013,0.0,8.98,1.01,0.22,0.0,567.0,0.0,160.0,0.0,36.0,560.0,180.0,34.0,1.0,1.0,1.0,175.0,MMA,750.0,8.0,,,,,-1.0,50.0,Evans-B/9Cr1Mo-1994-CM63,0.567,0.0,0.16,0.0,0.036,0.56
0.086,0.2,1.04,0.008,0.013,0.0,8.98,1.01,0.22,0.0,567.0,0.0,160.0,0.0,36.0,560.0,180.0,34.0,1.0,1.0,1.0,175.0,MMA,750.0,8.0,,,,,38.0,100.0,Evans-B/9Cr1Mo-1994-CM63,0.567,0.0,0.16,0.0,0.036,0.56
0.088,0.24,1.06,0.007,0.013,0.0,9.08,1.0,0.23,0.0,538.0,0.0,155.0,0.0,69.0,560.0,180.0,34.0,1.0,1.0,1.0,175.0,MMA,750.0,8.0,620.0,753.0,16.8,58.8,,,Evans-B/9Cr1Mo-1994-CM64,0.538,0.0,0.155,0.0,0.069,0.56
0.088,0.24,1.06,0.007,0.013,0.0,9.08,1.0,0.23,0.0,538.0,0.0,155.0,0.0,69.0,560.0,180.0,34.0,1.0,1.0,1.0,175.0,MMA,750.0,8.0,,,,,8.0,28.0,Evans-B/9Cr1Mo-1994-CM64,0.538,0.0,0.155,0.0,0.069,0.56
0.088,0.24,1.06,0.007,0.013,0.0,9.08,1.0,0.23,0.0,538.0,0.0,155.0,0.0,69.0,560.0,180.0,34.0,1.0,1.0,1.0,175.0,MMA,750.0,8.0,,,,,32.0,50.0,Evans-B/9Cr1Mo-1994-CM64,0.538,0.0,0.155,0.0,0.069,0.56
0.088,0.24,1.06,0.007,0.013,0.0,9.08,1.0,0.23,0.0,538.0,0.0,155.0,0.0,69.0,560.0,180.0,34.0,1.0,1.0,1.0,175.0,MMA,750.0,8.0,,,,,-70.0,100.0,Evans-B/9Cr1Mo-1994-CM64,0.538,0.0,0.155,0.0,0.069,0.56
0.037,0.3,0.65,0.008,0.012,0.0,0.0,0.0,0.0,0.0,0.0,0.0,0.0,0.0,0.0,0.0,170.0,21.0,1.0,1.0,1.0,200.0,MMA,250.0,14.0,392.0,466.0,31.9,80.6,,,Evans-Cr/CMn-1989-0A-aw,0.0,0.0,0.0,0.0,0.0,0.0
0.037,0.3,0.65,0.008,0.012,0.0,0.0,0.0,0.0,0.0,0.0,0.0,0.0,0.0,0.0,0.0,170.0,21.0,1.0,1.0,1.0,200.0,MMA,580.0,2.0,370.0,456.0,35.2,80.6,-30.0,100.0,Evans-Cr/CMn-1989-0A-ht,0.0,0.0,0.0,0.0,0.0,0.0
0.037,0.3,0.65,0.008,0.012,0.0,0.0,0.0,0.0,0.0,0.0,0.0,0.0,0.0,0.0,0.0,170.0,21.0,1.0,1.0,1.0,200.0,MMA,0.0,0.0,,,,,-26.0,100.0,Evans-Cr/CMn-1989-0A-ch,0.0,0.0,0.0,0.0,0.0,0.0
0.037,0.31,1.03,0.007,0.014,0.0,0.0,0.0,0.0,0.0,0.0,0.0,0.0,0.0,0.0,0.0,170.0,21.0,1.0,1.0,1.0,200.0,MMA,250.0,14.0,413.0,498.0,31.2,80.6,,,Evans-Cr/CMn-1989-0B-aw,0.0,0.0,0.0,0.0,0.0,0.0
0.037,0.31,1.03,0.007,0.014,0.0,0.0,0.0,0.0,0.0,0.0,0.0,0.0,0.0,0.0,0.0,170.0,21.0,1.0,1.0,1.0,200.0,MMA,580.0,2.0,402.0,490.0,31.0,80.6,-44.0,100.0,Evans-Cr/CMn-1989-0B-ht,0.0,0.0,0.0,0.0,0.0,0.0
0.037,0.31,1.03,0.007,0.014,0.0,0.0,0.0,0.0,0.0,0.0,0.0,0.0,0.0,0.0,0.0,170.0,21.0,1.0,1.0,1.0,200.0,MMA,0.0,0.0,,,,,-47.0,100.0,Evans-Cr/CMn-1989-0B-ch,0.0,0.0,0.0,0.0,0.0,0.0
0.044,0.35,1.43,0.007,0.014,0.0,0.0,0.0,0.0,0.0,0.0,0.0,0.0,0.0,0.0,0.0,170.0,21.0,1.0,1.0,1.0,200.0,MMA,250.0,14.0,468.0,551.0,29.4,78.7,,,Evans-Cr/CMn-1989-0C-aw,0.0,0.0,0.0,0.0,0.0,0.0
0.044,0.35,1.43,0.007,0.014,0.0,0.0,0.0,0.0,0.0,0.0,0.0,0.0,0.0,0.0,0.0,170.0,21.0,1.0,1.0,1.0,200.0,MMA,580.0,2.0,436.0,529.0,31.6,78.8,-49.0,100.0,Evans-Cr/CMn-1989-0C-ht,0.0,0.0,0.0,0.0,0.0,0.0
0.044,0.35,1.43,0.007,0.014,0.0,0.0,0.0,0.0,0.0,0.0,0.0,0.0,0.0,0.0,0.0,170.0,21.0,1.0,1.0,1.0,200.0,MMA,0.0,0.0,,,,,-52.0,100.0,Evans-Cr/CMn-1989-0C-ch,0.0,0.0,0.0,0.0,0.0,0.0
0.045,0.33,1.85,0.007,0.016,0.0,0.0,0.0,0.0,0.0,0.0,0.0,0.0,0.0,0.0,0.0,170.0,21.0,1.0,1.0,1.0,200.0,MMA,250.0,14.0,514.0,588.0,28.0,76.8,,,Evans-Cr/CMn-1989-0D-aw,0.0,0.0,0.0,0.0,0.0,0.0
0.045,0.33,1.85,0.007,0.016,0.0,0.0,0.0,0.0,0.0,0.0,0.0,0.0,0.0,0.0,0.0,170.0,21.0,1.0,1.0,1.0,200.0,MMA,580.0,2.0,479.0,576.0,27.4,76.9,-38.0,100.0,Evans-Cr/CMn-1989-0D-ht,0.0,0.0,0.0,0.0,0.0,0.0
0.045,0.33,1.85,0.007,0.016,0.0,0.0,0.0,0.0,0.0,0.0,0.0,0.0,0.0,0.0,0.0,170.0,21.0,1.0,1.0,1.0,200.0,MMA,0.0,0.0,,,,,-45.0,100.0,Evans-Cr/CMn-1989-0D-ch,0.0,0.0,0.0,0.0,0.0,0.0
0.038,0.3,0.65,0.007,0.014,0.0,0.22,0.0,0.0,0.0,0.0,0.0,0.0,0.0,0.0,0.0,170.0,21.0,1.0,1.0,1.0,200.0,MMA,250.0,14.0,422.0,496.0,30.4,78.8,,,Evans-Cr/CMn-1989-0.25A-aw,0.0,0.0,0.0,0.0,0.0,0.0
0.038,0.3,0.65,0.007,0.014,0.0,0.22,0.0,0.0,0.0,0.0,0.0,0.0,0.0,0.0,0.0,170.0,21.0,1.0,1.0,1.0,200.0,MMA,580.0,2.0,410.0,496.0,31.0,79.7,,,Evans-Cr/CMn-1989-0.25A-ht,0.0,0.0,0.0,0.0,0.0,0.0
0.041,0.32,1.01,0.008,0.013,0.0,0.24,0.0,0.0,0.0,0.0,0.0,0.0,0.0,0.0,0.0,170.0,21.0,1.0,1.0,1.0,200.0,MMA,250.0,14.0,463.0,532.0,30.0,77.8,,,Evans-Cr/CMn-1989-0.25B-aw,0.0,0.0,0.0,0.0,0.0,0.0
0.041,0.32,1.01,0.008,0.013,0.0,0.24,0.0,0.0,0.0,0.0,0.0,0.0,0.0,0.0,0.0,170.0,21.0,1.0,1.0,1.0,200.0,MMA,580.0,2.0,426.0,519.0,29.8,78.8,,,Evans-Cr/CMn-1989-0.25B-ht,0.0,0.0,0.0,0.0,0.0,0.0
0.041,0.32,1.01,0.008,0.013,0.0,0.24,0.0,0.0,0.0,0.0,0.0,0.0,0.0,0.0,0.0,170.0,21.0,1.0,1.0,1.0,200.0,MMA,0.0,0.0,,,,,,,Evans-Cr/CMn-1989-0.25B-awmic,0.0,0.0,0.0,0.0,0.0,0.0
0.044,0.32,1.45,0.007,0.013,0.0,0.24,0.0,0.0,0.0,0.0,0.0,0.0,0.0,0.0,0.0,170.0,21.0,1.0,1.0,1.0,200.0,MMA,250.0,14.0,500.0,575.0,28.0,78.8,,,Evans-Cr/CMn-1989-0.25C-aw,0.0,0.0,0.0,0.0,0.0,0.0
0.044,0.32,1.45,0.007,0.013,0.0,0.24,0.0,0.0,0.0,0.0,0.0,0.0,0.0,0.0,0.0,170.0,21.0,1.0,1.0,1.0,200.0,MMA,580.0,2.0,468.0,559.0,28.0,76.9,,,Evans-Cr/CMn-1989-0.25C-ht,0.0,0.0,0.0,0.0,0.0,0.0
0.048,0.33,1.85,0.007,0.013,0.0,0.26,0.0,0.0,0.0,0.0,0.0,0.0,0.0,0.0,0.0,170.0,21.0,1.0,1.0,1.0,200.0,MMA,250.0,14.0,567.0,622.0,26.0,75.0,,,Evans-Cr/CMn-1989-0.25D-aw,0.0,0.0,0.0,0.0,0.0,0.0
0.048,0.33,1.85,0.007,0.013,0.0,0.26,0.0,0.0,0.0,0.0,0.0,0.0,0.0,0.0,0.0,170.0,21.0,1.0,1.0,1.0,200.0,MMA,580.0,2.0,535.0,620.0,27.0,74.0,,,Evans-Cr/CMn-1989-0.25D-ht,0.0,0.0,0.0,0.0,0.0,0.0
0.048,0.33,1.85,0.007,0.013,0.0,0.26,0.0,0.0,0.0,0.0,0.0,0.0,0.0,0.0,0.0,170.0,21.0,1.0,1.0,1.0,200.0,MMA,0.0,0.0,,,,,,,Evans-Cr/CMn-1989-0.25D-ht,0.0,0.0,0.0,0.0,0.0,0.0
0.04,0.33,0.6,0.006,0.01,0.0,0.51,0.0,0.0,0.0,0.0,0.0,0.0,0.0,0.0,0.0,170.0,21.0,1.0,1.0,1.0,200.0,MMA,250.0,14.0,446.0,510.0,32.2,78.8,,,Evans-Cr/CMn-1989-0.5A-aw,0.0,0.0,0.0,0.0,0.0,0.0
0.04,0.33,0.6,0.006,0.01,0.0,0.51,0.0,0.0,0.0,0.0,0.0,0.0,0.0,0.0,0.0,170.0,21.0,1.0,1.0,1.0,200.0,MMA,580.0,2.0,417.0,496.0,29.0,78.8,-17.0,100.0,Evans-Cr/CMn-1989-0.5A-ht,0.0,0.0,0.0,0.0,0.0,0.0
0.04,0.33,0.6,0.006,0.01,0.0,0.51,0.0,0.0,0.0,0.0,0.0,0.0,0.0,0.0,0.0,170.0,21.0,1.0,1.0,1.0,200.0,MMA,0.0,0.0,,,,,-17.0,100.0,Evans-Cr/CMn-1989-0.5A-ch,0.0,0.0,0.0,0.0,0.0,0.0
0.043,0.31,0.95,0.007,0.01,0.0,0.53,0.0,0.0,0.0,0.0,0.0,0.0,0.0,0.0,0.0,170.0,21.0,1.0,1.0,1.0,200.0,MMA,250.0,14.0,494.0,545.0,29.6,77.0,,,Evans-Cr/CMn-1989-0.5B-aw,0.0,0.0,0.0,0.0,0.0,0.0
0.043,0.31,0.95,0.007,0.01,0.0,0.53,0.0,0.0,0.0,0.0,0.0,0.0,0.0,0.0,0.0,170.0,21.0,1.0,1.0,1.0,200.0,MMA,580.0,2.0,460.0,536.0,28.8,77.0,-35.0,100.0,Evans-Cr/CMn-1989-0.5B-ht,0.0,0.0,0.0,0.0,0.0,0.0
0.043,0.31,0.95,0.007,0.01,0.0,0.53,0.0,0.0,0.0,0.0,0.0,0.0,0.0,0.0,0.0,170.0,21.0,1.0,1.0,1.0,200.0,MMA,0.0,0.0,,,,,-45.0,100.0,Evans-Cr/CMn-1989-0.5B-ch,0.0,0.0,0.0,0.0,0.0,0.0
0.047,0.33,1.42,0.006,0.01,0.0,0.53,0.0,0.0,0.0,0.0,0.0,0.0,0.0,0.0,0.0,170.0,21.0,1.0,1.0,1.0,200.0,MMA,250.0,14.0,543.0,603.0,28.2,77.0,,,Evans-Cr/CMn-1989-0.5C-aw,0.0,0.0,0.0,0.0,0.0,0.0
0.047,0.33,1.42,0.006,0.01,0.0,0.53,0.0,0.0,0.0,0.0,0.0,0.0,0.0,0.0,0.0,170.0,21.0,1.0,1.0,1.0,200.0,MMA,580.0,2.0,514.0,600.0,25.8,76.0,-35.0,100.0,Evans-Cr/CMn-1989-0.5C-ht,0.0,0.0,0.0,0.0,0.0,0.0
0.047,0.33,1.42,0.006,0.01,0.0,0.53,0.0,0.0,0.0,0.0,0.0,0.0,0.0,0.0,0.0,170.0,21.0,1.0,1.0,1.0,200.0,MMA,0.0,0.0,,,,,-44.0,100.0,Evans-Cr/CMn-1989-0.5C-ch,0.0,0.0,0.0,0.0,0.0,0.0
0.051,0.33,1.83,0.006,0.013,0.0,0.52,0.0,0.0,0.0,0.0,0.0,0.0,0.0,0.0,0.0,170.0,21.0,1.0,1.0,1.0,200.0,MMA,250.0,14.0,617.0,674.0,23.0,70.2,,,Evans-Cr/CMn-1989-0.5D-aw,0.0,0.0,0.0,0.0,0.0,0.0
0.051,0.33,1.83,0.006,0.013,0.0,0.52,0.0,0.0,0.0,0.0,0.0,0.0,0.0,0.0,0.0,170.0,21.0,1.0,1.0,1.0,200.0,MMA,580.0,2.0,570.0,650.0,24.0,68.7,-2.0,100.0,Evans-Cr/CMn-1989-0.5D-ht,0.0,0.0,0.0,0.0,0.0,0.0
0.051,0.33,1.83,0.006,0.013,0.0,0.52,0.0,0.0,0.0,0.0,0.0,0.0,0.0,0.0,0.0,170.0,21.0,1.0,1.0,1.0,200.0,MMA,0.0,0.0,,,,,-35.0,100.0,Evans-Cr/CMn-1989-0.5D-ch,0.0,0.0,0.0,0.0,0.0,0.0
0.041,0.3,0.59,0.009,0.011,0.0,1.0,0.0,0.0,0.0,0.0,0.0,0.0,0.0,0.0,0.0,170.0,21.0,1.0,1.0,1.0,200.0,MMA,250.0,14.0,472.0,531.0,25.8,77.8,,,Evans-Cr/CMn-1989-1.0A-aw,0.0,0.0,0.0,0.0,0.0,0.0
0.041,0.3,0.59,0.009,0.011,0.0,1.0,0.0,0.0,0.0,0.0,0.0,0.0,0.0,0.0,0.0,170.0,21.0,1.0,1.0,1.0,200.0,MMA,580.0,2.0,427.0,514.0,29.2,77.9,-12.0,100.0,Evans-Cr/CMn-1989-1.0A-ht,0.0,0.0,0.0,0.0,0.0,0.0
0.041,0.3,0.59,0.009,0.011,0.0,1.0,0.0,0.0,0.0,0.0,0.0,0.0,0.0,0.0,0.0,170.0,21.0,1.0,1.0,1.0,200.0,MMA,0.0,0.0,,,,,-10.0,100.0,Evans-Cr/CMn-1989-1.0A-ch,0.0,0.0,0.0,0.0,0.0,0.0
0.045,0.32,0.97,0.007,0.012,0.0,1.04,0.0,0.0,0.0,0.0,0.0,0.0,0.0,0.0,0.0,170.0,21.0,1.0,1.0,1.0,200.0,MMA,250.0,14.0,531.0,592.0,24.6,76.0,,,Evans-Cr/CMn-1989-1.0B-aw,0.0,0.0,0.0,0.0,0.0,0.0
0.045,0.32,0.97,0.007,0.012,0.0,1.04,0.0,0.0,0.0,0.0,0.0,0.0,0.0,0.0,0.0,170.0,21.0,1.0,1.0,1.0,200.0,MMA,580.0,2.0,471.0,568.0,26.2,77.0,-31.0,100.0,Evans-Cr/CMn-1989-1.0B-ht,0.0,0.0,0.0,0.0,0.0,0.0
0.045,0.32,0.97,0.007,0.012,0.0,1.04,0.0,0.0,0.0,0.0,0.0,0.0,0.0,0.0,0.0,170.0,21.0,1.0,1.0,1.0,200.0,MMA,0.0,0.0,,,,,-42.0,100.0,Evans-Cr/CMn-1989-1.0B-ch,0.0,0.0,0.0,0.0,0.0,0.0
0.048,0.33,1.37,0.008,0.013,0.0,1.08,0.0,0.0,0.0,0.0,0.0,0.0,0.0,0.0,0.0,170.0,21.0,1.0,1.0,1.0,200.0,MMA,250.0,14.0,626.0,676.0,24.4,70.9,,,Evans-Cr/CMn-1989-1.0C-aw,0.0,0.0,0.0,0.0,0.0,0.0
0.048,0.33,1.37,0.008,0.013,0.0,1.08,0.0,0.0,0.0,0.0,0.0,0.0,0.0,0.0,0.0,170.0,21.0,1.0,1.0,1.0,200.0,MMA,580.0,2.0,548.0,630.0,26.0,72.0,-17.0,100.0,Evans-Cr/CMn-1989-1.0C-ht,0.0,0.0,0.0,0.0,0.0,0.0
0.048,0.33,1.37,0.008,0.013,0.0,1.08,0.0,0.0,0.0,0.0,0.0,0.0,0.0,0.0,0.0,170.0,21.0,1.0,1.0,1.0,200.0,MMA,0.0,0.0,,,,,-40.0,100.0,Evans-Cr/CMn-1989-1.0C-ch,0.0,0.0,0.0,0.0,0.0,0.0
0.052,0.33,1.81,0.007,0.013,0.0,1.1,0.0,0.0,0.0,0.0,0.0,0.0,0.0,0.0,0.0,170.0,21.0,1.0,1.0,1.0,200.0,MMA,250.0,14.0,692.0,723.0,21.6,70.9,,,Evans-Cr/CMn-1989-1.0D-aw,0.0,0.0,0.0,0.0,0.0,0.0
0.052,0.33,1.81,0.007,0.013,0.0,1.1,0.0,0.0,0.0,0.0,0.0,0.0,0.0,0.0,0.0,170.0,21.0,1.0,1.0,1.0,200.0,MMA,580.0,2.0,592.0,671.0,22.8,72.0,28.0,100.0,Evans-Cr/CMn-1989-1.0D-ht,0.0,0.0,0.0,0.0,0.0,0.0
0.052,0.33,1.81,0.007,0.013,0.0,1.1,0.0,0.0,0.0,0.0,0.0,0.0,0.0,0.0,0.0,170.0,21.0,1.0,1.0,1.0,200.0,MMA,0.0,0.0,,,,,-28.0,100.0,Evans-Cr/CMn-1989-1.0D-ch,0.0,0.0,0.0,0.0,0.0,0.0
0.041,0.27,0.59,0.009,0.011,0.0,2.34,0.0,0.0,0.0,0.0,0.0,0.0,0.0,0.0,0.0,170.0,21.0,1.0,1.0,1.0,200.0,MMA,250.0,14.0,587.0,652.0,21.4,72.0,,,Evans-Cr/CMn-1989-2.3A-aw,0.0,0.0,0.0,0.0,0.0,0.0
0.041,0.27,0.59,0.009,0.011,0.0,2.34,0.0,0.0,0.0,0.0,0.0,0.0,0.0,0.0,0.0,170.0,21.0,1.0,1.0,1.0,200.0,MMA,580.0,2.0,534.0,619.0,22.0,75.0,0.0,100.0,Evans-Cr/CMn-1989-2.3A-ht,0.0,0.0,0.0,0.0,0.0,0.0
0.041,0.27,0.59,0.009,0.011,0.0,2.34,0.0,0.0,0.0,0.0,0.0,0.0,0.0,0.0,0.0,170.0,21.0,1.0,1.0,1.0,200.0,MMA,0.0,0.0,,,,,9.0,100.0,Evans-Cr/CMn-1989-2.3A-ch,0.0,0.0,0.0,0.0,0.0,0.0
0.046,0.3,0.93,0.008,0.012,0.0,2.38,0.0,0.0,0.0,0.0,0.0,0.0,0.0,0.0,0.0,170.0,21.0,1.0,1.0,1.0,200.0,MMA,250.0,14.0,655.0,722.0,19.6,67.5,,,Evans-Cr/CMn-1989-2.3B-aw,0.0,0.0,0.0,0.0,0.0,0.0
0.046,0.3,0.93,0.008,0.012,0.0,2.38,0.0,0.0,0.0,0.0,0.0,0.0,0.0,0.0,0.0,170.0,21.0,1.0,1.0,1.0,200.0,MMA,580.0,2.0,605.0,683.0,19.8,71.9,-3.0,100.0,Evans-Cr/CMn-1989-2.3B-ht,0.0,0.0,0.0,0.0,0.0,0.0
0.046,0.3,0.93,0.008,0.012,0.0,2.38,0.0,0.0,0.0,0.0,0.0,0.0,0.0,0.0,0.0,170.0,21.0,1.0,1.0,1.0,200.0,MMA,0.0,0.0,,,,,16.0,100.0,Evans-Cr/CMn-1989-2.3B-ch,0.0,0.0,0.0,0.0,0.0,0.0
0.05,0.31,1.29,0.008,0.011,0.0,2.32,0.0,0.0,0.0,0.0,0.0,0.0,0.0,0.0,0.0,170.0,21.0,1.0,1.0,1.0,200.0,MMA,250.0,14.0,738.0,789.0,20.0,67.0,,,Evans-Cr/CMn-1989-2.3C-aw,0.0,0.0,0.0,0.0,0.0,0.0
0.05,0.31,1.29,0.008,0.011,0.0,2.32,0.0,0.0,0.0,0.0,0.0,0.0,0.0,0.0,0.0,170.0,21.0,1.0,1.0,1.0,200.0,MMA,580.0,2.0,662.0,731.0,18.6,68.7,28.0,100.0,Evans-Cr/CMn-1989-2.3C-ht,0.0,0.0,0.0,0.0,0.0,0.0
0.05,0.31,1.29,0.008,0.011,0.0,2.32,0.0,0.0,0.0,0.0,0.0,0.0,0.0,0.0,0.0,170.0,21.0,1.0,1.0,1.0,200.0,MMA,0.0,0.0,,,,,9.0,100.0,Evans-Cr/CMn-1989-2.3C-ch,0.0,0.0,0.0,0.0,0.0,0.0
0.054,0.33,1.72,0.007,0.014,0.0,2.36,0.0,0.0,0.0,0.0,0.0,0.0,0.0,0.0,0.0,170.0,21.0,1.0,1.0,1.0,200.0,MMA,250.0,14.0,808.0,865.0,18.2,65.2,,,Evans-Cr/CMn-1989-2.3D-aw,0.0,0.0,0.0,0.0,0.0,0.0
0.054,0.33,1.72,0.007,0.014,0.0,2.36,0.0,0.0,0.0,0.0,0.0,0.0,0.0,0.0,0.0,170.0,21.0,1.0,1.0,1.0,200.0,MMA,580.0,2.0,697.0,757.0,19.6,69.7,,,Evans-Cr/CMn-1989-2.3D-ht,0.0,0.0,0.0,0.0,0.0,0.0
0.054,0.33,1.72,0.007,0.014,0.0,2.36,0.0,0.0,0.0,0.0,0.0,0.0,0.0,0.0,0.0,170.0,21.0,1.0,1.0,1.0,200.0,MMA,0.0,0.0,,,,,24.0,100.0,Evans-Cr/CMn-1989-2.3D-ch,0.0,0.0,0.0,0.0,0.0,0.0
0.069,0.3,1.36,0.007,0.009,0.0,0.0,0.0,0.0004927950971995962,0.0,432.0,37.0,67.0,4.794469346448987,4.586159932740797,4.9870679644294,170.0,21.0,1.0,1.0,1.0,200.0,MMA,250.0,14.0,468.0,529.0,32.6,80.7,,,Evans-Al/CMn-1990-<5aw,0.432,0.037,0.067,0.0047944693464489875,0.004586159932740797,0.0049870679644294005
0.069,0.3,1.36,0.007,0.009,0.0,0.0,0.0,0.00025920592447845964,0.0,432.0,37.0,67.0,4.847242689810976,4.7220714227054525,4.964194948696726,170.0,21.0,1.0,1.0,1.0,200.0,MMA,0.0,0.0,,,,,-99.0,28.0,Evans-Al/CMn-1990-<5awch1,0.432,0.037,0.067,0.004847242689810976,0.004722071422705453,0.004964194948696725
0.069,0.3,1.36,0.007,0.009,0.0,0.0,0.0,0.00045847927699549444,0.0,432.0,37.0,67.0,4.696401429833238,4.697063159714114,4.625753727336595,170.0,21.0,1.0,1.0,1.0,200.0,MMA,0.0,0.0,,,,,-72.0,100.0,Evans-Al/CMn-1990-<5awch2,0.432,0.037,0.067,0.004696401429833238,0.004697063159714114,0.004625753727336595
0.069,0.3,1.36,0.007,0.009,0.0,0.0,0.0,0.0004679250995417658,0.0,432.0,37.0,67.0,4.8286801724467745,4.67072098769467,4.754480275914104,170.0,21.0,1.0,1.0,1.0,200.0,MMA,0.0,0.0,,,,,,,Evans-Al/CMn-1990-<5aw,0.432,0.037,0.067,0.004828680172446775,0.004670720987694671,0.004754480275914104
0.069,0.3,1.36,0.007,0.009,0.0,0.0,0.0,0.00045805190446469325,0.0,432.0,37.0,67.0,4.568803513654573,4.686028459540946,4.887331906505058,170.0,21.0,1.0,1.0,1.0,200.0,MMA,580.0,2.0,393.0,500.0,31.8,77.0,,,Evans-Al/CMn-1990-<5ht,0.432,0.037,0.067,0.004568803513654573,0.004686028459540946,0.0048873319065050585
0.069,0.3,1.36,0.007,0.009,0.0,0.0,0.0,0.00046819758132728845,0.0,432.0,37.0,67.0,2.6037688000785217,4.790511346824185,4.98467043136433,170.0,21.0,1.0,1.0,1.0,200.0,MMA,580.0,2.0,,,,,-100.0,28.0,Evans-Al/CMn-1990-<5htch1,0.432,0.037,0.067,0.002603768800078522,0.004790511346824185,0.004984670431364331
0.069,0.3,1.36,0.007,0.009,0.0,0.0,0.0,0.0002721478781172866,0.0,432.0,37.0,67.0,4.837670192372182,2.8443923885550824,4.9739339579377,170.0,21.0,1.0,1.0,1.0,200.0,MMA,580.0,2.0,,,,,-78.0,100.0,Evans-Al/CMn-1990-<5htch2,0.432,0.037,0.067,0.004837670192372182,0.0028443923885550825,0.0049739339579377
0.073,0.33,1.39,0.007,0.008,0.0,0.0,0.0,0.00048628009525790634,0.0,427.0,39.0,66.0,20.0,2.6081700489731645,4.811874344460708,170.0,21.0,1.0,1.0,1.0,200.0,MMA,250.0,14.0,475.0,536.0,33.4,80.7,,,Evans-Al/CMn-1990-20aw,0.427,0.039,0.066,0.02,0.0026081700489731644,0.004811874344460708
0.073,0.33,1.39,0.007,0.008,0.0,0.0,0.0,0.0004743902977874585,0.0,427.0,39.0,66.0,20.0,4.688009875381885,4.834825516035025,170.0,21.0,1.0,1.0,1.0,200.0,MMA,0.0,0.0,,,,,-95.0,28.0,Evans-Al/CMn-1990-20awch1,0.427,0.039,0.066,0.02,0.004688009875381885,0.004834825516035025
0.073,0.33,1.39,0.007,0.008,0.0,0.0,0.0,0.00048813231264809807,0.0,427.0,39.0,66.0,20.0,4.68075763365177,4.773797313622747,170.0,21.0,1.0,1.0,1.0,200.0,MMA,0.0,0.0,,,,,-70.0,100.0,Evans-Al/CMn-1990-20awch2,0.427,0.039,0.066,0.02,0.00468075763365177,0.004773797313622747
0.073,0.33,1.39,0.007,0.008,0.0,0.0,0.0,0.0004857425238767781,0.0,427.0,39.0,66.0,20.0,2.4932338250722963,4.9292554609223975,170.0,21.0,1.0,1.0,1.0,200.0,MMA,580.0,2.0,387.0,493.0,32.5,80.7,,,Evans-Al/CMn-1990-20ht,0.427,0.039,0.066,0.02,0.002493233825072296,0.004929255460922398
0.073,0.33,1.39,0.007,0.008,0.0,0.0,0.0,0.0004971505173817474,0.0,427.0,39.0,66.0,20.0,2.582546646744737,4.660949213723734,170.0,21.0,1.0,1.0,1.0,200.0,MMA,580.0,2.0,,,,,-78.0,100.0,Evans-Al/CMn-1990-20htch2,0.427,0.039,0.066,0.02,0.002582546646744737,0.004660949213723734
0.078,0.32,1.39,0.007,0.009,0.0,0.0,0.0,0.0004835817437225972,0.0,436.0,42.0,66.0,44.0,4.828059213316117,4.830258132239148,170.0,21.0,1.0,1.0,1.0,200.0,MMA,250.0,14.0,478.0,541.0,30.4,78.9,,,Evans-Al/CMn-1990-44aw,0.436,0.042,0.066,0.044,0.004828059213316117,0.004830258132239148
0.078,0.32,1.39,0.007,0.009,0.0,0.0,0.0,0.0004667905893631941,0.0,436.0,42.0,66.0,44.0,4.982578825434506,4.988458942928197,170.0,21.0,1.0,1.0,1.0,200.0,MMA,0.0,0.0,,,,,-88.0,28.0,Evans-Al/CMn-1990-44awch1,0.436,0.042,0.066,0.044,0.004982578825434506,0.004988458942928198
0.078,0.32,1.39,0.007,0.009,0.0,0.0,0.0,0.0002424279588760066,0.0,436.0,42.0,66.0,44.0,4.944209685846153,4.953672648636803,170.0,21.0,1.0,1.0,1.0,200.0,MMA,0.0,0.0,,,,,-60.0,100.0,Evans-Al/CMn-1990-44awch2,0.436,0.042,0.066,0.044,0.004944209685846153,0.004953672648636803
0.078,0.32,1.39,0.007,0.009,0.0,0.0,0.0,0.00032436757873572297,0.0,436.0,42.0,66.0,44.0,4.738356755644384,4.923470173652209,170.0,21.0,1.0,1.0,1.0,200.0,MMA,580.0,2.0,398.0,499.0,32.8,80.7,,,Evans-Al/CMn-1990-44ht,0.436,0.042,0.066,0.044,0.004738356755644384,0.004923470173652209
0.078,0.32,1.39,0.007,0.009,0.0,0.0,0.0,0.0004602401939661219,0.0,436.0,42.0,66.0,44.0,4.794573417938566,4.823834393269085,170.0,21.0,1.0,1.0,1.0,200.0,MMA,580.0,2.0,,,,,-94.0,28.0,Evans-Al/CMn-1990-44htch1,0.436,0.042,0.066,0.044,0.0047945734179385665,0.004823834393269085
0.078,0.32,1.39,0.007,0.009,0.0,0.0,0.0,0.0002451827764201232,0.0,436.0,42.0,66.0,44.0,4.847618769542873,4.768085413117812,170.0,21.0,1.0,1.0,1.0,200.0,MMA,580.0,2.0,,,,,-75.0,100.0,Evans-Al/CMn-1990-44htch2,0.436,0.042,0.066,0.044,0.004847618769542873,0.004768085413117812
0.08,0.33,1.41,0.006,0.009,0.0,0.0,0.0,0.0002607972739969187,0.0,432.0,43.0,61.0,78.0,4.738131988438503,3.2112158447976884,170.0,21.0,1.0,1.0,1.0,200.0,MMA,250.0,14.0,478.0,540.0,31.2,80.7,,,Evans-Al/CMn-1990-78aw,0.432,0.043,0.061,0.078,0.0047381319884385025,0.0032112158447976883
0.08,0.33,1.41,0.006,0.009,0.0,0.0,0.0,0.00028136739033579855,0.0,432.0,43.0,61.0,78.0,4.587395507312175,4.81872661420523,170.0,21.0,1.0,1.0,1.0,200.0,MMA,0.0,0.0,,,,,-77.0,28.0,Evans-Al/CMn-1990-78awch1,0.432,0.043,0.061,0.078,0.004587395507312175,0.00481872661420523
0.08,0.33,1.41,0.006,0.009,0.0,0.0,0.0,0.0004703036679702265,0.0,432.0,43.0,61.0,78.0,4.895365588813907,4.648324227448697,170.0,21.0,1.0,1.0,1.0,200.0,MMA,0.0,0.0,,,,,-55.0,100.0,Evans-Al/CMn-1990-78awch2,0.432,0.043,0.061,0.078,0.004895365588813907,0.004648324227448697
0.08,0.33,1.41,0.006,0.009,0.0,0.0,0.0,0.00048586772461411677,0.0,432.0,43.0,61.0,78.0,2.3830150542261426,4.8802907560033635,170.0,21.0,1.0,1.0,1.0,200.0,MMA,0.0,0.0,,,,,,,Evans-Al/CMn-1990-78aw,0.432,0.043,0.061,0.078,0.0023830150542261427,0.004880290756003364
0.08,0.33,1.41,0.006,0.009,0.0,0.0,0.0,0.0004755785726686282,0.0,432.0,43.0,61.0,78.0,4.832156638765095,4.67865146881548,170.0,21.0,1.0,1.0,1.0,200.0,MMA,580.0,2.0,391.0,504.0,31.8,78.9,,,Evans-Al/CMn-1990-78ht,0.432,0.043,0.061,0.078,0.004832156638765095,0.00467865146881548
0.08,0.33,1.41,0.006,0.009,0.0,0.0,0.0,0.0004893971397435255,0.0,432.0,43.0,61.0,78.0,4.772712519918586,4.8210471564620665,170.0,21.0,1.0,1.0,1.0,200.0,MMA,580.0,2.0,,,,,-89.0,28.0,Evans-Al/CMn-1990-78htch1,0.432,0.043,0.061,0.078,0.004772712519918586,0.004821047156462067
0.08,0.33,1.41,0.006,0.009,0.0,0.0,0.0,0.00025620496796207394,0.0,432.0,43.0,61.0,78.0,4.852304419598625,4.692398263938933,170.0,21.0,1.0,1.0,1.0,200.0,MMA,580.0,2.0,,,,,-68.0,100.0,Evans-Al/CMn-1990-78htch2,0.432,0.043,0.061,0.078,0.004852304419598625,0.004692398263938933
0.08,0.37,1.42,0.006,0.009,0.0,0.0,0.0,0.0004583986824976022,0.0,439.0,43.0,54.0,120.0,4.7088180877297185,4.624847545909344,170.0,21.0,1.0,1.0,1.0,200.0,MMA,250.0,14.0,480.0,543.0,29.0,78.9,,,Evans-Al/CMn-1990-120aw,0.439,0.043,0.054,0.12,0.0047088180877297185,0.004624847545909344
0.08,0.37,1.42,0.006,0.009,0.0,0.0,0.0,0.0004928278774894091,0.0,439.0,43.0,54.0,120.0,2.5866427824963516,4.535584156309207,170.0,21.0,1.0,1.0,1.0,200.0,MMA,0.0,0.0,,,,,-86.0,28.0,Evans-Al/CMn-1990-120awch1,0.439,0.043,0.054,0.12,0.0025866427824963517,0.004535584156309207
0.08,0.37,1.42,0.006,0.009,0.0,0.0,0.0,0.00028107188002806684,0.0,439.0,43.0,54.0,120.0,4.900510163552838,2.3795664424108898,170.0,21.0,1.0,1.0,1.0,200.0,MMA,0.0,0.0,,,,,-28.0,100.0,Evans-Al/CMn-1990-120awch2,0.439,0.043,0.054,0.12,0.004900510163552837,0.0023795664424108897
0.08,0.37,1.42,0.006,0.009,0.0,0.0,0.0,0.00048262940762225083,0.0,439.0,43.0,54.0,120.0,2.2491260115788725,4.857878814279579,170.0,21.0,1.0,1.0,1.0,200.0,MMA,580.0,2.0,397.0,518.0,31.0,79.8,,,Evans-Al/CMn-1990-120ht,0.439,0.043,0.054,0.12,0.0022491260115788726,0.004857878814279579
0.08,0.37,1.42,0.006,0.009,0.0,0.0,0.0,0.0004816933635704295,0.0,439.0,43.0,54.0,120.0,4.98153707470113,4.790399680374397,170.0,21.0,1.0,1.0,1.0,200.0,MMA,580.0,2.0,,,,,-91.0,28.0,Evans-Al/CMn-1990-120htch1,0.439,0.043,0.054,0.12,0.00498153707470113,0.0047903996803743965
0.08,0.37,1.42,0.006,0.009,0.0,0.0,0.0,0.00046095345034787965,0.0,439.0,43.0,54.0,120.0,2.731039950584565,2.5269695252993793,170.0,21.0,1.0,1.0,1.0,200.0,MMA,580.0,2.0,,,,,-69.0,100.0,Evans-Al/CMn-1990-120htch2,0.439,0.043,0.054,0.12,0.002731039950584565,0.0025269695252993795
0.076,0.37,1.36,0.005,0.009,0.0,0.0,0.0,0.00047936653387459417,0.0,422.0,36.0,54.0,190.0,3.139202286544528,4.509152053142704,170.0,21.0,1.0,1.0,1.0,200.0,MMA,250.0,14.0,485.0,549.0,31.4,79.8,,,Evans-Al/CMn-1990-190aw,0.422,0.036,0.054,0.19,0.0031392022865445283,0.0045091520531427036
0.076,0.37,1.36,0.005,0.009,0.0,0.0,0.0,0.0004946937005352017,0.0,422.0,36.0,54.0,190.0,4.961197469670626,4.77979324989617,170.0,21.0,1.0,1.0,1.0,200.0,MMA,0.0,0.0,,,,,-86.0,28.0,Evans-Al/CMn-1990-190awch1,0.422,0.036,0.054,0.19,0.004961197469670626,0.00477979324989617
0.076,0.37,1.36,0.005,0.009,0.0,0.0,0.0,0.00046640436345141096,0.0,422.0,36.0,54.0,190.0,2.2780442549469138,4.908647978562197,170.0,21.0,1.0,1.0,1.0,200.0,MMA,0.0,0.0,,,,,-58.0,100.0,Evans-Al/CMn-1990-190awch2,0.422,0.036,0.054,0.19,0.0022780442549469137,0.004908647978562197
0.076,0.37,1.36,0.005,0.009,0.0,0.0,0.0,0.0004731519048894898,0.0,422.0,36.0,54.0,190.0,2.495377300528518,4.493278016965879,170.0,21.0,1.0,1.0,1.0,200.0,MMA,0.0,0.0,,,,,,,Evans-Al/CMn-1990-190aw,0.422,0.036,0.054,0.19,0.002495377300528518,0.004493278016965878
0.076,0.37,1.36,0.005,0.009,0.0,0.0,0.0,0.00048132258694223766,0.0,422.0,36.0,54.0,190.0,2.484177339055894,4.624682063963028,170.0,21.0,1.0,1.0,1.0,200.0,MMA,580.0,2.0,403.0,519.0,29.1,78.9,,,Evans-Al/CMn-1990-190ht,0.422,0.036,0.054,0.19,0.0024841773390558938,0.004624682063963027
0.076,0.37,1.36,0.005,0.009,0.0,0.0,0.0,0.0004823406652654173,0.0,422.0,36.0,54.0,190.0,2.4073670310617765,4.952301525511254,170.0,21.0,1.0,1.0,1.0,200.0,MMA,580.0,2.0,,,,,-92.0,28.0,Evans-Al/CMn-1990-190htch1,0.422,0.036,0.054,0.19,0.0024073670310617765,0.004952301525511254
0.076,0.37,1.36,0.005,0.009,0.0,0.0,0.0,0.0004882602342075701,0.0,422.0,36.0,54.0,190.0,4.683395580997432,4.806759409654616,170.0,21.0,1.0,1.0,1.0,200.0,MMA,580.0,2.0,,,,,-74.0,100.0,Evans-Al/CMn-1990-190htch2,0.422,0.036,0.054,0.19,0.004683395580997432,0.004806759409654616
0.078,0.44,1.31,0.005,0.008,0.0,0.0,0.0,0.0004865353040941617,0.0,431.0,36.0,52.0,340.0,4.693644158565996,2.027624637015972,170.0,21.0,1.0,1.0,1.0,200.0,MMA,250.0,14.0,491.0,564.0,28.2,78.9,,,Evans-Al/CMn-1990-340aw,0.431,0.036,0.052,0.34,0.004693644158565996,0.0020276246370159717
0.078,0.44,1.31,0.005,0.008,0.0,0.0,0.0,0.0002529884111398976,0.0,431.0,36.0,52.0,340.0,4.750700244398397,4.678571071902186,170.0,21.0,1.0,1.0,1.0,200.0,MMA,0.0,0.0,,,,,-88.0,28.0,Evans-Al/CMn-1990-340awch1,0.431,0.036,0.052,0.34,0.0047507002443983965,0.004678571071902186
0.078,0.44,1.31,0.005,0.008,0.0,0.0,0.0,0.00028341352648046154,0.0,431.0,36.0,52.0,340.0,4.906745600596808,4.7794490627198885,170.0,21.0,1.0,1.0,1.0,200.0,MMA,0.0,0.0,,,,,-63.0,100.0,Evans-Al/CMn-1990-340awch2,0.431,0.036,0.052,0.34,0.004906745600596808,0.004779449062719888
0.078,0.44,1.31,0.005,0.008,0.0,0.0,0.0,0.0004953738500201244,0.0,431.0,36.0,52.0,340.0,4.585764700070252,2.3307041203554517,170.0,21.0,1.0,1.0,1.0,200.0,MMA,0.0,0.0,,,,,,,Evans-Al/CMn-1990-340aw,0.431,0.036,0.052,0.34,0.004585764700070252,0.0023307041203554516
0.078,0.44,1.31,0.005,0.008,0.0,0.0,0.0,0.0004974259783307286,0.0,431.0,36.0,52.0,340.0,4.8774932766555255,2.2211301548001874,170.0,21.0,1.0,1.0,1.0,200.0,MMA,580.0,2.0,409.0,528.0,31.0,78.9,,,Evans-Al/CMn-1990-340ht,0.431,0.036,0.052,0.34,0.004877493276655526,0.0022211301548001874
0.078,0.44,1.31,0.005,0.008,0.0,0.0,0.0,0.0004944642108302711,0.0,431.0,36.0,52.0,340.0,4.96736640842684,4.828575615227633,170.0,21.0,1.0,1.0,1.0,200.0,MMA,580.0,2.0,,,,,-90.0,28.0,Evans-Al/CMn-1990-340htch1,0.431,0.036,0.052,0.34,0.00496736640842684,0.0048285756152276335
0.078,0.44,1.31,0.005,0.008,0.0,0.0,0.0,0.0004998431548715931,0.0,431.0,36.0,52.0,340.0,4.966889680521545,4.950001418436294,170.0,21.0,1.0,1.0,1.0,200.0,MMA,580.0,2.0,,,,,-74.0,100.0,Evans-Al/CMn-1990-340htch2,0.431,0.036,0.052,0.34,0.004966889680521545,0.004950001418436294
0.076,0.51,1.3,0.005,0.008,0.0,0.0,0.0,0.0004968912463567481,0.0,423.0,43.0,50.0,490.0,4.951907690577776,4.750722853368821,170.0,21.0,1.0,1.0,1.0,200.0,MMA,250.0,14.0,485.0,560.0,25.2,78.9,,,Evans-Al/CMn-1990-490aw,0.423,0.043,0.05,0.49,0.004951907690577776,0.004750722853368821
0.076,0.51,1.3,0.005,0.008,0.0,0.0,0.0,0.0002568589250471927,0.0,423.0,43.0,50.0,490.0,4.690076015016903,4.911731765136752,170.0,21.0,1.0,1.0,1.0,200.0,MMA,0.0,0.0,,,,,-90.0,28.0,Evans-Al/CMn-1990-490awch1,0.423,0.043,0.05,0.49,0.004690076015016903,0.004911731765136752
0.076,0.51,1.3,0.005,0.008,0.0,0.0,0.0,0.00023110680942049246,0.0,423.0,43.0,50.0,490.0,4.970035995110695,4.750164759040519,170.0,21.0,1.0,1.0,1.0,200.0,MMA,0.0,0.0,,,,,-55.0,100.0,Evans-Al/CMn-1990-490awch2,0.423,0.043,0.05,0.49,0.0049700359951106955,0.004750164759040519
0.076,0.51,1.3,0.005,0.008,0.0,0.0,0.0,0.0004896732276847328,0.0,423.0,43.0,50.0,490.0,4.489393917705628,4.828868234599043,170.0,21.0,1.0,1.0,1.0,200.0,MMA,0.0,0.0,,,,,,,Evans-Al/CMn-1990-490aw,0.423,0.043,0.05,0.49,0.004489393917705628,0.004828868234599043
0.076,0.51,1.3,0.005,0.008,0.0,0.0,0.0,0.0004906446557368515,0.0,423.0,43.0,50.0,490.0,2.609575243928191,4.579662972333819,170.0,21.0,1.0,1.0,1.0,200.0,MMA,580.0,2.0,417.0,528.0,29.0,78.9,,,Evans-Al/CMn-1990-490ht,0.423,0.043,0.05,0.49,0.002609575243928191,0.0045796629723338185
0.076,0.51,1.3,0.005,0.008,0.0,0.0,0.0,0.00048375740864625553,0.0,423.0,43.0,50.0,490.0,4.805413735272272,4.708560582699159,170.0,21.0,1.0,1.0,1.0,200.0,MMA,580.0,2.0,,,,,-84.0,28.0,Evans-Al/CMn-1990-490htch1,0.423,0.043,0.05,0.49,0.0048054137352722725,0.0047085605826991585
0.076,0.51,1.3,0.005,0.008,0.0,0.0,0.0,0.0003044835124335651,0.0,423.0,43.0,50.0,490.0,4.875238601701048,2.2312756268150893,170.0,21.0,1.0,1.0,1.0,200.0,MMA,580.0,2.0,,,,,-69.0,100.0,Evans-Al/CMn-1990-490htch2,0.423,0.043,0.05,0.49,0.004875238601701048,0.0022312756268150894
0.079,0.57,1.32,0.004,0.008,0.0,0.0,0.0,0.0004893335926393602,0.0,422.0,38.0,48.0,610.0,4.85912703451181,2.70719760463973,170.0,21.0,1.0,1.0,1.0,200.0,MMA,250.0,14.0,491.0,570.0,29.2,77.0,,,Evans-Al/CMn-1990-610aw,0.422,0.038,0.048,0.61,0.0048591270345118105,0.00270719760463973
0.079,0.57,1.32,0.004,0.008,0.0,0.0,0.0,0.00045848689089082224,0.0,422.0,38.0,48.0,610.0,2.688681207819725,2.966983100509441,170.0,21.0,1.0,1.0,1.0,200.0,MMA,0.0,0.0,,,,,-74.0,28.0,Evans-Al/CMn-1990-610awch1,0.422,0.038,0.048,0.61,0.002688681207819725,0.0029669831005094413
0.079,0.57,1.32,0.004,0.008,0.0,0.0,0.0,0.0002821355320201744,0.0,422.0,38.0,48.0,610.0,4.92983304170544,3.1255411139854834,170.0,21.0,1.0,1.0,1.0,200.0,MMA,0.0,0.0,,,,,-38.0,100.0,Evans-Al/CMn-1990-610awch2,0.422,0.038,0.048,0.61,0.00492983304170544,0.0031255411139854833
0.079,0.57,1.32,0.004,0.008,0.0,0.0,0.0,0.000490247319045972,0.0,422.0,38.0,48.0,610.0,4.86319481824921,4.658015788048225,170.0,21.0,1.0,1.0,1.0,200.0,MMA,0.0,0.0,,,,,,,Evans-Al/CMn-1990-610aw,0.422,0.038,0.048,0.61,0.00486319481824921,0.0046580157880482245
0.079,0.57,1.32,0.004,0.008,0.0,0.0,0.0,0.00048356455794342103,0.0,422.0,38.0,48.0,610.0,4.945627183900359,4.883036835131506,170.0,21.0,1.0,1.0,1.0,200.0,MMA,580.0,2.0,443.0,550.0,29.4,76.0,,,Evans-Al/CMn-1990-610ht,0.422,0.038,0.048,0.61,0.004945627183900359,0.004883036835131506
0.079,0.57,1.32,0.004,0.008,0.0,0.0,0.0,0.0004801128318281677,0.0,422.0,38.0,48.0,610.0,4.617988997248757,4.748986841127972,170.0,21.0,1.0,1.0,1.0,200.0,MMA,580.0,2.0,,,,,-88.0,28.0,Evans-Al/CMn-1990-610htch1,0.422,0.038,0.048,0.61,0.004617988997248757,0.004748986841127972
0.079,0.57,1.32,0.004,0.008,0.0,0.0,0.0,0.00046017813151238925,0.0,422.0,38.0,48.0,610.0,4.686183553938544,4.710064519689475,170.0,21.0,1.0,1.0,1.0,200.0,MMA,580.0,2.0,,,,,-52.0,100.0,Evans-Al/CMn-1990-610htch2,0.422,0.038,0.048,0.61,0.0046861835539385435,0.0047100645196894745
0.073,0.35,0.64,0.005,0.004,0.0,0.0,0.0,0.0003,0.0,428.0,38.0,77.0,2.5153884251632936,4.632745167344653,4.68870535685611,170.0,21.0,1.0,1.0,1.0,200.0,MMA,250.0,14.0,402.0,494.0,33.3,77.5,,,Evans-V/Mn-1991-A3aw,0.428,0.038,0.077,0.002515388425163294,0.004632745167344653,0.004688705356856109
0.073,0.35,0.64,0.005,0.004,0.0,0.0,0.0,0.0003,0.0,428.0,38.0,77.0,2.6252064728381863,2.2234366524768516,4.924033882756606,170.0,21.0,1.0,1.0,1.0,200.0,MMA,0.0,0.0,,,,,-45.0,100.0,Evans-V/Mn-1991-A3awch,0.428,0.038,0.077,0.0026252064728381863,0.0022234366524768517,0.004924033882756606
0.073,0.35,0.64,0.005,0.004,0.0,0.0,0.0,0.0003,0.0,428.0,38.0,77.0,4.7152287059140106,2.240600214791911,2.912651398129454,170.0,21.0,1.0,1.0,1.0,200.0,MMA,580.0,2.0,329.0,447.0,36.4,80.5,-54.0,100.0,Evans-V/Mn-1991-A3ht,0.428,0.038,0.077,0.0047152287059140105,0.002240600214791911,0.0029126513981294544
0.071,0.36,0.63,0.007,0.006,0.0,0.0,0.0,0.021,0.0,435.0,43.0,78.0,4.64880861748229,4.7735702205875326,5.0,170.0,21.0,1.0,1.0,1.0,200.0,MMA,250.0,14.0,436.0,513.0,29.2,77.0,,,Evans-V/Mn-1991-A210aw,0.435,0.043,0.078,0.00464880861748229,0.004773570220587532,0.005
0.071,0.36,0.63,0.007,0.006,0.0,0.0,0.0,0.021,0.0,435.0,43.0,78.0,4.915498335946645,2.3342952138211013,5.0,170.0,21.0,1.0,1.0,1.0,200.0,MMA,0.0,0.0,,,,,-43.0,100.0,Evans-V/Mn-1991-A210awch,0.435,0.043,0.078,0.004915498335946645,0.002334295213821101,0.005
0.071,0.36,0.63,0.007,0.006,0.0,0.0,0.0,0.021,0.0,435.0,43.0,78.0,4.997745893822741,4.994546361522848,5.0,170.0,21.0,1.0,1.0,1.0,200.0,MMA,580.0,2.0,398.0,481.0,30.8,76.0,-47.0,100.0,Evans-V/Mn-1991-A210ht,0.435,0.043,0.078,0.004997745893822741,0.004994546361522848,0.005
0.071,0.4,0.64,0.008,0.006,0.0,0.0,0.0,0.0435,0.0,411.0,36.0,88.0,4.848250870756048,4.829828134165706,5.0,170.0,21.0,1.0,1.0,1.0,200.0,MMA,250.0,14.0,478.0,546.0,28.2,78.0,,,Evans-V/Mn-1991-A435aw,0.411,0.036,0.088,0.004848250870756048,0.004829828134165706,0.005
0.071,0.4,0.64,0.008,0.006,0.0,0.0,0.0,0.0435,0.0,411.0,36.0,88.0,4.705912779622815,4.684871785706795,5.0,170.0,21.0,1.0,1.0,1.0,200.0,MMA,0.0,0.0,,,,,-43.0,100.0,Evans-V/Mn-1991-A435awch,0.411,0.036,0.088,0.004705912779622815,0.004684871785706795,0.005
0.071,0.4,0.64,0.008,0.006,0.0,0.0,0.0,0.0435,0.0,411.0,36.0,88.0,4.607586438870088,2.837831294974752,5.0,170.0,21.0,1.0,1.0,1.0,200.0,MMA,580.0,2.0,446.0,526.0,,76.0,-30.0,100.0,Evans-V/Mn-1991-A435ht,0.411,0.036,0.088,0.004607586438870088,0.0028378312949747524,0.005
0.074,0.36,0.63,0.008,0.005,0.0,0.0,0.0,0.06,0.0,432.0,31.0,75.0,4.735864740331677,4.7948897111995255,5.0,170.0,21.0,1.0,1.0,1.0,200.0,MMA,250.0,14.0,488.0,548.0,25.6,77.5,,,Evans-V/Mn-1991-A600aw,0.432,0.031,0.075,0.004735864740331677,0.004794889711199526,0.005
0.074,0.36,0.63,0.008,0.005,0.0,0.0,0.0,0.06,0.0,432.0,31.0,75.0,4.593614250742775,4.557794896807346,5.0,170.0,21.0,1.0,1.0,1.0,200.0,MMA,0.0,0.0,,,,,-42.0,100.0,Evans-V/Mn-1991-A600awch,0.432,0.031,0.075,0.004593614250742775,0.004557794896807346,0.005
0.074,0.36,0.63,0.008,0.005,0.0,0.0,0.0,0.06,0.0,432.0,31.0,75.0,4.664072493910121,4.927108903348142,5.0,170.0,21.0,1.0,1.0,1.0,200.0,MMA,580.0,2.0,458.0,547.0,25.6,76.0,-28.0,100.0,Evans-V/Mn-1991-A600ht,0.432,0.031,0.075,0.004664072493910121,0.0049271089033481414,0.005
0.072,0.36,0.64,0.008,0.006,0.0,0.0,0.0,0.0815,0.0,436.0,34.0,84.0,4.871530163286856,4.96563226539306,5.0,170.0,21.0,1.0,1.0,1.0,200.0,MMA,250.0,14.0,490.0,563.0,25.2,77.0,,,Evans-V/Mn-1991-A815aw,0.436,0.034,0.084,0.004871530163286856,0.00496563226539306,0.005
0.072,0.36,0.64,0.008,0.006,0.0,0.0,0.0,0.0815,0.0,436.0,34.0,84.0,2.924185284560378,4.789507554564757,5.0,170.0,21.0,1.0,1.0,1.0,200.0,MMA,0.0,0.0,,,,,-40.0,100.0,Evans-V/Mn-1991-A815awch,0.436,0.034,0.084,0.002924185284560378,0.004789507554564757,0.005
0.072,0.36,0.64,0.008,0.006,0.0,0.0,0.0,0.0815,0.0,436.0,34.0,84.0,4.707160241319966,4.709927874478408,5.0,170.0,21.0,1.0,1.0,1.0,200.0,MMA,580.0,2.0,483.0,576.0,25.2,76.0,-22.0,100.0,Evans-V/Mn-1991-A815ht,0.436,0.034,0.084,0.004707160241319966,0.004709927874478408,0.005
0.077,0.35,1.02,0.007,0.005,0.0,0.0,0.0,0.0004,0.0,399.0,41.0,75.0,4.8484096292700904,2.856638360604155,5.0,170.0,21.0,1.0,1.0,1.0,200.0,MMA,250.0,14.0,443.0,522.0,31.1,77.0,,,Evans-V/Mn-1991-B4aw,0.399,0.041,0.075,0.004848409629270091,0.0028566383606041554,0.005
0.077,0.35,1.02,0.007,0.005,0.0,0.0,0.0,0.0004,0.0,399.0,41.0,75.0,4.939884292876453,4.729171978448559,5.0,170.0,21.0,1.0,1.0,1.0,200.0,MMA,0.0,0.0,,,,,-60.0,100.0,Evans-V/Mn-1991-B4awch,0.399,0.041,0.075,0.004939884292876453,0.004729171978448559,0.005
0.077,0.35,1.02,0.007,0.005,0.0,0.0,0.0,0.0004,0.0,399.0,41.0,75.0,4.724419684489519,4.965946443392473,5.0,170.0,21.0,1.0,1.0,1.0,200.0,MMA,580.0,2.0,332.0,461.0,33.3,80.3,-80.0,100.0,Evans-V/Mn-1991-B4ht,0.399,0.041,0.075,0.004724419684489519,0.004965946443392473,0.005
0.076,0.34,1.01,0.007,0.007,0.0,0.0,0.0,0.0215,0.0,426.0,37.0,75.0,4.569888127555212,4.794724041327341,5.0,170.0,21.0,1.0,1.0,1.0,200.0,MMA,250.0,14.0,456.0,534.0,25.0,79.6,,,Evans-V/Mn-1991-B215aw,0.426,0.037,0.075,0.004569888127555212,0.004794724041327341,0.005
0.076,0.34,1.01,0.007,0.007,0.0,0.0,0.0,0.0215,0.0,426.0,37.0,75.0,4.693665611043507,4.69202074845243,5.0,170.0,21.0,1.0,1.0,1.0,200.0,MMA,0.0,0.0,,,,,-69.0,100.0,Evans-V/Mn-1991-B215awch,0.426,0.037,0.075,0.004693665611043506,0.00469202074845243,0.005
0.076,0.34,1.01,0.007,0.007,0.0,0.0,0.0,0.0215,0.0,426.0,37.0,75.0,2.593847418230194,4.684944429671369,5.0,170.0,21.0,1.0,1.0,1.0,200.0,MMA,580.0,2.0,434.0,515.0,29.8,78.9,-67.0,100.0,Evans-V/Mn-1991-B215ht,0.426,0.037,0.075,0.002593847418230194,0.00468494442967137,0.005
0.078,0.31,1.04,0.007,0.006,0.0,0.0,0.0,0.044,0.0,429.0,32.0,48.0,4.942648025886887,4.823914753671817,5.0,170.0,21.0,1.0,1.0,1.0,200.0,MMA,250.0,14.0,505.0,570.0,24.8,77.4,,,Evans-V/Mn-1991-B440aw,0.429,0.032,0.048,0.004942648025886886,0.004823914753671817,0.005
0.078,0.31,1.04,0.007,0.006,0.0,0.0,0.0,0.044,0.0,429.0,32.0,48.0,3.2473909285041405,4.737317218146941,5.0,170.0,21.0,1.0,1.0,1.0,200.0,MMA,0.0,0.0,,,,,-63.0,100.0,Evans-V/Mn-1991-B440awch,0.429,0.032,0.048,0.0032473909285041405,0.004737317218146941,0.005
0.078,0.31,1.04,0.007,0.006,0.0,0.0,0.0,0.044,0.0,429.0,32.0,48.0,4.737035409873745,4.722421486643383,5.0,170.0,21.0,1.0,1.0,1.0,200.0,MMA,580.0,2.0,478.0,554.0,27.2,78.0,-51.0,100.0,Evans-V/Mn-1991-B440ht,0.429,0.032,0.048,0.004737035409873745,0.004722421486643383,0.005
0.076,0.33,1.04,0.007,0.006,0.0,0.0,0.0,0.061,0.0,429.0,31.0,70.0,2.2594782076915485,2.6194654927771466,5.0,170.0,21.0,1.0,1.0,1.0,200.0,MMA,250.0,14.0,509.0,576.0,25.6,77.4,,,Evans-V/Mn-1991-B610aw,0.429,0.031,0.07,0.0022594782076915485,0.0026194654927771464,0.005
0.076,0.33,1.04,0.007,0.006,0.0,0.0,0.0,0.061,0.0,429.0,31.0,70.0,4.699178780575602,4.872676198336779,5.0,170.0,21.0,1.0,1.0,1.0,200.0,MMA,0.0,0.0,,,,,-59.0,100.0,Evans-V/Mn-1991-B610awch,0.429,0.031,0.07,0.0046991787805756025,0.0048726761983367796,0.005
0.076,0.33,1.04,0.007,0.006,0.0,0.0,0.0,0.061,0.0,429.0,31.0,70.0,2.8502235450893725,4.555220756977869,5.0,170.0,21.0,1.0,1.0,1.0,200.0,MMA,580.0,2.0,493.0,569.0,27.0,77.0,-44.0,100.0,Evans-V/Mn-1991-B610ht,0.429,0.031,0.07,0.0028502235450893723,0.004555220756977869,0.005
0.077,0.32,1.05,0.008,0.006,0.0,0.0,0.0,0.085,0.0,400.0,34.0,72.0,4.939905959786447,2.79341387756905,5.0,170.0,21.0,1.0,1.0,1.0,200.0,MMA,250.0,14.0,538.0,592.0,25.2,74.0,,,Evans-V/Mn-1991-B850aw,0.4,0.034,0.072,0.004939905959786447,0.00279341387756905,0.005
0.077,0.32,1.05,0.008,0.006,0.0,0.0,0.0,0.085,0.0,400.0,34.0,72.0,4.493369505343576,4.7501241856133065,5.0,170.0,21.0,1.0,1.0,1.0,200.0,MMA,0.0,0.0,,,,,-60.0,100.0,Evans-V/Mn-1991-B850awch,0.4,0.034,0.072,0.0044933695053435765,0.0047501241856133065,0.005
0.077,0.32,1.05,0.008,0.006,0.0,0.0,0.0,0.085,0.0,400.0,34.0,72.0,2.7182914122787523,4.727791201134679,5.0,170.0,21.0,1.0,1.0,1.0,200.0,MMA,580.0,2.0,538.0,609.0,25.4,75.0,-40.0,100.0,Evans-V/Mn-1991-B850ht,0.4,0.034,0.072,0.0027182914122787522,0.0047277912011346795,0.005
0.077,0.31,1.33,0.007,0.005,0.0,0.0,0.0,0.0004,0.0,419.0,38.0,80.0,2.4309899559890513,2.4787603350140865,6.0,170.0,21.0,1.0,1.0,1.0,200.0,MMA,250.0,14.0,463.0,541.0,27.1,75.9,,,Evans-V/Mn-1991-C4aw,0.419,0.038,0.08,0.0024309899559890515,0.0024787603350140863,0.006
0.077,0.31,1.33,0.007,0.005,0.0,0.0,0.0,0.0004,0.0,419.0,38.0,80.0,4.932217671582442,4.8074476148817205,6.0,170.0,21.0,1.0,1.0,1.0,200.0,MMA,0.0,0.0,,,,,-68.0,100.0,Evans-V/Mn-1991-C4awch,0.419,0.038,0.08,0.004932217671582442,0.0048074476148817205,0.006
0.077,0.31,1.33,0.007,0.005,0.0,0.0,0.0,0.0004,0.0,419.0,38.0,80.0,4.528872678739018,4.792838867347564,6.0,170.0,21.0,1.0,1.0,1.0,200.0,MMA,580.0,2.0,372.0,497.0,31.4,76.4,-81.0,100.0,Evans-V/Mn-1991-C4ht,0.419,0.038,0.08,0.004528872678739018,0.004792838867347564,0.006
0.072,0.33,1.22,0.008,0.006,0.0,0.0,0.0,0.019,0.0,447.0,29.0,85.0,2.875952112867278,4.809776870129775,5.0,170.0,21.0,1.0,1.0,1.0,200.0,MMA,250.0,14.0,486.0,545.0,29.6,78.2,,,Evans-V/Mn-1991-C190aw,0.447,0.029,0.085,0.0028759521128672782,0.004809776870129775,0.005
0.072,0.33,1.22,0.008,0.006,0.0,0.0,0.0,0.019,0.0,447.0,29.0,85.0,4.592730368714357,2.599119033933937,5.0,170.0,21.0,1.0,1.0,1.0,200.0,MMA,0.0,0.0,,,,,-66.0,100.0,Evans-V/Mn-1991-C190awch,0.447,0.029,0.085,0.004592730368714357,0.002599119033933937,0.005
0.072,0.33,1.22,0.008,0.006,0.0,0.0,0.0,0.019,0.0,447.0,29.0,85.0,4.835471526757288,4.559942757863672,5.0,170.0,21.0,1.0,1.0,1.0,200.0,MMA,580.0,2.0,455.0,533.0,28.4,77.9,-67.0,100.0,Evans-V/Mn-1991-C190ht,0.447,0.029,0.085,0.004835471526757288,0.004559942757863672,0.005
0.077,0.26,1.36,0.007,0.007,0.0,0.0,0.0,0.0425,0.0,410.0,29.0,79.0,4.864342710666494,4.647665816733858,5.0,170.0,21.0,1.0,1.0,1.0,200.0,MMA,250.0,14.0,536.0,590.0,24.4,78.1,,,Evans-V/Mn-1991-C425aw,0.41,0.029,0.079,0.004864342710666494,0.004647665816733858,0.005
0.077,0.26,1.36,0.007,0.007,0.0,0.0,0.0,0.0425,0.0,410.0,29.0,79.0,4.80135505989572,4.813172028752214,5.0,170.0,21.0,1.0,1.0,1.0,200.0,MMA,0.0,0.0,,,,,-70.0,100.0,Evans-V/Mn-1991-C425awch,0.41,0.029,0.079,0.0048013550598957205,0.004813172028752213,0.005
0.077,0.26,1.36,0.007,0.007,0.0,0.0,0.0,0.0425,0.0,410.0,29.0,79.0,4.842124608092091,4.832057155067946,5.0,170.0,21.0,1.0,1.0,1.0,200.0,MMA,580.0,2.0,526.0,594.0,26.0,76.0,-62.0,100.0,Evans-V/Mn-1991-C425ht,0.41,0.029,0.079,0.004842124608092091,0.004832057155067946,0.005
0.078,0.3,1.35,0.007,0.007,0.0,0.0,0.0,0.0595,0.0,405.0,30.0,76.0,4.892853138309714,4.742213954448515,5.0,170.0,21.0,1.0,1.0,1.0,200.0,MMA,250.0,14.0,521.0,589.0,22.6,76.0,,,Evans-V/Mn-1991-C595aw,0.405,0.03,0.076,0.0048928531383097135,0.004742213954448515,0.005
0.078,0.3,1.35,0.007,0.007,0.0,0.0,0.0,0.0595,0.0,405.0,30.0,76.0,2.7205265504138056,4.8503753256669535,5.0,170.0,21.0,1.0,1.0,1.0,200.0,MMA,0.0,0.0,,,,,-70.0,100.0,Evans-V/Mn-1991-C595awch,0.405,0.03,0.076,0.0027205265504138057,0.004850375325666953,0.005
0.078,0.3,1.35,0.007,0.007,0.0,0.0,0.0,0.0595,0.0,405.0,30.0,76.0,2.182027327704476,2.8765970355719617,5.0,170.0,21.0,1.0,1.0,1.0,200.0,MMA,580.0,2.0,527.0,600.0,26.0,75.0,-60.0,100.0,Evans-V/Mn-1991-C595ht,0.405,0.03,0.076,0.002182027327704476,0.002876597035571962,0.005
0.076,0.26,1.36,0.007,0.006,0.0,0.0,0.0,0.1005,0.0,407.0,29.0,83.0,4.918149382795148,2.4132338042102828,5.0,170.0,21.0,1.0,1.0,1.0,200.0,MMA,250.0,14.0,599.0,638.0,20.8,74.0,,,Evans-V/Mn-1991-C1005aw,0.407,0.029,0.083,0.004918149382795148,0.002413233804210283,0.005
0.076,0.26,1.36,0.007,0.006,0.0,0.0,0.0,0.1005,0.0,407.0,29.0,83.0,2.597385239104497,4.701372805542446,5.0,170.0,21.0,1.0,1.0,1.0,200.0,MMA,0.0,0.0,,,,,-55.0,100.0,Evans-V/Mn-1991-C1005awch,0.407,0.029,0.083,0.0025973852391044973,0.004701372805542446,0.005
0.076,0.26,1.36,0.007,0.006,0.0,0.0,0.0,0.1005,0.0,407.0,29.0,83.0,4.646626252145101,4.819074767415909,5.0,170.0,21.0,1.0,1.0,1.0,200.0,MMA,580.0,2.0,574.0,642.0,22.6,73.0,-36.0,100.0,Evans-V/Mn-1991-C1005ht,0.407,0.029,0.083,0.004646626252145101,0.004819074767415909,0.005
0.076,0.29,1.74,0.008,0.006,0.0,0.0,0.0,0.0004,0.0,415.0,35.0,92.0,4.966685002300463,2.3739430404023594,6.0,170.0,21.0,1.0,1.0,1.0,200.0,MMA,250.0,14.0,500.0,571.0,28.8,77.0,,,Evans-V/Mn-1991-D4aw,0.415,0.035,0.092,0.004966685002300463,0.0023739430404023593,0.006
0.076,0.29,1.74,0.008,0.006,0.0,0.0,0.0,0.0004,0.0,415.0,35.0,92.0,4.880774169826917,4.808051848051501,6.0,170.0,21.0,1.0,1.0,1.0,200.0,MMA,0.0,0.0,,,,,-62.0,100.0,Evans-V/Mn-1991-D4awch,0.415,0.035,0.092,0.0048807741698269165,0.004808051848051501,0.006
0.076,0.29,1.74,0.008,0.006,0.0,0.0,0.0,0.0004,0.0,415.0,35.0,92.0,4.808451570385328,4.8231837278916485,6.0,170.0,21.0,1.0,1.0,1.0,200.0,MMA,580.0,2.0,414.0,518.0,29.2,78.4,-71.0,100.0,Evans-V/Mn-1991-D4ht,0.415,0.035,0.092,0.004808451570385328,0.004823183727891649,0.006
0.077,0.26,1.73,0.007,0.008,0.0,0.0,0.0,0.0235,0.0,423.0,27.0,72.0,4.741342556077099,4.639232388179599,5.0,170.0,21.0,1.0,1.0,1.0,200.0,MMA,250.0,14.0,543.0,607.0,23.2,77.0,,,Evans-V/Mn-1991-D235aw,0.423,0.027,0.072,0.004741342556077099,0.0046392323881796,0.005
0.077,0.26,1.73,0.007,0.008,0.0,0.0,0.0,0.0235,0.0,423.0,27.0,72.0,2.5020062827847513,4.753712771489144,5.0,170.0,21.0,1.0,1.0,1.0,200.0,MMA,0.0,0.0,,,,,-62.0,100.0,Evans-V/Mn-1991-D235awch,0.423,0.027,0.072,0.0025020062827847515,0.004753712771489144,0.005
0.077,0.26,1.73,0.007,0.008,0.0,0.0,0.0,0.0235,0.0,423.0,27.0,72.0,2.9152623099281683,2.7745030185477946,5.0,170.0,21.0,1.0,1.0,1.0,200.0,MMA,580.0,2.0,523.0,602.0,25.6,75.0,-59.0,100.0,Evans-V/Mn-1991-D235ht,0.423,0.027,0.072,0.0029152623099281683,0.0027745030185477946,0.005
0.077,0.26,1.72,0.007,0.008,0.0,0.0,0.0,0.041,0.0,423.0,25.0,74.0,4.796766471878916,2.4051906335260846,5.0,170.0,21.0,1.0,1.0,1.0,200.0,MMA,250.0,14.0,578.0,617.0,21.8,75.0,,,Evans-V/Mn-1991-D410aw,0.423,0.025,0.074,0.004796766471878916,0.0024051906335260846,0.005
0.077,0.26,1.72,0.007,0.008,0.0,0.0,0.0,0.041,0.0,423.0,25.0,74.0,4.866676397730401,2.438388270347459,5.0,170.0,21.0,1.0,1.0,1.0,200.0,MMA,0.0,0.0,,,,,-67.0,100.0,Evans-V/Mn-1991-D410awch,0.423,0.025,0.074,0.004866676397730401,0.002438388270347459,0.005
0.077,0.26,1.72,0.007,0.008,0.0,0.0,0.0,0.041,0.0,423.0,25.0,74.0,4.88584666406189,4.600755780774276,5.0,170.0,21.0,1.0,1.0,1.0,200.0,MMA,580.0,2.0,538.0,626.0,21.8,74.0,-55.0,100.0,Evans-V/Mn-1991-D410ht,0.423,0.025,0.074,0.00488584666406189,0.004600755780774276,0.005
0.076,0.25,1.72,0.005,0.008,0.0,0.0,0.0,0.0605,0.0,405.0,25.0,86.0,4.934455637744853,4.603253030514389,5.0,170.0,21.0,1.0,1.0,1.0,200.0,MMA,250.0,14.0,589.0,650.0,21.6,75.0,,,Evans-V/Mn-1991-D605aw,0.405,0.025,0.086,0.004934455637744853,0.004603253030514389,0.005
0.076,0.25,1.72,0.005,0.008,0.0,0.0,0.0,0.0605,0.0,405.0,25.0,86.0,4.982919644385276,4.674393387470492,5.0,170.0,21.0,1.0,1.0,1.0,200.0,MMA,0.0,0.0,,,,,-64.0,100.0,Evans-V/Mn-1991-D605awch,0.405,0.025,0.086,0.004982919644385276,0.004674393387470492,0.005
0.076,0.25,1.72,0.005,0.008,0.0,0.0,0.0,0.0605,0.0,405.0,25.0,86.0,4.92591226787623,4.618486882537157,5.0,170.0,21.0,1.0,1.0,1.0,200.0,MMA,580.0,2.0,521.0,597.0,24.4,74.0,-44.0,100.0,Evans-V/Mn-1991-D605ht,0.405,0.025,0.086,0.00492591226787623,0.004618486882537157,0.005
0.08,0.26,1.74,0.007,0.008,0.0,0.0,0.0,0.083,0.0,411.0,25.0,90.0,4.775144144590929,4.90098967570387,5.0,170.0,21.0,1.0,1.0,1.0,200.0,MMA,250.0,14.0,639.0,681.0,19.6,71.9,,,Evans-V/Mn-1991-D830aw,0.411,0.025,0.09,0.004775144144590929,0.00490098967570387,0.005
0.08,0.26,1.74,0.007,0.008,0.0,0.0,0.0,0.083,0.0,411.0,25.0,90.0,4.732027118705809,4.6601953243641,5.0,170.0,21.0,1.0,1.0,1.0,200.0,MMA,0.0,0.0,,,,,-61.0,100.0,Evans-V/Mn-1991-D830awch,0.411,0.025,0.09,0.004732027118705809,0.0046601953243641,0.005
0.08,0.26,1.74,0.007,0.008,0.0,0.0,0.0,0.083,0.0,411.0,25.0,90.0,2.8896450166859284,4.677824328655507,5.0,170.0,21.0,1.0,1.0,1.0,200.0,MMA,580.0,2.0,570.0,647.0,24.0,74.0,,,Evans-V/Mn-1991-D830ht,0.411,0.025,0.09,0.0028896450166859284,0.004677824328655506,0.005
0.073,0.35,0.64,0.005,0.004,0.0,0.0,0.0,0.0003,0.0,428.0,38.0,77.0,4.6572082888468564,2.63173102458069,4.885229890091183,170.0,21.0,1.0,1.0,1.0,200.0,MMA,250.0,14.0,402.0,494.0,33.3,77.5,,,Evans-Nb/Mn-1991-A<5aw,0.428,0.038,0.077,0.0046572082888468565,0.0026317310245806903,0.004885229890091183
0.073,0.35,0.64,0.005,0.004,0.0,0.0,0.0,0.0003,0.0,428.0,38.0,77.0,4.9978020255785065,4.85296611498363,4.622086109631129,170.0,21.0,1.0,1.0,1.0,200.0,MMA,0.0,0.0,,,,,-45.0,100.0,Evans-Nb/Mn-1991-A<5awch,0.428,0.038,0.077,0.004997802025578506,0.0048529661149836305,0.00462208610963113
0.073,0.35,0.64,0.005,0.004,0.0,0.0,0.0,0.0003,0.0,428.0,38.0,77.0,4.681625090041132,3.077248970094451,4.816676671533921,170.0,21.0,1.0,1.0,1.0,200.0,MMA,580.0,2.0,329.0,447.0,36.4,80.5,-55.0,100.0,Evans-Nb/Mn-1991-A<5ht,0.428,0.038,0.077,0.0046816250900411326,0.003077248970094451,0.004816676671533921
0.073,0.34,0.64,0.007,0.005,0.0,0.0,0.0,0.0003,0.0,431.0,41.0,80.0,4.99034834831225,4.758629551635433,120.0,170.0,21.0,1.0,1.0,1.0,200.0,MMA,250.0,14.0,450.0,532.0,28.0,76.0,,,Evans-Nb/Mn-1991-A120aw,0.431,0.041,0.08,0.00499034834831225,0.004758629551635433,0.12
0.073,0.34,0.64,0.007,0.005,0.0,0.0,0.0,0.0003,0.0,431.0,41.0,80.0,2.7996088929884952,4.608673818309177,120.0,170.0,21.0,1.0,1.0,1.0,200.0,MMA,0.0,0.0,,,,,-33.0,100.0,Evans-Nb/Mn-1991-A120awch,0.431,0.041,0.08,0.002799608892988495,0.004608673818309177,0.12
0.073,0.34,0.64,0.007,0.005,0.0,0.0,0.0,0.0003,0.0,431.0,41.0,80.0,2.4478808899356803,4.96719435523635,120.0,170.0,21.0,1.0,1.0,1.0,200.0,MMA,580.0,2.0,415.0,497.0,24.6,78.7,-38.0,100.0,Evans-Nb/Mn-1991-A120ht,0.431,0.041,0.08,0.00244788088993568,0.00496719435523635,0.12
0.075,0.33,0.62,0.007,0.005,0.0,0.0,0.0,0.0003,0.0,429.0,42.0,85.0,4.98094943410414,4.626370435307188,220.0,170.0,21.0,1.0,1.0,1.0,200.0,MMA,250.0,14.0,474.0,553.0,26.8,80.7,,,Evans-Nb/Mn-1991-A220aw,0.429,0.042,0.085,0.00498094943410414,0.004626370435307188,0.22
0.075,0.33,0.62,0.007,0.005,0.0,0.0,0.0,0.0003,0.0,429.0,42.0,85.0,4.943755595511406,4.790769498611178,220.0,170.0,21.0,1.0,1.0,1.0,200.0,MMA,0.0,0.0,,,,,-22.0,100.0,Evans-Nb/Mn-1991-A220awch,0.429,0.042,0.085,0.004943755595511406,0.004790769498611178,0.22
0.075,0.33,0.62,0.007,0.005,0.0,0.0,0.0,0.0003,0.0,429.0,42.0,85.0,4.973813996819706,4.810501682508581,220.0,170.0,21.0,1.0,1.0,1.0,200.0,MMA,580.0,2.0,451.0,539.0,24.4,78.0,-27.0,100.0,Evans-Nb/Mn-1991-A220ht,0.429,0.042,0.085,0.0049738139968197054,0.004810501682508581,0.22
0.07,0.33,0.64,0.007,0.004,0.0,0.0,0.0,0.0007,0.0,413.0,42.0,85.0,2.447341026816096,2.7459631658757804,450.0,170.0,21.0,1.0,1.0,1.0,200.0,MMA,250.0,14.0,522.0,580.0,25.0,76.0,,,Evans-Nb/Mn-1991-A450aw,0.413,0.042,0.085,0.0024473410268160962,0.0027459631658757803,0.45
0.07,0.33,0.64,0.007,0.004,0.0,0.0,0.0,0.0007,0.0,413.0,42.0,85.0,2.488068467715049,4.836089465220639,450.0,170.0,21.0,1.0,1.0,1.0,200.0,MMA,0.0,0.0,,,,,-7.0,100.0,Evans-Nb/Mn-1991-A450awch,0.413,0.042,0.085,0.002488068467715049,0.004836089465220639,0.45
0.07,0.33,0.64,0.007,0.004,0.0,0.0,0.0,0.0007,0.0,413.0,42.0,85.0,4.571095662707147,4.670236329254851,450.0,170.0,21.0,1.0,1.0,1.0,200.0,MMA,580.0,2.0,484.0,576.0,23.0,74.9,-4.0,100.0,Evans-Nb/Mn-1991-A450ht,0.413,0.042,0.085,0.004571095662707147,0.004670236329254851,0.45
0.074,0.33,0.64,0.008,0.006,0.0,0.0,0.0,0.0003,0.0,460.0,39.0,110.0,2.295156416195925,4.58073168149407,880.0,170.0,21.0,1.0,1.0,1.0,200.0,MMA,250.0,14.0,549.0,614.0,24.0,70.8,,,Evans-Nb/Mn-1991-A880aw,0.46,0.039,0.11,0.002295156416195925,0.004580731681494071,0.88
0.074,0.33,0.64,0.008,0.006,0.0,0.0,0.0,0.0003,0.0,460.0,39.0,110.0,4.753006837951262,2.862339559344976,880.0,170.0,21.0,1.0,1.0,1.0,200.0,MMA,0.0,0.0,,,,,13.0,100.0,Evans-Nb/Mn-1991-A880awch,0.46,0.039,0.11,0.004753006837951262,0.002862339559344976,0.88
0.074,0.33,0.64,0.008,0.006,0.0,0.0,0.0,0.0003,0.0,460.0,39.0,110.0,4.98112861025259,4.680647448540883,880.0,170.0,21.0,1.0,1.0,1.0,200.0,MMA,580.0,2.0,544.0,621.0,22.6,71.9,18.0,100.0,Evans-Nb/Mn-1991-A880ht,0.46,0.039,0.11,0.004981128610252589,0.004680647448540883,0.88
0.077,0.35,1.02,0.007,0.005,0.0,0.0,0.0,0.0004,0.0,399.0,41.0,75.0,4.592947770852856,4.855253984008017,4.764386342868349,170.0,21.0,1.0,1.0,1.0,200.0,MMA,250.0,14.0,443.0,522.0,31.1,77.0,,,Evans-Nb/Mn-1991-B<5aw,0.399,0.041,0.075,0.0045929477708528555,0.004855253984008017,0.004764386342868349
0.077,0.35,1.02,0.007,0.005,0.0,0.0,0.0,0.0004,0.0,399.0,41.0,75.0,4.746844373357933,2.3084805314757433,4.906254015460689,170.0,21.0,1.0,1.0,1.0,200.0,MMA,0.0,0.0,,,,,-60.0,100.0,Evans-Nb/Mn-1991-B<5awch,0.399,0.041,0.075,0.004746844373357933,0.002308480531475743,0.00490625401546069
0.077,0.35,1.02,0.007,0.005,0.0,0.0,0.0,0.0004,0.0,399.0,41.0,75.0,4.939407988260426,4.659804214325319,4.712956407326768,170.0,21.0,1.0,1.0,1.0,200.0,MMA,580.0,2.0,332.0,461.0,33.3,80.3,-80.0,100.0,Evans-Nb/Mn-1991-B<5ht,0.399,0.041,0.075,0.004939407988260426,0.004659804214325319,0.004712956407326768
0.078,0.35,1.02,0.007,0.005,0.0,0.0,0.0,0.0004,0.0,368.0,36.0,83.0,2.7118702173235376,4.918613137093576,120.0,170.0,21.0,1.0,1.0,1.0,200.0,MMA,250.0,14.0,480.0,557.0,25.4,75.0,,,Evans-Nb/Mn-1991-B120aw,0.368,0.036,0.083,0.0027118702173235375,0.004918613137093577,0.12
0.078,0.35,1.02,0.007,0.005,0.0,0.0,0.0,0.0004,0.0,368.0,36.0,83.0,4.827177299904322,4.654190947622981,120.0,170.0,21.0,1.0,1.0,1.0,200.0,MMA,0.0,0.0,,,,,-42.0,100.0,Evans-Nb/Mn-1991-B120awch,0.368,0.036,0.083,0.004827177299904322,0.004654190947622981,0.12
0.078,0.35,1.02,0.007,0.005,0.0,0.0,0.0,0.0004,0.0,368.0,36.0,83.0,4.914448171622608,4.606354240849661,120.0,170.0,21.0,1.0,1.0,1.0,200.0,MMA,580.0,2.0,447.0,540.0,30.4,77.0,-55.0,100.0,Evans-Nb/Mn-1991-B120ht,0.368,0.036,0.083,0.004914448171622608,0.0046063542408496605,0.12
0.074,0.34,1.0,0.007,0.006,0.0,0.0,0.0,0.0005,0.0,424.0,37.0,86.0,4.724399498256802,4.649307758377336,255.0,170.0,21.0,1.0,1.0,1.0,200.0,MMA,250.0,14.0,513.0,594.0,28.0,76.0,,,Evans-Nb/Mn-1991-B255aw,0.424,0.037,0.086,0.004724399498256802,0.004649307758377337,0.255
0.074,0.34,1.0,0.007,0.006,0.0,0.0,0.0,0.0005,0.0,424.0,37.0,86.0,4.416797253300677,4.572672883889021,255.0,170.0,21.0,1.0,1.0,1.0,200.0,MMA,0.0,0.0,,,,,-38.0,100.0,Evans-Nb/Mn-1991-B255awch,0.424,0.037,0.086,0.004416797253300677,0.004572672883889022,0.255
0.074,0.34,1.0,0.007,0.006,0.0,0.0,0.0,0.0005,0.0,424.0,37.0,86.0,4.846159259866383,4.867961408184978,255.0,170.0,21.0,1.0,1.0,1.0,200.0,MMA,580.0,2.0,492.0,575.0,25.2,76.0,-41.0,100.0,Evans-Nb/Mn-1991-B255ht,0.424,0.037,0.086,0.004846159259866383,0.004867961408184978,0.255
0.074,0.33,0.99,0.008,0.006,0.0,0.0,0.0,0.0004,0.0,393.0,37.0,88.0,4.772585142819493,4.874666530242327,465.0,170.0,21.0,1.0,1.0,1.0,200.0,MMA,250.0,14.0,553.0,618.0,22.8,74.0,,,Evans-Nb/Mn-1991-B465aw,0.393,0.037,0.088,0.004772585142819493,0.004874666530242327,0.465
0.074,0.33,0.99,0.008,0.006,0.0,0.0,0.0,0.0004,0.0,393.0,37.0,88.0,4.849228032478651,4.806217738328672,465.0,170.0,21.0,1.0,1.0,1.0,200.0,MMA,0.0,0.0,,,,,-11.0,100.0,Evans-Nb/Mn-1991-B465awch,0.393,0.037,0.088,0.0048492280324786505,0.004806217738328672,0.465
0.074,0.33,0.99,0.008,0.006,0.0,0.0,0.0,0.0004,0.0,393.0,37.0,88.0,4.808174500571645,4.694032765662244,465.0,170.0,21.0,1.0,1.0,1.0,200.0,MMA,580.0,2.0,540.0,616.0,22.4,75.0,-20.0,100.0,Evans-Nb/Mn-1991-B465ht,0.393,0.037,0.088,0.004808174500571645,0.004694032765662244,0.465
0.075,0.34,1.02,0.007,0.006,0.0,0.0,0.0,0.0005,0.0,417.0,37.0,79.0,4.650733025635068,4.991528095793008,985.0,170.0,21.0,1.0,1.0,1.0,200.0,MMA,250.0,14.0,615.0,655.0,20.2,72.9,,,Evans-Nb/Mn-1991-B985aw,0.417,0.037,0.079,0.0046507330256350685,0.004991528095793008,0.985
0.075,0.34,1.02,0.007,0.006,0.0,0.0,0.0,0.0005,0.0,417.0,37.0,79.0,4.680475666517738,4.728710896030062,985.0,170.0,21.0,1.0,1.0,1.0,200.0,MMA,0.0,0.0,,,,,14.0,100.0,Evans-Nb/Mn-1991-B985awch,0.417,0.037,0.079,0.0046804756665177385,0.004728710896030062,0.985
0.075,0.34,1.02,0.007,0.006,0.0,0.0,0.0,0.0005,0.0,417.0,37.0,79.0,4.508639472309496,4.693966457604292,985.0,170.0,21.0,1.0,1.0,1.0,200.0,MMA,580.0,2.0,603.0,676.0,19.8,70.8,8.0,100.0,Evans-Nb/Mn-1991-B985ht,0.417,0.037,0.079,0.004508639472309496,0.004693966457604292,0.985
0.077,0.31,1.33,0.007,0.005,0.0,0.0,0.0,0.0004,0.0,419.0,38.0,80.0,4.637688995000703,4.740463377689951,6.0,170.0,21.0,1.0,1.0,1.0,200.0,MMA,250.0,14.0,463.0,541.0,27.1,75.9,,,Evans-Nb/Mn-1991-C<6aw,0.419,0.038,0.08,0.0046376889950007025,0.004740463377689952,0.006
0.077,0.31,1.33,0.007,0.005,0.0,0.0,0.0,0.0004,0.0,419.0,38.0,80.0,4.848462479065431,2.691739172894901,6.0,170.0,21.0,1.0,1.0,1.0,200.0,MMA,0.0,0.0,,,,,-67.0,100.0,Evans-Nb/Mn-1991-C<6awch,0.419,0.038,0.08,0.004848462479065431,0.0026917391728949014,0.006
0.077,0.31,1.33,0.007,0.005,0.0,0.0,0.0,0.0004,0.0,419.0,38.0,80.0,4.956904200121962,2.8524391490467647,6.0,170.0,21.0,1.0,1.0,1.0,200.0,MMA,580.0,2.0,372.0,497.0,31.4,76.4,-81.0,100.0,Evans-Nb/Mn-1991-C<6ht,0.419,0.038,0.08,0.004956904200121962,0.0028524391490467645,0.006
0.079,0.33,1.37,0.007,0.006,0.0,0.0,0.0,0.0004,0.0,417.0,34.0,97.0,4.708214211388117,4.907456759836973,105.0,170.0,21.0,1.0,1.0,1.0,200.0,MMA,250.0,14.0,505.0,586.0,25.8,77.9,,,Evans-Nb/Mn-1991-C105aw,0.417,0.034,0.097,0.004708214211388117,0.004907456759836973,0.105
0.079,0.33,1.37,0.007,0.006,0.0,0.0,0.0,0.0004,0.0,417.0,34.0,97.0,4.920133694714388,4.6984595826015445,105.0,170.0,21.0,1.0,1.0,1.0,200.0,MMA,0.0,0.0,,,,,-55.0,100.0,Evans-Nb/Mn-1991-C105awch,0.417,0.034,0.097,0.004920133694714388,0.004698459582601545,0.105
0.079,0.33,1.37,0.007,0.006,0.0,0.0,0.0,0.0004,0.0,417.0,34.0,97.0,4.811706723134455,4.828386067870565,105.0,170.0,21.0,1.0,1.0,1.0,200.0,MMA,580.0,2.0,500.0,578.0,24.8,76.0,-61.0,100.0,Evans-Nb/Mn-1991-C105ht,0.417,0.034,0.097,0.004811706723134455,0.0048283860678705656,0.105
0.076,0.3,1.36,0.008,0.006,0.0,0.0,0.0,0.0004,0.0,370.0,33.0,84.0,4.933688499078514,4.805374355389247,235.0,170.0,21.0,1.0,1.0,1.0,200.0,MMA,250.0,14.0,540.0,597.0,26.4,76.0,,,Evans-Nb/Mn-1991-C235aw,0.37,0.033,0.084,0.004933688499078514,0.004805374355389248,0.235
0.076,0.3,1.36,0.008,0.006,0.0,0.0,0.0,0.0004,0.0,370.0,33.0,84.0,4.717377318080322,4.945688910864397,235.0,170.0,21.0,1.0,1.0,1.0,200.0,MMA,0.0,0.0,,,,,-45.0,100.0,Evans-Nb/Mn-1991-C235awch,0.37,0.033,0.084,0.004717377318080322,0.004945688910864397,0.235
0.076,0.3,1.36,0.008,0.006,0.0,0.0,0.0,0.0004,0.0,370.0,33.0,84.0,4.688216444668152,4.75501434312907,235.0,170.0,21.0,1.0,1.0,1.0,200.0,MMA,580.0,2.0,539.0,607.0,25.0,76.0,-41.0,100.0,Evans-Nb/Mn-1991-C235ht,0.37,0.033,0.084,0.0046882164446681515,0.00475501434312907,0.235
0.077,0.34,1.39,0.007,0.007,0.0,0.0,0.0,0.0004,0.0,409.0,32.0,99.0,4.939267058573153,4.824865919525069,455.0,170.0,21.0,1.0,1.0,1.0,200.0,MMA,250.0,14.0,586.0,641.0,24.2,76.0,,,Evans-Nb/Mn-1991-C455aw,0.409,0.032,0.099,0.004939267058573152,0.004824865919525069,0.455
0.077,0.34,1.39,0.007,0.007,0.0,0.0,0.0,0.0004,0.0,409.0,32.0,99.0,4.985009216593369,4.77457401595154,455.0,170.0,21.0,1.0,1.0,1.0,200.0,MMA,0.0,0.0,,,,,-23.0,100.0,Evans-Nb/Mn-1991-C455awch,0.409,0.032,0.099,0.0049850092165933686,0.00477457401595154,0.455
0.077,0.34,1.39,0.007,0.007,0.0,0.0,0.0,0.0004,0.0,409.0,32.0,99.0,2.156061415861085,2.3968272082929576,455.0,170.0,21.0,1.0,1.0,1.0,200.0,MMA,580.0,2.0,583.0,651.0,22.6,71.9,-27.0,100.0,Evans-Nb/Mn-1991-C455ht,0.409,0.032,0.099,0.002156061415861085,0.0023968272082929578,0.455
0.076,0.3,1.36,0.006,0.007,0.0,0.0,0.0,0.0005,0.0,432.0,33.0,91.0,4.701379708945475,4.67089287119726,940.0,170.0,21.0,1.0,1.0,1.0,200.0,MMA,250.0,14.0,610.0,685.0,20.6,71.9,,,Evans-Nb/Mn-1991-C940aw,0.432,0.033,0.091,0.004701379708945475,0.0046708928711972604,0.94
0.076,0.3,1.36,0.006,0.007,0.0,0.0,0.0,0.0005,0.0,432.0,33.0,91.0,4.795413362935235,4.803775479997121,940.0,170.0,21.0,1.0,1.0,1.0,200.0,MMA,0.0,0.0,,,,,-1.0,100.0,Evans-Nb/Mn-1991-C940awch,0.432,0.033,0.091,0.004795413362935235,0.004803775479997121,0.94
0.076,0.3,1.36,0.006,0.007,0.0,0.0,0.0,0.0005,0.0,432.0,33.0,91.0,4.791006321331124,4.764402227430709,940.0,170.0,21.0,1.0,1.0,1.0,200.0,MMA,580.0,2.0,614.0,686.0,19.0,70.8,7.0,100.0,Evans-Nb/Mn-1991-C940ht,0.432,0.033,0.091,0.004791006321331124,0.00476440222743071,0.94
0.076,0.29,1.74,0.008,0.006,0.0,0.0,0.0,0.0004,0.0,415.0,35.0,92.0,4.4585124806008505,4.648512762189593,5.869419145222648,170.0,21.0,1.0,1.0,1.0,200.0,MMA,250.0,14.0,500.0,571.0,28.8,77.0,,,Evans-Nb/Mn-1991-D<5aw,0.415,0.035,0.092,0.00445851248060085,0.004648512762189593,0.005869419145222648
0.076,0.29,1.74,0.008,0.006,0.0,0.0,0.0,0.0004,0.0,415.0,35.0,92.0,4.842811931009377,4.868505316351033,5.725077114260352,170.0,21.0,1.0,1.0,1.0,200.0,MMA,0.0,0.0,,,,,-62.0,100.0,Evans-Nb/Mn-1991-D<5awch,0.415,0.035,0.092,0.004842811931009377,0.0048685053163510334,0.005725077114260352
0.076,0.29,1.74,0.008,0.006,0.0,0.0,0.0,0.0004,0.0,415.0,35.0,92.0,4.693273592322562,4.862248187521191,5.9775178996025105,170.0,21.0,1.0,1.0,1.0,200.0,MMA,580.0,2.0,414.0,518.0,29.2,78.4,-71.0,100.0,Evans-Nb/Mn-1991-D<5ht,0.415,0.035,0.092,0.004693273592322562,0.004862248187521191,0.0059775178996025104
0.077,0.32,1.77,0.007,0.006,0.0,0.0,0.0,0.0004,0.0,418.0,31.0,89.0,2.1616446066256114,4.835805893581177,125.0,170.0,21.0,1.0,1.0,1.0,200.0,MMA,250.0,14.0,540.0,614.0,22.0,75.9,,,Evans-Nb/Mn-1991-D125aw,0.418,0.031,0.089,0.0021616446066256116,0.004835805893581176,0.125
0.077,0.32,1.77,0.007,0.006,0.0,0.0,0.0,0.0004,0.0,418.0,31.0,89.0,2.750747643674564,4.5747980160672315,125.0,170.0,21.0,1.0,1.0,1.0,200.0,MMA,0.0,0.0,,,,,-54.0,100.0,Evans-Nb/Mn-1991-D125awch,0.418,0.031,0.089,0.0027507476436745637,0.0045747980160672315,0.125
0.077,0.32,1.77,0.007,0.006,0.0,0.0,0.0,0.0004,0.0,418.0,31.0,89.0,2.828053475536156,2.989584709764165,125.0,170.0,21.0,1.0,1.0,1.0,200.0,MMA,580.0,2.0,524.0,605.0,24.4,74.0,-61.0,100.0,Evans-Nb/Mn-1991-D125ht,0.418,0.031,0.089,0.002828053475536156,0.002989584709764165,0.125
0.078,0.3,1.76,0.007,0.007,0.0,0.0,0.0,0.0004,0.0,433.0,32.0,110.0,4.754778374057198,4.748192555234034,230.0,170.0,21.0,1.0,1.0,1.0,200.0,MMA,250.0,14.0,575.0,635.0,22.6,74.0,,,Evans-Nb/Mn-1991-D230aw,0.433,0.032,0.11,0.004754778374057198,0.004748192555234034,0.23
0.078,0.3,1.76,0.007,0.007,0.0,0.0,0.0,0.0004,0.0,433.0,32.0,110.0,4.772917822106781,4.620562058328996,230.0,170.0,21.0,1.0,1.0,1.0,200.0,MMA,0.0,0.0,,,,,-42.0,100.0,Evans-Nb/Mn-1991-D230awch,0.433,0.032,0.11,0.004772917822106782,0.004620562058328996,0.23
0.078,0.3,1.76,0.007,0.007,0.0,0.0,0.0,0.0004,0.0,433.0,32.0,110.0,4.897191063058425,2.256295140472901,230.0,170.0,21.0,1.0,1.0,1.0,200.0,MMA,580.0,2.0,553.0,627.0,22.0,76.8,-31.0,100.0,Evans-Nb/Mn-1991-D230ht,0.433,0.032,0.11,0.004897191063058425,0.002256295140472901,0.23
0.077,0.29,1.77,0.008,0.009,0.0,0.0,0.0,0.0004,0.0,432.0,31.0,97.0,2.187750141581552,2.3894260501579363,450.0,170.0,21.0,1.0,1.0,1.0,200.0,MMA,250.0,14.0,606.0,660.0,22.0,74.0,,,Evans-Nb/Mn-1991-D450aw,0.432,0.031,0.097,0.002187750141581552,0.0023894260501579364,0.45
0.077,0.29,1.77,0.008,0.009,0.0,0.0,0.0,0.0004,0.0,432.0,31.0,97.0,4.789618048685553,2.3831330273542193,450.0,170.0,21.0,1.0,1.0,1.0,200.0,MMA,0.0,0.0,,,,,-26.0,100.0,Evans-Nb/Mn-1991-D450awch,0.432,0.031,0.097,0.004789618048685554,0.002383133027354219,0.45
0.077,0.29,1.77,0.008,0.009,0.0,0.0,0.0,0.0004,0.0,432.0,31.0,97.0,4.91589403536277,4.6612463714112895,450.0,170.0,21.0,1.0,1.0,1.0,200.0,MMA,580.0,2.0,577.0,661.0,21.6,71.9,-15.0,100.0,Evans-Nb/Mn-1991-D450ht,0.432,0.031,0.097,0.0049158940353627705,0.00466124637141129,0.45
0.079,0.29,1.79,0.006,0.007,0.0,0.0,0.0,0.0004,0.0,406.0,33.0,105.0,2.326127475807418,4.790142967362799,895.0,170.0,21.0,1.0,1.0,1.0,200.0,MMA,250.0,14.0,654.0,708.0,19.2,70.8,,,Evans-Nb/Mn-1991-D895aw,0.406,0.033,0.105,0.002326127475807418,0.004790142967362799,0.895
0.079,0.29,1.79,0.006,0.007,0.0,0.0,0.0,0.0004,0.0,406.0,33.0,105.0,4.622452900696856,4.939066609487993,895.0,170.0,21.0,1.0,1.0,1.0,200.0,MMA,0.0,0.0,,,,,-6.0,100.0,Evans-Nb/Mn-1991-D895awch,0.406,0.033,0.105,0.004622452900696856,0.004939066609487993,0.895
0.079,0.29,1.79,0.006,0.007,0.0,0.0,0.0,0.0004,0.0,406.0,33.0,105.0,4.89715277805605,2.6328710602493537,895.0,170.0,21.0,1.0,1.0,1.0,200.0,MMA,580.0,2.0,638.0,716.0,17.2,68.6,4.0,100.0,Evans-Nb/Mn-1991-D895ht,0.406,0.033,0.105,0.00489715277805605,0.002632871060249354,0.895
0.062,0.22,1.17,0.007,0.006,0.0,0.0,0.0,0.0,0.0,330.0,0.0,120.0,0.0,0.0,0.0,180.0,34.0,0.0,,2.0,200.0,MMA,250.0,14.0,427.0,512.0,31.4,81.5,,,Evans-FelowH-1991-UF.05a,0.33,0.0,0.12,0.0,0.0,0.0
0.06,0.26,1.2,0.008,0.007,0.0,0.0,0.0,0.0,0.0,320.0,0.0,150.0,0.0,0.0,0.0,180.0,34.0,0.0,,2.0,200.0,MMA,250.0,14.0,440.0,523.0,33.0,81.5,,,Evans-FelowH-1991-UF.15a,0.32,0.0,0.15,0.0,0.0,0.0
0.06,0.25,1.19,0.008,0.007,0.0,0.0,0.0,0.0,0.0,353.0,0.0,110.0,0.0,0.0,0.0,180.0,34.0,0.0,,2.0,200.0,MMA,250.0,14.0,443.0,508.0,30.4,82.4,,,Evans-FelowH-1991-UF.25a,0.353,0.0,0.11,0.0,0.0,0.0
0.062,0.31,1.24,0.008,0.008,0.0,0.0,0.0,0.0,0.0,366.0,0.0,110.0,0.0,0.0,0.0,180.0,34.0,0.0,,2.0,200.0,MMA,250.0,14.0,468.0,531.0,29.6,81.5,,,Evans-FelowH-1991-UF.35a,0.366,0.0,0.11,0.0,0.0,0.0
0.055,0.33,1.39,0.007,0.007,0.0,0.0,0.0,0.0,0.0,323.0,0.0,70.0,0.0,0.0,0.0,180.0,34.0,1.0,1.0,1.0,200.0,MMA,250.0,14.0,435.0,510.0,35.6,81.5,,,Evans-FelowH-1991-UF.05b,0.323,0.0,0.07,0.0,0.0,0.0
0.049,0.34,1.39,0.006,0.007,0.0,0.0,0.0,0.0,0.0,339.0,0.0,65.0,0.0,0.0,0.0,180.0,34.0,1.0,1.0,1.0,200.0,MMA,250.0,14.0,430.0,505.0,31.2,82.3,,,Evans-FelowH-1991-UF.15b,0.339,0.0,0.065,0.0,0.0,0.0
0.048,0.31,1.34,0.008,0.008,0.0,0.0,0.0,0.0,0.0,371.0,0.0,75.0,0.0,0.0,0.0,180.0,34.0,1.0,1.0,1.0,200.0,MMA,250.0,14.0,433.0,504.0,31.0,82.3,,,Evans-FelowH-1991-UF.25b,0.371,0.0,0.075,0.0,0.0,0.0
0.048,0.36,1.3,0.007,0.007,0.0,0.0,0.0,0.0,0.0,401.0,0.0,70.0,0.0,0.0,0.0,180.0,34.0,1.0,1.0,1.0,200.0,MMA,250.0,14.0,465.0,526.0,30.4,80.6,,,Evans-FelowH-1991-UF.35b,0.401,0.0,0.07,0.0,0.0,0.0
0.059,0.29,1.49,0.008,0.017,0.0,0.0,0.0,0.0,0.0,305.0,0.0,110.0,0.0,0.0,0.0,180.0,34.0,1.0,1.0,1.0,200.0,MMA,250.0,14.0,442.0,524.0,31.6,80.6,,,Evans-FelowH-1991-E7016(1),0.305,0.0,0.11,0.0,0.0,0.0
0.051,0.31,1.64,0.005,0.016,0.0,0.0,0.0,0.0,0.0,330.0,0.0,60.0,0.0,0.0,0.0,180.0,34.0,1.0,1.0,1.0,200.0,MMA,250.0,14.0,497.0,559.0,30.0,77.8,,,Evans-FelowH-1991-E7016(2),0.33,0.0,0.06,0.0,0.0,0.0
0.069,0.53,1.17,0.008,0.014,0.0,0.0,0.0,0.0,0.0,365.0,0.0,120.0,0.0,0.0,0.0,180.0,34.0,1.0,1.0,1.0,200.0,MMA,250.0,14.0,487.0,555.0,31.4,78.8,,,Evans-FelowH-1991-E7016(3),0.365,0.0,0.12,0.0,0.0,0.0
0.068,0.36,1.56,0.006,0.01,0.0,0.0,0.0,0.0,0.0,396.0,0.0,90.0,0.0,0.0,0.0,180.0,34.0,1.0,1.0,1.0,200.0,MMA,250.0,14.0,494.0,569.0,28.4,79.6,,,Evans-FelowH-1991-TENACITOR,0.396,0.0,0.09,0.0,0.0,0.0
0.043,0.3,0.69,0.006,0.007,0.0,0.0,0.0,0.0,0.0,0.0,0.0,0.0,0.0,0.0,0.0,170.0,21.0,1.0,1.0,1.0,200.0,MMA,580.0,2.0,373.0,448.0,34.4,83.0,,,Evans-StressRelief-1991-0.045A,0.0,0.0,0.0,0.0,0.0,0.0
0.043,0.3,0.69,0.006,0.007,0.0,0.0,0.0,0.0,0.0,0.0,0.0,0.0,0.0,0.0,0.0,170.0,21.0,1.0,1.0,1.0,200.0,MMA,580.0,2.0,,,,,-70.0,9.0,Evans-StressRelief-1991-0.045Ach-70,0.0,0.0,0.0,0.0,0.0,0.0
0.043,0.3,0.69,0.006,0.007,0.0,0.0,0.0,0.0,0.0,0.0,0.0,0.0,0.0,0.0,0.0,170.0,21.0,1.0,1.0,1.0,200.0,MMA,580.0,2.0,,,,,-60.0,15.0,Evans-StressRelief-1991-0.045Ach-60,0.0,0.0,0.0,0.0,0.0,0.0
0.043,0.3,0.69,0.006,0.007,0.0,0.0,0.0,0.0,0.0,0.0,0.0,0.0,0.0,0.0,0.0,170.0,21.0,1.0,1.0,1.0,200.0,MMA,580.0,2.0,,,,,-50.0,53.0,Evans-StressRelief-1991-0.045Ach-50,0.0,0.0,0.0,0.0,0.0,0.0
0.043,0.3,0.69,0.006,0.007,0.0,0.0,0.0,0.0,0.0,0.0,0.0,0.0,0.0,0.0,0.0,170.0,21.0,1.0,1.0,1.0,200.0,MMA,580.0,2.0,,,,,-40.0,117.0,Evans-StressRelief-1991-0.045Ach-40,0.0,0.0,0.0,0.0,0.0,0.0
0.043,0.3,0.69,0.006,0.007,0.0,0.0,0.0,0.0,0.0,0.0,0.0,0.0,0.0,0.0,0.0,170.0,21.0,1.0,1.0,1.0,200.0,MMA,580.0,2.0,,,,,-20.0,220.0,Evans-StressRelief-1991-0.045Ach-20,0.0,0.0,0.0,0.0,0.0,0.0
0.043,0.3,0.69,0.006,0.007,0.0,0.0,0.0,0.0,0.0,0.0,0.0,0.0,0.0,0.0,0.0,170.0,21.0,1.0,1.0,1.0,200.0,MMA,580.0,2.0,,,,,20.0,222.0,Evans-StressRelief-1991-0.045Ach20,0.0,0.0,0.0,0.0,0.0,0.0
0.042,0.31,0.98,0.006,0.007,0.0,0.0,0.0,0.0,0.0,0.0,0.0,0.0,0.0,0.0,0.0,170.0,21.0,1.0,1.0,1.0,200.0,MMA,580.0,2.0,392.0,476.0,34.4,80.6,,,Evans-StressRelief-1991-0.045B,0.0,0.0,0.0,0.0,0.0,0.0
0.042,0.31,0.98,0.006,0.007,0.0,0.0,0.0,0.0,0.0,0.0,0.0,0.0,0.0,0.0,0.0,170.0,21.0,1.0,1.0,1.0,200.0,MMA,580.0,2.0,,,,,-70.0,21.0,Evans-StressRelief-1991-0.045Bch-70,0.0,0.0,0.0,0.0,0.0,0.0
0.042,0.31,0.98,0.006,0.007,0.0,0.0,0.0,0.0,0.0,0.0,0.0,0.0,0.0,0.0,0.0,170.0,21.0,1.0,1.0,1.0,200.0,MMA,580.0,2.0,,,,,-60.0,38.0,Evans-StressRelief-1991-0.045Bch-60,0.0,0.0,0.0,0.0,0.0,0.0
0.042,0.31,0.98,0.006,0.007,0.0,0.0,0.0,0.0,0.0,0.0,0.0,0.0,0.0,0.0,0.0,170.0,21.0,1.0,1.0,1.0,200.0,MMA,580.0,2.0,,,,,-50.0,74.0,Evans-StressRelief-1991-0.045Bch-50,0.0,0.0,0.0,0.0,0.0,0.0
0.042,0.31,0.98,0.006,0.007,0.0,0.0,0.0,0.0,0.0,0.0,0.0,0.0,0.0,0.0,0.0,170.0,21.0,1.0,1.0,1.0,200.0,MMA,580.0,2.0,,,,,-40.0,182.0,Evans-StressRelief-1991-0.045Bch-40,0.0,0.0,0.0,0.0,0.0,0.0
0.042,0.31,0.98,0.006,0.007,0.0,0.0,0.0,0.0,0.0,0.0,0.0,0.0,0.0,0.0,0.0,170.0,21.0,1.0,1.0,1.0,200.0,MMA,580.0,2.0,,,,,-20.0,220.0,Evans-StressRelief-1991-0.045Bch-20,0.0,0.0,0.0,0.0,0.0,0.0
0.042,0.31,0.98,0.006,0.007,0.0,0.0,0.0,0.0,0.0,0.0,0.0,0.0,0.0,0.0,0.0,170.0,21.0,1.0,1.0,1.0,200.0,MMA,580.0,2.0,,,,,20.0,222.0,Evans-StressRelief-1991-0.045Bch20,0.0,0.0,0.0,0.0,0.0,0.0
0.045,0.31,1.39,0.005,0.007,0.0,0.0,0.0,0.0,0.0,0.0,0.0,0.0,0.0,0.0,0.0,170.0,21.0,1.0,1.0,1.0,200.0,MMA,580.0,2.0,414.0,502.0,31.0,80.6,,,Evans-StressRelief-1991-0.045C,0.0,0.0,0.0,0.0,0.0,0.0
0.045,0.31,1.39,0.005,0.007,0.0,0.0,0.0,0.0,0.0,0.0,0.0,0.0,0.0,0.0,0.0,170.0,21.0,1.0,1.0,1.0,200.0,MMA,580.0,2.0,,,,,-70.0,38.0,Evans-StressRelief-1991-0.045Cch-70,0.0,0.0,0.0,0.0,0.0,0.0
0.045,0.31,1.39,0.005,0.007,0.0,0.0,0.0,0.0,0.0,0.0,0.0,0.0,0.0,0.0,0.0,170.0,21.0,1.0,1.0,1.0,200.0,MMA,580.0,2.0,,,,,-60.0,81.0,Evans-StressRelief-1991-0.045Cch-60,0.0,0.0,0.0,0.0,0.0,0.0
0.045,0.31,1.39,0.005,0.007,0.0,0.0,0.0,0.0,0.0,0.0,0.0,0.0,0.0,0.0,0.0,170.0,21.0,1.0,1.0,1.0,200.0,MMA,580.0,2.0,,,,,-50.0,129.0,Evans-StressRelief-1991-0.045Cch-50,0.0,0.0,0.0,0.0,0.0,0.0
0.045,0.31,1.39,0.005,0.007,0.0,0.0,0.0,0.0,0.0,0.0,0.0,0.0,0.0,0.0,0.0,170.0,21.0,1.0,1.0,1.0,200.0,MMA,580.0,2.0,,,,,-40.0,172.0,Evans-StressRelief-1991-0.045Cch-40,0.0,0.0,0.0,0.0,0.0,0.0
0.045,0.31,1.39,0.005,0.007,0.0,0.0,0.0,0.0,0.0,0.0,0.0,0.0,0.0,0.0,0.0,170.0,21.0,1.0,1.0,1.0,200.0,MMA,580.0,2.0,,,,,-20.0,220.0,Evans-StressRelief-1991-0.045Cch-20,0.0,0.0,0.0,0.0,0.0,0.0
0.045,0.31,1.39,0.005,0.007,0.0,0.0,0.0,0.0,0.0,0.0,0.0,0.0,0.0,0.0,0.0,170.0,21.0,1.0,1.0,1.0,200.0,MMA,580.0,2.0,,,,,20.0,222.0,Evans-StressRelief-1991-0.045Cch20,0.0,0.0,0.0,0.0,0.0,0.0
0.045,0.29,1.83,0.005,0.008,0.0,0.0,0.0,0.0,0.0,0.0,0.0,0.0,0.0,0.0,0.0,170.0,21.0,1.0,1.0,1.0,200.0,MMA,580.0,2.0,444.0,525.0,29.8,79.9,,,Evans-StressRelief-1991-0.045D,0.0,0.0,0.0,0.0,0.0,0.0
0.045,0.29,1.83,0.005,0.008,0.0,0.0,0.0,0.0,0.0,0.0,0.0,0.0,0.0,0.0,0.0,170.0,21.0,1.0,1.0,1.0,200.0,MMA,580.0,2.0,,,,,-70.0,36.0,Evans-StressRelief-1991-0.045Dch-70,0.0,0.0,0.0,0.0,0.0,0.0
0.045,0.29,1.83,0.005,0.008,0.0,0.0,0.0,0.0,0.0,0.0,0.0,0.0,0.0,0.0,0.0,170.0,21.0,1.0,1.0,1.0,200.0,MMA,580.0,2.0,,,,,-60.0,76.0,Evans-StressRelief-1991-0.045Dch-60,0.0,0.0,0.0,0.0,0.0,0.0
0.045,0.29,1.83,0.005,0.008,0.0,0.0,0.0,0.0,0.0,0.0,0.0,0.0,0.0,0.0,0.0,170.0,21.0,1.0,1.0,1.0,200.0,MMA,580.0,2.0,,,,,-50.0,117.0,Evans-StressRelief-1991-0.045Dch-50,0.0,0.0,0.0,0.0,0.0,0.0
0.045,0.29,1.83,0.005,0.008,0.0,0.0,0.0,0.0,0.0,0.0,0.0,0.0,0.0,0.0,0.0,170.0,21.0,1.0,1.0,1.0,200.0,MMA,580.0,2.0,,,,,-40.0,153.0,Evans-StressRelief-1991-0.045Dch-40,0.0,0.0,0.0,0.0,0.0,0.0
0.045,0.29,1.83,0.005,0.008,0.0,0.0,0.0,0.0,0.0,0.0,0.0,0.0,0.0,0.0,0.0,170.0,21.0,1.0,1.0,1.0,200.0,MMA,580.0,2.0,,,,,-20.0,203.0,Evans-StressRelief-1991-0.045Dch-20,0.0,0.0,0.0,0.0,0.0,0.0
0.045,0.29,1.83,0.005,0.008,0.0,0.0,0.0,0.0,0.0,0.0,0.0,0.0,0.0,0.0,0.0,170.0,21.0,1.0,1.0,1.0,200.0,MMA,580.0,2.0,,,,,20.0,222.0,Evans-StressRelief-1991-0.045Dch20,0.0,0.0,0.0,0.0,0.0,0.0
0.058,0.33,0.63,0.007,0.007,0.0,0.0,0.0,0.0,0.0,0.0,0.0,0.0,0.0,0.0,0.0,170.0,21.0,1.0,1.0,1.0,200.0,MMA,580.0,2.0,386.0,465.0,33.4,78.8,,,Evans-StressRelief-1991-0.065A,0.0,0.0,0.0,0.0,0.0,0.0
0.058,0.33,0.63,0.007,0.007,0.0,0.0,0.0,0.0,0.0,0.0,0.0,0.0,0.0,0.0,0.0,170.0,21.0,1.0,1.0,1.0,200.0,MMA,580.0,2.0,,,,,-60.0,13.0,Evans-StressRelief-1991-0.065Ach-60,0.0,0.0,0.0,0.0,0.0,0.0
0.058,0.33,0.63,0.007,0.007,0.0,0.0,0.0,0.0,0.0,0.0,0.0,0.0,0.0,0.0,0.0,170.0,21.0,1.0,1.0,1.0,200.0,MMA,580.0,2.0,,,,,-50.0,27.0,Evans-StressRelief-1991-0.065Ach-50,0.0,0.0,0.0,0.0,0.0,0.0
0.058,0.33,0.63,0.007,0.007,0.0,0.0,0.0,0.0,0.0,0.0,0.0,0.0,0.0,0.0,0.0,170.0,21.0,1.0,1.0,1.0,200.0,MMA,580.0,2.0,,,,,-40.0,78.0,Evans-StressRelief-1991-0.065Ach-40,0.0,0.0,0.0,0.0,0.0,0.0
0.058,0.33,0.63,0.007,0.007,0.0,0.0,0.0,0.0,0.0,0.0,0.0,0.0,0.0,0.0,0.0,170.0,21.0,1.0,1.0,1.0,200.0,MMA,580.0,2.0,,,,,-20.0,178.0,Evans-StressRelief-1991-0.065Ach-20,0.0,0.0,0.0,0.0,0.0,0.0
0.058,0.33,0.63,0.007,0.007,0.0,0.0,0.0,0.0,0.0,0.0,0.0,0.0,0.0,0.0,0.0,170.0,21.0,1.0,1.0,1.0,200.0,MMA,580.0,2.0,,,,,20.0,220.0,Evans-StressRelief-1991-0.065Ach20,0.0,0.0,0.0,0.0,0.0,0.0
0.065,0.34,0.97,0.007,0.008,0.0,0.0,0.0,0.0,0.0,0.0,0.0,0.0,0.0,0.0,0.0,170.0,21.0,1.0,1.0,1.0,200.0,MMA,580.0,2.0,418.0,500.0,35.0,80.6,,,Evans-StressRelief-1991-0.065B,0.0,0.0,0.0,0.0,0.0,0.0
0.065,0.34,0.97,0.007,0.008,0.0,0.0,0.0,0.0,0.0,0.0,0.0,0.0,0.0,0.0,0.0,170.0,21.0,1.0,1.0,1.0,200.0,MMA,580.0,2.0,,,,,-70.0,15.0,Evans-StressRelief-1991-0.065Bch-70,0.0,0.0,0.0,0.0,0.0,0.0
0.065,0.34,0.97,0.007,0.008,0.0,0.0,0.0,0.0,0.0,0.0,0.0,0.0,0.0,0.0,0.0,170.0,21.0,1.0,1.0,1.0,200.0,MMA,580.0,2.0,,,,,-60.0,45.0,Evans-StressRelief-1991-0.065Bch-60,0.0,0.0,0.0,0.0,0.0,0.0
0.065,0.34,0.97,0.007,0.008,0.0,0.0,0.0,0.0,0.0,0.0,0.0,0.0,0.0,0.0,0.0,170.0,21.0,1.0,1.0,1.0,200.0,MMA,580.0,2.0,,,,,-50.0,100.0,Evans-StressRelief-1991-0.065Bch-50,0.0,0.0,0.0,0.0,0.0,0.0
0.065,0.34,0.97,0.007,0.008,0.0,0.0,0.0,0.0,0.0,0.0,0.0,0.0,0.0,0.0,0.0,170.0,21.0,1.0,1.0,1.0,200.0,MMA,580.0,2.0,,,,,-40.0,155.0,Evans-StressRelief-1991-0.065Bch-40,0.0,0.0,0.0,0.0,0.0,0.0
0.065,0.34,0.97,0.007,0.008,0.0,0.0,0.0,0.0,0.0,0.0,0.0,0.0,0.0,0.0,0.0,170.0,21.0,1.0,1.0,1.0,200.0,MMA,580.0,2.0,,,,,-20.0,201.0,Evans-StressRelief-1991-0.065Bch-20,0.0,0.0,0.0,0.0,0.0,0.0
0.065,0.34,0.97,0.007,0.008,0.0,0.0,0.0,0.0,0.0,0.0,0.0,0.0,0.0,0.0,0.0,170.0,21.0,1.0,1.0,1.0,200.0,MMA,580.0,2.0,,,,,20.0,220.0,Evans-StressRelief-1991-0.065Bch20,0.0,0.0,0.0,0.0,0.0,0.0
0.066,0.35,1.36,0.007,0.008,0.0,0.0,0.0,0.0,0.0,0.0,0.0,0.0,0.0,0.0,0.0,170.0,21.0,1.0,1.0,1.0,200.0,MMA,580.0,2.0,455.0,540.0,31.2,77.9,,,Evans-StressRelief-1991-0.065C,0.0,0.0,0.0,0.0,0.0,0.0
0.066,0.35,1.36,0.007,0.008,0.0,0.0,0.0,0.0,0.0,0.0,0.0,0.0,0.0,0.0,0.0,170.0,21.0,1.0,1.0,1.0,200.0,MMA,580.0,2.0,,,,,-70.0,30.0,Evans-StressRelief-1991-0.065Cch-70,0.0,0.0,0.0,0.0,0.0,0.0
0.066,0.35,1.36,0.007,0.008,0.0,0.0,0.0,0.0,0.0,0.0,0.0,0.0,0.0,0.0,0.0,170.0,21.0,1.0,1.0,1.0,200.0,MMA,580.0,2.0,,,,,-60.0,72.0,Evans-StressRelief-1991-0.065Cch-60,0.0,0.0,0.0,0.0,0.0,0.0
0.066,0.35,1.36,0.007,0.008,0.0,0.0,0.0,0.0,0.0,0.0,0.0,0.0,0.0,0.0,0.0,170.0,21.0,1.0,1.0,1.0,200.0,MMA,580.0,2.0,,,,,-50.0,119.0,Evans-StressRelief-1991-0.065Cch-50,0.0,0.0,0.0,0.0,0.0,0.0
0.066,0.35,1.36,0.007,0.008,0.0,0.0,0.0,0.0,0.0,0.0,0.0,0.0,0.0,0.0,0.0,170.0,21.0,1.0,1.0,1.0,200.0,MMA,580.0,2.0,,,,,-40.0,165.0,Evans-StressRelief-1991-0.065Cch-40,0.0,0.0,0.0,0.0,0.0,0.0
0.066,0.35,1.36,0.007,0.008,0.0,0.0,0.0,0.0,0.0,0.0,0.0,0.0,0.0,0.0,0.0,170.0,21.0,1.0,1.0,1.0,200.0,MMA,580.0,2.0,,,,,-20.0,201.0,Evans-StressRelief-1991-0.065Cch-20,0.0,0.0,0.0,0.0,0.0,0.0
0.066,0.35,1.36,0.007,0.008,0.0,0.0,0.0,0.0,0.0,0.0,0.0,0.0,0.0,0.0,0.0,170.0,21.0,1.0,1.0,1.0,200.0,MMA,580.0,2.0,,,,,20.0,206.0,Evans-StressRelief-1991-0.065Cch20,0.0,0.0,0.0,0.0,0.0,0.0
0.074,0.36,1.8,0.008,0.008,0.0,0.0,0.0,0.0,0.0,0.0,0.0,0.0,0.0,0.0,0.0,170.0,21.0,1.0,1.0,1.0,200.0,MMA,580.0,2.0,504.0,594.0,26.2,75.0,,,Evans-StressRelief-1991-0.065D,0.0,0.0,0.0,0.0,0.0,0.0
0.074,0.36,1.8,0.008,0.008,0.0,0.0,0.0,0.0,0.0,0.0,0.0,0.0,0.0,0.0,0.0,170.0,21.0,1.0,1.0,1.0,200.0,MMA,580.0,2.0,,,,,-70.0,30.0,Evans-StressRelief-1991-0.065Dch-70,0.0,0.0,0.0,0.0,0.0,0.0
0.074,0.36,1.8,0.008,0.008,0.0,0.0,0.0,0.0,0.0,0.0,0.0,0.0,0.0,0.0,0.0,170.0,21.0,1.0,1.0,1.0,200.0,MMA,580.0,2.0,,,,,-60.0,55.0,Evans-StressRelief-1991-0.065Dch-60,0.0,0.0,0.0,0.0,0.0,0.0
0.074,0.36,1.8,0.008,0.008,0.0,0.0,0.0,0.0,0.0,0.0,0.0,0.0,0.0,0.0,0.0,170.0,21.0,1.0,1.0,1.0,200.0,MMA,580.0,2.0,,,,,-50.0,89.0,Evans-StressRelief-1991-0.065Dch-50,0.0,0.0,0.0,0.0,0.0,0.0
0.074,0.36,1.8,0.008,0.008,0.0,0.0,0.0,0.0,0.0,0.0,0.0,0.0,0.0,0.0,0.0,170.0,21.0,1.0,1.0,1.0,200.0,MMA,580.0,2.0,,,,,-40.0,121.0,Evans-StressRelief-1991-0.065Dch-40,0.0,0.0,0.0,0.0,0.0,0.0
0.074,0.36,1.8,0.008,0.008,0.0,0.0,0.0,0.0,0.0,0.0,0.0,0.0,0.0,0.0,0.0,170.0,21.0,1.0,1.0,1.0,200.0,MMA,580.0,2.0,,,,,-20.0,161.0,Evans-StressRelief-1991-0.065Dch-20,0.0,0.0,0.0,0.0,0.0,0.0
0.074,0.36,1.8,0.008,0.008,0.0,0.0,0.0,0.0,0.0,0.0,0.0,0.0,0.0,0.0,0.0,170.0,21.0,1.0,1.0,1.0,200.0,MMA,580.0,2.0,,,,,20.0,188.0,Evans-StressRelief-1991-0.065Dch20,0.0,0.0,0.0,0.0,0.0,0.0
0.089,0.35,0.68,0.008,0.008,0.0,0.0,0.0,0.0,0.0,0.0,0.0,0.0,0.0,0.0,0.0,170.0,21.0,1.0,1.0,1.0,200.0,MMA,580.0,2.0,394.0,499.0,34.2,78.8,,,Evans-StressRelief-1991-0.095A,0.0,0.0,0.0,0.0,0.0,0.0
0.089,0.35,0.68,0.008,0.008,0.0,0.0,0.0,0.0,0.0,0.0,0.0,0.0,0.0,0.0,0.0,170.0,21.0,1.0,1.0,1.0,200.0,MMA,580.0,2.0,,,,,-70.0,23.0,Evans-StressRelief-1991-0.095Ach-70,0.0,0.0,0.0,0.0,0.0,0.0
0.089,0.35,0.68,0.008,0.008,0.0,0.0,0.0,0.0,0.0,0.0,0.0,0.0,0.0,0.0,0.0,170.0,21.0,1.0,1.0,1.0,200.0,MMA,580.0,2.0,,,,,-60.0,27.0,Evans-StressRelief-1991-0.095Ach-60,0.0,0.0,0.0,0.0,0.0,0.0
0.089,0.35,0.68,0.008,0.008,0.0,0.0,0.0,0.0,0.0,0.0,0.0,0.0,0.0,0.0,0.0,170.0,21.0,1.0,1.0,1.0,200.0,MMA,580.0,2.0,,,,,-50.0,45.0,Evans-StressRelief-1991-0.095Ach-50,0.0,0.0,0.0,0.0,0.0,0.0
0.089,0.35,0.68,0.008,0.008,0.0,0.0,0.0,0.0,0.0,0.0,0.0,0.0,0.0,0.0,0.0,170.0,21.0,1.0,1.0,1.0,200.0,MMA,580.0,2.0,,,,,-40.0,95.0,Evans-StressRelief-1991-0.095Ach-40,0.0,0.0,0.0,0.0,0.0,0.0
0.089,0.35,0.68,0.008,0.008,0.0,0.0,0.0,0.0,0.0,0.0,0.0,0.0,0.0,0.0,0.0,170.0,21.0,1.0,1.0,1.0,200.0,MMA,580.0,2.0,,,,,-20.0,157.0,Evans-StressRelief-1991-0.095Ach-20,0.0,0.0,0.0,0.0,0.0,0.0
0.089,0.35,0.68,0.008,0.008,0.0,0.0,0.0,0.0,0.0,0.0,0.0,0.0,0.0,0.0,0.0,170.0,21.0,1.0,1.0,1.0,200.0,MMA,580.0,2.0,,,,,20.0,220.0,Evans-StressRelief-1991-0.095Ach20,0.0,0.0,0.0,0.0,0.0,0.0
0.095,0.36,1.05,0.007,0.008,0.0,0.0,0.0,0.0,0.0,0.0,0.0,0.0,0.0,0.0,0.0,170.0,21.0,1.0,1.0,1.0,200.0,MMA,580.0,2.0,435.0,546.0,34.0,77.0,,,Evans-StressRelief-1991-0.095B,0.0,0.0,0.0,0.0,0.0,0.0
0.095,0.36,1.05,0.007,0.008,0.0,0.0,0.0,0.0,0.0,0.0,0.0,0.0,0.0,0.0,0.0,170.0,21.0,1.0,1.0,1.0,200.0,MMA,580.0,2.0,,,,,-70.0,11.0,Evans-StressRelief-1991-0.095Bch-70,0.0,0.0,0.0,0.0,0.0,0.0
0.095,0.36,1.05,0.007,0.008,0.0,0.0,0.0,0.0,0.0,0.0,0.0,0.0,0.0,0.0,0.0,170.0,21.0,1.0,1.0,1.0,200.0,MMA,580.0,2.0,,,,,-60.0,34.0,Evans-StressRelief-1991-0.095Bch-60,0.0,0.0,0.0,0.0,0.0,0.0
0.095,0.36,1.05,0.007,0.008,0.0,0.0,0.0,0.0,0.0,0.0,0.0,0.0,0.0,0.0,0.0,170.0,21.0,1.0,1.0,1.0,200.0,MMA,580.0,2.0,,,,,-50.0,74.0,Evans-StressRelief-1991-0.095Bch-50,0.0,0.0,0.0,0.0,0.0,0.0
0.095,0.36,1.05,0.007,0.008,0.0,0.0,0.0,0.0,0.0,0.0,0.0,0.0,0.0,0.0,0.0,170.0,21.0,1.0,1.0,1.0,200.0,MMA,580.0,2.0,,,,,-40.0,110.0,Evans-StressRelief-1991-0.095Bch-40,0.0,0.0,0.0,0.0,0.0,0.0
0.095,0.36,1.05,0.007,0.008,0.0,0.0,0.0,0.0,0.0,0.0,0.0,0.0,0.0,0.0,0.0,170.0,21.0,1.0,1.0,1.0,200.0,MMA,580.0,2.0,,,,,-20.0,165.0,Evans-StressRelief-1991-0.095Bch-20,0.0,0.0,0.0,0.0,0.0,0.0
0.095,0.36,1.05,0.007,0.008,0.0,0.0,0.0,0.0,0.0,0.0,0.0,0.0,0.0,0.0,0.0,170.0,21.0,1.0,1.0,1.0,200.0,MMA,580.0,2.0,,,,,20.0,220.0,Evans-StressRelief-1991-0.095Bch20,0.0,0.0,0.0,0.0,0.0,0.0
0.088,0.34,1.33,0.008,0.007,0.0,0.0,0.0,0.0,0.0,0.0,0.0,0.0,0.0,0.0,0.0,170.0,21.0,1.0,1.0,1.0,200.0,MMA,580.0,2.0,461.0,568.0,28.6,77.9,,,Evans-StressRelief-1991-0.095C,0.0,0.0,0.0,0.0,0.0,0.0
0.088,0.34,1.33,0.008,0.007,0.0,0.0,0.0,0.0,0.0,0.0,0.0,0.0,0.0,0.0,0.0,170.0,21.0,1.0,1.0,1.0,200.0,MMA,580.0,2.0,,,,,-70.0,72.0,Evans-StressRelief-1991-0.095Cch-70,0.0,0.0,0.0,0.0,0.0,0.0
0.088,0.34,1.33,0.008,0.007,0.0,0.0,0.0,0.0,0.0,0.0,0.0,0.0,0.0,0.0,0.0,170.0,21.0,1.0,1.0,1.0,200.0,MMA,580.0,2.0,,,,,-60.0,106.0,Evans-StressRelief-1991-0.095Cch-60,0.0,0.0,0.0,0.0,0.0,0.0
0.088,0.34,1.33,0.008,0.007,0.0,0.0,0.0,0.0,0.0,0.0,0.0,0.0,0.0,0.0,0.0,170.0,21.0,1.0,1.0,1.0,200.0,MMA,580.0,2.0,,,,,-50.0,133.0,Evans-StressRelief-1991-0.095Cch-50,0.0,0.0,0.0,0.0,0.0,0.0
0.088,0.34,1.33,0.008,0.007,0.0,0.0,0.0,0.0,0.0,0.0,0.0,0.0,0.0,0.0,0.0,170.0,21.0,1.0,1.0,1.0,200.0,MMA,580.0,2.0,,,,,-40.0,155.0,Evans-StressRelief-1991-0.095Cch-40,0.0,0.0,0.0,0.0,0.0,0.0
0.088,0.34,1.33,0.008,0.007,0.0,0.0,0.0,0.0,0.0,0.0,0.0,0.0,0.0,0.0,0.0,170.0,21.0,1.0,1.0,1.0,200.0,MMA,580.0,2.0,,,,,-20.0,188.0,Evans-StressRelief-1991-0.095Cch-20,0.0,0.0,0.0,0.0,0.0,0.0
0.088,0.34,1.33,0.008,0.007,0.0,0.0,0.0,0.0,0.0,0.0,0.0,0.0,0.0,0.0,0.0,170.0,21.0,1.0,1.0,1.0,200.0,MMA,580.0,2.0,,,,,20.0,208.0,Evans-StressRelief-1991-0.095Cch20,0.0,0.0,0.0,0.0,0.0,0.0
0.089,0.33,1.69,0.007,0.008,0.0,0.0,0.0,0.0,0.0,0.0,0.0,0.0,0.0,0.0,0.0,170.0,21.0,1.0,1.0,1.0,200.0,MMA,580.0,2.0,490.0,597.0,30.2,75.0,,,Evans-StressRelief-1991-0.095D,0.0,0.0,0.0,0.0,0.0,0.0
0.089,0.33,1.69,0.007,0.008,0.0,0.0,0.0,0.0,0.0,0.0,0.0,0.0,0.0,0.0,0.0,170.0,21.0,1.0,1.0,1.0,200.0,MMA,580.0,2.0,,,,,-70.0,53.0,Evans-StressRelief-1991-0.095Dch-70,0.0,0.0,0.0,0.0,0.0,0.0
0.089,0.33,1.69,0.007,0.008,0.0,0.0,0.0,0.0,0.0,0.0,0.0,0.0,0.0,0.0,0.0,170.0,21.0,1.0,1.0,1.0,200.0,MMA,580.0,2.0,,,,,-60.0,74.0,Evans-StressRelief-1991-0.095Dch-60,0.0,0.0,0.0,0.0,0.0,0.0
0.089,0.33,1.69,0.007,0.008,0.0,0.0,0.0,0.0,0.0,0.0,0.0,0.0,0.0,0.0,0.0,170.0,21.0,1.0,1.0,1.0,200.0,MMA,580.0,2.0,,,,,-50.0,95.0,Evans-StressRelief-1991-0.095Dch-50,0.0,0.0,0.0,0.0,0.0,0.0
0.089,0.33,1.69,0.007,0.008,0.0,0.0,0.0,0.0,0.0,0.0,0.0,0.0,0.0,0.0,0.0,170.0,21.0,1.0,1.0,1.0,200.0,MMA,580.0,2.0,,,,,-40.0,114.0,Evans-StressRelief-1991-0.095Dch-40,0.0,0.0,0.0,0.0,0.0,0.0
0.089,0.33,1.69,0.007,0.008,0.0,0.0,0.0,0.0,0.0,0.0,0.0,0.0,0.0,0.0,0.0,170.0,21.0,1.0,1.0,1.0,200.0,MMA,580.0,2.0,,,,,-20.0,151.0,Evans-StressRelief-1991-0.095Dch-20,0.0,0.0,0.0,0.0,0.0,0.0
0.089,0.33,1.69,0.007,0.008,0.0,0.0,0.0,0.0,0.0,0.0,0.0,0.0,0.0,0.0,0.0,170.0,21.0,1.0,1.0,1.0,200.0,MMA,580.0,2.0,,,,,20.0,188.0,Evans-StressRelief-1991-0.095Dch20,0.0,0.0,0.0,0.0,0.0,0.0
0.151,0.36,0.63,0.008,0.008,0.0,0.0,0.0,0.0,0.0,0.0,0.0,0.0,0.0,0.0,0.0,170.0,21.0,1.0,1.0,1.0,200.0,MMA,580.0,2.0,449.0,533.0,30.6,76.0,,,Evans-StressRelief-1991-0.145A,0.0,0.0,0.0,0.0,0.0,0.0
0.151,0.36,0.63,0.008,0.008,0.0,0.0,0.0,0.0,0.0,0.0,0.0,0.0,0.0,0.0,0.0,170.0,21.0,1.0,1.0,1.0,200.0,MMA,580.0,2.0,,,,,-60.0,15.0,Evans-StressRelief-1991-0.145Ach-60,0.0,0.0,0.0,0.0,0.0,0.0
0.151,0.36,0.63,0.008,0.008,0.0,0.0,0.0,0.0,0.0,0.0,0.0,0.0,0.0,0.0,0.0,170.0,21.0,1.0,1.0,1.0,200.0,MMA,580.0,2.0,,,,,-50.0,34.0,Evans-StressRelief-1991-0.145Ach-50,0.0,0.0,0.0,0.0,0.0,0.0
0.151,0.36,0.63,0.008,0.008,0.0,0.0,0.0,0.0,0.0,0.0,0.0,0.0,0.0,0.0,0.0,170.0,21.0,1.0,1.0,1.0,200.0,MMA,580.0,2.0,,,,,-40.0,64.0,Evans-StressRelief-1991-0.145Ach-40,0.0,0.0,0.0,0.0,0.0,0.0
0.151,0.36,0.63,0.008,0.008,0.0,0.0,0.0,0.0,0.0,0.0,0.0,0.0,0.0,0.0,0.0,170.0,21.0,1.0,1.0,1.0,200.0,MMA,580.0,2.0,,,,,-20.0,131.0,Evans-StressRelief-1991-0.145Ach-20,0.0,0.0,0.0,0.0,0.0,0.0
0.151,0.36,0.63,0.008,0.008,0.0,0.0,0.0,0.0,0.0,0.0,0.0,0.0,0.0,0.0,0.0,170.0,21.0,1.0,1.0,1.0,200.0,MMA,580.0,2.0,,,,,20.0,188.0,Evans-StressRelief-1991-0.145Ach20,0.0,0.0,0.0,0.0,0.0,0.0
0.147,0.36,1.02,0.007,0.007,0.0,0.0,0.0,0.0,0.0,0.0,0.0,0.0,0.0,0.0,0.0,170.0,21.0,1.0,1.0,1.0,200.0,MMA,580.0,2.0,482.0,576.0,29.4,76.9,,,Evans-StressRelief-1991-0.145B,0.0,0.0,0.0,0.0,0.0,0.0
0.147,0.36,1.02,0.007,0.007,0.0,0.0,0.0,0.0,0.0,0.0,0.0,0.0,0.0,0.0,0.0,170.0,21.0,1.0,1.0,1.0,200.0,MMA,580.0,2.0,,,,,-70.0,17.0,Evans-StressRelief-1991-0.145Bch-70,0.0,0.0,0.0,0.0,0.0,0.0
0.147,0.36,1.02,0.007,0.007,0.0,0.0,0.0,0.0,0.0,0.0,0.0,0.0,0.0,0.0,0.0,170.0,21.0,1.0,1.0,1.0,200.0,MMA,580.0,2.0,,,,,-60.0,34.0,Evans-StressRelief-1991-0.145Bch-60,0.0,0.0,0.0,0.0,0.0,0.0
0.147,0.36,1.02,0.007,0.007,0.0,0.0,0.0,0.0,0.0,0.0,0.0,0.0,0.0,0.0,0.0,170.0,21.0,1.0,1.0,1.0,200.0,MMA,580.0,2.0,,,,,-50.0,63.0,Evans-StressRelief-1991-0.145Bch-50,0.0,0.0,0.0,0.0,0.0,0.0
0.147,0.36,1.02,0.007,0.007,0.0,0.0,0.0,0.0,0.0,0.0,0.0,0.0,0.0,0.0,0.0,170.0,21.0,1.0,1.0,1.0,200.0,MMA,580.0,2.0,,,,,-40.0,98.0,Evans-StressRelief-1991-0.145Bch-40,0.0,0.0,0.0,0.0,0.0,0.0
0.147,0.36,1.02,0.007,0.007,0.0,0.0,0.0,0.0,0.0,0.0,0.0,0.0,0.0,0.0,0.0,170.0,21.0,1.0,1.0,1.0,200.0,MMA,580.0,2.0,,,,,-20.0,150.0,Evans-StressRelief-1991-0.145Bch-20,0.0,0.0,0.0,0.0,0.0,0.0
0.147,0.36,1.02,0.007,0.007,0.0,0.0,0.0,0.0,0.0,0.0,0.0,0.0,0.0,0.0,0.0,170.0,21.0,1.0,1.0,1.0,200.0,MMA,580.0,2.0,,,,,20.0,197.0,Evans-StressRelief-1991-0.145Bch20,0.0,0.0,0.0,0.0,0.0,0.0
0.147,0.35,1.38,0.007,0.007,0.0,0.0,0.0,0.0,0.0,0.0,0.0,0.0,0.0,0.0,0.0,170.0,21.0,1.0,1.0,1.0,200.0,MMA,580.0,2.0,513.0,623.0,27.4,72.9,,,Evans-StressRelief-1991-0.145C,0.0,0.0,0.0,0.0,0.0,0.0
0.147,0.35,1.38,0.007,0.007,0.0,0.0,0.0,0.0,0.0,0.0,0.0,0.0,0.0,0.0,0.0,170.0,21.0,1.0,1.0,1.0,200.0,MMA,580.0,2.0,,,,,-70.0,38.0,Evans-StressRelief-1991-0.145Cch-70,0.0,0.0,0.0,0.0,0.0,0.0
0.147,0.35,1.38,0.007,0.007,0.0,0.0,0.0,0.0,0.0,0.0,0.0,0.0,0.0,0.0,0.0,170.0,21.0,1.0,1.0,1.0,200.0,MMA,580.0,2.0,,,,,-60.0,57.0,Evans-StressRelief-1991-0.145Cch-60,0.0,0.0,0.0,0.0,0.0,0.0
0.147,0.35,1.38,0.007,0.007,0.0,0.0,0.0,0.0,0.0,0.0,0.0,0.0,0.0,0.0,0.0,170.0,21.0,1.0,1.0,1.0,200.0,MMA,580.0,2.0,,,,,-50.0,80.0,Evans-StressRelief-1991-0.145Cch-50,0.0,0.0,0.0,0.0,0.0,0.0
0.147,0.35,1.38,0.007,0.007,0.0,0.0,0.0,0.0,0.0,0.0,0.0,0.0,0.0,0.0,0.0,170.0,21.0,1.0,1.0,1.0,200.0,MMA,580.0,2.0,,,,,-40.0,104.0,Evans-StressRelief-1991-0.145Cch-40,0.0,0.0,0.0,0.0,0.0,0.0
0.147,0.35,1.38,0.007,0.007,0.0,0.0,0.0,0.0,0.0,0.0,0.0,0.0,0.0,0.0,0.0,170.0,21.0,1.0,1.0,1.0,200.0,MMA,580.0,2.0,,,,,-20.0,150.0,Evans-StressRelief-1991-0.145Cch-20,0.0,0.0,0.0,0.0,0.0,0.0
0.147,0.35,1.38,0.007,0.007,0.0,0.0,0.0,0.0,0.0,0.0,0.0,0.0,0.0,0.0,0.0,170.0,21.0,1.0,1.0,1.0,200.0,MMA,580.0,2.0,,,,,20.0,184.0,Evans-StressRelief-1991-0.145Cch20,0.0,0.0,0.0,0.0,0.0,0.0
0.145,0.35,1.76,0.006,0.007,0.0,0.0,0.0,0.0,0.0,0.0,0.0,0.0,0.0,0.0,0.0,170.0,21.0,1.0,1.0,1.0,200.0,MMA,580.0,2.0,567.0,679.0,24.0,69.8,,,Evans-StressRelief-1991-0.145D,0.0,0.0,0.0,0.0,0.0,0.0
0.145,0.35,1.76,0.006,0.007,0.0,0.0,0.0,0.0,0.0,0.0,0.0,0.0,0.0,0.0,0.0,170.0,21.0,1.0,1.0,1.0,200.0,MMA,580.0,2.0,,,,,-70.0,27.0,Evans-StressRelief-1991-0.145Dch-70,0.0,0.0,0.0,0.0,0.0,0.0
0.145,0.35,1.76,0.006,0.007,0.0,0.0,0.0,0.0,0.0,0.0,0.0,0.0,0.0,0.0,0.0,170.0,21.0,1.0,1.0,1.0,200.0,MMA,580.0,2.0,,,,,-60.0,32.0,Evans-StressRelief-1991-0.145Dch-60,0.0,0.0,0.0,0.0,0.0,0.0
0.145,0.35,1.76,0.006,0.007,0.0,0.0,0.0,0.0,0.0,0.0,0.0,0.0,0.0,0.0,0.0,170.0,21.0,1.0,1.0,1.0,200.0,MMA,580.0,2.0,,,,,-50.0,42.0,Evans-StressRelief-1991-0.145Dch-50,0.0,0.0,0.0,0.0,0.0,0.0
0.145,0.35,1.76,0.006,0.007,0.0,0.0,0.0,0.0,0.0,0.0,0.0,0.0,0.0,0.0,0.0,170.0,21.0,1.0,1.0,1.0,200.0,MMA,580.0,2.0,,,,,-40.0,55.0,Evans-StressRelief-1991-0.145Dch-40,0.0,0.0,0.0,0.0,0.0,0.0
0.145,0.35,1.76,0.006,0.007,0.0,0.0,0.0,0.0,0.0,0.0,0.0,0.0,0.0,0.0,0.0,170.0,21.0,1.0,1.0,1.0,200.0,MMA,580.0,2.0,,,,,-20.0,117.0,Evans-StressRelief-1991-0.145Dch-20,0.0,0.0,0.0,0.0,0.0,0.0
0.145,0.35,1.76,0.006,0.007,0.0,0.0,0.0,0.0,0.0,0.0,0.0,0.0,0.0,0.0,0.0,170.0,21.0,1.0,1.0,1.0,200.0,MMA,580.0,2.0,,,,,20.0,160.0,Evans-StressRelief-1991-0.145Dch20,0.0,0.0,0.0,0.0,0.0,0.0
0.074,0.33,1.45,0.005,0.005,0.0,0.0,0.0,0.0,0.0,408.0,6.0,90.0,0.0,0.0,0.0,170.0,21.0,1.0,1.0,1.0,200.0,ShMA,250.0,14.0,463.0,537.0,31.2,78.8,,,Evans-Ti/CMn-1992-P0,0.408,0.006,0.09,0.0,0.0,0.0
0.074,0.33,1.45,0.005,0.005,0.0,0.0,0.0,0.0,0.0,408.0,6.0,90.0,0.0,0.0,0.0,170.0,21.0,1.0,1.0,1.0,200.0,ShMA,0.0,0.0,,,,,-60.0,28.0,Evans-Ti/CMn-1992-P0ch1,0.408,0.006,0.09,0.0,0.0,0.0
0.074,0.33,1.45,0.005,0.005,0.0,0.0,0.0,0.0,0.0,408.0,6.0,90.0,0.0,0.0,0.0,170.0,21.0,1.0,1.0,1.0,200.0,ShMA,0.0,0.0,,,,,-36.0,100.0,Evans-Ti/CMn-1992-P0ch2,0.408,0.006,0.09,0.0,0.0,0.0
0.074,0.33,1.45,0.005,0.005,0.0,0.0,0.0,0.0,0.0,408.0,6.0,90.0,0.0,0.0,0.0,170.0,21.0,1.0,1.0,1.0,200.0,ShMA,0.0,0.0,,,,,,,Evans-Ti/CMn-1992-P0mic,0.408,0.006,0.09,0.0,0.0,0.0
0.073,0.34,1.49,0.004,0.007,0.0,0.0,0.0,0.0,0.0,396.0,16.0,84.0,0.0,0.0,0.0,170.0,21.0,1.0,1.0,1.0,200.0,ShMA,250.0,14.0,482.0,548.0,33.6,78.8,,,Evans-Ti/CMn-1992-P0.1,0.396,0.016,0.084,0.0,0.0,0.0
0.073,0.34,1.49,0.004,0.007,0.0,0.0,0.0,0.0,0.0,396.0,16.0,84.0,0.0,0.0,0.0,170.0,21.0,1.0,1.0,1.0,200.0,ShMA,0.0,0.0,,,,,-85.0,28.0,Evans-Ti/CMn-1992-P0.1ch1,0.396,0.016,0.084,0.0,0.0,0.0
0.073,0.34,1.49,0.004,0.007,0.0,0.0,0.0,0.0,0.0,396.0,16.0,84.0,0.0,0.0,0.0,170.0,21.0,1.0,1.0,1.0,200.0,ShMA,0.0,0.0,,,,,-59.0,100.0,Evans-Ti/CMn-1992-P0.1ch2,0.396,0.016,0.084,0.0,0.0,0.0
0.073,0.34,1.49,0.004,0.007,0.0,0.0,0.0,0.0,0.0,396.0,16.0,84.0,0.0,0.0,0.0,170.0,21.0,1.0,1.0,1.0,200.0,ShMA,0.0,0.0,,,,,,,Evans-Ti/CMn-1992-P0.1mic,0.396,0.016,0.084,0.0,0.0,0.0
0.071,0.36,1.46,0.004,0.006,0.0,0.0,0.0,0.0,0.0,400.0,22.0,85.0,0.0,0.0,0.0,170.0,21.0,1.0,1.0,1.0,200.0,ShMA,250.0,14.0,497.0,563.0,30.6,77.0,,,Evans-Ti/CMn-1992-P0.2,0.4,0.022,0.085,0.0,0.0,0.0
0.071,0.36,1.46,0.004,0.006,0.0,0.0,0.0,0.0,0.0,400.0,22.0,85.0,0.0,0.0,0.0,170.0,21.0,1.0,1.0,1.0,200.0,ShMA,0.0,0.0,,,,,-82.0,28.0,Evans-Ti/CMn-1992-P0.2ch1,0.4,0.022,0.085,0.0,0.0,0.0
0.071,0.36,1.46,0.004,0.006,0.0,0.0,0.0,0.0,0.0,400.0,22.0,85.0,0.0,0.0,0.0,170.0,21.0,1.0,1.0,1.0,200.0,ShMA,0.0,0.0,,,,,-65.0,100.0,Evans-Ti/CMn-1992-P0.2ch2,0.4,0.022,0.085,0.0,0.0,0.0
0.071,0.36,1.46,0.004,0.006,0.0,0.0,0.0,0.0,0.0,400.0,22.0,85.0,0.0,0.0,0.0,170.0,21.0,1.0,1.0,1.0,200.0,ShMA,0.0,0.0,,,,,,,Evans-Ti/CMn-1992-P0.2mic,0.4,0.022,0.085,0.0,0.0,0.0
0.061,0.33,1.36,0.005,0.006,0.0,0.0,0.0,0.0,0.0,419.0,28.0,81.0,0.0,0.0,0.0,170.0,21.0,1.0,1.0,1.0,200.0,ShMA,250.0,14.0,474.0,538.0,32.2,78.8,,,Evans-Ti/CMn-1992-Q0.4,0.419,0.028,0.081,0.0,0.0,0.0
0.061,0.33,1.36,0.005,0.006,0.0,0.0,0.0,0.0,0.0,419.0,28.0,81.0,0.0,0.0,0.0,170.0,21.0,1.0,1.0,1.0,200.0,ShMA,0.0,0.0,,,,,-86.0,28.0,Evans-Ti/CMn-1992-Q0.4ch1,0.419,0.028,0.081,0.0,0.0,0.0
0.061,0.33,1.36,0.005,0.006,0.0,0.0,0.0,0.0,0.0,419.0,28.0,81.0,0.0,0.0,0.0,170.0,21.0,1.0,1.0,1.0,200.0,ShMA,0.0,0.0,,,,,-71.0,100.0,Evans-Ti/CMn-1992-Q0.4ch2,0.419,0.028,0.081,0.0,0.0,0.0
0.061,0.33,1.36,0.005,0.006,0.0,0.0,0.0,0.0,0.0,419.0,28.0,81.0,0.0,0.0,0.0,170.0,21.0,1.0,1.0,1.0,200.0,ShMA,0.0,0.0,,,,,,,Evans-Ti/CMn-1992-Q0.4mic,0.419,0.028,0.081,0.0,0.0,0.0
0.07,0.32,1.48,0.005,0.006,0.0,0.0,0.0,0.0,0.0,373.0,55.0,75.0,0.0,0.0,0.0,170.0,21.0,1.0,1.0,1.0,200.0,ShMA,250.0,14.0,488.0,549.0,32.4,78.8,,,Evans-Ti/CMn-1992-Q0.8,0.373,0.055,0.075,0.0,0.0,0.0
0.07,0.32,1.48,0.005,0.006,0.0,0.0,0.0,0.0,0.0,373.0,55.0,75.0,0.0,0.0,0.0,170.0,21.0,1.0,1.0,1.0,200.0,ShMA,0.0,0.0,,,,,-76.0,28.0,Evans-Ti/CMn-1992-Q0.8ch1,0.373,0.055,0.075,0.0,0.0,0.0
0.07,0.32,1.48,0.005,0.006,0.0,0.0,0.0,0.0,0.0,373.0,55.0,75.0,0.0,0.0,0.0,170.0,21.0,1.0,1.0,1.0,200.0,ShMA,0.0,0.0,,,,,-61.0,100.0,Evans-Ti/CMn-1992-Q0.8ch2,0.373,0.055,0.075,0.0,0.0,0.0
0.07,0.32,1.48,0.005,0.006,0.0,0.0,0.0,0.0,0.0,373.0,55.0,75.0,0.0,0.0,0.0,170.0,21.0,1.0,1.0,1.0,200.0,ShMA,0.0,0.0,,,,,,,Evans-Ti/CMn-1992-Q0.8mic,0.373,0.055,0.075,0.0,0.0,0.0
0.068,0.32,1.38,0.004,0.005,0.0,0.0,0.0,0.0,0.0,376.0,77.0,74.0,0.0,0.0,0.0,170.0,21.0,1.0,1.0,1.0,200.0,ShMA,250.0,14.0,466.0,542.0,30.6,80.6,,,Evans-Ti/CMn-1992-Q1.2,0.376,0.077,0.074,0.0,0.0,0.0
0.068,0.32,1.38,0.004,0.005,0.0,0.0,0.0,0.0,0.0,376.0,77.0,74.0,0.0,0.0,0.0,170.0,21.0,1.0,1.0,1.0,200.0,ShMA,0.0,0.0,,,,,-68.0,28.0,Evans-Ti/CMn-1992-Q1.2ch1,0.376,0.077,0.074,0.0,0.0,0.0
0.068,0.32,1.38,0.004,0.005,0.0,0.0,0.0,0.0,0.0,376.0,77.0,74.0,0.0,0.0,0.0,170.0,21.0,1.0,1.0,1.0,200.0,ShMA,0.0,0.0,,,,,-51.0,100.0,Evans-Ti/CMn-1992-Q1.2ch2,0.376,0.077,0.074,0.0,0.0,0.0
0.068,0.32,1.38,0.004,0.005,0.0,0.0,0.0,0.0,0.0,376.0,77.0,74.0,0.0,0.0,0.0,170.0,21.0,1.0,1.0,1.0,200.0,ShMA,0.0,0.0,,,,,,,Evans-Ti/CMn-1992-Q1.2mic,0.376,0.077,0.074,0.0,0.0,0.0
0.068,0.35,1.51,0.006,0.006,0.0,0.0,0.0,0.0,0.0,351.0,100.0,87.0,0.0,0.0,0.0,170.0,21.0,1.0,1.0,1.0,200.0,ShMA,250.0,14.0,499.0,569.0,29.0,77.9,,,Evans-Ti/CMn-1992-R1.6,0.351,0.1,0.087,0.0,0.0,0.0
0.068,0.35,1.51,0.006,0.006,0.0,0.0,0.0,0.0,0.0,351.0,100.0,87.0,0.0,0.0,0.0,170.0,21.0,1.0,1.0,1.0,200.0,ShMA,0.0,0.0,,,,,-66.0,28.0,Evans-Ti/CMn-1992-R1.6ch1,0.351,0.1,0.087,0.0,0.0,0.0
0.068,0.35,1.51,0.006,0.006,0.0,0.0,0.0,0.0,0.0,351.0,100.0,87.0,0.0,0.0,0.0,170.0,21.0,1.0,1.0,1.0,200.0,ShMA,0.0,0.0,,,,,-47.0,100.0,Evans-Ti/CMn-1992-R1.6ch2,0.351,0.1,0.087,0.0,0.0,0.0
0.068,0.35,1.51,0.006,0.006,0.0,0.0,0.0,0.0,0.0,351.0,100.0,87.0,0.0,0.0,0.0,170.0,21.0,1.0,1.0,1.0,200.0,ShMA,0.0,0.0,,,,,,,Evans-Ti/CMn-1992-R1.6mic,0.351,0.1,0.087,0.0,0.0,0.0
0.065,0.39,1.53,0.005,0.006,0.0,0.0,0.0,0.0,0.0,351.0,140.0,93.0,0.0,0.0,0.0,170.0,21.0,1.0,1.0,1.0,200.0,ShMA,250.0,14.0,513.0,579.0,27.0,77.9,,,Evans-Ti/CMn-1992-R2.4,0.351,0.14,0.093,0.0,0.0,0.0
0.065,0.39,1.53,0.005,0.006,0.0,0.0,0.0,0.0,0.0,351.0,140.0,93.0,0.0,0.0,0.0,170.0,21.0,1.0,1.0,1.0,200.0,ShMA,0.0,0.0,,,,,-64.0,28.0,Evans-Ti/CMn-1992-R2.4ch1,0.351,0.14,0.093,0.0,0.0,0.0
0.065,0.39,1.53,0.005,0.006,0.0,0.0,0.0,0.0,0.0,351.0,140.0,93.0,0.0,0.0,0.0,170.0,21.0,1.0,1.0,1.0,200.0,ShMA,0.0,0.0,,,,,-44.0,100.0,Evans-Ti/CMn-1992-R2.4ch2,0.351,0.14,0.093,0.0,0.0,0.0
0.065,0.39,1.53,0.005,0.006,0.0,0.0,0.0,0.0,0.0,351.0,140.0,93.0,0.0,0.0,0.0,170.0,21.0,1.0,1.0,1.0,200.0,ShMA,0.0,0.0,,,,,,,Evans-Ti/CMn-1992-R2.4ch2,0.351,0.14,0.093,0.0,0.0,0.0
0.07,0.48,1.64,0.005,0.006,0.0,0.0,0.0,0.0,0.0,290.0,210.0,102.0,0.0,0.0,0.0,170.0,21.0,1.0,1.0,1.0,200.0,ShMA,250.0,14.0,515.0,592.0,27.2,78.9,,,Evans-Ti/CMn-1992-S3.6,0.29,0.21,0.102,0.0,0.0,0.0
0.07,0.48,1.64,0.005,0.006,0.0,0.0,0.0,0.0,0.0,290.0,210.0,102.0,0.0,0.0,0.0,170.0,21.0,1.0,1.0,1.0,200.0,ShMA,0.0,0.0,,,,,-76.0,28.0,Evans-Ti/CMn-1992-S3.6ch1,0.29,0.21,0.102,0.0,0.0,0.0
0.07,0.48,1.64,0.005,0.006,0.0,0.0,0.0,0.0,0.0,290.0,210.0,102.0,0.0,0.0,0.0,170.0,21.0,1.0,1.0,1.0,200.0,ShMA,0.0,0.0,,,,,-55.0,100.0,Evans-Ti/CMn-1992-S3.6ch2,0.29,0.21,0.102,0.0,0.0,0.0
0.07,0.48,1.64,0.005,0.006,0.0,0.0,0.0,0.0,0.0,290.0,210.0,102.0,0.0,0.0,0.0,170.0,21.0,1.0,1.0,1.0,200.0,ShMA,0.0,0.0,,,,,,,Evans-Ti/CMn-1992-S3.6mic,0.29,0.21,0.102,0.0,0.0,0.0
0.075,0.29,1.75,0.006,0.005,0.0,0.0,0.0,0.0,0.0,272.0,255.0,96.0,0.0,0.0,0.0,170.0,21.0,1.0,1.0,1.0,200.0,ShMA,250.0,14.0,588.0,654.0,26.4,72.0,,,Evans-Ti/CMn-1992-S4.8,0.272,0.255,0.096,0.0,0.0,0.0
0.075,0.29,1.75,0.006,0.005,0.0,0.0,0.0,0.0,0.0,272.0,255.0,96.0,0.0,0.0,0.0,170.0,21.0,1.0,1.0,1.0,200.0,ShMA,0.0,0.0,,,,,-80.0,28.0,Evans-Ti/CMn-1992-S4.8ch1,0.272,0.255,0.096,0.0,0.0,0.0
0.075,0.29,1.75,0.006,0.005,0.0,0.0,0.0,0.0,0.0,272.0,255.0,96.0,0.0,0.0,0.0,170.0,21.0,1.0,1.0,1.0,200.0,ShMA,0.0,0.0,,,,,-55.0,100.0,Evans-Ti/CMn-1992-S4.8ch2,0.272,0.255,0.096,0.0,0.0,0.0
0.075,0.29,1.75,0.006,0.005,0.0,0.0,0.0,0.0,0.0,272.0,255.0,96.0,0.0,0.0,0.0,170.0,21.0,1.0,1.0,1.0,200.0,ShMA,0.0,0.0,,,,,,,Evans-Ti/CMn-1992-S4.8mic,0.272,0.255,0.096,0.0,0.0,0.0
0.074,0.35,0.63,0.009,0.007,0.0,0.0,0.0,0.00047155015568333726,0.0,472.0,8.0,66.0,4.657252280456302,4.6918224567814475,4.866739833898809,170.0,21.0,1.0,1.0,1.0,200.0,MMA,250.0,14.0,404.0,494.0,32.4,76.0,,,Evans-Ti/Mn-1992-A8aw,0.472,0.008,0.066,0.004657252280456302,0.004691822456781448,0.004866739833898809
0.074,0.35,0.63,0.009,0.007,0.0,0.0,0.0,0.00026846751478595284,0.0,472.0,8.0,66.0,4.6636378490634165,4.825361858740731,4.890525252436721,170.0,21.0,1.0,1.0,1.0,200.0,MMA,0.0,0.0,,,,,-46.0,100.0,Evans-Ti/Mn-1992-A8awch,0.472,0.008,0.066,0.004663637849063417,0.004825361858740731,0.0048905252524367206
0.074,0.35,0.63,0.009,0.007,0.0,0.0,0.0,0.00048719607963408683,0.0,472.0,8.0,66.0,4.805148691676368,4.9344179121602565,4.831266847661712,170.0,21.0,1.0,1.0,1.0,200.0,MMA,580.0,2.0,333.0,450.0,30.4,78.9,-53.0,100.0,Evans-Ti/Mn-1992-A8ht,0.472,0.008,0.066,0.004805148691676368,0.004934417912160256,0.0048312668476617115
0.074,0.35,0.65,0.005,0.004,0.0,0.0,0.0,0.00027947829586234493,0.0,426.0,36.0,73.0,4.633131216612333,4.539788115588959,4.753222132629786,170.0,21.0,1.0,1.0,1.0,200.0,MMA,250.0,14.0,402.0,494.0,33.3,77.5,,,Evans-Ti/Mn-1992-A36aw,0.426,0.036,0.073,0.004633131216612333,0.004539788115588959,0.004753222132629786
0.074,0.35,0.65,0.005,0.004,0.0,0.0,0.0,0.00046731159581095123,0.0,426.0,36.0,73.0,2.697649394611211,2.650556770836814,4.787539512339386,170.0,21.0,1.0,1.0,1.0,200.0,MMA,0.0,0.0,,,,,-45.0,100.0,Evans-Ti/Mn-1992-A36awch,0.426,0.036,0.073,0.002697649394611211,0.0026505567708368137,0.004787539512339386
0.074,0.35,0.65,0.005,0.004,0.0,0.0,0.0,0.00047378288578972646,0.0,426.0,36.0,73.0,2.4705497412593065,4.708565425757835,4.809072475789648,170.0,21.0,1.0,1.0,1.0,200.0,MMA,580.0,2.0,329.0,447.0,36.4,80.5,-55.0,100.0,Evans-Ti/Mn-1992-A36ht,0.426,0.036,0.073,0.0024705497412593064,0.004708565425757836,0.004809072475789648
0.075,0.35,0.66,0.009,0.007,0.0,0.0,0.0,0.00048225519147594053,0.0,396.0,96.0,71.0,4.639759035983467,2.7386464069138756,4.891930972344012,170.0,21.0,1.0,1.0,1.0,200.0,MMA,250.0,14.0,396.0,492.0,30.2,78.0,,,Evans-Ti/Mn-1992-A96aw,0.396,0.096,0.071,0.0046397590359834665,0.002738646406913876,0.004891930972344012
0.075,0.35,0.66,0.009,0.007,0.0,0.0,0.0,0.0002364123884881588,0.0,396.0,96.0,71.0,4.801461081169313,4.6815337807582384,4.996688170074326,170.0,21.0,1.0,1.0,1.0,200.0,MMA,0.0,0.0,,,,,-40.0,100.0,Evans-Ti/Mn-1992-A96awch,0.396,0.096,0.071,0.0048014610811693125,0.004681533780758238,0.004996688170074326
0.075,0.35,0.66,0.009,0.007,0.0,0.0,0.0,0.00022652464943060833,0.0,396.0,96.0,71.0,4.923089628829313,4.533746696602228,4.650900360507054,170.0,21.0,1.0,1.0,1.0,200.0,MMA,580.0,2.0,351.0,457.0,31.6,79.8,-54.0,100.0,Evans-Ti/Mn-1992-A96ht,0.396,0.096,0.071,0.004923089628829313,0.004533746696602228,0.004650900360507053
0.076,0.38,0.67,0.009,0.007,0.0,0.0,0.0,0.00046545543207799576,0.0,362.0,160.0,70.0,4.683168438961635,4.73986091947006,1.9950359901068717,170.0,21.0,1.0,1.0,1.0,200.0,MMA,250.0,14.0,410.0,494.0,31.4,78.9,,,Evans-Ti/Mn-1992-A160aw,0.362,0.16,0.07,0.004683168438961635,0.00473986091947006,0.0019950359901068715
0.076,0.38,0.67,0.009,0.007,0.0,0.0,0.0,0.0004585017804231065,0.0,362.0,160.0,70.0,4.564019479814815,4.906011591501317,4.536837666967065,170.0,21.0,1.0,1.0,1.0,200.0,MMA,0.0,0.0,,,,,-36.0,100.0,Evans-Ti/Mn-1992-A160awch,0.362,0.16,0.07,0.0045640194798148145,0.004906011591501317,0.004536837666967065
0.076,0.38,0.67,0.009,0.007,0.0,0.0,0.0,0.0003241985717220091,0.0,362.0,160.0,70.0,2.7810142723745095,4.896755604927765,2.1601419438456637,170.0,21.0,1.0,1.0,1.0,200.0,MMA,580.0,2.0,365.0,465.0,30.4,79.8,-56.0,100.0,Evans-Ti/Mn-1992-A160ht,0.362,0.16,0.07,0.0027810142723745093,0.004896755604927765,0.002160141943845664
0.078,0.44,0.71,0.006,0.008,0.0,0.0,0.0,0.000468766878861459,0.0,306.0,225.0,76.0,4.713721713690931,2.084743428444544,2.7285082060243604,170.0,21.0,1.0,1.0,1.0,200.0,MMA,250.0,14.0,440.0,523.0,31.4,77.0,,,Evans-Ti/Mn-1992-A225aw,0.306,0.225,0.076,0.004713721713690931,0.0020847434284445437,0.0027285082060243605
0.078,0.44,0.71,0.006,0.008,0.0,0.0,0.0,0.00025453657232438784,0.0,306.0,225.0,76.0,4.675225844380853,2.8159876721266297,2.6186054398260845,170.0,21.0,1.0,1.0,1.0,200.0,MMA,0.0,0.0,,,,,-40.0,100.0,Evans-Ti/Mn-1992-A225awch,0.306,0.225,0.076,0.004675225844380853,0.00281598767212663,0.0026186054398260844
0.078,0.44,0.71,0.006,0.008,0.0,0.0,0.0,0.00045868688605600437,0.0,306.0,225.0,76.0,2.8226673750663327,4.792994023493801,4.747495178209987,170.0,21.0,1.0,1.0,1.0,200.0,MMA,580.0,2.0,381.0,484.0,31.6,78.0,-51.0,100.0,Evans-Ti/Mn-1992-A225ht,0.306,0.225,0.076,0.0028226673750663327,0.004792994023493801,0.004747495178209987
0.077,0.3,1.0,0.008,0.007,0.0,0.0,0.0,0.00048635141530704125,0.0,464.0,7.0,83.0,4.623228063507204,4.901918649501237,4.599715784680961,170.0,21.0,1.0,1.0,1.0,200.0,MMA,250.0,14.0,409.0,504.0,30.6,77.0,,,Evans-Ti/Mn-1992-B7aw,0.464,0.007,0.083,0.004623228063507204,0.004901918649501237,0.004599715784680961
0.077,0.3,1.0,0.008,0.007,0.0,0.0,0.0,0.0004914801028391779,0.0,464.0,7.0,83.0,4.665476164152373,4.745360930576178,4.701526677978432,170.0,21.0,1.0,1.0,1.0,200.0,MMA,0.0,0.0,,,,,-56.0,100.0,Evans-Ti/Mn-1992-B7awch,0.464,0.007,0.083,0.004665476164152373,0.004745360930576177,0.004701526677978432
0.077,0.3,1.0,0.008,0.007,0.0,0.0,0.0,0.00048742016569676313,0.0,464.0,7.0,83.0,3.1015794661227156,4.782112222061998,4.9297598926615755,170.0,21.0,1.0,1.0,1.0,200.0,MMA,580.0,2.0,372.0,480.0,30.5,78.9,-66.0,100.0,Evans-Ti/Mn-1992-B7ht,0.464,0.007,0.083,0.0031015794661227157,0.004782112222061998,0.0049297598926615754
0.076,0.35,1.01,0.008,0.005,0.0,0.0,0.0,0.00048347071704344464,0.0,401.0,41.0,74.0,4.70362797044333,4.472335938264979,4.75163227940213,170.0,21.0,1.0,1.0,1.0,200.0,MMA,250.0,14.0,443.0,522.0,31.1,77.0,,,Evans-Ti/Mn-1992-B41aw,0.401,0.041,0.074,0.00470362797044333,0.004472335938264979,0.0047516322794021295
0.076,0.35,1.01,0.008,0.005,0.0,0.0,0.0,0.0004931408381803511,0.0,401.0,41.0,74.0,2.510861158931528,4.6266618706764735,4.6989388805079155,170.0,21.0,1.0,1.0,1.0,200.0,MMA,0.0,0.0,,,,,-60.0,100.0,Evans-Ti/Mn-1992-B41awch,0.401,0.041,0.074,0.002510861158931528,0.004626661870676473,0.0046989388805079154
0.076,0.35,1.01,0.008,0.005,0.0,0.0,0.0,0.000459679617285703,0.0,401.0,41.0,74.0,4.554692596616781,2.8023681758820307,4.840838214582047,170.0,21.0,1.0,1.0,1.0,200.0,MMA,580.0,2.0,359.0,480.0,29.4,80.3,-80.0,100.0,Evans-Ti/Mn-1992-B41ht,0.401,0.041,0.074,0.004554692596616781,0.0028023681758820307,0.004840838214582047
0.075,0.31,1.03,0.008,0.007,0.0,0.0,0.0,0.00046643036526743397,0.0,394.0,92.0,79.0,2.3060594301444493,4.705658651407053,4.70699726138664,170.0,21.0,1.0,1.0,1.0,200.0,MMA,250.0,14.0,427.0,516.0,32.0,78.9,,,Evans-Ti/Mn-1992-B92aw,0.394,0.092,0.079,0.002306059430144449,0.004705658651407053,0.00470699726138664
0.075,0.31,1.03,0.008,0.007,0.0,0.0,0.0,0.0004844796132244812,0.0,394.0,92.0,79.0,4.909392139644377,4.702184989245953,2.622267965370468,170.0,21.0,1.0,1.0,1.0,200.0,MMA,0.0,0.0,,,,,-53.0,100.0,Evans-Ti/Mn-1992-B92awch,0.394,0.092,0.079,0.004909392139644377,0.004702184989245952,0.0026222679653704678
0.075,0.31,1.03,0.008,0.007,0.0,0.0,0.0,0.0004814549510280411,0.0,394.0,92.0,79.0,4.580645652334613,4.933329909981411,2.388388899181932,170.0,21.0,1.0,1.0,1.0,200.0,MMA,580.0,2.0,375.0,470.0,32.4,79.8,-56.0,100.0,Evans-Ti/Mn-1992-B92ht,0.394,0.092,0.079,0.004580645652334613,0.004933329909981411,0.002388388899181932
0.075,0.35,1.05,0.008,0.007,0.0,0.0,0.0,0.00023257474634239363,0.0,361.0,140.0,82.0,4.734912874272219,4.910791479864375,4.55442559773528,170.0,21.0,1.0,1.0,1.0,200.0,MMA,250.0,14.0,434.0,517.0,30.8,78.9,,,Evans-Ti/Mn-1992-B140aw,0.361,0.14,0.082,0.004734912874272219,0.004910791479864374,0.0045544255977352805
0.075,0.35,1.05,0.008,0.007,0.0,0.0,0.0,0.000486813756755103,0.0,361.0,140.0,82.0,2.2872238474208784,4.8623071037723,4.569427928925626,170.0,21.0,1.0,1.0,1.0,200.0,MMA,0.0,0.0,,,,,-45.0,100.0,Evans-Ti/Mn-1992-B140awch,0.361,0.14,0.082,0.0022872238474208784,0.0048623071037722995,0.0045694279289256266
0.075,0.35,1.05,0.008,0.007,0.0,0.0,0.0,0.0004754249914525618,0.0,361.0,140.0,82.0,4.981799134771047,4.676155298572685,4.800615920566995,170.0,21.0,1.0,1.0,1.0,200.0,MMA,580.0,2.0,398.0,488.0,32.2,80.7,-54.0,100.0,Evans-Ti/Mn-1992-B140ht,0.361,0.14,0.082,0.004981799134771047,0.004676155298572685,0.004800615920566994
0.078,0.43,1.1,0.007,0.005,0.0,0.0,0.0,0.0004600622090680236,0.0,329.0,190.0,73.0,4.836143022959104,4.822355842141225,4.998486768962658,170.0,21.0,1.0,1.0,1.0,200.0,MMA,250.0,14.0,456.0,545.0,29.0,78.9,,,Evans-Ti/Mn-1992-B190aw,0.329,0.19,0.073,0.004836143022959104,0.004822355842141225,0.004998486768962657
0.078,0.43,1.1,0.007,0.005,0.0,0.0,0.0,0.0004914977445863345,0.0,329.0,190.0,73.0,4.954634956522211,4.656767270313483,4.907700206687769,170.0,21.0,1.0,1.0,1.0,200.0,MMA,0.0,0.0,,,,,-50.0,100.0,Evans-Ti/Mn-1992-B190awch,0.329,0.19,0.073,0.0049546349565222116,0.004656767270313483,0.004907700206687769
0.078,0.43,1.1,0.007,0.005,0.0,0.0,0.0,0.0004803638332437731,0.0,329.0,190.0,73.0,2.349283610224343,4.740488417887999,4.828563430370327,170.0,21.0,1.0,1.0,1.0,200.0,MMA,580.0,2.0,399.0,492.0,32.2,80.7,-56.0,100.0,Evans-Ti/Mn-1992-B190ht,0.329,0.19,0.073,0.002349283610224343,0.004740488417887999,0.004828563430370327
0.075,0.3,1.31,0.008,0.006,0.0,0.0,0.0,0.0004624609848218501,0.0,441.0,5.0,81.0,4.642654513471572,4.853174190939446,4.872678169684293,170.0,21.0,1.0,1.0,1.0,200.0,MMA,250.0,14.0,420.0,523.0,26.4,77.0,,,Evans-Ti/Mn-1992-C5aw,0.441,0.005,0.081,0.004642654513471572,0.004853174190939446,0.004872678169684293
0.075,0.3,1.31,0.008,0.006,0.0,0.0,0.0,0.00027562196536638994,0.0,441.0,5.0,81.0,4.9460011432565825,4.663538242979919,4.9341215893231585,170.0,21.0,1.0,1.0,1.0,200.0,MMA,0.0,0.0,,,,,-29.0,100.0,Evans-Ti/Mn-1992-C5aw,0.441,0.005,0.081,0.004946001143256582,0.004663538242979919,0.0049341215893231585
0.075,0.3,1.31,0.008,0.006,0.0,0.0,0.0,0.0002780494789181012,0.0,441.0,5.0,81.0,4.813888273930276,4.580002309762022,2.7373634344706606,170.0,21.0,1.0,1.0,1.0,200.0,MMA,580.0,2.0,359.0,480.0,29.6,78.6,-72.0,100.0,Evans-Ti/Mn-1992-C5ht,0.441,0.005,0.081,0.004813888273930277,0.004580002309762022,0.0027373634344706604
0.077,0.32,1.33,0.007,0.005,0.0,0.0,0.0,0.0003135600136190933,0.0,422.0,36.0,83.0,3.045359571077692,4.864694652089743,2.85179760443627,170.0,21.0,1.0,1.0,1.0,200.0,MMA,250.0,14.0,463.0,541.0,27.1,75.9,,,Evans-Ti/Mn-1992-C36aw,0.422,0.036,0.083,0.003045359571077692,0.0048646946520897434,0.00285179760443627
0.077,0.32,1.33,0.007,0.005,0.0,0.0,0.0,0.00048029910273364776,0.0,422.0,36.0,83.0,4.984194123455052,4.939185136283676,4.982921953349888,170.0,21.0,1.0,1.0,1.0,200.0,MMA,0.0,0.0,,,,,-68.0,100.0,Evans-Ti/Mn-1992-C36aw,0.422,0.036,0.083,0.004984194123455052,0.004939185136283676,0.004982921953349888
0.077,0.32,1.33,0.007,0.005,0.0,0.0,0.0,0.00048236858991798783,0.0,422.0,36.0,83.0,4.787579372683021,4.684487036582497,2.6828933196025995,170.0,21.0,1.0,1.0,1.0,200.0,MMA,580.0,2.0,372.0,497.0,31.4,76.4,-81.0,100.0,Evans-Ti/Mn-1992-C36ht,0.422,0.036,0.083,0.004787579372683022,0.004684487036582497,0.0026828933196025996
0.073,0.3,1.32,0.008,0.007,0.0,0.0,0.0,0.0004965149280385324,0.0,401.0,75.0,77.0,4.673010807144601,4.730679050840738,2.278133646452556,170.0,21.0,1.0,1.0,1.0,200.0,MMA,250.0,14.0,450.0,522.0,29.4,78.9,,,Evans-Ti/Mn-1992-C75aw,0.401,0.075,0.077,0.0046730108071446,0.0047306790508407385,0.002278133646452556
0.073,0.3,1.32,0.008,0.007,0.0,0.0,0.0,0.0004875047825137413,0.0,401.0,75.0,77.0,4.971526989175638,2.666385710830464,2.560294232869104,170.0,21.0,1.0,1.0,1.0,200.0,MMA,0.0,0.0,,,,,-52.0,100.0,Evans-Ti/Mn-1992-C75aw,0.401,0.075,0.077,0.0049715269891756385,0.002666385710830464,0.002560294232869104
0.073,0.3,1.32,0.008,0.007,0.0,0.0,0.0,0.00045870642371733766,0.0,401.0,75.0,77.0,4.8733002528913465,4.888625405165701,2.6690939277742753,170.0,21.0,1.0,1.0,1.0,200.0,MMA,580.0,2.0,419.0,507.0,33.4,80.7,-61.0,100.0,Evans-Ti/Mn-1992-C75ht,0.401,0.075,0.077,0.004873300252891346,0.004888625405165701,0.0026690939277742754
0.079,0.33,1.35,0.008,0.007,0.0,0.0,0.0,0.0002617954188056311,0.0,375.0,140.0,78.0,4.6772935410542615,4.863294121050144,4.686557184708704,170.0,21.0,1.0,1.0,1.0,200.0,MMA,250.0,14.0,464.0,544.0,29.4,78.9,,,Evans-Ti/Mn-1992-C140aw,0.375,0.14,0.078,0.004677293541054261,0.004863294121050144,0.004686557184708704
0.079,0.33,1.35,0.008,0.007,0.0,0.0,0.0,0.00028074246973384574,0.0,375.0,140.0,78.0,4.790642742238299,4.927945494042324,4.823520975331685,170.0,21.0,1.0,1.0,1.0,200.0,MMA,0.0,0.0,,,,,-43.0,100.0,Evans-Ti/Mn-1992-C140aw,0.375,0.14,0.078,0.004790642742238299,0.004927945494042324,0.004823520975331685
0.079,0.33,1.35,0.008,0.007,0.0,0.0,0.0,0.000492421960224603,0.0,375.0,140.0,78.0,4.802080668766762,4.854696176137196,4.7098524648611955,170.0,21.0,1.0,1.0,1.0,200.0,MMA,580.0,2.0,413.0,508.0,27.0,79.8,-60.0,100.0,Evans-Ti/Mn-1992-C140ht,0.375,0.14,0.078,0.004802080668766762,0.004854696176137196,0.004709852464861195
0.08,0.39,1.37,0.007,0.006,0.0,0.0,0.0,0.0002565101801535202,0.0,320.0,215.0,90.0,4.9152600261584976,4.9667242043295605,4.77215716130467,170.0,21.0,1.0,1.0,1.0,200.0,MMA,250.0,14.0,485.0,559.0,28.0,80.7,,,Evans-Ti/Mn-1992-C215aw,0.32,0.215,0.09,0.0049152600261584975,0.004966724204329561,0.00477215716130467
0.08,0.39,1.37,0.007,0.006,0.0,0.0,0.0,0.0004907254774895194,0.0,320.0,215.0,90.0,2.611269588697557,2.6351008353149883,4.864576891621756,170.0,21.0,1.0,1.0,1.0,200.0,MMA,0.0,0.0,,,,,-54.0,100.0,Evans-Ti/Mn-1992-C215aw,0.32,0.215,0.09,0.002611269588697557,0.002635100835314988,0.004864576891621756
0.08,0.39,1.37,0.007,0.006,0.0,0.0,0.0,0.0004879257102397552,0.0,320.0,215.0,90.0,4.767925776335659,4.666374379154561,2.561695426389662,170.0,21.0,1.0,1.0,1.0,200.0,MMA,580.0,2.0,429.0,537.0,28.4,77.5,-70.0,100.0,Evans-Ti/Mn-1992-C215ht,0.32,0.215,0.09,0.004767925776335659,0.004666374379154561,0.002561695426389662
0.077,0.28,1.79,0.007,0.006,0.0,0.0,0.0,0.00023353676784845158,0.0,439.0,7.0,82.0,4.843550073621013,4.735800688465535,4.6439348485302006,170.0,21.0,1.0,1.0,1.0,200.0,MMA,250.0,14.0,458.0,568.0,28.6,76.0,,,Evans-Ti/Mn-1992-D7aw,0.439,0.007,0.082,0.004843550073621013,0.004735800688465535,0.004643934848530201
0.077,0.28,1.79,0.007,0.006,0.0,0.0,0.0,0.00048447892806588623,0.0,439.0,7.0,82.0,4.976292076605909,4.693663296152207,4.630969301754964,170.0,21.0,1.0,1.0,1.0,200.0,MMA,0.0,0.0,,,,,-5.0,100.0,Evans-Ti/Mn-1992-D7aw,0.439,0.007,0.082,0.004976292076605909,0.004693663296152207,0.0046309693017549634
0.077,0.28,1.79,0.007,0.006,0.0,0.0,0.0,0.0004938807955520264,0.0,439.0,7.0,82.0,4.776926093442855,4.692066064662962,4.909155552304393,170.0,21.0,1.0,1.0,1.0,200.0,MMA,580.0,2.0,381.0,500.0,30.4,78.9,-49.0,100.0,Evans-Ti/Mn-1992-D7ht,0.439,0.007,0.082,0.004776926093442855,0.0046920660646629616,0.0049091555523043924
0.078,0.31,1.75,0.007,0.006,0.0,0.0,0.0,0.0004598319560263096,0.0,417.0,36.0,94.0,4.74270556641949,4.719362774274978,3.2026072452330405,170.0,21.0,1.0,1.0,1.0,200.0,MMA,250.0,14.0,500.0,571.0,28.8,77.0,,,Evans-Ti/Mn-1992-D36aw,0.417,0.036,0.094,0.00474270556641949,0.004719362774274978,0.0032026072452330406
0.078,0.31,1.75,0.007,0.006,0.0,0.0,0.0,0.00045895759288260224,0.0,417.0,36.0,94.0,4.880371063368582,4.721037023853832,4.870981948412004,170.0,21.0,1.0,1.0,1.0,200.0,MMA,0.0,0.0,,,,,-62.0,100.0,Evans-Ti/Mn-1992-D36aw,0.417,0.036,0.094,0.004880371063368582,0.004721037023853832,0.004870981948412003
0.078,0.31,1.75,0.007,0.006,0.0,0.0,0.0,0.0004923980317718777,0.0,417.0,36.0,94.0,4.975555990959487,4.757060571709645,4.838281463293199,170.0,21.0,1.0,1.0,1.0,200.0,MMA,580.0,2.0,414.0,518.0,29.2,78.4,-71.0,100.0,Evans-Ti/Mn-1992-D36ht,0.417,0.036,0.094,0.004975555990959487,0.004757060571709645,0.004838281463293199
0.077,0.29,1.76,0.007,0.007,0.0,0.0,0.0,0.00045674451629526243,0.0,396.0,105.0,81.0,2.27367851175752,2.9361950383314843,4.689441078873604,170.0,21.0,1.0,1.0,1.0,200.0,MMA,250.0,14.0,484.0,577.0,26.2,77.9,,,Evans-Ti/Mn-1992-D105aw,0.396,0.105,0.081,0.00227367851175752,0.002936195038331484,0.004689441078873604
0.077,0.29,1.76,0.007,0.007,0.0,0.0,0.0,0.000481818157762048,0.0,396.0,105.0,81.0,2.917572923335015,4.683343100504162,4.802254297696265,170.0,21.0,1.0,1.0,1.0,200.0,MMA,0.0,0.0,,,,,-53.0,100.0,Evans-Ti/Mn-1992-D105aw,0.396,0.105,0.081,0.002917572923335015,0.004683343100504162,0.004802254297696266
0.077,0.29,1.76,0.007,0.007,0.0,0.0,0.0,0.0004589168450760955,0.0,396.0,105.0,81.0,2.858146636950356,4.8141471754613,4.69650530175667,170.0,21.0,1.0,1.0,1.0,200.0,MMA,580.0,2.0,429.0,532.0,27.4,78.9,-57.0,100.0,Evans-Ti/Mn-1992-D105ht,0.396,0.105,0.081,0.002858146636950356,0.0048141471754612995,0.004696505301756669
0.075,0.32,1.83,0.006,0.007,0.0,0.0,0.0,0.0002301450171097241,0.0,346.0,170.0,82.0,4.554705211483634,4.642072609950222,2.5157916266051505,170.0,21.0,1.0,1.0,1.0,200.0,MMA,250.0,14.0,510.0,590.0,27.4,79.7,,,Evans-Ti/Mn-1992-D170aw,0.346,0.17,0.082,0.0045547052114836345,0.004642072609950222,0.0025157916266051504
0.075,0.32,1.83,0.006,0.007,0.0,0.0,0.0,0.00026367453201311486,0.0,346.0,170.0,82.0,4.836655547477845,4.8040678791584615,4.880848828156909,170.0,21.0,1.0,1.0,1.0,200.0,MMA,0.0,0.0,,,,,-52.0,100.0,Evans-Ti/Mn-1992-D170aw,0.346,0.17,0.082,0.004836655547477845,0.004804067879158462,0.004880848828156909
0.075,0.32,1.83,0.006,0.007,0.0,0.0,0.0,0.0004695717399604395,0.0,346.0,170.0,82.0,4.62229323470893,4.836859173733003,2.1520083500441416,170.0,21.0,1.0,1.0,1.0,200.0,MMA,580.0,2.0,471.0,565.0,27.8,78.0,-57.0,100.0,Evans-Ti/Mn-1992-D170ht,0.346,0.17,0.082,0.00462229323470893,0.004836859173733003,0.0021520083500441416
0.079,0.37,1.82,0.006,0.007,0.0,0.0,0.0,0.0004745652253805931,0.0,324.0,255.0,81.0,4.910747321671426,2.7329209596381085,4.638490165746962,170.0,21.0,1.0,1.0,1.0,200.0,MMA,250.0,14.0,536.0,612.0,25.4,76.0,,,Evans-Ti/Mn-1992-D255aw,0.324,0.255,0.081,0.0049107473216714265,0.0027329209596381084,0.004638490165746962
0.079,0.37,1.82,0.006,0.007,0.0,0.0,0.0,0.00048201065898863845,0.0,324.0,255.0,81.0,4.70644163580482,4.692191742831538,4.853888325584602,170.0,21.0,1.0,1.0,1.0,200.0,MMA,0.0,0.0,,,,,-53.0,100.0,Evans-Ti/Mn-1992-D255aw,0.324,0.255,0.081,0.00470644163580482,0.004692191742831538,0.0048538883255846025
0.079,0.37,1.82,0.006,0.007,0.0,0.0,0.0,0.0003123522489135663,0.0,324.0,255.0,81.0,1.992679425004877,4.837230566687571,4.641678183594436,170.0,21.0,1.0,1.0,1.0,200.0,MMA,580.0,2.0,474.0,575.0,29.4,78.0,-61.0,100.0,Evans-Ti/Mn-1992-D255ht,0.324,0.255,0.081,0.001992679425004877,0.004837230566687571,0.004641678183594436
0.074,0.25,1.4,0.008,0.007,0.0,0.0,0.0,0.0,0.0,475.0,1.0,79.0,0.0,0.0,0.0,170.0,21.0,1.0,1.0,1.0,200.0,MMA,0.0,0.0,445.0,528.0,28.2,78.0,,,KocakPEv-TiN-1994-O,0.475,0.001,0.079,0.0,0.0,0.0
0.077,0.27,1.46,0.008,0.007,0.0,0.0,0.0,0.0,0.0,459.0,28.0,81.0,0.0,0.0,0.0,170.0,21.0,1.0,1.0,1.0,200.0,MMA,0.0,0.0,471.0,544.0,25.2,77.0,,,KocakPREv-TiN-1994-Wa,0.459,0.028,0.081,0.0,0.0,0.0
0.073,0.26,1.41,0.007,0.011,0.0,0.0,0.0,0.0,0.0,392.0,90.0,83.0,0.0,0.0,0.0,170.0,21.0,1.0,1.0,1.0,200.0,MMA,0.0,0.0,478.0,540.0,24.2,78.9,,,KocakPREv-TiN-1994-Wb,0.392,0.09,0.083,0.0,0.0,0.0
0.074,0.3,1.45,0.007,0.009,0.0,0.0,0.0,0.0,0.0,337.0,120.0,84.0,0.0,0.0,0.0,170.0,21.0,1.0,1.0,1.0,200.0,MMA,0.0,0.0,480.0,538.0,27.8,79.8,,,KocakPREv-TiN-1994-Wc,0.337,0.12,0.084,0.0,0.0,0.0
0.072,0.38,1.5,0.006,0.01,0.0,0.0,0.0,0.0,0.0,291.0,260.0,77.0,0.0,0.0,0.0,170.0,21.0,1.0,1.0,1.0,200.0,MMA,0.0,0.0,509.0,578.0,26.4,78.9,,,KocakPREv-TiN-1994-Wd,0.291,0.26,0.077,0.0,0.0,0.0
0.069,0.45,1.47,0.005,0.006,0.0,0.0,0.0,0.0,0.0,282.0,410.0,77.0,0.0,0.0,0.0,170.0,21.0,1.0,1.0,1.0,200.0,MMA,0.0,0.0,504.0,577.0,25.8,79.8,,,KocakPREv-TiN-1994-Xa,0.282,0.41,0.077,0.0,0.0,0.0
0.07,0.45,1.5,0.005,0.006,0.0,0.0,0.0,0.0,0.0,294.0,550.0,75.0,0.0,0.0,0.0,170.0,21.0,1.0,1.0,1.0,200.0,MMA,0.0,0.0,530.0,597.0,25.0,81.6,,,KocakPREv-TiN-1994-Xb,0.294,0.55,0.075,0.0,0.0,0.0
0.074,0.28,1.58,0.008,0.008,0.0,0.0,0.0,0.0,0.0,404.0,4.71676495079474,145.0,0.0,0.0,0.0,170.0,21.0,1.0,1.0,1.0,200.0,MMA,0.0,0.0,473.0,566.0,24.0,77.0,,,KocakPREv-TiN-1994-O1,0.404,0.00471676495079474,0.145,0.0,0.0,0.0
0.068,0.28,1.4,0.01,0.008,0.0,0.0,0.0,0.0,0.0,409.0,31.0,148.0,0.0,0.0,0.0,170.0,21.0,1.0,1.0,1.0,200.0,MMA,0.0,0.0,482.0,545.0,28.0,78.9,,,KocakPREv-TiN-1994-W1a,0.409,0.031,0.148,0.0,0.0,0.0
0.069,0.31,1.5,0.008,0.008,0.0,0.0,0.0,0.0,0.0,400.0,51.0,160.0,0.0,0.0,0.0,170.0,21.0,1.0,1.0,1.0,200.0,MMA,0.0,0.0,522.0,584.0,26.4,78.9,,,KocakPREv-TiN-1994-W1b,0.4,0.051,0.16,0.0,0.0,0.0
0.07,0.29,1.5,0.008,0.009,0.0,0.0,0.0,0.0,0.0,341.0,120.0,164.0,0.0,0.0,0.0,170.0,21.0,1.0,1.0,1.0,200.0,MMA,0.0,0.0,513.0,573.0,25.2,76.0,,,KocakPREv-TiN-1994-W1c,0.341,0.12,0.164,0.0,0.0,0.0
0.068,0.39,1.51,0.007,0.009,0.0,0.0,0.0,0.0,0.0,278.0,300.0,166.0,0.0,0.0,0.0,170.0,21.0,1.0,1.0,1.0,200.0,MMA,0.0,0.0,546.0,611.0,24.0,78.0,,,KocakPREv-TiN-1994-W1d,0.278,0.3,0.166,0.0,0.0,0.0
0.066,0.47,1.48,0.007,0.011,0.0,0.0,0.0,0.0,0.0,285.0,410.0,164.0,0.0,0.0,0.0,170.0,21.0,1.0,1.0,1.0,200.0,MMA,0.0,0.0,584.0,639.0,23.0,75.0,,,KocakPREv-TiN-1994-X1a,0.285,0.41,0.164,0.0,0.0,0.0
0.07,0.45,1.5,0.004,0.006,0.0,0.0,0.0,0.0,0.0,297.0,590.0,155.0,0.0,0.0,0.0,170.0,21.0,1.0,1.0,1.0,200.0,MMA,0.0,0.0,535.0,599.0,25.6,76.0,,,KocakPREv-TiN-1994-X1b,0.297,0.59,0.155,0.0,0.0,0.0
0.073,0.27,1.66,0.009,0.008,0.0,0.0,0.0,0.0,0.0,399.0,4.918606317174868,235.0,0.0,0.0,0.0,170.0,21.0,1.0,1.0,1.0,200.0,MMA,0.0,0.0,505.0,607.0,24.0,76.0,,,KocakPREv-TiN-1994-O2,0.399,0.004918606317174868,0.235,0.0,0.0,0.0
0.069,0.26,1.45,0.01,0.009,0.0,0.0,0.0,0.0,0.0,391.0,29.0,226.0,0.0,0.0,0.0,170.0,21.0,1.0,1.0,1.0,200.0,MMA,0.0,0.0,492.0,581.0,25.8,77.9,,,KocakPREv-TiN-1994-W2a,0.391,0.029,0.226,0.0,0.0,0.0
0.073,0.29,1.53,0.009,0.007,0.0,0.0,0.0,0.0,0.0,419.0,46.0,243.0,0.0,0.0,0.0,170.0,21.0,1.0,1.0,1.0,200.0,MMA,0.0,0.0,538.0,591.0,24.9,74.5,,,KocakPREv-TiN-1994-W2b,0.419,0.046,0.243,0.0,0.0,0.0
0.07,0.28,1.45,0.009,0.009,0.0,0.0,0.0,0.0,0.0,315.0,120.0,239.0,0.0,0.0,0.0,170.0,21.0,1.0,1.0,1.0,200.0,MMA,0.0,0.0,523.0,599.0,29.2,77.0,,,KocakPREv-TiN-1994-W2c,0.315,0.12,0.239,0.0,0.0,0.0
0.067,0.4,1.48,0.006,0.008,0.0,0.0,0.0,0.0,0.0,286.0,320.0,253.0,0.0,0.0,0.0,170.0,21.0,1.0,1.0,1.0,200.0,MMA,0.0,0.0,546.0,621.0,23.6,76.0,,,KocakPREv-TiN-1994-W2d,0.286,0.32,0.253,0.0,0.0,0.0
0.068,0.47,1.46,0.007,0.006,0.0,0.0,0.0,0.0,0.0,297.0,450.0,249.0,0.0,0.0,0.0,170.0,21.0,1.0,1.0,1.0,200.0,MMA,0.0,0.0,578.0,631.0,24.6,78.0,,,KocakPREv-TiN-1994-X2a,0.297,0.45,0.249,0.0,0.0,0.0
0.066,0.43,1.47,0.005,0.006,0.0,0.0,0.0,0.0,0.0,322.0,690.0,240.0,0.0,0.0,0.0,170.0,21.0,1.0,1.0,1.0,200.0,MMA,0.0,0.0,552.0,615.0,26.4,78.0,,,KocakPREv-TiN-1994-X2b,0.322,0.69,0.24,0.0,0.0,0.0
0.035,0.3,0.66,0.006,0.013,0.0,0.0,0.0,0.0,0.0,490.0,0.0,70.0,0.0,0.0,0.0,170.0,21.0,1.0,1.0,1.0,150.0,MMA,0.0,0.0,392.0,466.0,31.9,80.6,-27.0,100.0,Evans-Mn-1977-Aaw,0.49,0.0,0.07,0.0,0.0,0.0
0.035,0.3,0.66,0.006,0.013,0.0,0.0,0.0,0.0,0.0,490.0,0.0,70.0,0.0,0.0,0.0,170.0,21.0,1.0,1.0,1.0,150.0,MMA,500.0,2.0,370.0,456.0,35.2,80.6,-32.0,100.0,Evans-Mn-1977-Aht,0.49,0.0,0.07,0.0,0.0,0.0
0.038,0.3,1.0,0.005,0.014,0.0,0.0,0.0,0.0,0.0,460.0,0.0,100.0,0.0,0.0,0.0,170.0,21.0,1.0,1.0,1.0,150.0,MMA,0.0,0.0,413.0,498.0,31.2,80.6,-44.0,100.0,Evans-Mn-1977-Baw,0.46,0.0,0.1,0.0,0.0,0.0
0.038,0.3,1.0,0.005,0.014,0.0,0.0,0.0,0.0,0.0,460.0,0.0,100.0,0.0,0.0,0.0,170.0,21.0,1.0,1.0,1.0,150.0,MMA,500.0,2.0,402.0,490.0,31.0,80.6,-44.0,100.0,Evans-Mn-1977-Bht,0.46,0.0,0.1,0.0,0.0,0.0
0.049,0.34,1.42,0.005,0.013,0.0,0.0,0.0,0.0,0.0,410.0,0.0,90.0,0.0,0.0,0.0,170.0,21.0,1.0,1.0,1.0,150.0,MMA,0.0,0.0,468.0,551.0,29.4,78.7,-53.0,100.0,Evans-Mn-1977-Caw,0.41,0.0,0.09,0.0,0.0,0.0
0.049,0.34,1.42,0.005,0.013,0.0,0.0,0.0,0.0,0.0,410.0,0.0,90.0,0.0,0.0,0.0,170.0,21.0,1.0,1.0,1.0,150.0,MMA,500.0,2.0,436.0,529.0,31.6,78.8,-50.0,100.0,Evans-Mn-1977-Cht,0.41,0.0,0.09,0.0,0.0,0.0
0.051,0.34,1.82,0.006,0.017,0.0,0.0,0.0,0.0,0.0,390.0,0.0,90.0,0.0,0.0,0.0,170.0,21.0,1.0,1.0,1.0,150.0,MMA,0.0,0.0,514.0,588.0,28.0,76.8,-43.0,100.0,Evans-Mn-1977-Daw,0.39,0.0,0.09,0.0,0.0,0.0
0.051,0.34,1.82,0.006,0.017,0.0,0.0,0.0,0.0,0.0,390.0,0.0,90.0,0.0,0.0,0.0,170.0,21.0,1.0,1.0,1.0,150.0,MMA,500.0,2.0,479.0,576.0,27.4,76.9,-36.0,100.0,Evans-Mn-1977-Dht,0.39,0.0,0.09,0.0,0.0,0.0
0.05,0.25,1.21,0.013,0.024,1.84,0.05,0.34,0.01,0.06,444.0,0.0,143.0,0.0,0.0,0.0,170.0,24.0,1.0,1.0,2.1,107.0,MMA,0.0,0.0,665.0,715.0,23.8,,-73.0,50.0,SurianEtAl-C-1991-0.05awCh,0.444,0.0,0.143,0.0,0.0,0.0
0.05,0.25,1.21,0.013,0.024,1.84,0.05,0.34,0.01,0.06,444.0,0.0,143.0,0.0,0.0,0.0,170.0,24.0,1.0,1.0,2.1,107.0,MMA,620.0,1.0,673.0,680.0,23.8,,-42.0,50.0,SurianEtAl-C-1991-0.05htCh,0.444,0.0,0.143,0.0,0.0,0.0
0.07,0.26,1.24,0.013,0.025,1.9,0.05,0.34,0.01,0.06,365.0,0.0,119.0,0.0,0.0,0.0,170.0,24.0,1.0,1.0,2.1,107.0,MMA,0.0,0.0,768.0,807.0,20.0,,-72.0,50.0,SurianEtAl-C-1991-0.07awCh,0.365,0.0,0.119,0.0,0.0,0.0
0.07,0.26,1.24,0.013,0.025,1.9,0.05,0.34,0.01,0.06,365.0,0.0,119.0,0.0,0.0,0.0,170.0,24.0,1.0,1.0,2.1,107.0,MMA,620.0,1.0,700.0,785.0,20.6,,-28.0,50.0,SurianEtAl-C-1991-0.07htCh,0.365,0.0,0.119,0.0,0.0,0.0
0.1,0.34,1.42,0.009,0.028,1.92,0.05,0.35,0.01,0.05,345.0,0.0,87.0,0.0,0.0,0.0,170.0,24.0,1.0,1.0,2.1,107.0,MMA,0.0,0.0,798.0,858.0,19.6,,-64.0,50.0,SurianEtAl-C-1991-0.10awCh,0.345,0.0,0.087,0.0,0.0,0.0
0.1,0.34,1.42,0.009,0.028,1.92,0.05,0.35,0.01,0.05,345.0,0.0,87.0,0.0,0.0,0.0,170.0,24.0,1.0,1.0,2.1,107.0,MMA,620.0,1.0,765.0,858.0,20.6,,-14.0,50.0,SurianEtAl-C-1991-0.10htCh,0.345,0.0,0.087,0.0,0.0,0.0
0.12,0.33,1.41,0.011,0.031,1.88,0.05,0.34,0.01,0.05,329.0,0.0,99.0,0.0,0.0,0.0,170.0,24.0,1.0,1.0,2.1,107.0,MMA,0.0,0.0,808.0,875.0,16.6,,-39.0,50.0,SurianEtAl-C-1991-0.12awCh,0.329,0.0,0.099,0.0,0.0,0.0
0.12,0.33,1.41,0.011,0.031,1.88,0.05,0.34,0.01,0.05,329.0,0.0,99.0,0.0,0.0,0.0,170.0,24.0,1.0,1.0,2.1,107.0,MMA,620.0,1.0,795.0,895.0,18.0,,-3.0,50.0,SurianEtAl-C-1991-0.12htCh,0.329,0.0,0.099,0.0,0.0,0.0
0.04,0.24,0.84,0.009,0.01,2.2,0.0,0.0,0.0,0.13,300.0,150.0,0.0,0.0,0.0,0.0,165.0,25.0,1.0,0.0,1.0,200.0,MMA,0.0,0.0,481.0,616.0,23.0,69.0,,,Alekseev&-CMnNi-1991-CH1,0.3,0.15,0.0,0.0,0.0,0.0
0.04,0.22,0.81,0.009,0.011,2.19,0.0,0.0,0.0,0.29,300.0,120.0,0.0,0.0,0.0,0.0,165.0,25.0,1.0,0.0,1.0,200.0,MMA,0.0,0.0,471.0,596.0,23.0,66.0,,,Alekseev&-CMnNi-1991-CH2,0.3,0.12,0.0,0.0,0.0,0.0
0.04,0.23,0.83,0.01,0.011,2.19,0.0,0.0,0.0,0.45,280.0,140.0,0.0,0.0,0.0,0.0,165.0,25.0,1.0,0.0,1.0,200.0,MMA,0.0,0.0,498.0,599.0,24.0,65.0,,,Alekseev&-CMnNi-1991-CH3,0.28,0.14,0.0,0.0,0.0,0.0
0.04,0.24,0.82,0.009,0.01,2.2,0.0,0.0,0.0,0.62,300.0,150.0,0.0,0.0,0.0,0.0,165.0,25.0,1.0,0.0,1.0,200.0,MMA,0.0,0.0,525.0,623.0,21.0,65.0,,,Alekseev&-CMnNi-1991-CH4,0.3,0.15,0.0,0.0,0.0,0.0
0.04,0.23,0.83,0.01,0.011,2.21,0.0,0.0,0.0,0.79,320.0,140.0,0.0,0.0,0.0,0.0,165.0,25.0,1.0,0.0,1.0,200.0,MMA,0.0,0.0,536.0,635.0,23.0,65.0,,,Alekseev&-CMnNi-1991-CH5,0.32,0.14,0.0,0.0,0.0,0.0
0.04,0.23,0.83,0.01,0.011,2.21,0.0,0.0,0.0,1.01,320.0,130.0,0.0,0.0,0.0,0.0,165.0,25.0,1.0,0.0,1.0,200.0,MMA,0.0,0.0,566.0,674.0,21.0,62.0,,,Alekseev&-CMnNi-1991-CH6,0.32,0.13,0.0,0.0,0.0,0.0
0.04,0.2,0.8,0.01,0.011,2.2,0.0,0.0,0.0,1.2,370.0,140.0,0.0,0.0,0.0,0.0,165.0,25.0,1.0,0.0,1.0,200.0,MMA,0.0,0.0,573.0,690.0,21.0,62.0,,,Alekseev&-CMnNi-1991-CH7,0.37,0.14,0.0,0.0,0.0,0.0
0.099,0.17,1.01,0.007,0.012,0.08,9.3,1.0,0.2,0.0,634.0,0.0,539.0,0.0,0.0,460.0,180.0,34.0,1.0,1.0,1.0,175.0,MMA,750.0,8.0,617.0,762.0,18.4,61.2,,,Evans-AlEl9Cr1Mo-1994--,0.634,0.0,0.539,0.0,0.0,0.46
0.093,0.16,1.03,0.008,0.012,0.98,9.08,0.98,0.19,0.0,651.0,0.0,515.0,0.0,0.0,430.0,180.0,34.0,1.0,1.0,1.0,175.0,MMA,750.0,8.0,551.0,751.0,19.6,64.5,,,Evans-AlEl9Cr1Mo-1994-1Ni,0.651,0.0,0.515,0.0,0.0,0.43
0.101,0.17,1.02,0.008,0.012,1.92,9.12,1.0,0.19,0.0,664.0,0.0,494.0,0.0,0.0,470.0,180.0,34.0,1.0,1.0,1.0,175.0,MMA,750.0,8.0,672.0,866.0,13.6,56.8,,,Evans-AlEl9Cr1Mo-1994-2Ni,0.664,0.0,0.494,0.0,0.0,0.47
0.095,0.16,1.02,0.007,0.012,3.01,9.17,0.96,0.19,0.0,610.0,0.0,489.0,0.0,0.0,450.0,180.0,34.0,1.0,1.0,1.0,175.0,MMA,750.0,8.0,920.0,1151.0,10.6,47.6,,,Evans-AlEl9Cr1Mo-1994-3Ni,0.61,0.0,0.489,0.0,0.0,0.45
0.096,0.16,1.01,0.007,0.013,0.0,9.16,0.99,0.19,0.0,672.0,0.0,552.0,0.0,0.0,450.0,180.0,34.0,1.0,1.0,1.0,175.0,MMA,750.0,8.0,525.0,696.0,19.8,64.4,,,Evans-AlEl9Cr1Mo-1994-1Co,0.672,0.0,0.552,0.0,0.0,0.45
0.094,0.18,1.0,0.008,0.017,0.0,9.31,0.98,0.19,0.0,687.0,0.0,517.0,0.0,0.0,430.0,180.0,34.0,1.0,1.0,1.0,175.0,MMA,750.0,8.0,526.0,690.0,21.9,66.0,,,Evans-AlEl9Cr1Mo-1994-2Co,0.687,0.0,0.517,0.0,0.0,0.43
0.091,0.16,1.0,0.008,0.015,0.0,9.3,0.98,0.19,0.0,666.0,0.0,520.0,0.0,0.0,410.0,180.0,34.0,1.0,1.0,1.0,175.0,MMA,750.0,8.0,481.0,672.0,23.7,66.7,,,Evans-AlEl9Cr1Mo-1994-3Co,0.666,0.0,0.52,0.0,0.0,0.41
0.095,0.18,1.04,0.008,0.015,0.0,9.35,1.0,0.19,0.0,656.0,0.0,544.0,0.0,0.0,510.0,180.0,34.0,1.0,1.0,1.0,175.0,MMA,750.0,8.0,526.0,702.0,19.6,59.3,,,Evans-AlEl9Cr1Mo-1994-1W,0.656,0.0,0.544,0.0,0.0,0.51
0.096,0.2,0.99,0.007,0.015,0.0,9.25,0.91,0.19,0.0,669.0,0.0,526.0,0.0,0.0,530.0,180.0,34.0,1.0,1.0,1.0,175.0,MMA,750.0,8.0,515.0,698.0,18.9,59.0,,,Evans-AlEl9Cr1Mo-1994-2W,0.669,0.0,0.526,0.0,0.0,0.53
0.094,0.2,1.03,0.008,0.015,0.0,9.26,0.84,0.19,0.0,640.0,0.0,537.0,0.0,0.0,580.0,180.0,34.0,1.0,1.0,1.0,175.0,MMA,750.0,8.0,489.0,686.0,18.7,49.6,,,Evans-AlEl9Cr1Mo-1994-3W,0.64,0.0,0.537,0.0,0.0,0.58
0.097,0.18,1.0,0.007,0.015,0.93,9.1,0.96,0.19,0.0,667.0,0.0,529.0,0.0,0.0,460.0,180.0,34.0,1.0,1.0,1.0,175.0,MMA,750.0,8.0,531.0,738.0,17.3,58.1,,,Evans-AlEl9Cr1Mo-1994-1W1Ni,0.667,0.0,0.529,0.0,0.0,0.46
0.091,0.18,0.99,0.008,0.015,0.0,8.94,0.97,0.18,0.0,695.0,0.0,509.0,0.0,0.0,440.0,180.0,34.0,1.0,1.0,1.0,175.0,MMA,750.0,8.0,492.0,673.0,21.8,65.3,,,Evans-AlEl9Cr1Mo-1994-1W1Co,0.695,0.0,0.509,0.0,0.0,0.44
0.09,0.17,0.97,0.008,0.015,0.0,9.2,0.96,0.18,0.0,662.0,0.0,523.0,0.0,0.0,450.0,180.0,34.0,1.0,1.0,1.0,175.0,MMA,750.0,8.0,524.0,701.0,20.7,63.7,,,Evans-AlEl9Cr1Mo-1994-1W2Co,0.662,0.0,0.523,0.0,0.0,0.45
0.05,0.46,0.96,0.01,0.017,0.03,0.0,0.01,0.0,0.02,443.0,0.0,84.0,0.0,0.0,0.0,170.0,21.0,1.0,1.0,1.8,100.0,MMA,250.0,16.0,449.0,542.0,,,,,RaiterGonzal-Mo-1989-1aw,0.443,0.0,0.084,0.0,0.0,0.0
0.05,0.46,0.96,0.01,0.017,0.03,0.0,0.01,0.0,0.02,443.0,0.0,84.0,0.0,0.0,0.0,170.0,21.0,1.0,1.0,1.8,100.0,MMA,620.0,1.0,416.0,507.0,,,,,RaiterGonzal-Mo-1989-1ht,0.443,0.0,0.084,0.0,0.0,0.0
0.045,0.48,0.97,0.01,0.018,0.03,0.0,0.32,0.0,0.02,430.0,0.0,107.0,0.0,0.0,0.0,170.0,21.0,1.0,1.0,1.8,100.0,MMA,250.0,16.0,494.0,570.0,,,,,RaiterGonzal-Mo-1989-2aw,0.43,0.0,0.107,0.0,0.0,0.0
0.045,0.48,0.97,0.01,0.018,0.03,0.0,0.32,0.0,0.02,430.0,0.0,107.0,0.0,0.0,0.0,170.0,21.0,1.0,1.0,1.8,100.0,MMA,620.0,1.0,485.0,584.0,,,,,RaiterGonzal-Mo-1989-2ht,0.43,0.0,0.107,0.0,0.0,0.0
0.05,0.41,0.92,0.011,0.019,0.02,0.0,0.51,0.0,0.02,450.0,0.0,114.0,0.0,0.0,0.0,170.0,21.0,1.0,1.0,1.8,100.0,MMA,250.0,16.0,514.0,594.0,,,,,RaiterGonzal-Mo-1989-3aw,0.45,0.0,0.114,0.0,0.0,0.0
0.05,0.41,0.92,0.011,0.019,0.02,0.0,0.51,0.0,0.02,450.0,0.0,114.0,0.0,0.0,0.0,170.0,21.0,1.0,1.0,1.8,100.0,MMA,620.0,1.0,538.0,626.0,,,,,RaiterGonzal-Mo-1989-3ht,0.45,0.0,0.114,0.0,0.0,0.0
0.06,0.44,1.6,0.01,0.018,0.03,0.0,0.01,0.0,0.02,395.0,0.0,102.0,0.0,0.0,0.0,170.0,21.0,1.0,1.0,1.8,100.0,MMA,250.0,16.0,550.0,615.0,,,,,RaiterGonzal-Mo-1989-4aw,0.395,0.0,0.102,0.0,0.0,0.0
0.06,0.44,1.6,0.01,0.018,0.03,0.0,0.01,0.0,0.02,395.0,0.0,102.0,0.0,0.0,0.0,170.0,21.0,1.0,1.0,1.8,100.0,MMA,620.0,1.0,494.0,556.0,,,,,RaiterGonzal-Mo-1989-4ht,0.395,0.0,0.102,0.0,0.0,0.0
0.06,0.46,1.63,0.01,0.02,0.02,0.0,0.34,0.0,0.02,407.0,0.0,106.0,0.0,0.0,0.0,170.0,21.0,1.0,1.0,1.8,100.0,MMA,250.0,16.0,612.0,688.0,,,,,RaiterGonzal-Mo-1989-5aw,0.407,0.0,0.106,0.0,0.0,0.0
0.06,0.46,1.63,0.01,0.02,0.02,0.0,0.34,0.0,0.02,407.0,0.0,106.0,0.0,0.0,0.0,170.0,21.0,1.0,1.0,1.8,100.0,MMA,620.0,1.0,591.0,674.0,,,,,RaiterGonzal-Mo-1989-5ht,0.407,0.0,0.106,0.0,0.0,0.0
0.055,0.48,1.62,0.011,0.021,0.02,0.0,0.54,0.0,0.02,371.0,0.0,93.0,0.0,0.0,0.0,170.0,21.0,1.0,1.0,1.8,100.0,MMA,250.0,16.0,673.0,737.0,,,,,RaiterGonzal-Mo-1989-6aw,0.371,0.0,0.093,0.0,0.0,0.0
0.055,0.48,1.62,0.011,0.021,0.02,0.0,0.54,0.0,0.02,371.0,0.0,93.0,0.0,0.0,0.0,170.0,21.0,1.0,1.0,1.8,100.0,MMA,620.0,1.0,628.0,727.0,,,,,RaiterGonzal-Mo-1989-6ht,0.371,0.0,0.093,0.0,0.0,0.0
0.06,0.42,2.0,0.01,0.02,0.02,0.0,0.01,0.0,0.02,371.0,0.0,117.0,0.0,0.0,0.0,170.0,21.0,1.0,1.0,1.8,100.0,MMA,250.0,16.0,583.0,664.0,,,,,RaiterGonzal-Mo-1989-7aw,0.371,0.0,0.117,0.0,0.0,0.0
0.06,0.42,2.0,0.01,0.02,0.02,0.0,0.01,0.0,0.02,371.0,0.0,117.0,0.0,0.0,0.0,170.0,21.0,1.0,1.0,1.8,100.0,MMA,620.0,1.0,530.0,626.0,,,,,RaiterGonzal-Mo-1989-7ht,0.371,0.0,0.117,0.0,0.0,0.0
0.06,0.39,1.95,0.01,0.021,0.02,0.0,0.34,0.0,0.02,395.0,0.0,125.0,0.0,0.0,0.0,170.0,21.0,1.0,1.0,1.8,100.0,MMA,250.0,16.0,677.0,741.0,,,,,RaiterGonzal-Mo-1989-8aw,0.395,0.0,0.125,0.0,0.0,0.0
0.06,0.39,1.95,0.01,0.021,0.02,0.0,0.34,0.0,0.02,395.0,0.0,125.0,0.0,0.0,0.0,170.0,21.0,1.0,1.0,1.8,100.0,MMA,620.0,1.0,632.0,709.0,,,,,RaiterGonzal-Mo-1989-8ht,0.395,0.0,0.125,0.0,0.0,0.0
0.055,0.39,1.99,0.01,0.022,0.02,0.0,0.54,0.0,0.02,364.0,0.0,102.0,0.0,0.0,0.0,170.0,21.0,1.0,1.0,1.8,100.0,MMA,250.0,16.0,701.0,748.0,,,,,RaiterGonzal-Mo-1989-9aw,0.364,0.0,0.102,0.0,0.0,0.0
0.055,0.39,1.99,0.01,0.022,0.02,0.0,0.54,0.0,0.02,364.0,0.0,102.0,0.0,0.0,0.0,170.0,21.0,1.0,1.0,1.8,100.0,MMA,620.0,1.0,693.0,783.0,,,,,RaiterGonzal-Mo-1989-9ht,0.364,0.0,0.102,0.0,0.0,0.0
0.03,0.45,0.78,0.013,0.01,0.0,0.0,0.0,0.0,0.0,336.0,140.0,95.0,90.0,0.0,0.0,180.0,23.0,1.0,1.0,1.0,250.0,MMA,0.0,0.0,408.0,,,,,,SvenGret-1990-1,0.336,0.14,0.095,0.09,0.0,0.0
0.03,0.45,0.78,0.013,0.01,0.0,0.0,0.0,0.0,0.0,336.0,140.0,95.0,90.0,0.0,0.0,180.0,23.0,1.0,1.0,1.0,250.0,MMA,0.0,0.0,,,,,-60.0,5.0,SvenGret-1990-1Ch-6,0.336,0.14,0.095,0.09,0.0,0.0
0.03,0.45,0.78,0.013,0.01,0.0,0.0,0.0,0.0,0.0,336.0,140.0,95.0,90.0,0.0,0.0,180.0,23.0,1.0,1.0,1.0,250.0,MMA,0.0,0.0,,,,,-40.0,12.0,SvenGret-1990-1Ch-4,0.336,0.14,0.095,0.09,0.0,0.0
0.03,0.45,0.78,0.013,0.01,0.0,0.0,0.0,0.0,0.0,336.0,140.0,95.0,90.0,0.0,0.0,180.0,23.0,1.0,1.0,1.0,250.0,MMA,0.0,0.0,,,,,-20.0,48.0,SvenGret-1990-1Ch-2,0.336,0.14,0.095,0.09,0.0,0.0
0.03,0.45,0.78,0.013,0.01,0.0,0.0,0.0,0.0,0.0,336.0,140.0,95.0,90.0,0.0,0.0,180.0,23.0,1.0,1.0,1.0,250.0,MMA,0.0,0.0,,,,,0.0,136.0,SvenGret-1990-1Ch0,0.336,0.14,0.095,0.09,0.0,0.0
0.03,0.45,0.78,0.013,0.01,0.0,0.0,0.0,0.0,0.0,336.0,140.0,95.0,90.0,0.0,0.0,180.0,23.0,1.0,1.0,1.0,250.0,MMA,0.0,0.0,,,,,20.0,212.0,SvenGret-1990-1Ch2,0.336,0.14,0.095,0.09,0.0,0.0
0.032,0.45,1.27,0.008,0.01,0.0,0.0,0.0,0.0,0.0,321.0,130.0,94.0,90.0,0.0,0.0,180.0,23.0,1.0,1.0,1.0,250.0,MMA,0.0,0.0,440.0,,,,,,SvenGret-1990-2,0.321,0.13,0.094,0.09,0.0,0.0
0.032,0.45,1.27,0.008,0.01,0.0,0.0,0.0,0.0,0.0,321.0,130.0,94.0,90.0,0.0,0.0,180.0,23.0,1.0,1.0,1.0,250.0,MMA,0.0,0.0,,,,,-60.0,10.0,SvenGret-1990-2Ch-6,0.321,0.13,0.094,0.09,0.0,0.0
0.032,0.45,1.27,0.008,0.01,0.0,0.0,0.0,0.0,0.0,321.0,130.0,94.0,90.0,0.0,0.0,180.0,23.0,1.0,1.0,1.0,250.0,MMA,0.0,0.0,,,,,-40.0,21.0,SvenGret-1990-2Ch-4,0.321,0.13,0.094,0.09,0.0,0.0
0.032,0.45,1.27,0.008,0.01,0.0,0.0,0.0,0.0,0.0,321.0,130.0,94.0,90.0,0.0,0.0,180.0,23.0,1.0,1.0,1.0,250.0,MMA,0.0,0.0,,,,,-20.0,38.0,SvenGret-1990-2Ch-2,0.321,0.13,0.094,0.09,0.0,0.0
0.032,0.45,1.27,0.008,0.01,0.0,0.0,0.0,0.0,0.0,321.0,130.0,94.0,90.0,0.0,0.0,180.0,23.0,1.0,1.0,1.0,250.0,MMA,0.0,0.0,,,,,0.0,152.0,SvenGret-1990-2Ch0,0.321,0.13,0.094,0.09,0.0,0.0
0.032,0.45,1.27,0.008,0.01,0.0,0.0,0.0,0.0,0.0,321.0,130.0,94.0,90.0,0.0,0.0,180.0,23.0,1.0,1.0,1.0,250.0,MMA,0.0,0.0,,,,,20.0,195.0,SvenGret-1990-2Ch2,0.321,0.13,0.094,0.09,0.0,0.0
0.031,0.42,1.71,0.004,0.01,0.0,0.0,0.0,0.0,0.0,297.0,110.0,109.0,80.0,0.0,0.0,180.0,23.0,1.0,1.0,1.0,250.0,MMA,0.0,0.0,488.0,,,,,,SvenGret-1990-3,0.297,0.11,0.109,0.08,0.0,0.0
0.031,0.42,1.71,0.004,0.01,0.0,0.0,0.0,0.0,0.0,297.0,110.0,109.0,80.0,0.0,0.0,180.0,23.0,1.0,1.0,1.0,250.0,MMA,0.0,0.0,,,,,-60.0,29.0,SvenGret-1990-3Ch-6,0.297,0.11,0.109,0.08,0.0,0.0
0.031,0.42,1.71,0.004,0.01,0.0,0.0,0.0,0.0,0.0,297.0,110.0,109.0,80.0,0.0,0.0,180.0,23.0,1.0,1.0,1.0,250.0,MMA,0.0,0.0,,,,,-40.0,71.0,SvenGret-1990-3Ch-4,0.297,0.11,0.109,0.08,0.0,0.0
0.031,0.42,1.71,0.004,0.01,0.0,0.0,0.0,0.0,0.0,297.0,110.0,109.0,80.0,0.0,0.0,180.0,23.0,1.0,1.0,1.0,250.0,MMA,0.0,0.0,,,,,-20.0,143.0,SvenGret-1990-3Ch-2,0.297,0.11,0.109,0.08,0.0,0.0
0.031,0.42,1.71,0.004,0.01,0.0,0.0,0.0,0.0,0.0,297.0,110.0,109.0,80.0,0.0,0.0,180.0,23.0,1.0,1.0,1.0,250.0,MMA,0.0,0.0,,,,,0.0,186.0,SvenGret-1990-3Ch0,0.297,0.11,0.109,0.08,0.0,0.0
0.031,0.42,1.71,0.004,0.01,0.0,0.0,0.0,0.0,0.0,297.0,110.0,109.0,80.0,0.0,0.0,180.0,23.0,1.0,1.0,1.0,250.0,MMA,0.0,0.0,,,,,20.0,195.0,SvenGret-1990-3Ch223,0.297,0.11,0.109,0.08,0.0,0.0
0.032,0.45,2.05,0.002,0.01,0.0,0.0,0.0,0.0,0.0,320.0,120.0,119.0,90.0,0.0,0.0,180.0,23.0,1.0,1.0,1.0,250.0,MMA,0.0,0.0,506.0,,,,,,SvenGret-1990-4,0.32,0.12,0.119,0.09,0.0,0.0
0.032,0.45,2.05,0.002,0.01,0.0,0.0,0.0,0.0,0.0,320.0,120.0,119.0,90.0,0.0,0.0,180.0,23.0,1.0,1.0,1.0,250.0,MMA,0.0,0.0,,,,,-60.0,57.0,SvenGret-1990-4Ch-6,0.32,0.12,0.119,0.09,0.0,0.0
0.032,0.45,2.05,0.002,0.01,0.0,0.0,0.0,0.0,0.0,320.0,120.0,119.0,90.0,0.0,0.0,180.0,23.0,1.0,1.0,1.0,250.0,MMA,0.0,0.0,,,,,-40.0,88.0,SvenGret-1990-4Ch-4,0.32,0.12,0.119,0.09,0.0,0.0
0.032,0.45,2.05,0.002,0.01,0.0,0.0,0.0,0.0,0.0,320.0,120.0,119.0,90.0,0.0,0.0,180.0,23.0,1.0,1.0,1.0,250.0,MMA,0.0,0.0,,,,,-20.0,143.0,SvenGret-1990-4Ch-2,0.32,0.12,0.119,0.09,0.0,0.0
0.032,0.45,2.05,0.002,0.01,0.0,0.0,0.0,0.0,0.0,320.0,120.0,119.0,90.0,0.0,0.0,180.0,23.0,1.0,1.0,1.0,250.0,MMA,0.0,0.0,,,,,0.0,167.0,SvenGret-1990-4Ch0,0.32,0.12,0.119,0.09,0.0,0.0
0.032,0.45,2.05,0.002,0.01,0.0,0.0,0.0,0.0,0.0,320.0,120.0,119.0,90.0,0.0,0.0,180.0,23.0,1.0,1.0,1.0,250.0,MMA,0.0,0.0,,,,,20.0,183.0,SvenGret-1990-4Ch2,0.32,0.12,0.119,0.09,0.0,0.0
0.059,0.34,0.77,0.01,0.01,0.0,0.0,0.0,0.0,0.0,306.0,110.0,66.0,70.0,0.0,0.0,180.0,23.0,1.0,1.0,1.0,250.0,MMA,0.0,0.0,400.0,,,,,,SvenGret-1990-5,0.306,0.11,0.066,0.07,0.0,0.0
0.059,0.34,0.77,0.01,0.01,0.0,0.0,0.0,0.0,0.0,306.0,110.0,66.0,70.0,0.0,0.0,180.0,23.0,1.0,1.0,1.0,250.0,MMA,0.0,0.0,,,,,-60.0,43.0,SvenGret-1990-5Ch-6,0.306,0.11,0.066,0.07,0.0,0.0
0.059,0.34,0.77,0.01,0.01,0.0,0.0,0.0,0.0,0.0,306.0,110.0,66.0,70.0,0.0,0.0,180.0,23.0,1.0,1.0,1.0,250.0,MMA,0.0,0.0,,,,,-40.0,98.0,SvenGret-1990-5Ch-4,0.306,0.11,0.066,0.07,0.0,0.0
0.059,0.34,0.77,0.01,0.01,0.0,0.0,0.0,0.0,0.0,306.0,110.0,66.0,70.0,0.0,0.0,180.0,23.0,1.0,1.0,1.0,250.0,MMA,0.0,0.0,,,,,-20.0,157.0,SvenGret-1990-5Ch-2,0.306,0.11,0.066,0.07,0.0,0.0
0.059,0.34,0.77,0.01,0.01,0.0,0.0,0.0,0.0,0.0,306.0,110.0,66.0,70.0,0.0,0.0,180.0,23.0,1.0,1.0,1.0,250.0,MMA,0.0,0.0,,,,,0.0,190.0,SvenGret-1990-5Ch0,0.306,0.11,0.066,0.07,0.0,0.0
0.059,0.34,0.77,0.01,0.01,0.0,0.0,0.0,0.0,0.0,306.0,110.0,66.0,70.0,0.0,0.0,180.0,23.0,1.0,1.0,1.0,250.0,MMA,0.0,0.0,,,,,20.0,200.0,SvenGret-1990-5Ch2,0.306,0.11,0.066,0.07,0.0,0.0
0.059,0.33,1.09,0.008,0.01,0.0,0.0,0.0,0.0,0.0,310.0,100.0,64.0,70.0,0.0,0.0,180.0,23.0,1.0,1.0,1.0,250.0,MMA,0.0,0.0,430.0,,,,,,SvenGret-1990-6,0.31,0.1,0.064,0.07,0.0,0.0
0.059,0.33,1.09,0.008,0.01,0.0,0.0,0.0,0.0,0.0,310.0,100.0,64.0,70.0,0.0,0.0,180.0,23.0,1.0,1.0,1.0,250.0,MMA,0.0,0.0,,,,,-60.0,12.0,SvenGret-1990-6Ch-6,0.31,0.1,0.064,0.07,0.0,0.0
0.059,0.33,1.09,0.008,0.01,0.0,0.0,0.0,0.0,0.0,310.0,100.0,64.0,70.0,0.0,0.0,180.0,23.0,1.0,1.0,1.0,250.0,MMA,0.0,0.0,,,,,-40.0,86.0,SvenGret-1990-6Ch-4,0.31,0.1,0.064,0.07,0.0,0.0
0.059,0.33,1.09,0.008,0.01,0.0,0.0,0.0,0.0,0.0,310.0,100.0,64.0,70.0,0.0,0.0,180.0,23.0,1.0,1.0,1.0,250.0,MMA,0.0,0.0,,,,,-20.0,124.0,SvenGret-1990-6Ch-2,0.31,0.1,0.064,0.07,0.0,0.0
0.059,0.33,1.09,0.008,0.01,0.0,0.0,0.0,0.0,0.0,310.0,100.0,64.0,70.0,0.0,0.0,180.0,23.0,1.0,1.0,1.0,250.0,MMA,0.0,0.0,,,,,0.0,176.0,SvenGret-1990-6Ch0,0.31,0.1,0.064,0.07,0.0,0.0
0.059,0.33,1.09,0.008,0.01,0.0,0.0,0.0,0.0,0.0,310.0,100.0,64.0,70.0,0.0,0.0,180.0,23.0,1.0,1.0,1.0,250.0,MMA,0.0,0.0,,,,,20.0,181.0,SvenGret-1990-6Ch2,0.31,0.1,0.064,0.07,0.0,0.0
0.059,0.3,1.44,0.006,0.01,0.0,0.0,0.0,0.0,0.0,305.0,90.0,65.0,70.0,0.0,0.0,180.0,23.0,1.0,1.0,1.0,250.0,MMA,0.0,0.0,473.0,,,,,,SvenGret-1990-7,0.305,0.09,0.065,0.07,0.0,0.0
0.059,0.3,1.44,0.006,0.01,0.0,0.0,0.0,0.0,0.0,305.0,90.0,65.0,70.0,0.0,0.0,180.0,23.0,1.0,1.0,1.0,250.0,MMA,0.0,0.0,,,,,-60.0,20.0,SvenGret-1990-7Ch-6,0.305,0.09,0.065,0.07,0.0,0.0
0.059,0.3,1.44,0.006,0.01,0.0,0.0,0.0,0.0,0.0,305.0,90.0,65.0,70.0,0.0,0.0,180.0,23.0,1.0,1.0,1.0,250.0,MMA,0.0,0.0,,,,,-40.0,129.0,SvenGret-1990-7Ch-4,0.305,0.09,0.065,0.07,0.0,0.0
0.059,0.3,1.44,0.006,0.01,0.0,0.0,0.0,0.0,0.0,305.0,90.0,65.0,70.0,0.0,0.0,180.0,23.0,1.0,1.0,1.0,250.0,MMA,0.0,0.0,,,,,-20.0,143.0,SvenGret-1990-7Ch-2,0.305,0.09,0.065,0.07,0.0,0.0
0.059,0.3,1.44,0.006,0.01,0.0,0.0,0.0,0.0,0.0,305.0,90.0,65.0,70.0,0.0,0.0,180.0,23.0,1.0,1.0,1.0,250.0,MMA,0.0,0.0,,,,,0.0,171.0,SvenGret-1990-7Ch0,0.305,0.09,0.065,0.07,0.0,0.0
0.059,0.3,1.44,0.006,0.01,0.0,0.0,0.0,0.0,0.0,305.0,90.0,65.0,70.0,0.0,0.0,180.0,23.0,1.0,1.0,1.0,250.0,MMA,0.0,0.0,,,,,20.0,179.0,SvenGret-1990-7Ch2,0.305,0.09,0.065,0.07,0.0,0.0
0.065,0.33,1.83,0.003,0.01,0.0,0.0,0.0,0.0,0.0,291.0,90.0,76.0,70.0,0.0,0.0,180.0,23.0,1.0,1.0,1.0,250.0,MMA,0.0,0.0,496.0,,,,,,SvenGret-1990-8,0.291,0.09,0.076,0.07,0.0,0.0
0.065,0.33,1.83,0.003,0.01,0.0,0.0,0.0,0.0,0.0,291.0,90.0,76.0,70.0,0.0,0.0,180.0,23.0,1.0,1.0,1.0,250.0,MMA,0.0,0.0,,,,,-60.0,88.0,SvenGret-1990-8Ch-6,0.291,0.09,0.076,0.07,0.0,0.0
0.065,0.33,1.83,0.003,0.01,0.0,0.0,0.0,0.0,0.0,291.0,90.0,76.0,70.0,0.0,0.0,180.0,23.0,1.0,1.0,1.0,250.0,MMA,0.0,0.0,,,,,-40.0,121.0,SvenGret-1990-8Ch-4,0.291,0.09,0.076,0.07,0.0,0.0
0.065,0.33,1.83,0.003,0.01,0.0,0.0,0.0,0.0,0.0,291.0,90.0,76.0,70.0,0.0,0.0,180.0,23.0,1.0,1.0,1.0,250.0,MMA,0.0,0.0,,,,,-20.0,150.0,SvenGret-1990-8Ch-2,0.291,0.09,0.076,0.07,0.0,0.0
0.065,0.33,1.83,0.003,0.01,0.0,0.0,0.0,0.0,0.0,291.0,90.0,76.0,70.0,0.0,0.0,180.0,23.0,1.0,1.0,1.0,250.0,MMA,0.0,0.0,,,,,0.0,152.0,SvenGret-1990-8Ch0,0.291,0.09,0.076,0.07,0.0,0.0
0.065,0.33,1.83,0.003,0.01,0.0,0.0,0.0,0.0,0.0,291.0,90.0,76.0,70.0,0.0,0.0,180.0,23.0,1.0,1.0,1.0,250.0,MMA,0.0,0.0,,,,,20.0,174.0,SvenGret-1990-8Ch2,0.291,0.09,0.076,0.07,0.0,0.0
0.09,0.41,0.78,0.013,0.01,0.0,0.0,0.0,0.0,0.0,421.0,140.0,36.0,30.0,0.0,0.0,180.0,23.0,1.0,1.0,1.0,250.0,MMA,0.0,0.0,430.0,,,,,,SvenGret-1990-9,0.421,0.14,0.036,0.03,0.0,0.0
0.09,0.41,0.78,0.013,0.01,0.0,0.0,0.0,0.0,0.0,421.0,140.0,36.0,30.0,0.0,0.0,180.0,23.0,1.0,1.0,1.0,250.0,MMA,0.0,0.0,,,,,-60.0,39.0,SvenGret-1990-9Ch-6,0.421,0.14,0.036,0.03,0.0,0.0
0.09,0.41,0.78,0.013,0.01,0.0,0.0,0.0,0.0,0.0,421.0,140.0,36.0,30.0,0.0,0.0,180.0,23.0,1.0,1.0,1.0,250.0,MMA,0.0,0.0,,,,,-40.0,95.0,SvenGret-1990-9Ch-4,0.421,0.14,0.036,0.03,0.0,0.0
0.09,0.41,0.78,0.013,0.01,0.0,0.0,0.0,0.0,0.0,421.0,140.0,36.0,30.0,0.0,0.0,180.0,23.0,1.0,1.0,1.0,250.0,MMA,0.0,0.0,,,,,-20.0,160.0,SvenGret-1990-9Ch-2,0.421,0.14,0.036,0.03,0.0,0.0
0.09,0.41,0.78,0.013,0.01,0.0,0.0,0.0,0.0,0.0,421.0,140.0,36.0,30.0,0.0,0.0,180.0,23.0,1.0,1.0,1.0,250.0,MMA,0.0,0.0,,,,,0.0,148.0,SvenGret-1990-9Ch0,0.421,0.14,0.036,0.03,0.0,0.0
0.09,0.41,0.78,0.013,0.01,0.0,0.0,0.0,0.0,0.0,421.0,140.0,36.0,30.0,0.0,0.0,180.0,23.0,1.0,1.0,1.0,250.0,MMA,0.0,0.0,,,,,20.0,198.0,SvenGret-1990-9Ch2,0.421,0.14,0.036,0.03,0.0,0.0
0.089,0.35,1.18,0.011,0.01,0.0,0.0,0.0,0.0,0.0,404.0,120.0,73.0,80.0,0.0,0.0,180.0,23.0,1.0,1.0,1.0,250.0,MMA,0.0,0.0,450.0,,,,,,SvenGret-1990-10,0.404,0.12,0.073,0.08,0.0,0.0
0.089,0.35,1.18,0.011,0.01,0.0,0.0,0.0,0.0,0.0,404.0,120.0,73.0,80.0,0.0,0.0,180.0,23.0,1.0,1.0,1.0,250.0,MMA,0.0,0.0,,,,,-60.0,60.0,SvenGret-1990-10Ch-6,0.404,0.12,0.073,0.08,0.0,0.0
0.089,0.35,1.18,0.011,0.01,0.0,0.0,0.0,0.0,0.0,404.0,120.0,73.0,80.0,0.0,0.0,180.0,23.0,1.0,1.0,1.0,250.0,MMA,0.0,0.0,,,,,-40.0,117.0,SvenGret-1990-10Ch-4,0.404,0.12,0.073,0.08,0.0,0.0
0.089,0.35,1.18,0.011,0.01,0.0,0.0,0.0,0.0,0.0,404.0,120.0,73.0,80.0,0.0,0.0,180.0,23.0,1.0,1.0,1.0,250.0,MMA,0.0,0.0,,,,,-20.0,162.0,SvenGret-1990-10Ch-2,0.404,0.12,0.073,0.08,0.0,0.0
0.089,0.35,1.18,0.011,0.01,0.0,0.0,0.0,0.0,0.0,404.0,120.0,73.0,80.0,0.0,0.0,180.0,23.0,1.0,1.0,1.0,250.0,MMA,0.0,0.0,,,,,0.0,186.0,SvenGret-1990-10Ch0,0.404,0.12,0.073,0.08,0.0,0.0
0.089,0.35,1.18,0.011,0.01,0.0,0.0,0.0,0.0,0.0,404.0,120.0,73.0,80.0,0.0,0.0,180.0,23.0,1.0,1.0,1.0,250.0,MMA,0.0,0.0,,,,,20.0,188.0,SvenGret-1990-10Ch2,0.404,0.12,0.073,0.08,0.0,0.0
0.088,0.37,1.59,0.011,0.01,0.0,0.0,0.0,0.0,0.0,491.0,120.0,77.0,30.0,0.0,0.0,180.0,23.0,1.0,1.0,1.0,250.0,MMA,0.0,0.0,478.0,,,,,,SvenGret-1990-11,0.491,0.12,0.077,0.03,0.0,0.0
0.088,0.37,1.59,0.011,0.01,0.0,0.0,0.0,0.0,0.0,491.0,120.0,77.0,30.0,0.0,0.0,180.0,23.0,1.0,1.0,1.0,250.0,MMA,0.0,0.0,,,,,-60.0,81.0,SvenGret-1990-11Ch-6,0.491,0.12,0.077,0.03,0.0,0.0
0.088,0.37,1.59,0.011,0.01,0.0,0.0,0.0,0.0,0.0,491.0,120.0,77.0,30.0,0.0,0.0,180.0,23.0,1.0,1.0,1.0,250.0,MMA,0.0,0.0,,,,,-40.0,110.0,SvenGret-1990-11Ch-4,0.491,0.12,0.077,0.03,0.0,0.0
0.088,0.37,1.59,0.011,0.01,0.0,0.0,0.0,0.0,0.0,491.0,120.0,77.0,30.0,0.0,0.0,180.0,23.0,1.0,1.0,1.0,250.0,MMA,0.0,0.0,,,,,-20.0,157.0,SvenGret-1990-11Ch-2,0.491,0.12,0.077,0.03,0.0,0.0
0.088,0.37,1.59,0.011,0.01,0.0,0.0,0.0,0.0,0.0,491.0,120.0,77.0,30.0,0.0,0.0,180.0,23.0,1.0,1.0,1.0,250.0,MMA,0.0,0.0,,,,,0.0,160.0,SvenGret-1990-11Ch0,0.491,0.12,0.077,0.03,0.0,0.0
0.088,0.37,1.59,0.011,0.01,0.0,0.0,0.0,0.0,0.0,491.0,120.0,77.0,30.0,0.0,0.0,180.0,23.0,1.0,1.0,1.0,250.0,MMA,0.0,0.0,,,,,20.0,174.0,SvenGret-1990-11Ch2,0.491,0.12,0.077,0.03,0.0,0.0
0.098,0.39,2.25,0.008,0.014,0.0,0.0,0.0,0.0,0.0,330.0,130.0,88.0,30.0,0.0,0.0,180.0,23.0,1.0,1.0,1.0,250.0,MMA,0.0,0.0,541.0,,,,,,SvenGret-1990-12,0.33,0.13,0.088,0.03,0.0,0.0
0.098,0.39,2.25,0.008,0.014,0.0,0.0,0.0,0.0,0.0,330.0,130.0,88.0,30.0,0.0,0.0,180.0,23.0,1.0,1.0,1.0,250.0,MMA,0.0,0.0,,,,,-60.0,53.0,SvenGret-1990-12Ch-6,0.33,0.13,0.088,0.03,0.0,0.0
0.098,0.39,2.25,0.008,0.014,0.0,0.0,0.0,0.0,0.0,330.0,130.0,88.0,30.0,0.0,0.0,180.0,23.0,1.0,1.0,1.0,250.0,MMA,0.0,0.0,,,,,-40.0,95.0,SvenGret-1990-12Ch-4,0.33,0.13,0.088,0.03,0.0,0.0
0.098,0.39,2.25,0.008,0.014,0.0,0.0,0.0,0.0,0.0,330.0,130.0,88.0,30.0,0.0,0.0,180.0,23.0,1.0,1.0,1.0,250.0,MMA,0.0,0.0,,,,,-20.0,126.0,SvenGret-1990-12Ch-2,0.33,0.13,0.088,0.03,0.0,0.0
0.098,0.39,2.25,0.008,0.014,0.0,0.0,0.0,0.0,0.0,330.0,130.0,88.0,30.0,0.0,0.0,180.0,23.0,1.0,1.0,1.0,250.0,MMA,0.0,0.0,,,,,0.0,148.0,SvenGret-1990-12Ch0,0.33,0.13,0.088,0.03,0.0,0.0
0.098,0.39,2.25,0.008,0.014,0.0,0.0,0.0,0.0,0.0,330.0,130.0,88.0,30.0,0.0,0.0,180.0,23.0,1.0,1.0,1.0,250.0,MMA,0.0,0.0,,,,,20.0,188.0,SvenGret-1990-12Ch2,0.33,0.13,0.088,0.03,0.0,0.0
0.12,0.43,0.86,0.011,0.014,0.0,0.0,0.0,0.0,0.0,329.0,150.0,54.0,50.0,0.0,0.0,180.0,23.0,1.0,1.0,1.0,250.0,MMA,0.0,0.0,445.0,,,,,,SvenGret-1990-13,0.329,0.15,0.054,0.05,0.0,0.0
0.12,0.43,0.86,0.011,0.014,0.0,0.0,0.0,0.0,0.0,329.0,150.0,54.0,50.0,0.0,0.0,180.0,23.0,1.0,1.0,1.0,250.0,MMA,0.0,0.0,,,,,-60.0,86.0,SvenGret-1990-13Ch-6,0.329,0.15,0.054,0.05,0.0,0.0
0.12,0.43,0.86,0.011,0.014,0.0,0.0,0.0,0.0,0.0,329.0,150.0,54.0,50.0,0.0,0.0,180.0,23.0,1.0,1.0,1.0,250.0,MMA,0.0,0.0,,,,,-40.0,114.0,SvenGret-1990-13Ch-4,0.329,0.15,0.054,0.05,0.0,0.0
0.12,0.43,0.86,0.011,0.014,0.0,0.0,0.0,0.0,0.0,329.0,150.0,54.0,50.0,0.0,0.0,180.0,23.0,1.0,1.0,1.0,250.0,MMA,0.0,0.0,,,,,-20.0,140.0,SvenGret-1990-13Ch-2,0.329,0.15,0.054,0.05,0.0,0.0
0.12,0.43,0.86,0.011,0.014,0.0,0.0,0.0,0.0,0.0,329.0,150.0,54.0,50.0,0.0,0.0,180.0,23.0,1.0,1.0,1.0,250.0,MMA,0.0,0.0,,,,,0.0,183.0,SvenGret-1990-13Ch0,0.329,0.15,0.054,0.05,0.0,0.0
0.12,0.43,0.86,0.011,0.014,0.0,0.0,0.0,0.0,0.0,329.0,150.0,54.0,50.0,0.0,0.0,180.0,23.0,1.0,1.0,1.0,250.0,MMA,0.0,0.0,,,,,20.0,190.0,SvenGret-1990-13Ch2,0.329,0.15,0.054,0.05,0.0,0.0
0.12,0.44,1.35,0.01,0.014,0.0,0.0,0.0,0.0,0.0,326.0,150.0,55.0,30.0,0.0,0.0,180.0,23.0,1.0,1.0,1.0,250.0,MMA,0.0,0.0,516.0,,,,,,SvenGret-1990-14,0.326,0.15,0.055,0.03,0.0,0.0
0.12,0.44,1.35,0.01,0.014,0.0,0.0,0.0,0.0,0.0,326.0,150.0,55.0,30.0,0.0,0.0,180.0,23.0,1.0,1.0,1.0,250.0,MMA,0.0,0.0,,,,,-60.0,100.0,SvenGret-1990-14Ch-6,0.326,0.15,0.055,0.03,0.0,0.0
0.12,0.44,1.35,0.01,0.014,0.0,0.0,0.0,0.0,0.0,326.0,150.0,55.0,30.0,0.0,0.0,180.0,23.0,1.0,1.0,1.0,250.0,MMA,0.0,0.0,,,,,-40.0,138.0,SvenGret-1990-14Ch-4,0.326,0.15,0.055,0.03,0.0,0.0
0.12,0.44,1.35,0.01,0.014,0.0,0.0,0.0,0.0,0.0,326.0,150.0,55.0,30.0,0.0,0.0,180.0,23.0,1.0,1.0,1.0,250.0,MMA,0.0,0.0,,,,,-20.0,145.0,SvenGret-1990-14Ch-2,0.326,0.15,0.055,0.03,0.0,0.0
0.12,0.44,1.35,0.01,0.014,0.0,0.0,0.0,0.0,0.0,326.0,150.0,55.0,30.0,0.0,0.0,180.0,23.0,1.0,1.0,1.0,250.0,MMA,0.0,0.0,,,,,0.0,162.0,SvenGret-1990-14Ch0,0.326,0.15,0.055,0.03,0.0,0.0
0.12,0.44,1.35,0.01,0.014,0.0,0.0,0.0,0.0,0.0,326.0,150.0,55.0,30.0,0.0,0.0,180.0,23.0,1.0,1.0,1.0,250.0,MMA,0.0,0.0,,,,,20.0,176.0,SvenGret-1990-14Ch2,0.326,0.15,0.055,0.03,0.0,0.0
0.13,0.37,1.83,0.01,0.011,0.0,0.0,0.0,0.0,0.0,318.0,130.0,63.0,30.0,0.0,0.0,180.0,23.0,1.0,1.0,1.0,250.0,MMA,0.0,0.0,526.0,,,,,,SvenGret-1990-15,0.318,0.13,0.063,0.03,0.0,0.0
0.13,0.37,1.83,0.01,0.011,0.0,0.0,0.0,0.0,0.0,318.0,130.0,63.0,30.0,0.0,0.0,180.0,23.0,1.0,1.0,1.0,250.0,MMA,0.0,0.0,,,,,-60.0,89.0,SvenGret-1990-15Ch-6,0.318,0.13,0.063,0.03,0.0,0.0
0.13,0.37,1.83,0.01,0.011,0.0,0.0,0.0,0.0,0.0,318.0,130.0,63.0,30.0,0.0,0.0,180.0,23.0,1.0,1.0,1.0,250.0,MMA,0.0,0.0,,,,,-40.0,114.0,SvenGret-1990-15Ch-4,0.318,0.13,0.063,0.03,0.0,0.0
0.13,0.37,1.83,0.01,0.011,0.0,0.0,0.0,0.0,0.0,318.0,130.0,63.0,30.0,0.0,0.0,180.0,23.0,1.0,1.0,1.0,250.0,MMA,0.0,0.0,,,,,-20.0,136.0,SvenGret-1990-15Ch-2,0.318,0.13,0.063,0.03,0.0,0.0
0.13,0.37,1.83,0.01,0.011,0.0,0.0,0.0,0.0,0.0,318.0,130.0,63.0,30.0,0.0,0.0,180.0,23.0,1.0,1.0,1.0,250.0,MMA,0.0,0.0,,,,,0.0,167.0,SvenGret-1990-15Ch0,0.318,0.13,0.063,0.03,0.0,0.0
0.13,0.37,1.83,0.01,0.011,0.0,0.0,0.0,0.0,0.0,318.0,130.0,63.0,30.0,0.0,0.0,180.0,23.0,1.0,1.0,1.0,250.0,MMA,0.0,0.0,,,,,20.0,174.0,SvenGret-1990-15Ch2,0.318,0.13,0.063,0.03,0.0,0.0
0.11,0.36,2.18,0.008,0.011,0.0,0.0,0.0,0.0,0.0,342.0,120.0,74.0,30.0,0.0,0.0,180.0,23.0,1.0,1.0,1.0,250.0,MMA,0.0,0.0,617.0,,,,,,SvenGret-1990-16,0.342,0.12,0.074,0.03,0.0,0.0
0.11,0.36,2.18,0.008,0.011,0.0,0.0,0.0,0.0,0.0,342.0,120.0,74.0,30.0,0.0,0.0,180.0,23.0,1.0,1.0,1.0,250.0,MMA,0.0,0.0,,,,,-60.0,52.0,SvenGret-1990-16Ch-6,0.342,0.12,0.074,0.03,0.0,0.0
0.11,0.36,2.18,0.008,0.011,0.0,0.0,0.0,0.0,0.0,342.0,120.0,74.0,30.0,0.0,0.0,180.0,23.0,1.0,1.0,1.0,250.0,MMA,0.0,0.0,,,,,-40.0,64.0,SvenGret-1990-16Ch-4,0.342,0.12,0.074,0.03,0.0,0.0
0.11,0.36,2.18,0.008,0.011,0.0,0.0,0.0,0.0,0.0,342.0,120.0,74.0,30.0,0.0,0.0,180.0,23.0,1.0,1.0,1.0,250.0,MMA,0.0,0.0,,,,,-20.0,107.0,SvenGret-1990-16Ch-2,0.342,0.12,0.074,0.03,0.0,0.0
0.11,0.36,2.18,0.008,0.011,0.0,0.0,0.0,0.0,0.0,342.0,120.0,74.0,30.0,0.0,0.0,180.0,23.0,1.0,1.0,1.0,250.0,MMA,0.0,0.0,,,,,0.0,129.0,SvenGret-1990-16Ch0,0.342,0.12,0.074,0.03,0.0,0.0
0.11,0.36,2.18,0.008,0.011,0.0,0.0,0.0,0.0,0.0,342.0,120.0,74.0,30.0,0.0,0.0,180.0,23.0,1.0,1.0,1.0,250.0,MMA,0.0,0.0,,,,,20.0,162.0,SvenGret-1990-16Ch2,0.342,0.12,0.074,0.03,0.0,0.0
0.057,0.62,1.22,0.01,0.012,0.05,0.09,0.0,0.011,0.0,1100.0,180.0,43.0,70.0,1.0,30.0,280.0,30.0,1.0,1.0,2.8,200.0,FCA,200.0,14.0,,538.0,,,,,PakSven-1990-1,1.1,0.18,0.043,0.07,0.001,0.03
0.053,0.68,1.3,0.01,0.01,0.04,0.06,0.0,0.009,0.0,1300.0,170.0,39.0,70.0,1.0,30.0,280.0,30.0,1.0,1.0,2.8,200.0,FCA,200.0,14.0,,552.0,,,,,PakSven-1990-2,1.3,0.17,0.039,0.07,0.001,0.03
0.058,0.59,1.12,0.013,0.015,0.03,0.12,0.0,0.015,0.0,640.0,80.0,73.0,110.0,1.0,20.0,280.0,30.0,1.0,1.0,2.8,200.0,FCA,200.0,14.0,,552.0,,,,,PakSven-1990-3,0.64,0.08,0.073,0.11,0.001,0.02
0.053,0.7,1.28,0.013,0.015,0.03,0.1,0.0,0.015,0.0,622.0,80.0,71.0,120.0,2.0,20.0,280.0,30.0,1.0,1.0,2.8,200.0,FCA,200.0,14.0,,557.0,,,,,PakSven-1990-4,0.622,0.08,0.071,0.12,0.002,0.02
0.055,0.42,0.9,0.016,0.012,0.55,0.06,0.0,0.012,0.0,780.0,220.0,46.0,20.0,1.0,70.0,285.0,32.0,1.0,1.0,2.9,200.0,FCA,200.0,14.0,,552.0,,,,,PakSven-1990-5,0.78,0.22,0.046,0.02,0.001,0.07
0.069,0.56,1.12,0.016,0.011,0.58,0.06,0.0,0.013,0.0,837.0,280.0,41.0,30.0,3.0,90.0,280.0,30.0,1.0,1.0,2.8,200.0,FCA,200.0,14.0,,572.0,,,,,PakSven-1990-6,0.837,0.28,0.041,0.03,0.003,0.09
0.065,0.59,1.17,0.015,0.011,0.62,0.05,0.0,0.013,0.0,781.0,260.0,34.0,30.0,3.0,100.0,280.0,30.0,1.0,1.0,2.8,200.0,FCA,200.0,14.0,,582.0,,,,,PakSven-1990-7,0.781,0.26,0.034,0.03,0.003,0.1
0.066,0.23,0.79,0.015,0.015,0.03,0.11,0.0,0.013,0.0,796.0,310.0,70.0,210.0,16.0,70.0,285.0,32.0,1.0,1.0,2.9,200.0,FCA,200.0,14.0,,498.0,,,,,PakSven-1990-8,0.796,0.31,0.07,0.21,0.016,0.07
0.067,0.39,1.12,0.014,0.016,0.03,0.1,0.0,0.016,0.0,684.0,570.0,74.0,460.0,28.0,100.0,280.0,30.0,1.0,1.0,2.8,200.0,FCA,200.0,14.0,,538.0,,,,,PakSven-1990-9,0.684,0.57,0.074,0.46,0.028,0.1
0.062,0.37,1.1,0.015,0.014,0.02,0.08,0.0,0.015,0.0,816.0,390.0,69.0,510.0,28.0,10.0,280.0,30.0,1.0,1.0,2.8,200.0,FCA,200.0,14.0,,533.0,,,,,PakSven-1990-10,0.816,0.39,0.069,0.51,0.028,0.01
0.055,0.34,0.81,0.01,0.009,0.02,0.05,0.0,0.011,0.0,466.0,20.0,59.0,40.0,1.0,10.0,285.0,32.0,1.0,1.0,2.9,200.0,FCA,200.0,14.0,,491.0,,,,,PakSven-1990-11,0.466,0.02,0.059,0.04,0.001,0.01
0.066,0.56,1.14,0.01,0.011,0.02,0.07,0.0,0.016,0.0,495.0,30.0,34.0,40.0,1.0,30.0,280.0,30.0,1.0,1.0,2.8,200.0,FCA,200.0,14.0,,533.0,,,,,PakSven-1990-12,0.495,0.03,0.034,0.04,0.001,0.03
0.067,0.51,1.08,0.013,0.011,0.02,0.08,0.0,0.015,0.0,412.0,30.0,46.0,40.0,1.0,20.0,280.0,30.0,1.0,1.0,2.8,200.0,FCA,200.0,14.0,,533.0,,,,,PakSven-1990-13,0.412,0.03,0.046,0.04,0.001,0.02
0.054,0.5,1.68,0.009,0.015,0.01,0.1,0.0,0.008,0.0,690.0,70.0,48.0,110.0,1.0,20.0,280.0,30.0,1.0,1.0,2.8,200.0,FCA,200.0,14.0,,557.0,,,,,PakSven-1990-14,0.69,0.07,0.048,0.11,0.001,0.02
0.046,0.53,1.74,0.008,0.015,0.01,0.09,0.0,0.006,0.0,736.0,80.0,37.0,130.0,1.0,20.0,280.0,30.0,1.0,1.0,2.8,200.0,FCA,200.0,14.0,,552.0,,,,,PakSven-1990-15,0.736,0.08,0.037,0.13,0.001,0.02
0.07,0.46,1.19,0.01,0.018,0.01,0.1,0.0,0.016,0.0,771.0,430.0,46.0,370.0,19.0,70.0,280.0,30.0,1.0,1.0,2.8,200.0,FCA,200.0,14.0,,538.0,,,,,PakSven-1990-16,0.771,0.43,0.046,0.37,0.019,0.07
0.059,0.46,1.25,0.009,0.015,0.01,0.06,0.0,0.013,0.0,788.0,410.0,57.0,440.0,19.0,60.0,280.0,30.0,1.0,1.0,2.8,200.0,FCA,200.0,14.0,,535.0,,,,,PakSven-1990-17,0.788,0.41,0.057,0.44,0.019,0.06
0.068,0.35,1.06,0.006,0.009,0.0,0.027,0.0,0.0,0.0,416.0,36.0,63.0,0.0,0.0,0.0,170.0,21.0,1.0,1.0,1.0,200.0,MMA,0.0,0.0,,,,,-62.0,100.0,JorgeEtAl-1993-Aaw,0.416,0.036,0.063,0.0,0.0,0.0
0.068,0.35,1.06,0.006,0.009,0.0,0.027,0.0,0.0,0.0,416.0,36.0,63.0,0.0,0.0,0.0,170.0,21.0,1.0,1.0,1.0,200.0,MMA,580.0,2.0,,,,,-78.0,100.0,JorgeEtAl-1993-Aht,0.416,0.036,0.063,0.0,0.0,0.0
0.071,0.36,1.09,0.006,0.009,0.0,0.41,0.0,0.0,0.0,418.0,41.0,71.0,0.0,0.0,0.0,170.0,21.0,1.0,1.0,1.0,200.0,MMA,0.0,0.0,,,,,-61.0,100.0,JorgeEtAl-1993-Baw,0.418,0.041,0.071,0.0,0.0,0.0
0.071,0.36,1.09,0.006,0.009,0.0,0.41,0.0,0.0,0.0,418.0,41.0,71.0,0.0,0.0,0.0,170.0,21.0,1.0,1.0,1.0,200.0,MMA,580.0,2.0,,,,,-73.0,100.0,JorgeEtAl-1993-Bht,0.418,0.041,0.071,0.0,0.0,0.0
0.072,0.35,1.05,0.005,0.007,0.0,0.79,0.0,0.0,0.0,421.0,37.0,73.0,0.0,0.0,0.0,170.0,21.0,1.0,1.0,1.0,200.0,MMA,0.0,0.0,,,,,-63.0,100.0,JorgeEtAl-1993-Caw,0.421,0.037,0.073,0.0,0.0,0.0
0.072,0.35,1.05,0.005,0.007,0.0,0.79,0.0,0.0,0.0,421.0,37.0,73.0,0.0,0.0,0.0,170.0,21.0,1.0,1.0,1.0,200.0,MMA,580.0,2.0,,,,,-68.0,100.0,JorgeEtAl-1993-Cht,0.421,0.037,0.073,0.0,0.0,0.0
0.075,0.35,1.09,0.006,0.008,0.0,1.22,0.0,0.0,0.0,424.0,52.0,87.0,0.0,0.0,0.0,170.0,21.0,1.0,1.0,1.0,200.0,MMA,0.0,0.0,,,,,-57.0,100.0,JorgeEtAl-1993-Daw,0.424,0.052,0.087,0.0,0.0,0.0
0.075,0.35,1.09,0.006,0.008,0.0,1.22,0.0,0.0,0.0,424.0,52.0,87.0,0.0,0.0,0.0,170.0,21.0,1.0,1.0,1.0,200.0,MMA,580.0,2.0,,,,,-60.0,100.0,JorgeEtAl-1993-Dht,0.424,0.052,0.087,0.0,0.0,0.0
0.07,0.34,1.06,0.006,0.008,0.0,1.57,0.0,0.0,0.0,463.0,41.0,85.0,0.0,0.0,0.0,170.0,21.0,1.0,1.0,1.0,200.0,MMA,0.0,0.0,,,,,-40.0,100.0,JorgeEtAl-1993-Eaw,0.463,0.041,0.085,0.0,0.0,0.0
0.07,0.34,1.06,0.006,0.008,0.0,1.57,0.0,0.0,0.0,463.0,41.0,85.0,0.0,0.0,0.0,170.0,21.0,1.0,1.0,1.0,200.0,MMA,580.0,2.0,,,,,-48.0,100.0,JorgeEtAl-1993-Eht,0.463,0.041,0.085,0.0,0.0,0.0
0.073,0.34,1.07,0.006,0.007,0.0,1.97,0.0,0.0,0.0,430.0,40.0,89.0,0.0,0.0,0.0,170.0,21.0,1.0,1.0,1.0,200.0,MMA,0.0,0.0,,,,,-25.0,100.0,JorgeEtAl-1993-Faw,0.43,0.04,0.089,0.0,0.0,0.0
0.073,0.34,1.07,0.006,0.007,0.0,1.97,0.0,0.0,0.0,430.0,40.0,89.0,0.0,0.0,0.0,170.0,21.0,1.0,1.0,1.0,200.0,MMA,580.0,2.0,,,,,-40.0,100.0,JorgeEtAl-1993-Fht,0.43,0.04,0.089,0.0,0.0,0.0
0.077,0.35,1.05,0.006,0.008,0.0,2.28,0.0,0.0,0.0,424.0,37.0,88.0,0.0,0.0,0.0,170.0,21.0,1.0,1.0,1.0,200.0,MMA,0.0,0.0,,,,,1.0,100.0,JorgeEtAl-1993-Gaw,0.424,0.037,0.088,0.0,0.0,0.0
0.077,0.35,1.05,0.006,0.008,0.0,2.28,0.0,0.0,0.0,424.0,37.0,88.0,0.0,0.0,0.0,170.0,21.0,1.0,1.0,1.0,200.0,MMA,580.0,2.0,,,,,-25.0,100.0,JorgeEtAl-1993-Ght,0.424,0.037,0.088,0.0,0.0,0.0
0.072,0.38,1.09,0.006,0.009,0.0,2.8,0.0,0.0,0.0,467.0,33.0,85.0,0.0,0.0,0.0,170.0,21.0,1.0,1.0,1.0,200.0,MMA,0.0,0.0,,,,,20.0,100.0,JorgeEtAl-1993-Haw,0.467,0.033,0.085,0.0,0.0,0.0
0.072,0.38,1.09,0.006,0.009,0.0,2.8,0.0,0.0,0.0,467.0,33.0,85.0,0.0,0.0,0.0,170.0,21.0,1.0,1.0,1.0,200.0,MMA,580.0,2.0,,,,,1.0,100.0,JorgeEtAl-1993-Hht,0.467,0.033,0.085,0.0,0.0,0.0
0.05,0.29,0.72,0.007,0.009,0.77,0.52,0.23,0.0,1.19,250.0,70.0,80.0,210.0,21.0,330.0,680.0,34.0,1.0,1.0,2.0,200.0,SA,0.0,0.0,649.0,,,,,,Hunt&-Di-1994-1,0.25,0.07,0.08,0.21,0.021,0.33
0.05,0.27,0.75,0.006,0.01,0.75,0.5,0.23,0.0,1.05,190.0,70.0,80.0,180.0,21.0,320.0,680.0,34.0,1.0,1.0,3.3,200.0,SA,0.0,0.0,576.0,,,,,,Hunt&-Di-1994-2,0.19,0.07,0.08,0.18,0.021,0.32
0.05,0.26,0.75,0.006,0.01,0.75,0.5,0.24,0.0,1.04,210.0,70.0,80.0,180.0,25.0,320.0,680.0,34.0,1.0,1.0,4.6,200.0,SA,0.0,0.0,556.0,,,,,,Hunt&-Di-1994-3,0.21,0.07,0.08,0.18,0.025,0.32
0.05,0.27,0.77,0.005,0.01,0.73,0.49,0.24,0.0,1.04,210.0,70.0,80.0,170.0,25.0,310.0,665.0,34.0,1.0,1.0,5.3,200.0,SA,0.0,0.0,538.0,,,,,,Hunt&-Di-1994-4,0.21,0.07,0.08,0.17,0.025,0.31
0.05,0.26,0.98,0.005,0.012,0.54,0.41,0.27,0.0,0.85,240.0,100.0,80.0,140.0,26.0,200.0,670.0,34.0,1.0,1.0,2.0,200.0,SA,0.0,0.0,571.0,,,,,,Hunt&-Di-1994-5,0.24,0.1,0.08,0.14,0.026,0.2
0.05,0.25,0.98,0.005,0.011,0.55,0.42,0.27,0.0,0.81,230.0,100.0,80.0,150.0,26.0,210.0,670.0,34.0,1.0,1.0,3.3,200.0,SA,0.0,0.0,561.0,,,,,,Hunt&-Di-1994-6,0.23,0.1,0.08,0.15,0.026,0.21
0.05,0.24,0.97,0.005,0.012,0.53,0.4,0.26,0.0,0.82,230.0,90.0,80.0,140.0,21.0,200.0,670.0,34.0,1.0,1.0,4.6,200.0,SA,0.0,0.0,552.0,,,,,,Hunt&-Di-1994-7,0.23,0.09,0.08,0.14,0.021,0.2
0.04,0.24,0.98,0.005,0.012,0.53,0.4,0.27,0.0,0.82,210.0,90.0,80.0,130.0,25.0,190.0,670.0,34.0,1.0,1.0,5.3,200.0,SA,0.0,0.0,541.0,,,,,,Hunt&-Di-1994-8,0.21,0.09,0.08,0.13,0.025,0.19
0.05,0.35,0.79,0.007,0.011,1.39,0.56,0.28,0.0,0.96,210.0,40.0,80.0,200.0,15.0,330.0,640.0,34.0,1.0,1.0,2.0,200.0,SA,0.0,0.0,678.0,,,,,,Hunt&-Di-1994-9,0.21,0.04,0.08,0.2,0.015,0.33
0.05,0.36,0.82,0.007,0.011,1.44,0.55,0.29,0.0,0.92,190.0,50.0,80.0,190.0,14.0,320.0,660.0,34.0,1.0,1.0,3.3,200.0,SA,0.0,0.0,636.0,,,,,,Hunt&-Di-1994-10,0.19,0.05,0.08,0.19,0.014,0.32
0.05,0.36,0.85,0.007,0.012,1.49,0.55,0.31,0.0,0.89,210.0,40.0,80.0,170.0,19.0,320.0,660.0,34.0,1.0,1.0,4.6,200.0,SA,0.0,0.0,601.0,,,,,,Hunt&-Di-1994-11,0.21,0.04,0.08,0.17,0.019,0.32
0.05,0.36,0.86,0.007,0.012,1.5,0.54,0.31,0.0,0.87,200.0,50.0,80.0,160.0,17.0,310.0,660.0,34.0,1.0,1.0,5.3,200.0,SA,0.0,0.0,585.0,,,,,,Hunt&-Di-1994-12,0.2,0.05,0.08,0.16,0.017,0.31
0.05,0.39,1.1,0.006,0.013,1.87,0.53,0.37,0.0,0.57,220.0,60.0,70.0,160.0,12.0,210.0,660.0,34.0,1.0,1.0,2.0,200.0,SA,0.0,0.0,592.0,,,,,,Hunt&-Di-1994-13,0.22,0.06,0.07,0.16,0.012,0.21
0.05,0.38,1.11,0.005,0.014,1.89,0.52,0.37,0.0,0.56,220.0,50.0,70.0,150.0,11.0,200.0,660.0,34.0,1.0,1.0,3.3,200.0,SA,0.0,0.0,555.0,,,,,,Hunt&-Di-1994-14,0.22,0.05,0.07,0.15,0.011,0.2
0.05,0.39,1.1,0.006,0.013,1.87,0.52,0.37,0.0,0.57,220.0,60.0,80.0,140.0,13.0,210.0,660.0,34.0,1.0,1.0,4.6,200.0,SA,0.0,0.0,547.0,,,,,,Hunt&-Di-1994-15,0.22,0.06,0.08,0.14,0.013,0.21
0.05,0.4,1.12,0.006,0.014,1.9,0.51,0.37,0.0,0.55,210.0,60.0,70.0,140.0,11.0,200.0,660.0,34.0,1.0,1.0,5.3,200.0,SA,0.0,0.0,543.0,,,,,,Hunt&-Di-1994-16,0.21,0.06,0.07,0.14,0.011,0.2
0.07,0.53,1.72,0.012,0.016,0.01,0.03,0.01,0.01,0.03,176.0,240.0,54.0,210.0,7.0,0.0,700.0,32.0,1.0,1.0,4.8,200.0,SA,0.0,0.0,462.0,638.0,31.0,67.0,-28.0,35.0,Kluket-CuMnB-1994-1,0.176,0.24,0.054,0.21,0.007,0.0
0.08,0.59,1.84,0.013,0.016,0.01,0.05,0.01,0.01,0.38,155.0,230.0,54.0,240.0,8.0,0.0,700.0,32.0,1.0,1.0,4.8,200.0,SA,0.0,0.0,507.0,694.0,30.0,58.0,9.0,35.0,Kluket-CuMnB-1994-2,0.155,0.23,0.054,0.24,0.008,0.0
0.08,0.62,1.86,0.013,0.016,0.01,0.05,0.01,0.01,0.81,174.0,230.0,54.0,220.0,10.0,0.0,700.0,32.0,1.0,1.0,4.8,200.0,SA,0.0,0.0,523.0,714.0,30.0,53.0,-5.0,35.0,Kluket-CuMnB-1994-3,0.174,0.23,0.054,0.22,0.01,0.0
0.08,0.58,1.83,0.013,0.016,0.45,0.05,0.01,0.01,0.03,171.0,230.0,55.0,230.0,6.0,0.0,700.0,32.0,1.0,1.0,4.8,200.0,SA,0.0,0.0,522.0,709.0,30.0,54.0,-11.0,35.0,Kluket-CuMnB-1994-4,0.171,0.23,0.055,0.23,0.006,0.0
0.08,0.59,1.84,0.013,0.015,0.45,0.05,0.01,0.01,0.4,168.0,250.0,49.0,240.0,9.0,0.0,700.0,32.0,1.0,1.0,4.8,200.0,SA,0.0,0.0,500.0,731.0,28.0,49.0,11.0,35.0,Kluket-CuMnB-1994-5,0.168,0.25,0.049,0.24,0.009,0.0
0.08,0.62,1.85,0.013,0.017,0.45,0.05,0.01,0.01,0.81,152.0,220.0,52.0,240.0,10.0,0.0,700.0,32.0,1.0,1.0,4.8,200.0,SA,0.0,0.0,504.0,743.0,27.0,46.0,18.0,35.0,Kluket-CuMnB-1994-6,0.152,0.22,0.052,0.24,0.01,0.0
0.08,0.62,1.83,0.013,0.014,1.51,0.05,0.01,0.01,0.03,185.0,230.0,67.0,200.0,7.0,0.0,700.0,32.0,1.0,1.0,4.8,200.0,SA,0.0,0.0,515.0,737.0,26.0,48.0,0.0,35.0,Kluket-CuMnB-1994-7,0.185,0.23,0.067,0.2,0.007,0.0
0.07,0.59,1.85,0.013,0.014,1.5,0.05,0.01,0.01,0.42,146.0,250.0,57.0,200.0,9.0,0.0,700.0,32.0,1.0,1.0,4.8,200.0,SA,0.0,0.0,515.0,810.0,24.0,41.0,30.0,35.0,Kluket-CuMnB-1994-8,0.146,0.25,0.057,0.2,0.009,0.0
0.08,0.66,1.92,0.013,0.015,1.54,0.05,0.01,0.01,0.89,148.0,260.0,51.0,230.0,13.0,0.0,700.0,32.0,1.0,1.0,4.8,200.0,SA,0.0,0.0,542.0,829.0,26.0,51.0,33.0,35.0,Kluket-CuMnB-1994-9,0.148,0.26,0.051,0.23,0.013,0.0
0.09,0.63,1.9,0.013,0.015,0.01,0.05,0.01,0.01,0.04,165.0,250.0,56.0,190.0,36.0,0.0,700.0,32.0,1.0,1.0,4.8,200.0,SA,0.0,0.0,466.0,761.0,29.0,44.0,37.0,35.0,Kluket-CuMnB-1994-10,0.165,0.25,0.056,0.19,0.036,0.0
0.08,0.67,1.94,0.013,0.015,0.51,0.05,0.01,0.01,0.43,142.0,280.0,57.0,220.0,40.0,0.0,700.0,32.0,1.0,1.0,4.8,200.0,SA,0.0,0.0,489.0,807.0,27.0,42.0,51.0,35.0,Kluket-CuMnB-1994-11,0.142,0.28,0.057,0.22,0.04,0.0
0.08,0.68,1.94,0.013,0.015,1.54,0.05,0.01,0.01,0.85,132.0,290.0,55.0,270.0,44.0,0.0,700.0,32.0,1.0,1.0,4.8,200.0,SA,0.0,0.0,546.0,869.0,21.0,28.0,55.0,35.0,Kluket-CuMnB-1994-12,0.132,0.29,0.055,0.27,0.044,0.0
0.07,0.34,0.95,0.027,0.021,0.0,0.0,0.0,0.006,0.0,0.0,70.0,90.0,35.0,0.0,60.0,,,1.0,1.0,2.7,250.0,MMA,0.0,0.0,456.2,529.8,27.5,73.0,,,Cunh-1982-7018aw1,0.0,0.07,0.09,0.035,0.0,0.06
0.07,0.34,0.95,0.027,0.021,0.0,0.0,0.0,0.006,0.0,0.0,70.0,90.0,35.0,0.0,60.0,,,1.0,1.0,2.7,250.0,MMA,600.0,2.1,430.7,519.9,29.5,73.5,,,Cunh-1982-7018ht1,0.0,0.07,0.09,0.035,0.0,0.06
0.06,0.28,0.55,0.024,0.041,1.26,0.0,0.0,0.01,0.02,0.0,70.0,70.0,35.0,0.0,60.0,,,1.0,1.0,2.2,250.0,MMA,0.0,0.0,475.8,564.1,28.0,70.5,,,Cunh-1982-8018Gaw2,0.0,0.07,0.07,0.035,0.0,0.06
0.06,0.28,0.55,0.024,0.041,1.26,0.0,0.0,0.01,0.02,0.0,70.0,70.0,35.0,0.0,60.0,,,1.0,1.0,2.2,250.0,MMA,600.0,2.1,430.7,529.8,24.5,69.0,,,Cunh-1982-8018Ght2,0.0,0.07,0.07,0.035,0.0,0.06
0.09,0.42,0.93,0.011,0.058,0.0,0.0,0.02,0.004,0.08,0.0,140.0,160.0,40.0,0.0,120.0,,,1.0,1.0,2.5,250.0,MMA,0.0,0.0,491.5,573.9,28.0,74.0,,,Cunh-1982-7016aw3,0.0,0.14,0.16,0.04,0.0,0.12
0.09,0.42,0.93,0.011,0.058,0.0,0.0,0.02,0.004,0.08,0.0,140.0,160.0,40.0,0.0,120.0,,,1.0,1.0,2.5,250.0,MMA,600.0,2.1,420.9,541.5,24.5,74.5,,,Cunh-1982-7016ht3,0.0,0.14,0.16,0.04,0.0,0.12
0.08,0.33,0.65,0.015,0.026,0.5,0.35,0.008,0.004,0.02,0.0,200.0,140.0,45.0,0.0,150.0,,,1.0,1.0,2.4,250.0,MMA,0.0,0.0,503.3,591.5,28.0,73.0,,,Cunh-1982-7018Gaw4,0.0,0.2,0.14,0.045,0.0,0.15
0.08,0.33,0.65,0.015,0.026,0.5,0.35,0.008,0.004,0.02,0.0,200.0,140.0,45.0,0.0,150.0,,,1.0,1.0,2.4,250.0,MMA,600.0,2.1,500.3,600.4,22.7,73.7,,,Cunh-1982-7018Ght4,0.0,0.2,0.14,0.045,0.0,0.15
0.07,0.61,1.07,0.025,0.026,0.0,0.0,0.0,0.014,0.0,0.0,64.0,94.0,70.0,0.0,40.0,,,1.0,1.0,2.8,250.0,MMA,0.0,0.0,479.7,583.7,24.0,71.5,,,Cunh-1982-8018Gaw5,0.0,0.064,0.094,0.07,0.0,0.04
0.07,0.61,1.07,0.025,0.026,0.0,0.0,0.0,0.014,0.0,0.0,64.0,94.0,70.0,0.0,40.0,,,1.0,1.0,2.8,250.0,MMA,600.0,2.1,456.2,555.2,24.5,72.0,,,Cunh-1982-8018Ght5,0.0,0.064,0.094,0.07,0.0,0.04
0.07,0.21,0.75,0.011,0.011,0.0,0.0,0.0,0.0,0.0,0.0,0.0,190.0,69.0,0.0,0.0,,,1.0,1.0,2.6,250.0,MMA,0.0,0.0,463.0,552.3,33.0,75.0,,,Cunh-1982-7018aw6,0.0,0.0,0.19,0.069,0.0,0.0
0.07,0.21,0.75,0.011,0.011,0.0,0.0,0.0,0.0,0.0,0.0,0.0,190.0,69.0,0.0,0.0,,,1.0,1.0,2.6,250.0,MMA,600.0,2.1,369.8,486.6,,76.0,,,Cunh-1982-7018ht6,0.0,0.0,0.19,0.069,0.0,0.0
0.09,0.44,0.9,0.01,0.027,0.0,0.0,0.0,0.0,0.0,0.0,200.0,70.0,88.0,0.0,0.0,,,1.0,1.0,1.8,150.0,MMA,0.0,0.0,486.8,569.3,24.0,71.0,,,Cunh-1982-7016aw7,0.0,0.2,0.07,0.088,0.0,0.0
0.09,0.44,0.9,0.01,0.027,0.0,0.0,0.0,0.0,0.0,0.0,200.0,70.0,88.0,0.0,0.0,,,1.0,1.0,1.8,150.0,MMA,600.0,2.1,,,,,,,Cunh-1982-7016ht7,0.0,0.2,0.07,0.088,0.0,0.0
0.08,0.35,0.65,0.01,0.021,1.2,0.0,0.0,0.02,0.0,0.0,40.0,100.0,150.0,0.0,0.0,,,1.0,1.0,1.8,140.0,MMA,0.0,0.0,453.8,536.3,22.6,72.0,,,Cunh-1982-8018Gaw8,0.0,0.04,0.1,0.15,0.0,0.0
0.08,0.35,0.65,0.01,0.021,1.2,0.0,0.0,0.02,0.0,0.0,40.0,100.0,150.0,0.0,0.0,,,1.0,1.0,1.8,140.0,MMA,600.0,2.1,,,,,,,Cunh-1982-8018Ght8,0.0,0.04,0.1,0.15,0.0,0.0
0.06,0.53,1.15,0.013,0.015,0.0,0.02,0.0,0.0,0.0,0.0,0.0,100.0,57.0,0.0,0.0,,,1.0,1.0,1.8,150.0,MMA,0.0,0.0,553.3,626.9,25.0,70.4,,,Cunh-1982-8018Gaw9,0.0,0.0,0.1,0.057,0.0,0.0
0.06,0.53,1.15,0.013,0.015,0.0,0.02,0.0,0.0,0.0,0.0,0.0,100.0,57.0,0.0,0.0,,,1.0,1.0,1.8,150.0,MMA,600.0,2.1,,,,,,,Cunh-1982-8018Ght9,0.0,0.0,0.1,0.057,0.0,0.0
0.07,0.47,0.85,0.013,0.024,0.0,0.0,0.0,0.01,0.0,0.0,80.0,120.0,43.0,0.0,0.0,,,1.0,1.0,1.8,150.0,MMA,0.0,0.0,478.5,569.3,22.1,72.4,,,Cunh-1982-7016aw10,0.0,0.08,0.12,0.043,0.0,0.0
0.07,0.47,0.85,0.013,0.024,0.0,0.0,0.0,0.01,0.0,0.0,80.0,120.0,43.0,0.0,0.0,,,1.0,1.0,1.8,150.0,MMA,600.0,2.1,,,,,,,Cunh-1982-7016ht10,0.0,0.08,0.12,0.043,0.0,0.0
0.07,0.47,1.1,0.011,0.02,0.0,0.0,0.0,0.01,0.0,0.0,200.0,190.0,53.0,0.0,0.0,,,1.0,1.0,1.9,140.0,MMA,0.0,0.0,561.1,643.5,21.0,64.2,,,Cunh-1982-7018ht11,0.0,0.2,0.19,0.053,0.0,0.0
0.07,0.47,1.1,0.011,0.02,0.0,0.0,0.0,0.01,0.0,0.0,200.0,190.0,53.0,0.0,0.0,,,1.0,1.0,1.9,140.0,MMA,600.0,2.1,,,,,,,Cunh-1982-7018ht11,0.0,0.2,0.19,0.053,0.0,0.0
0.08,0.49,0.9,0.014,0.029,0.0,0.05,0.0,0.0,0.0,0.0,50.0,170.0,108.0,0.0,0.0,,,1.0,1.0,1.9,150.0,MMA,0.0,0.0,486.8,577.5,20.5,70.2,,,Cunh-1982-7018aw12,0.0,0.05,0.17,0.108,0.0,0.0
0.08,0.49,0.9,0.014,0.029,0.0,0.05,0.0,0.0,0.0,0.0,50.0,170.0,108.0,0.0,0.0,,,1.0,1.0,1.9,150.0,MMA,600.0,2.1,,,,,,,Cunh-1982-7018ht12,0.0,0.05,0.17,0.108,0.0,0.0
0.05,0.25,1.15,0.015,0.024,0.0,0.0,0.0,0.004,0.12,0.0,30.0,140.0,105.0,0.0,50.0,,,1.0,1.0,2.4,200.0,SA,0.0,0.0,420.8,504.2,33.0,73.0,,,Cunh-1982-13aw,0.0,0.03,0.14,0.105,0.0,0.05
0.05,0.25,1.15,0.015,0.024,0.0,0.0,0.0,0.004,0.12,0.0,30.0,140.0,105.0,0.0,50.0,,,1.0,1.0,2.4,200.0,SA,600.0,2.1,387.5,482.7,29.5,70.5,,,Cunh-1982-13ht,0.0,0.03,0.14,0.105,0.0,0.05
0.1,0.18,1.6,0.015,0.029,0.0,0.0,0.5,0.004,0.14,0.0,20.0,110.0,80.0,0.0,100.0,,,1.0,1.0,2.4,200.0,SA,0.0,0.0,630.8,725.9,24.5,68.5,,,Cunh-1982-14aw,0.0,0.02,0.11,0.08,0.0,0.1
0.1,0.18,1.6,0.015,0.029,0.0,0.0,0.5,0.004,0.14,0.0,20.0,110.0,80.0,0.0,100.0,,,1.0,1.0,2.4,200.0,SA,600.0,2.1,605.3,694.5,25.5,67.5,,,Cunh-1982-14ht,0.0,0.02,0.11,0.08,0.0,0.1
0.09,0.28,1.52,0.015,0.045,0.0,0.0,0.5,0.005,0.1,0.0,80.0,110.0,125.0,0.0,50.0,,,1.0,1.0,2.4,200.0,SA,0.0,0.0,540.5,645.5,27.5,66.0,,,Cunh-1982-15aw,0.0,0.08,0.11,0.125,0.0,0.05
0.09,0.28,1.52,0.015,0.045,0.0,0.0,0.5,0.005,0.1,0.0,80.0,110.0,125.0,0.0,50.0,,,1.0,1.0,2.4,200.0,SA,600.0,2.1,562.1,640.6,27.5,66.5,,,Cunh-1982-15ht,0.0,0.08,0.11,0.125,0.0,0.05
0.12,0.22,1.24,0.036,0.019,0.0,0.0,0.0,0.0,0.18,0.0,0.0,110.0,110.0,0.0,200.0,,,1.0,1.0,1.7,200.0,SA,0.0,0.0,483.6,586.6,32.0,70.5,,,Cunh-1982-16aw,0.0,0.0,0.11,0.11,0.0,0.2
0.12,0.22,1.24,0.036,0.019,0.0,0.0,0.0,0.0,0.18,0.0,0.0,110.0,110.0,0.0,200.0,,,1.0,1.0,1.7,200.0,SA,600.0,2.1,414.0,532.7,33.0,74.5,,,Cunh-1982-16ht,0.0,0.0,0.11,0.11,0.0,0.2
0.15,0.32,1.2,0.017,0.025,0.0,0.0,0.0,0.0,0.0,0.0,0.0,99.0,90.0,0.0,0.0,,,1.0,1.0,1.6,200.0,SA,0.0,0.0,536.6,627.8,30.0,68.0,,,Cunh-1982-17aw,0.0,0.0,0.099,0.09,0.0,0.0
0.15,0.32,1.2,0.017,0.025,0.0,0.0,0.0,0.0,0.0,0.0,0.0,99.0,90.0,0.0,0.0,,,1.0,1.0,1.6,200.0,SA,600.0,1.3,487.6,586.6,31.0,73.5,,,Cunh-1982-17ht,0.0,0.0,0.099,0.09,0.0,0.0
0.08,0.21,1.2,0.014,0.022,0.0,0.0,0.0,0.0,0.0,0.0,0.0,100.0,128.0,0.0,60.0,,,1.0,1.0,1.7,200.0,SA,0.0,0.0,453.2,596.4,30.0,74.0,,,Cunh-1982-18aw,0.0,0.0,0.1,0.128,0.0,0.06
0.08,0.21,1.2,0.014,0.022,0.0,0.0,0.0,0.0,0.0,0.0,0.0,100.0,128.0,0.0,60.0,,,1.0,1.0,1.7,200.0,SA,600.0,1.7,455.2,569.0,35.0,74.0,,,Cunh-1982-18ht,0.0,0.0,0.1,0.128,0.0,0.06
0.1,0.12,1.2,0.013,0.024,0.0,0.0,0.0,0.0,0.0,0.0,0.0,89.0,42.0,0.0,60.0,,,1.0,1.0,1.7,200.0,SA,0.0,0.0,519.9,593.5,30.0,72.0,,,Cunh-1982-19aw,0.0,0.0,0.089,0.042,0.0,0.06
0.1,0.12,1.2,0.013,0.024,0.0,0.0,0.0,0.0,0.0,0.0,0.0,89.0,42.0,0.0,60.0,,,1.0,1.0,1.7,200.0,SA,600.0,2.3,390.1,487.6,37.0,77.0,,,Cunh-1982-19ht,0.0,0.0,0.089,0.042,0.0,0.06
0.064,0.27,1.44,0.021,0.024,0.0,0.0,0.02,0.009,0.28,590.0,0.0,102.0,0.0,0.0,0.0,625.0,75.36,1.0,1.0,4.6,200.0,TSA,0.0,0.0,388.0,497.0,30.0,58.0,,,Pat-1981-RE2L/BX200,0.59,0.0,0.102,0.0,0.0,0.0
0.064,0.27,1.44,0.021,0.024,0.0,0.0,0.02,0.009,0.28,590.0,0.0,102.0,0.0,0.0,0.0,625.0,75.36,1.0,1.0,4.6,200.0,TSA,0.0,0.0,,,,,-60.0,10.0,Pat-1981-RE2L/BX200,0.59,0.0,0.102,0.0,0.0,0.0
0.064,0.27,1.44,0.021,0.024,0.0,0.0,0.02,0.009,0.28,590.0,0.0,102.0,0.0,0.0,0.0,625.0,75.36,1.0,1.0,4.6,200.0,TSA,0.0,0.0,,,,,-50.0,14.0,Pat-1981-RE2L/BX200,0.59,0.0,0.102,0.0,0.0,0.0
0.064,0.27,1.44,0.021,0.024,0.0,0.0,0.02,0.009,0.28,590.0,0.0,102.0,0.0,0.0,0.0,625.0,75.36,1.0,1.0,4.6,200.0,TSA,0.0,0.0,,,,,-20.0,61.0,Pat-1981-RE2L/BX200,0.59,0.0,0.102,0.0,0.0,0.0
0.064,0.27,1.44,0.021,0.024,0.0,0.0,0.02,0.009,0.28,590.0,0.0,102.0,0.0,0.0,0.0,625.0,75.36,1.0,1.0,4.6,200.0,TSA,0.0,0.0,,,,,0.0,105.0,Pat-1981-RE2L/BX200,0.59,0.0,0.102,0.0,0.0,0.0
0.073,0.33,1.44,0.021,0.018,0.0,0.0,0.02,0.009,0.22,563.0,0.0,124.0,0.0,0.0,0.0,625.0,75.36,1.0,1.0,4.6,200.0,TSA,0.0,0.0,383.0,492.0,30.0,66.0,,,Pat-1981-S2/BX200,0.563,0.0,0.124,0.0,0.0,0.0
0.073,0.33,1.44,0.021,0.018,0.0,0.0,0.02,0.009,0.22,563.0,0.0,124.0,0.0,0.0,0.0,625.0,75.36,1.0,1.0,4.6,200.0,TSA,0.0,0.0,,,,,-60.0,40.0,Pat-1981-S2/BX200,0.563,0.0,0.124,0.0,0.0,0.0
0.073,0.33,1.44,0.021,0.018,0.0,0.0,0.02,0.009,0.22,563.0,0.0,124.0,0.0,0.0,0.0,625.0,75.36,1.0,1.0,4.6,200.0,TSA,0.0,0.0,,,,,-50.0,49.0,Pat-1981-S2/BX200,0.563,0.0,0.124,0.0,0.0,0.0
0.073,0.33,1.44,0.021,0.018,0.0,0.0,0.02,0.009,0.22,563.0,0.0,124.0,0.0,0.0,0.0,625.0,75.36,1.0,1.0,4.6,200.0,TSA,0.0,0.0,,,,,-30.0,99.0,Pat-1981-S2/BX200,0.563,0.0,0.124,0.0,0.0,0.0
0.073,0.33,1.44,0.021,0.018,0.0,0.0,0.02,0.009,0.22,563.0,0.0,124.0,0.0,0.0,0.0,625.0,75.36,1.0,1.0,4.6,200.0,TSA,0.0,0.0,,,,,0.0,111.0,Pat-1981-S2/BX200,0.563,0.0,0.124,0.0,0.0,0.0
0.06,0.29,1.68,0.017,0.019,0.0,0.0,0.02,0.01,0.28,521.0,0.0,133.0,0.0,0.0,0.0,625.0,75.36,1.0,1.0,4.6,200.0,TSA,0.0,0.0,371.0,526.0,34.0,66.0,,,Pat-1981-RE3L/BX200,0.521,0.0,0.133,0.0,0.0,0.0
0.06,0.29,1.68,0.017,0.019,0.0,0.0,0.02,0.01,0.28,521.0,0.0,133.0,0.0,0.0,0.0,625.0,75.36,1.0,1.0,4.6,200.0,TSA,0.0,0.0,,,,,-60.0,25.0,Pat-1981-RE3L/BX200,0.521,0.0,0.133,0.0,0.0,0.0
0.06,0.29,1.68,0.017,0.019,0.0,0.0,0.02,0.01,0.28,521.0,0.0,133.0,0.0,0.0,0.0,625.0,75.36,1.0,1.0,4.6,200.0,TSA,0.0,0.0,,,,,-40.0,38.0,Pat-1981-RE3L/BX200,0.521,0.0,0.133,0.0,0.0,0.0
0.06,0.29,1.68,0.017,0.019,0.0,0.0,0.02,0.01,0.28,521.0,0.0,133.0,0.0,0.0,0.0,625.0,75.36,1.0,1.0,4.6,200.0,TSA,0.0,0.0,,,,,-20.0,76.0,Pat-1981-RE3L/BX200,0.521,0.0,0.133,0.0,0.0,0.0
0.06,0.29,1.68,0.017,0.019,0.0,0.0,0.02,0.01,0.28,521.0,0.0,133.0,0.0,0.0,0.0,625.0,75.36,1.0,1.0,4.6,200.0,TSA,0.0,0.0,,,,,0.0,105.0,Pat-1981-RE3L/BX200,0.521,0.0,0.133,0.0,0.0,0.0
0.08,0.31,1.67,0.017,0.017,0.0,0.0,0.03,0.01,0.25,502.0,0.0,82.0,0.0,0.0,0.0,625.0,75.36,1.0,1.0,4.6,200.0,TSA,0.0,0.0,391.0,522.0,30.0,64.0,,,Pat-1981-WB3/BX200,0.502,0.0,0.082,0.0,0.0,0.0
0.08,0.31,1.67,0.017,0.017,0.0,0.0,0.03,0.01,0.25,502.0,0.0,82.0,0.0,0.0,0.0,625.0,75.36,1.0,1.0,4.6,200.0,TSA,0.0,0.0,,,,,-60.0,39.0,Pat-1981-WB3/BX200,0.502,0.0,0.082,0.0,0.0,0.0
0.08,0.31,1.67,0.017,0.017,0.0,0.0,0.03,0.01,0.25,502.0,0.0,82.0,0.0,0.0,0.0,625.0,75.36,1.0,1.0,4.6,200.0,TSA,0.0,0.0,,,,,-50.0,43.0,Pat-1981-WB3/BX200,0.502,0.0,0.082,0.0,0.0,0.0
0.08,0.31,1.67,0.017,0.017,0.0,0.0,0.03,0.01,0.25,502.0,0.0,82.0,0.0,0.0,0.0,625.0,75.36,1.0,1.0,4.6,200.0,TSA,0.0,0.0,,,,,-20.0,95.0,Pat-1981-WB3/BX200,0.502,0.0,0.082,0.0,0.0,0.0
0.08,0.31,1.67,0.017,0.017,0.0,0.0,0.03,0.01,0.25,502.0,0.0,82.0,0.0,0.0,0.0,625.0,75.36,1.0,1.0,4.6,200.0,TSA,0.0,0.0,,,,,0.0,114.0,Pat-1981-WB3/BX200,0.502,0.0,0.082,0.0,0.0,0.0
0.086,0.28,1.68,0.023,0.02,0.0,0.0,0.01,0.01,0.23,487.0,0.0,77.0,0.0,0.0,0.0,625.0,75.36,1.0,1.0,4.6,200.0,TSA,0.0,0.0,389.0,564.0,28.0,69.0,,,Pat-1981-S4/BX200,0.487,0.0,0.077,0.0,0.0,0.0
0.086,0.28,1.68,0.023,0.02,0.0,0.0,0.01,0.01,0.23,487.0,0.0,77.0,0.0,0.0,0.0,625.0,75.36,1.0,1.0,4.6,200.0,TSA,0.0,0.0,,,,,-60.0,38.0,Pat-1981-S4/BX200,0.487,0.0,0.077,0.0,0.0,0.0
0.086,0.28,1.68,0.023,0.02,0.0,0.0,0.01,0.01,0.23,487.0,0.0,77.0,0.0,0.0,0.0,625.0,75.36,1.0,1.0,4.6,200.0,TSA,0.0,0.0,,,,,-40.0,51.0,Pat-1981-S4/BX200,0.487,0.0,0.077,0.0,0.0,0.0
0.086,0.28,1.68,0.023,0.02,0.0,0.0,0.01,0.01,0.23,487.0,0.0,77.0,0.0,0.0,0.0,625.0,75.36,1.0,1.0,4.6,200.0,TSA,0.0,0.0,,,,,-20.0,79.0,Pat-1981-S4/BX200,0.487,0.0,0.077,0.0,0.0,0.0
0.086,0.28,1.68,0.023,0.02,0.0,0.0,0.01,0.01,0.23,487.0,0.0,77.0,0.0,0.0,0.0,625.0,75.36,1.0,1.0,4.6,200.0,TSA,0.0,0.0,,,,,0.0,102.0,Pat-1981-S4/BX200,0.487,0.0,0.077,0.0,0.0,0.0
0.089,0.42,2.22,0.022,0.025,0.0,0.0,0.02,0.01,0.06,466.0,0.0,82.0,0.0,0.0,0.0,625.0,75.36,1.0,1.0,4.6,200.0,TSA,0.0,0.0,517.0,672.0,24.0,56.0,,,Pat-1981-S6/BX200,0.466,0.0,0.082,0.0,0.0,0.0
0.089,0.42,2.22,0.022,0.025,0.0,0.0,0.02,0.01,0.06,466.0,0.0,82.0,0.0,0.0,0.0,625.0,75.36,1.0,1.0,4.6,200.0,TSA,0.0,0.0,,,,,-60.0,16.0,Pat-1981-S6/BX200,0.466,0.0,0.082,0.0,0.0,0.0
0.089,0.42,2.22,0.022,0.025,0.0,0.0,0.02,0.01,0.06,466.0,0.0,82.0,0.0,0.0,0.0,625.0,75.36,1.0,1.0,4.6,200.0,TSA,0.0,0.0,,,,,-40.0,21.0,Pat-1981-S6/BX200,0.466,0.0,0.082,0.0,0.0,0.0
0.089,0.42,2.22,0.022,0.025,0.0,0.0,0.02,0.01,0.06,466.0,0.0,82.0,0.0,0.0,0.0,625.0,75.36,1.0,1.0,4.6,200.0,TSA,0.0,0.0,,,,,-20.0,30.0,Pat-1981-S6/BX200,0.466,0.0,0.082,0.0,0.0,0.0
0.089,0.42,2.22,0.022,0.025,0.0,0.0,0.02,0.01,0.06,466.0,0.0,82.0,0.0,0.0,0.0,625.0,75.36,1.0,1.0,4.6,200.0,TSA,0.0,0.0,,,,,0.0,43.0,Pat-1981-S6/BX200,0.466,0.0,0.082,0.0,0.0,0.0
0.08,0.24,1.34,0.023,0.02,0.0,0.0,0.43,0.01,0.15,575.0,0.0,86.0,0.0,0.0,0.0,625.0,75.36,1.0,1.0,4.6,200.0,TSA,0.0,0.0,554.0,554.0,30.0,67.0,,,Pat-1981-S2Mo/BX200,0.575,0.0,0.086,0.0,0.0,0.0
0.08,0.24,1.34,0.023,0.02,0.0,0.0,0.43,0.01,0.15,575.0,0.0,86.0,0.0,0.0,0.0,625.0,75.36,1.0,1.0,4.6,200.0,TSA,0.0,0.0,,,,,-60.0,16.0,Pat-1981-S2Mo/BX200,0.575,0.0,0.086,0.0,0.0,0.0
0.08,0.24,1.34,0.023,0.02,0.0,0.0,0.43,0.01,0.15,575.0,0.0,86.0,0.0,0.0,0.0,625.0,75.36,1.0,1.0,4.6,200.0,TSA,0.0,0.0,,,,,-40.0,37.0,Pat-1981-S2Mo/BX200,0.575,0.0,0.086,0.0,0.0,0.0
0.08,0.24,1.34,0.023,0.02,0.0,0.0,0.43,0.01,0.15,575.0,0.0,86.0,0.0,0.0,0.0,625.0,75.36,1.0,1.0,4.6,200.0,TSA,0.0,0.0,,,,,-20.0,67.0,Pat-1981-S2Mo/BX200,0.575,0.0,0.086,0.0,0.0,0.0
0.08,0.24,1.34,0.023,0.02,0.0,0.0,0.43,0.01,0.15,575.0,0.0,86.0,0.0,0.0,0.0,625.0,75.36,1.0,1.0,4.6,200.0,TSA,0.0,0.0,,,,,0.0,92.0,Pat-1981-S2Mo/BX200,0.575,0.0,0.086,0.0,0.0,0.0
0.095,0.45,1.88,0.02,0.022,0.0,0.0,0.44,0.01,0.26,425.0,0.0,84.0,0.0,0.0,0.0,625.0,75.36,1.0,1.0,4.6,200.0,TSA,0.0,0.0,747.0,747.0,25.0,62.0,,,Pat-1981-S4Mo/BX200,0.425,0.0,0.084,0.0,0.0,0.0
0.095,0.45,1.88,0.02,0.022,0.0,0.0,0.44,0.01,0.26,425.0,0.0,84.0,0.0,0.0,0.0,625.0,75.36,1.0,1.0,4.6,200.0,TSA,0.0,0.0,,,,,-60.0,10.0,Pat-1981-S4Mo/BX200,0.425,0.0,0.084,0.0,0.0,0.0
0.095,0.45,1.88,0.02,0.022,0.0,0.0,0.44,0.01,0.26,425.0,0.0,84.0,0.0,0.0,0.0,625.0,75.36,1.0,1.0,4.6,200.0,TSA,0.0,0.0,,,,,-40.0,17.0,Pat-1981-S4Mo/BX200,0.425,0.0,0.084,0.0,0.0,0.0
0.095,0.45,1.88,0.02,0.022,0.0,0.0,0.44,0.01,0.26,425.0,0.0,84.0,0.0,0.0,0.0,625.0,75.36,1.0,1.0,4.6,200.0,TSA,0.0,0.0,,,,,-20.0,32.0,Pat-1981-S4Mo/BX200,0.425,0.0,0.084,0.0,0.0,0.0
0.095,0.45,1.88,0.02,0.022,0.0,0.0,0.44,0.01,0.26,425.0,0.0,84.0,0.0,0.0,0.0,625.0,75.36,1.0,1.0,4.6,200.0,TSA,0.0,0.0,,,,,0.0,41.0,Pat-1981-S4Mo/BX200,0.425,0.0,0.084,0.0,0.0,0.0
0.074,0.16,0.84,0.015,0.026,0.0,0.0,0.02,0.004,0.28,415.0,0.0,84.0,0.0,0.0,0.0,625.0,72.24,1.0,1.0,4.4,200.0,TSA,0.0,0.0,352.0,459.0,36.0,72.0,,,Pat-1981-RE2L/BX400,0.415,0.0,0.084,0.0,0.0,0.0
0.074,0.16,0.84,0.015,0.026,0.0,0.0,0.02,0.004,0.28,415.0,0.0,84.0,0.0,0.0,0.0,625.0,72.24,1.0,1.0,4.4,200.0,TSA,0.0,0.0,,,,,-60.0,95.0,Pat-1981-RE2L/BX400,0.415,0.0,0.084,0.0,0.0,0.0
0.074,0.16,0.84,0.015,0.026,0.0,0.0,0.02,0.004,0.28,415.0,0.0,84.0,0.0,0.0,0.0,625.0,72.24,1.0,1.0,4.4,200.0,TSA,0.0,0.0,,,,,-40.0,139.0,Pat-1981-RE2L/BX400,0.415,0.0,0.084,0.0,0.0,0.0
0.074,0.16,0.84,0.015,0.026,0.0,0.0,0.02,0.004,0.28,415.0,0.0,84.0,0.0,0.0,0.0,625.0,72.24,1.0,1.0,4.4,200.0,TSA,0.0,0.0,,,,,-20.0,148.0,Pat-1981-RE2L/BX400,0.415,0.0,0.084,0.0,0.0,0.0
0.074,0.16,0.84,0.015,0.026,0.0,0.0,0.02,0.004,0.28,415.0,0.0,84.0,0.0,0.0,0.0,625.0,72.24,1.0,1.0,4.4,200.0,TSA,0.0,0.0,,,,,0.0,150.0,Pat-1981-RE2L/BX400,0.415,0.0,0.084,0.0,0.0,0.0
0.082,0.18,0.75,0.014,0.02,0.0,0.0,0.02,0.005,0.22,381.0,0.0,109.0,0.0,0.0,0.0,625.0,72.24,1.0,1.0,4.4,200.0,TSA,0.0,0.0,349.0,456.0,36.0,72.0,,,Pat-1981-S2/BX400,0.381,0.0,0.109,0.0,0.0,0.0
0.082,0.18,0.75,0.014,0.02,0.0,0.0,0.02,0.005,0.22,381.0,0.0,109.0,0.0,0.0,0.0,625.0,72.24,1.0,1.0,4.4,200.0,TSA,0.0,0.0,,,,,-60.0,67.0,Pat-1981-S2/BX400,0.381,0.0,0.109,0.0,0.0,0.0
0.082,0.18,0.75,0.014,0.02,0.0,0.0,0.02,0.005,0.22,381.0,0.0,109.0,0.0,0.0,0.0,625.0,72.24,1.0,1.0,4.4,200.0,TSA,0.0,0.0,,,,,-50.0,117.0,Pat-1981-S2/BX400,0.381,0.0,0.109,0.0,0.0,0.0
0.082,0.18,0.75,0.014,0.02,0.0,0.0,0.02,0.005,0.22,381.0,0.0,109.0,0.0,0.0,0.0,625.0,72.24,1.0,1.0,4.4,200.0,TSA,0.0,0.0,,,,,-20.0,134.0,Pat-1981-S2/BX400,0.381,0.0,0.109,0.0,0.0,0.0
0.082,0.18,0.75,0.014,0.02,0.0,0.0,0.02,0.005,0.22,381.0,0.0,109.0,0.0,0.0,0.0,625.0,72.24,1.0,1.0,4.4,200.0,TSA,0.0,0.0,,,,,0.0,155.0,Pat-1981-S2/BX400,0.381,0.0,0.109,0.0,0.0,0.0
0.07,0.16,1.17,0.013,0.02,0.0,0.0,0.02,0.01,0.26,368.0,0.0,108.0,0.0,0.0,0.0,625.0,72.24,1.0,1.0,4.4,200.0,TSA,0.0,0.0,350.0,462.0,24.0,76.0,,,Pat-1981-RE3L/BX400,0.368,0.0,0.108,0.0,0.0,0.0
0.07,0.16,1.17,0.013,0.02,0.0,0.0,0.02,0.01,0.26,368.0,0.0,108.0,0.0,0.0,0.0,625.0,72.24,1.0,1.0,4.4,200.0,TSA,0.0,0.0,,,,,-60.0,110.0,Pat-1981-RE3L/BX400,0.368,0.0,0.108,0.0,0.0,0.0
0.07,0.16,1.17,0.013,0.02,0.0,0.0,0.02,0.01,0.26,368.0,0.0,108.0,0.0,0.0,0.0,625.0,72.24,1.0,1.0,4.4,200.0,TSA,0.0,0.0,,,,,-40.0,145.0,Pat-1981-RE3L/BX400,0.368,0.0,0.108,0.0,0.0,0.0
0.07,0.16,1.17,0.013,0.02,0.0,0.0,0.02,0.01,0.26,368.0,0.0,108.0,0.0,0.0,0.0,625.0,72.24,1.0,1.0,4.4,200.0,TSA,0.0,0.0,,,,,-20.0,168.0,Pat-1981-RE3L/BX400,0.368,0.0,0.108,0.0,0.0,0.0
0.07,0.16,1.17,0.013,0.02,0.0,0.0,0.02,0.01,0.26,368.0,0.0,108.0,0.0,0.0,0.0,625.0,72.24,1.0,1.0,4.4,200.0,TSA,0.0,0.0,,,,,0.0,180.0,Pat-1981-RE3L/BX400,0.368,0.0,0.108,0.0,0.0,0.0
0.11,0.16,1.09,0.012,0.018,0.0,0.0,0.03,0.01,0.24,353.0,0.0,78.0,0.0,0.0,0.0,625.0,72.24,1.0,1.0,4.4,200.0,TSA,0.0,0.0,376.0,484.0,32.0,74.0,,,Pat-1981-WB3/BX400,0.353,0.0,0.078,0.0,0.0,0.0
0.11,0.16,1.09,0.012,0.018,0.0,0.0,0.03,0.01,0.24,353.0,0.0,78.0,0.0,0.0,0.0,625.0,72.24,1.0,1.0,4.4,200.0,TSA,0.0,0.0,,,,,-60.0,15.0,Pat-1981-WB3/BX400,0.353,0.0,0.078,0.0,0.0,0.0
0.11,0.16,1.09,0.012,0.018,0.0,0.0,0.03,0.01,0.24,353.0,0.0,78.0,0.0,0.0,0.0,625.0,72.24,1.0,1.0,4.4,200.0,TSA,0.0,0.0,,,,,-60.0,22.0,Pat-1981-WB3/BX400,0.353,0.0,0.078,0.0,0.0,0.0
0.11,0.16,1.09,0.012,0.018,0.0,0.0,0.03,0.01,0.24,353.0,0.0,78.0,0.0,0.0,0.0,625.0,72.24,1.0,1.0,4.4,200.0,TSA,0.0,0.0,,,,,-20.0,134.0,Pat-1981-WB3/BX400,0.353,0.0,0.078,0.0,0.0,0.0
0.11,0.16,1.09,0.012,0.018,0.0,0.0,0.03,0.01,0.24,353.0,0.0,78.0,0.0,0.0,0.0,625.0,72.24,1.0,1.0,4.4,200.0,TSA,0.0,0.0,,,,,0.0,138.0,Pat-1981-WB3/BX400,0.353,0.0,0.078,0.0,0.0,0.0
0.098,0.18,1.29,0.017,0.017,0.0,0.0,0.01,0.01,0.21,337.0,0.0,61.0,0.0,0.0,0.0,625.0,72.24,1.0,1.0,4.4,200.0,TSA,0.0,0.0,359.0,503.0,28.0,72.0,,,Pat-1981-S4/BX400,0.337,0.0,0.061,0.0,0.0,0.0
0.098,0.18,1.29,0.017,0.017,0.0,0.0,0.01,0.01,0.21,337.0,0.0,61.0,0.0,0.0,0.0,625.0,72.24,1.0,1.0,4.4,200.0,TSA,0.0,0.0,,,,,-60.0,59.0,Pat-1981-S4/BX400,0.337,0.0,0.061,0.0,0.0,0.0
0.098,0.18,1.29,0.017,0.017,0.0,0.0,0.01,0.01,0.21,337.0,0.0,61.0,0.0,0.0,0.0,625.0,72.24,1.0,1.0,4.4,200.0,TSA,0.0,0.0,,,,,-40.0,95.0,Pat-1981-S4/BX400,0.337,0.0,0.061,0.0,0.0,0.0
0.098,0.18,1.29,0.017,0.017,0.0,0.0,0.01,0.01,0.21,337.0,0.0,61.0,0.0,0.0,0.0,625.0,72.24,1.0,1.0,4.4,200.0,TSA,0.0,0.0,,,,,-20.0,128.0,Pat-1981-S4/BX400,0.337,0.0,0.061,0.0,0.0,0.0
0.098,0.18,1.29,0.017,0.017,0.0,0.0,0.01,0.01,0.21,337.0,0.0,61.0,0.0,0.0,0.0,625.0,72.24,1.0,1.0,4.4,200.0,TSA,0.0,0.0,,,,,0.0,144.0,Pat-1981-S4/BX400,0.337,0.0,0.061,0.0,0.0,0.0
0.1,0.24,1.91,0.016,0.016,0.0,0.0,0.02,0.01,0.05,228.0,0.0,74.0,0.0,0.0,0.0,625.0,72.24,1.0,1.0,4.4,200.0,TSA,0.0,0.0,376.0,553.0,33.0,70.0,,,Pat-1981-S6/BX400,0.228,0.0,0.074,0.0,0.0,0.0
0.1,0.24,1.91,0.016,0.016,0.0,0.0,0.02,0.01,0.05,228.0,0.0,74.0,0.0,0.0,0.0,625.0,72.24,1.0,1.0,4.4,200.0,TSA,0.0,0.0,,,,,-60.0,30.0,Pat-1981-S6/BX400,0.228,0.0,0.074,0.0,0.0,0.0
0.1,0.24,1.91,0.016,0.016,0.0,0.0,0.02,0.01,0.05,228.0,0.0,74.0,0.0,0.0,0.0,625.0,72.24,1.0,1.0,4.4,200.0,TSA,0.0,0.0,,,,,-40.0,78.0,Pat-1981-S6/BX400,0.228,0.0,0.074,0.0,0.0,0.0
0.1,0.24,1.91,0.016,0.016,0.0,0.0,0.02,0.01,0.05,228.0,0.0,74.0,0.0,0.0,0.0,625.0,72.24,1.0,1.0,4.4,200.0,TSA,0.0,0.0,,,,,-20.0,91.0,Pat-1981-S6/BX400,0.228,0.0,0.074,0.0,0.0,0.0
0.1,0.24,1.91,0.016,0.016,0.0,0.0,0.02,0.01,0.05,228.0,0.0,74.0,0.0,0.0,0.0,625.0,72.24,1.0,1.0,4.4,200.0,TSA,0.0,0.0,,,,,0.0,122.0,Pat-1981-S6/BX400,0.228,0.0,0.074,0.0,0.0,0.0
0.096,0.13,0.73,0.018,0.022,0.0,0.0,0.43,0.01,0.14,373.0,0.0,81.0,0.0,0.0,0.0,625.0,72.24,1.0,1.0,4.4,200.0,TSA,0.0,0.0,353.0,491.0,32.0,67.0,,,Pat-1981-S2Mo/BX400,0.373,0.0,0.081,0.0,0.0,0.0
0.096,0.13,0.73,0.018,0.022,0.0,0.0,0.43,0.01,0.14,373.0,0.0,81.0,0.0,0.0,0.0,625.0,72.24,1.0,1.0,4.4,200.0,TSA,0.0,0.0,,,,,-60.0,14.0,Pat-1981-S2Mo/BX400,0.373,0.0,0.081,0.0,0.0,0.0
0.096,0.13,0.73,0.018,0.022,0.0,0.0,0.43,0.01,0.14,373.0,0.0,81.0,0.0,0.0,0.0,625.0,72.24,1.0,1.0,4.4,200.0,TSA,0.0,0.0,,,,,-40.0,72.0,Pat-1981-S2Mo/BX400,0.373,0.0,0.081,0.0,0.0,0.0
0.096,0.13,0.73,0.018,0.022,0.0,0.0,0.43,0.01,0.14,373.0,0.0,81.0,0.0,0.0,0.0,625.0,72.24,1.0,1.0,4.4,200.0,TSA,0.0,0.0,,,,,-20.0,111.0,Pat-1981-S2Mo/BX400,0.373,0.0,0.081,0.0,0.0,0.0
0.096,0.13,0.73,0.018,0.022,0.0,0.0,0.43,0.01,0.14,373.0,0.0,81.0,0.0,0.0,0.0,625.0,72.24,1.0,1.0,4.4,200.0,TSA,0.0,0.0,,,,,0.0,135.0,Pat-1981-S2Mo/BX400,0.373,0.0,0.081,0.0,0.0,0.0
0.12,0.27,1.46,0.014,0.026,0.0,0.0,0.48,0.01,0.3,365.0,0.0,77.0,0.0,0.0,0.0,625.0,72.24,1.0,1.0,4.4,200.0,TSA,0.0,0.0,689.0,689.0,34.0,69.0,,,Pat-1981-S4Mo/BX400,0.365,0.0,0.077,0.0,0.0,0.0
0.12,0.27,1.46,0.014,0.026,0.0,0.0,0.48,0.01,0.3,365.0,0.0,77.0,0.0,0.0,0.0,625.0,72.24,1.0,1.0,4.4,200.0,TSA,0.0,0.0,,,,,-60.0,41.0,Pat-1981-S4Mo/BX400,0.365,0.0,0.077,0.0,0.0,0.0
0.12,0.27,1.46,0.014,0.026,0.0,0.0,0.48,0.01,0.3,365.0,0.0,77.0,0.0,0.0,0.0,625.0,72.24,1.0,1.0,4.4,200.0,TSA,0.0,0.0,,,,,-20.0,78.0,Pat-1981-S4Mo/BX400,0.365,0.0,0.077,0.0,0.0,0.0
0.12,0.27,1.46,0.014,0.026,0.0,0.0,0.48,0.01,0.3,365.0,0.0,77.0,0.0,0.0,0.0,625.0,72.24,1.0,1.0,4.4,200.0,TSA,0.0,0.0,,,,,0.0,113.0,Pat-1981-S4Mo/BX400,0.365,0.0,0.077,0.0,0.0,0.0
0.094,0.31,1.32,0.009,0.017,0.05,0.04,0.009733137886115262,0.009562780085186342,0.11,233.0,91.97860045366089,95.0,140.0,9.983523246363113,99.65796026189142,550.0,28.0,1.0,1.0,3.6,100.0,SA,0.0,0.0,429.0,537.0,22.0,75.0,-15.0,70.0,Wats-1981-AWO,0.233,0.0919786004536609,0.095,0.14,0.009983523246363113,0.09965796026189142
0.11,0.36,1.61,0.017,0.03,0.06,0.052,0.02,0.01,0.12,305.0,99.21772424679756,95.0,140.0,9.376984250749537,200.0,550.0,28.0,1.0,1.0,3.6,100.0,SA,0.0,0.0,542.0,625.0,19.0,64.0,-7.0,70.0,Wats-1981-BWO,0.305,0.09921772424679756,0.095,0.14,0.009376984250749537,0.2
0.1,0.28,1.42,0.011,0.024,0.09,0.08,0.04,0.01,0.15,430.0,56.427181728885174,150.0,150.0,9.863506319669897,300.0,550.0,28.0,1.0,1.0,3.6,100.0,SA,0.0,0.0,493.0,618.0,18.0,75.0,-6.0,70.0,Wats-1981-CWO,0.43,0.056427181728885174,0.15,0.15,0.009863506319669898,0.3
0.08,0.25,1.35,0.009,0.017,0.09,0.07,0.009848149180781477,0.009138552608595345,0.14,392.0,95.32691406111677,122.0,120.0,9.432116250836108,200.0,550.0,28.0,1.0,1.0,3.6,100.0,SA,0.0,0.0,547.0,635.0,15.0,66.0,-18.0,70.0,Wats-1981-DWO,0.392,0.09532691406111676,0.122,0.12,0.009432116250836108,0.2
0.1,0.31,1.37,0.02,0.028,0.08,0.06,0.02,0.009165188710939378,0.15,336.0,90.51992237355886,99.0,130.0,9.619633762786563,300.0,550.0,28.0,1.0,1.0,3.6,100.0,SA,0.0,0.0,498.0,621.0,16.0,70.0,16.0,70.0,Wats-1981-EWO,0.336,0.09051992237355885,0.099,0.13,0.009619633762786564,0.3
0.076,0.28,1.27,0.012,0.02,0.1,0.06,0.01,0.009529830241996301,0.15,435.0,45.93308428880613,121.0,160.0,9.569645858145806,300.0,550.0,28.0,1.0,1.0,3.6,100.0,SA,0.0,0.0,503.0,625.0,17.0,72.0,-5.0,70.0,Wats-1981-FWO,0.435,0.04593308428880613,0.121,0.16,0.009569645858145806,0.3
0.094,0.18,1.05,0.013,0.017,0.1,0.05,0.01,0.00986190510533864,0.11,511.0,91.91464424142681,100.0,47.654495318062224,9.436969459064262,57.45933691758112,550.0,28.0,1.0,1.0,3.6,100.0,SA,0.0,0.0,380.0,486.0,22.0,75.0,1.0,70.0,Wats-1981-AW5,0.511,0.09191464424142681,0.1,0.04765449531806223,0.009436969459064262,0.05745933691758112
0.094,0.16,1.01,0.018,0.026,0.13,0.05,0.01,0.009404918005933094,0.11,569.0,97.8698878830073,102.0,46.616159167173045,5.5475716568463165,100.0,550.0,28.0,1.0,1.0,3.6,100.0,SA,0.0,0.0,402.0,498.0,18.0,70.0,7.0,70.0,Wats-1981-BW5,0.569,0.0978698878830073,0.102,0.046616159167173044,0.005547571656846316,0.1
0.09,0.15,1.18,0.012,0.018,0.13,0.08,0.03,0.01,0.14,621.0,91.82724188882268,131.0,49.67960938149948,9.141892284921084,200.0,550.0,28.0,1.0,1.0,3.6,100.0,SA,0.0,0.0,427.0,518.0,18.0,75.0,30.0,70.0,Wats-1981-CW5,0.621,0.09182724188882269,0.131,0.049679609381499484,0.009141892284921084,0.2
0.072,0.11,0.85,0.015,0.017,0.14,0.07,0.01,0.009795528623376458,0.14,543.0,96.7512100942674,119.0,46.06402215149228,9.75688119837565,100.0,550.0,28.0,1.0,1.0,3.6,100.0,SA,0.0,0.0,436.0,525.0,15.0,77.0,38.0,70.0,Wats-1981-DW5,0.543,0.0967512100942674,0.119,0.04606402215149228,0.00975688119837565,0.1
0.081,0.16,0.97,0.021,0.024,0.15,0.07,0.02,0.01,0.19,584.0,90.13713278068775,95.0,46.926436245680485,9.94329100123616,200.0,550.0,28.0,1.0,1.0,3.6,100.0,SA,0.0,0.0,451.0,545.0,,74.0,12.0,70.0,Wats-1981-EW5,0.584,0.09013713278068775,0.095,0.046926436245680485,0.00994329100123616,0.2
0.076,0.19,1.16,0.02,0.02,0.17,0.07,0.02,0.02,0.17,609.0,61.5770925069217,131.0,48.01942982202045,5.705567255017597,200.0,550.0,28.0,1.0,1.0,3.6,100.0,SA,0.0,0.0,441.0,557.0,16.0,69.0,34.0,70.0,Wats-1981-FW5,0.609,0.0615770925069217,0.131,0.04801942982202045,0.005705567255017596,0.2
0.044,0.32,0.62,0.007,0.007,0.0,0.0,0.0,0.0,0.0,0.0,0.0,0.0,0.0,0.0,0.0,,,1.0,1.0,0.6,200.0,MMA,250.0,14.0,445.0,496.0,31.0,79.7,,,EvHtIp1979-0.6A,0.0,0.0,0.0,0.0,0.0,0.0
0.044,0.32,0.62,0.007,0.007,0.0,0.0,0.0,0.0,0.0,0.0,0.0,0.0,0.0,0.0,0.0,,,1.0,1.0,0.6,200.0,MMA,0.0,0.0,,,,,-36.0,100.0,EvHtIp1979-0.6AC,0.0,0.0,0.0,0.0,0.0,0.0
0.046,0.31,0.96,0.008,0.012,0.0,0.0,0.0,0.0,0.0,0.0,0.0,0.0,0.0,0.0,0.0,,,1.0,1.0,0.6,200.0,MMA,250.0,14.0,479.0,527.0,27.8,77.0,,,EvHtIp1979-0.6B,0.0,0.0,0.0,0.0,0.0,0.0
0.046,0.31,0.96,0.008,0.012,0.0,0.0,0.0,0.0,0.0,0.0,0.0,0.0,0.0,0.0,0.0,,,1.0,1.0,0.6,200.0,MMA,0.0,0.0,,,,,-50.0,100.0,EvHtIp1979-0.6BC,0.0,0.0,0.0,0.0,0.0,0.0
0.05,0.38,1.42,0.007,0.009,0.0,0.0,0.0,0.0,0.0,0.0,0.0,0.0,0.0,0.0,0.0,,,1.0,1.0,0.6,200.0,MMA,250.0,14.0,511.0,575.0,26.8,78.7,,,EvHtIp1979-0.6C,0.0,0.0,0.0,0.0,0.0,0.0
0.05,0.38,1.42,0.007,0.009,0.0,0.0,0.0,0.0,0.0,0.0,0.0,0.0,0.0,0.0,0.0,,,1.0,1.0,0.6,200.0,MMA,0.0,0.0,,,,,-47.0,100.0,EvHtIp1979-0.6CC,0.0,0.0,0.0,0.0,0.0,0.0
0.055,0.35,1.93,0.007,0.011,0.0,0.0,0.0,0.0,0.0,0.0,0.0,0.0,0.0,0.0,0.0,,,1.0,1.0,0.6,200.0,MMA,250.0,14.0,587.0,633.0,24.2,76.9,,,EvHtIp1979-0.6D,0.0,0.0,0.0,0.0,0.0,0.0
0.055,0.35,1.93,0.007,0.011,0.0,0.0,0.0,0.0,0.0,0.0,0.0,0.0,0.0,0.0,0.0,,,1.0,1.0,0.6,200.0,MMA,0.0,0.0,,,,,-28.0,100.0,EvHtIp1979-0.6DC,0.0,0.0,0.0,0.0,0.0,0.0
0.037,0.29,0.6,0.006,0.009,0.0,0.0,0.0,0.0,0.0,0.0,0.0,0.0,0.0,0.0,0.0,,,1.0,1.0,1.0,200.0,MMA,250.0,14.0,401.0,466.0,32.0,81.5,,,EvHtIp1979-1.0A,0.0,0.0,0.0,0.0,0.0,0.0
0.037,0.29,0.6,0.006,0.009,0.0,0.0,0.0,0.0,0.0,0.0,0.0,0.0,0.0,0.0,0.0,,,1.0,1.0,1.0,200.0,MMA,0.0,0.0,,,,,-31.0,100.0,EvHtIp1979-1.0AC,0.0,0.0,0.0,0.0,0.0,0.0
0.039,0.29,0.94,0.007,0.011,0.0,0.0,0.0,0.0,0.0,0.0,0.0,0.0,0.0,0.0,0.0,,,1.0,1.0,1.0,200.0,MMA,250.0,14.0,438.0,501.0,32.6,80.6,,,EvHtIp1979-1.0B,0.0,0.0,0.0,0.0,0.0,0.0
0.039,0.29,0.94,0.007,0.011,0.0,0.0,0.0,0.0,0.0,0.0,0.0,0.0,0.0,0.0,0.0,,,1.0,1.0,1.0,200.0,MMA,0.0,0.0,,,,,-46.0,100.0,EvHtIp1979-1.0BC,0.0,0.0,0.0,0.0,0.0,0.0
0.048,0.35,1.41,0.006,0.012,0.0,0.0,0.0,0.0,0.0,0.0,0.0,0.0,0.0,0.0,0.0,,,1.0,1.0,1.0,200.0,MMA,250.0,14.0,479.0,551.0,29.8,78.8,,,EvHtIp1979-1.0C,0.0,0.0,0.0,0.0,0.0,0.0
0.048,0.35,1.41,0.006,0.012,0.0,0.0,0.0,0.0,0.0,0.0,0.0,0.0,0.0,0.0,0.0,,,1.0,1.0,1.0,200.0,MMA,0.0,0.0,,,,,-54.0,100.0,EvHtIp1979-1.0CC,0.0,0.0,0.0,0.0,0.0,0.0
0.051,0.32,1.8,0.006,0.012,0.0,0.0,0.0,0.0,0.0,0.0,0.0,0.0,0.0,0.0,0.0,,,1.0,1.0,1.0,200.0,MMA,250.0,14.0,507.0,587.0,29.2,76.9,,,EvHtIp1979-1.0D,0.0,0.0,0.0,0.0,0.0,0.0
0.051,0.32,1.8,0.006,0.012,0.0,0.0,0.0,0.0,0.0,0.0,0.0,0.0,0.0,0.0,0.0,,,1.0,1.0,1.0,200.0,MMA,0.0,0.0,,,,,-44.0,100.0,EvHtIp1979-1.0DC,0.0,0.0,0.0,0.0,0.0,0.0
0.038,0.24,0.55,0.007,0.005,0.0,0.0,0.0,0.0,0.0,0.0,0.0,0.0,0.0,0.0,0.0,,,1.0,1.0,2.2,200.0,MMA,250.0,14.0,389.0,457.0,30.0,80.6,,,EvHtIp1979-2.2A,0.0,0.0,0.0,0.0,0.0,0.0
0.038,0.24,0.55,0.007,0.005,0.0,0.0,0.0,0.0,0.0,0.0,0.0,0.0,0.0,0.0,0.0,,,1.0,1.0,2.2,200.0,MMA,0.0,0.0,,,,,-39.0,100.0,EvHtIp1979-2.2AC,0.0,0.0,0.0,0.0,0.0,0.0
0.036,0.24,0.89,0.008,0.01,0.0,0.0,0.0,0.0,0.0,0.0,0.0,0.0,0.0,0.0,0.0,,,1.0,1.0,2.2,200.0,MMA,250.0,14.0,400.0,478.0,32.6,80.6,,,EvHtIp1979-2.2B,0.0,0.0,0.0,0.0,0.0,0.0
0.036,0.24,0.89,0.008,0.01,0.0,0.0,0.0,0.0,0.0,0.0,0.0,0.0,0.0,0.0,0.0,,,1.0,1.0,2.2,200.0,MMA,0.0,0.0,,,,,-46.0,100.0,EvHtIp1979-2.2BC,0.0,0.0,0.0,0.0,0.0,0.0
0.042,0.28,1.37,0.007,0.012,0.0,0.0,0.0,0.0,0.0,0.0,0.0,0.0,0.0,0.0,0.0,,,1.0,1.0,2.2,200.0,MMA,250.0,14.0,438.0,518.0,29.8,82.3,,,EvHtIp1979-2.2C,0.0,0.0,0.0,0.0,0.0,0.0
0.042,0.28,1.37,0.007,0.012,0.0,0.0,0.0,0.0,0.0,0.0,0.0,0.0,0.0,0.0,0.0,,,1.0,1.0,2.2,200.0,MMA,0.0,0.0,,,,,-57.0,100.0,EvHtIp1979-2.2CC,0.0,0.0,0.0,0.0,0.0,0.0
0.045,0.26,1.69,0.007,0.012,0.0,0.0,0.0,0.0,0.0,0.0,0.0,0.0,0.0,0.0,0.0,,,1.0,1.0,2.2,200.0,MMA,250.0,14.0,456.0,548.0,32.0,78.8,,,EvHtIp1979-2.2D,0.0,0.0,0.0,0.0,0.0,0.0
0.045,0.26,1.69,0.007,0.012,0.0,0.0,0.0,0.0,0.0,0.0,0.0,0.0,0.0,0.0,0.0,,,1.0,1.0,2.2,200.0,MMA,0.0,0.0,,,,,-37.0,100.0,EvHtIp1979-2.2DC,0.0,0.0,0.0,0.0,0.0,0.0
0.043,0.2,0.52,0.009,0.01,0.0,0.0,0.0,0.0,0.0,0.0,0.0,0.0,0.0,0.0,0.0,,,1.0,1.0,4.3,200.0,MMA,250.0,14.0,341.0,453.0,32.6,78.8,,,EvHtIp1979-4.3A,0.0,0.0,0.0,0.0,0.0,0.0
0.043,0.2,0.52,0.009,0.01,0.0,0.0,0.0,0.0,0.0,0.0,0.0,0.0,0.0,0.0,0.0,,,1.0,1.0,4.3,200.0,MMA,0.0,0.0,,,,,-15.0,100.0,EvHtIp1979-4.3AC,0.0,0.0,0.0,0.0,0.0,0.0
0.042,0.2,0.93,0.008,0.011,0.0,0.0,0.0,0.0,0.0,0.0,0.0,0.0,0.0,0.0,0.0,,,1.0,1.0,4.3,200.0,MMA,250.0,14.0,376.0,484.0,32.6,78.8,,,EvHtIp1979-4.3B,0.0,0.0,0.0,0.0,0.0,0.0
0.042,0.2,0.93,0.008,0.011,0.0,0.0,0.0,0.0,0.0,0.0,0.0,0.0,0.0,0.0,0.0,,,1.0,1.0,4.3,200.0,MMA,0.0,0.0,,,,,-27.0,100.0,EvHtIp1979-4.3BC,0.0,0.0,0.0,0.0,0.0,0.0
0.043,0.24,1.37,0.008,0.013,0.0,0.0,0.0,0.0,0.0,0.0,0.0,0.0,0.0,0.0,0.0,,,1.0,1.0,4.3,200.0,MMA,250.0,14.0,405.0,500.0,31.8,80.6,,,EvHtIp1979-4.3C,0.0,0.0,0.0,0.0,0.0,0.0
0.043,0.24,1.37,0.008,0.013,0.0,0.0,0.0,0.0,0.0,0.0,0.0,0.0,0.0,0.0,0.0,,,1.0,1.0,4.3,200.0,MMA,0.0,0.0,,,,,-27.0,100.0,EvHtIp1979-4.3CC,0.0,0.0,0.0,0.0,0.0,0.0
0.047,0.25,1.73,0.007,0.014,0.0,0.0,0.0,0.0,0.0,0.0,0.0,0.0,0.0,0.0,0.0,,,1.0,1.0,4.3,200.0,MMA,250.0,14.0,437.0,541.0,30.0,78.8,,,EvHtIp1979-4.3D,0.0,0.0,0.0,0.0,0.0,0.0
0.047,0.25,1.73,0.007,0.014,0.0,0.0,0.0,0.0,0.0,0.0,0.0,0.0,0.0,0.0,0.0,,,1.0,1.0,4.3,200.0,MMA,0.0,0.0,,,,,-5.0,100.0,EvHtIp1979-4.3DC,0.0,0.0,0.0,0.0,0.0,0.0
0.125,0.26,1.34,0.012,0.013,0.07,0.05,0.003,0.005,0.0,253.0,5.0,89.0,0.0,0.0,180.0,850.0,35.0,1.0,1.0,7.9,300.0,SA,0.0,0.0,505.0,589.0,,71.0,,,Stil-TiB-1978-1.5Mn/OP41TT,0.253,0.005,0.089,0.0,0.0,0.18
0.13,0.3,1.4,0.01,0.012,0.07,0.06,0.005,0.002,0.0,430.0,0.5,95.0,0.0,0.0,180.0,850.0,35.0,1.0,1.0,7.9,300.0,SA,0.0,0.0,530.0,620.0,,63.0,,,Stil-TiB-1978-1.5Mn/BX200,0.43,0.0005,0.095,0.0,0.0,0.18
0.11,0.26,1.3,0.013,0.017,0.06,0.04,0.003,0.005,0.0,236.0,10.0,83.0,0.0,0.0,180.0,850.0,35.0,1.0,1.0,7.9,300.0,SA,0.0,0.0,460.0,584.0,,65.0,,,Stil-TiB-1978-1.5Mn/OP121TT,0.236,0.01,0.083,0.0,0.0,0.18
0.105,0.28,1.46,0.013,0.015,0.08,0.02,0.005,0.002,0.0,357.0,5.0,92.0,0.0,0.0,160.0,850.0,35.0,1.0,1.0,7.9,300.0,SA,0.0,0.0,471.0,575.0,,66.0,,,Stil-TiB-1978-1.5Mn/OP122,0.357,0.005,0.092,0.0,0.0,0.16
0.115,0.22,1.3,0.012,0.016,0.13,0.05,0.005,0.0,0.0,255.0,0.0,99.0,0.0,0.0,160.0,850.0,35.0,1.0,1.0,7.9,300.0,SA,0.0,0.0,473.0,609.0,,60.0,,,Stil-TiB-1978-1.5Mn/OP41TT,0.255,0.0,0.099,0.0,0.0,0.16
0.115,0.26,1.5,0.01,0.014,0.06,0.05,0.009,0.005,0.0,455.0,5.0,100.0,0.0,0.0,170.0,850.0,35.0,1.0,1.0,7.9,300.0,SA,0.0,0.0,465.0,571.0,,70.0,,,Stil-TiB-1978-1.5Mn/BX200,0.455,0.005,0.1,0.0,0.0,0.17
0.115,0.25,1.35,0.012,0.01,0.08,0.02,0.009,0.003,0.0,260.0,0.0,94.0,0.0,0.0,170.0,850.0,35.0,1.0,1.0,7.9,300.0,SA,0.0,0.0,465.0,587.0,,69.0,,,Stil-TiB-1978-1.5Mn/OP121TT,0.26,0.0,0.094,0.0,0.0,0.17
0.105,0.3,1.5,0.018,0.011,0.08,0.03,0.011,0.0005,0.0,370.0,0.0,95.0,0.0,0.0,150.0,850.0,35.0,1.0,1.0,7.9,300.0,SA,0.0,0.0,423.0,564.0,,71.0,,,Stil-TiB-1978-1.5Mn/OP122,0.37,0.0,0.095,0.0,0.0,0.15
0.1055,0.23,1.21,0.012,0.012,0.07,0.03,0.17,0.002,0.0,218.0,120.0,101.0,0.0,16.0,0.0,850.0,35.0,1.0,1.0,7.9,300.0,SA,0.0,0.0,504.0,589.0,,69.0,,,Stil-TiB-1978-TiBMo/OP41TT,0.218,0.12,0.101,0.0,0.016,0.0
0.105,0.24,1.39,0.012,0.012,0.07,0.03,0.15,0.003,0.0,411.0,100.0,103.0,0.0,20.0,190.0,850.0,35.0,1.0,1.0,7.9,300.0,SA,0.0,0.0,496.0,604.0,,65.0,,,Stil-TiB-1978-1978-TiBMo/BX200,0.411,0.1,0.103,0.0,0.02,0.19
0.12,0.26,1.33,0.012,0.017,0.06,0.03,0.12,0.002,0.0,255.0,120.0,96.0,0.0,13.0,0.0,850.0,35.0,1.0,1.0,7.9,300.0,SA,0.0,0.0,508.0,604.0,,67.0,,,Stil-TiB-1978-1978-TiBMo/OP121TT,0.255,0.12,0.096,0.0,0.013,0.0
0.105,0.26,1.32,0.021,0.014,0.06,0.03,0.125,0.002,0.0,362.0,100.0,101.0,0.0,22.0,180.0,850.0,35.0,1.0,1.0,7.9,300.0,SA,0.0,0.0,549.0,629.0,,60.0,,,Stil-TiB-1978-TiBMo/OP122,0.362,0.1,0.101,0.0,0.022,0.18
0.12,0.25,1.26,0.01,0.013,0.06,0.03,0.145,0.002,0.0,262.0,110.0,119.0,0.0,20.0,160.0,850.0,35.0,1.0,1.0,7.9,300.0,SA,0.0,0.0,529.0,612.0,,61.0,,,Stil-TiB-1978-TiBMo/OP41TT,0.262,0.11,0.119,0.0,0.02,0.16
0.1,0.26,1.38,0.01,0.011,0.07,0.03,0.14,0.002,0.0,416.0,120.0,116.0,0.0,22.0,100.0,850.0,35.0,1.0,1.0,7.9,300.0,SA,0.0,0.0,460.0,583.0,,63.0,,,Stil-TiB-1978-TiBMo/BX200,0.416,0.12,0.116,0.0,0.022,0.1
0.11,0.25,1.28,0.01,0.012,0.07,0.03,0.15,0.003,0.0,253.0,115.0,107.0,0.0,21.0,180.0,850.0,35.0,1.0,1.0,7.9,300.0,SA,0.0,0.0,533.0,615.0,,62.0,,,Stil-TiB-1978-TiBMo/OP121TT,0.253,0.115,0.107,0.0,0.021,0.18
0.09,0.21,1.39,0.013,0.01,0.06,0.03,0.185,0.001,0.0,340.0,120.0,108.0,0.0,22.0,190.0,850.0,35.0,1.0,1.0,7.9,300.0,SA,0.0,0.0,479.0,587.0,,68.0,,,Stil-TiB-1978-TiBMo/OP122,0.34,0.12,0.108,0.0,0.022,0.19
0.036,0.31,0.6,0.008,0.012,0.0,0.0,0.0,0.0,0.0,0.0,0.0,0.0,0.0,0.0,0.0,170.0,21.0,1.0,1.0,1.0,20.0,MMA,0.0,0.0,450.0,506.0,28.8,77.8,-14.0,100.0,Evans-intpss-1978-A20,0.0,0.0,0.0,0.0,0.0,0.0
0.043,0.3,1.03,0.007,0.013,0.0,0.0,0.0,0.0,0.0,0.0,0.0,0.0,0.0,0.0,0.0,170.0,21.0,1.0,1.0,1.0,20.0,MMA,0.0,0.0,495.0,554.0,30.6,77.8,-32.0,100.0,Evans-intpss-1978-B20,0.0,0.0,0.0,0.0,0.0,0.0
0.046,0.31,1.39,0.008,0.015,0.0,0.0,0.0,0.0,0.0,0.0,0.0,0.0,0.0,0.0,0.0,170.0,21.0,1.0,1.0,1.0,20.0,MMA,0.0,0.0,542.0,597.0,26.6,75.0,-39.0,100.0,Evans-intpss-1978-C20,0.0,0.0,0.0,0.0,0.0,0.0
0.05,0.31,1.79,0.007,0.015,0.0,0.0,0.0,0.0,0.0,0.0,0.0,0.0,0.0,0.0,0.0,170.0,21.0,1.0,1.0,1.0,20.0,MMA,0.0,0.0,604.0,657.0,22.0,71.9,-29.0,100.0,Evans-intpss-1978-D20,0.0,0.0,0.0,0.0,0.0,0.0
0.039,0.28,0.58,0.008,0.012,0.0,0.0,0.0,0.0,0.0,0.0,0.0,0.0,0.0,0.0,0.0,170.0,21.0,1.0,1.0,1.0,150.0,MMA,0.0,0.0,411.0,475.0,30.6,79.7,-24.0,100.0,Evans-intpss-1978-A150,0.0,0.0,0.0,0.0,0.0,0.0
0.047,0.31,1.0,0.008,0.015,0.0,0.0,0.0,0.0,0.0,0.0,0.0,0.0,0.0,0.0,0.0,170.0,21.0,1.0,1.0,1.0,150.0,MMA,0.0,0.0,454.0,519.0,29.0,78.8,-35.0,100.0,Evans-intpss-1978-B150,0.0,0.0,0.0,0.0,0.0,0.0
0.046,0.31,1.4,0.007,0.012,0.0,0.0,0.0,0.0,0.0,0.0,0.0,0.0,0.0,0.0,0.0,170.0,21.0,1.0,1.0,1.0,150.0,MMA,0.0,0.0,486.0,556.0,28.6,77.0,-41.0,100.0,Evans-intpss-1978-C150,0.0,0.0,0.0,0.0,0.0,0.0
0.049,0.31,1.77,0.007,0.014,0.0,0.0,0.0,0.0,0.0,0.0,0.0,0.0,0.0,0.0,0.0,170.0,21.0,1.0,1.0,1.0,150.0,MMA,0.0,0.0,525.0,600.0,29.6,77.0,-37.0,100.0,Evans-intpss-1978-D150,0.0,0.0,0.0,0.0,0.0,0.0
0.037,0.28,0.6,0.008,0.01,0.0,0.0,0.0,0.0,0.0,0.0,0.0,0.0,0.0,0.0,0.0,170.0,21.0,1.0,1.0,1.0,240.0,MMA,0.0,0.0,390.0,465.0,34.8,80.6,-31.0,100.0,Evans-intpss-1978-A240,0.0,0.0,0.0,0.0,0.0,0.0
0.042,0.32,1.02,0.007,0.012,0.0,0.0,0.0,0.0,0.0,0.0,0.0,0.0,0.0,0.0,0.0,170.0,21.0,1.0,1.0,1.0,240.0,MMA,0.0,0.0,427.0,499.0,34.6,80.5,-42.0,100.0,Evans-intpss-1978-B240,0.0,0.0,0.0,0.0,0.0,0.0
0.047,0.31,1.37,0.008,0.013,0.0,0.0,0.0,0.0,0.0,0.0,0.0,0.0,0.0,0.0,0.0,170.0,21.0,1.0,1.0,1.0,240.0,MMA,0.0,0.0,448.0,525.0,32.0,78.8,-50.0,100.0,Evans-intpss-1978-C240,0.0,0.0,0.0,0.0,0.0,0.0
0.047,0.32,1.75,0.007,0.015,0.0,0.0,0.0,0.0,0.0,0.0,0.0,0.0,0.0,0.0,0.0,170.0,21.0,1.0,1.0,1.0,240.0,MMA,0.0,0.0,501.0,566.0,31.4,77.8,-48.0,100.0,Evans-intpss-1978-D240,0.0,0.0,0.0,0.0,0.0,0.0
0.042,0.25,0.55,0.008,0.01,0.0,0.0,0.0,0.0,0.0,0.0,0.0,0.0,0.0,0.0,0.0,170.0,21.0,1.0,1.0,1.0,300.0,MMA,0.0,0.0,371.0,452.0,34.2,79.7,-36.0,100.0,Evans-intpss-1978-A300,0.0,0.0,0.0,0.0,0.0,0.0
0.045,0.3,0.99,0.008,0.01,0.0,0.0,0.0,0.0,0.0,0.0,0.0,0.0,0.0,0.0,0.0,170.0,21.0,1.0,1.0,1.0,300.0,MMA,0.0,0.0,410.0,486.0,34.8,80.6,-47.0,100.0,Evans-intpss-1978-B300,0.0,0.0,0.0,0.0,0.0,0.0
0.047,0.27,1.32,0.007,0.012,0.0,0.0,0.0,0.0,0.0,0.0,0.0,0.0,0.0,0.0,0.0,170.0,21.0,1.0,1.0,1.0,300.0,MMA,0.0,0.0,431.0,513.0,33.4,78.8,-53.0,100.0,Evans-intpss-1978-C300,0.0,0.0,0.0,0.0,0.0,0.0
0.047,0.28,1.66,0.007,0.012,0.0,0.0,0.0,0.0,0.0,0.0,0.0,0.0,0.0,0.0,0.0,170.0,21.0,1.0,1.0,1.0,300.0,MMA,0.0,0.0,446.0,533.0,32.2,80.6,-57.0,100.0,Evans-intpss-1978-D300,0.0,0.0,0.0,0.0,0.0,0.0
0.12,0.29,1.46,0.025,0.028,0.056,0.056,0.005,0.12,0.09,0.0,50.0,0.0,180.0,0.0,40.0,650.0,33.0,1.0,1.0,3.3,300.0,SA,0.0,0.0,570.0,,29.0,68.0,,,Gar&K-1975-25mm-1aw,0.0,0.05,0.0,0.18,0.0,0.04
0.12,0.29,1.46,0.025,0.028,0.056,0.056,0.005,0.12,0.09,0.0,50.0,0.0,180.0,0.0,40.0,650.0,33.0,1.0,1.0,3.3,300.0,SA,,,605.0,,16.0,48.0,,,Gar&K-1975-25mm-1ht,0.0,0.05,0.0,0.18,0.0,0.04
0.11,0.45,1.67,0.014,0.02,0.042,0.04,0.005,0.096,0.11,0.0,70.0,0.0,240.0,0.0,50.0,650.0,33.0,1.0,1.0,3.3,300.0,SA,0.0,0.0,600.0,,30.0,68.0,,,Gar&K-1975-25mm-2aw,0.0,0.07,0.0,0.24,0.0,0.05
0.11,0.45,1.67,0.014,0.02,0.042,0.04,0.005,0.096,0.11,0.0,70.0,0.0,240.0,0.0,50.0,650.0,33.0,1.0,1.0,3.3,300.0,SA,,,665.0,,29.0,66.0,,,Gar&K-1975-25mm-2ht,0.0,0.07,0.0,0.24,0.0,0.05
0.15,0.3,1.57,0.026,0.028,0.07,0.059,0.11,0.122,0.093,0.0,60.0,0.0,170.0,0.0,60.0,650.0,33.0,1.0,1.0,3.3,300.0,SA,0.0,0.0,661.0,,20.0,68.0,,,Gar&K-1975-25mm-3aw,0.0,0.06,0.0,0.17,0.0,0.06
0.15,0.3,1.57,0.026,0.028,0.07,0.059,0.11,0.122,0.093,0.0,60.0,0.0,170.0,0.0,60.0,650.0,33.0,1.0,1.0,3.3,300.0,SA,,,715.0,,16.0,62.0,,,Gar&K-1975-25mm-3ht,0.0,0.06,0.0,0.17,0.0,0.06
0.14,0.33,1.67,0.02,0.026,0.07,0.066,0.188,0.098,0.01,0.0,80.0,0.0,160.0,0.0,80.0,650.0,33.0,1.0,1.0,3.3,300.0,SA,0.0,0.0,690.0,,15.0,62.0,,,Gar&K-1975-25mm-4aw,0.0,0.08,0.0,0.16,0.0,0.08
0.14,0.33,1.67,0.02,0.026,0.07,0.066,0.188,0.098,0.01,0.0,80.0,0.0,160.0,0.0,80.0,650.0,33.0,1.0,1.0,3.3,300.0,SA,,,784.0,,17.0,64.0,,,Gar&K-1975-25mm-4ht,0.0,0.08,0.0,0.16,0.0,0.08
0.13,0.3,1.38,0.014,0.028,0.058,0.06,0.005,0.095,0.08,0.0,60.0,0.0,150.0,0.0,50.0,850.0,38.0,1.0,1.0,7.6,300.0,SA,0.0,0.0,530.0,,14.0,60.0,,,Gar&K-1975-25mm-5aw,0.0,0.06,0.0,0.15,0.0,0.05
0.13,0.3,1.38,0.014,0.028,0.058,0.06,0.005,0.095,0.08,0.0,60.0,0.0,150.0,0.0,50.0,850.0,38.0,1.0,1.0,7.6,300.0,SA,,,588.0,,25.0,50.0,,,Gar&K-1975-25mm-5ht,0.0,0.06,0.0,0.15,0.0,0.05
0.12,0.34,1.67,0.024,0.03,0.053,0.06,0.005,0.115,0.06,0.0,60.0,0.0,160.0,0.0,50.0,850.0,38.0,1.0,1.0,7.6,300.0,SA,0.0,0.0,521.0,,30.0,60.0,,,Gar&K-1975-25mm-6aw,0.0,0.06,0.0,0.16,0.0,0.05
0.12,0.34,1.67,0.024,0.03,0.053,0.06,0.005,0.115,0.06,0.0,60.0,0.0,160.0,0.0,50.0,850.0,38.0,1.0,1.0,7.6,300.0,SA,,,604.0,,30.0,48.0,,,Gar&K-1975-25mm-6ht,0.0,0.06,0.0,0.16,0.0,0.05
0.13,0.27,1.46,0.011,0.026,0.068,0.062,0.26,0.103,0.105,0.0,60.0,0.0,150.0,0.0,50.0,850.0,38.0,1.0,1.0,7.6,300.0,SA,0.0,0.0,641.0,,32.0,50.0,,,Gar&K-1975-25mm-7aw,0.0,0.06,0.0,0.15,0.0,0.05
0.13,0.27,1.46,0.011,0.026,0.068,0.062,0.26,0.103,0.105,0.0,60.0,0.0,150.0,0.0,50.0,850.0,38.0,1.0,1.0,7.6,300.0,SA,,,720.0,,15.0,55.0,,,Gar&K-1975-25mm-7ht,0.0,0.06,0.0,0.15,0.0,0.05
0.1,0.28,1.45,0.023,0.037,0.065,0.058,0.24,0.11,0.09,0.0,50.0,0.0,170.0,0.0,50.0,850.0,38.0,1.0,1.0,7.6,300.0,SA,0.0,0.0,620.0,,15.0,55.0,,,Gar&K-1975-25mm-8aw,0.0,0.05,0.0,0.17,0.0,0.05
0.1,0.28,1.45,0.023,0.037,0.065,0.058,0.24,0.11,0.09,0.0,50.0,0.0,170.0,0.0,50.0,850.0,38.0,1.0,1.0,7.6,300.0,SA,,,740.0,,21.0,60.0,,,Gar&K-1975-25mm-8ht,0.0,0.05,0.0,0.17,0.0,0.05
0.11,0.28,1.39,0.009,0.017,0.065,0.069,0.008,0.032,0.12,0.0,50.0,0.0,180.0,0.0,50.0,650.0,33.0,1.0,1.0,3.3,300.0,SA,0.0,0.0,525.0,,31.0,62.0,,,Gar&K-1975-25mm-9aw,0.0,0.05,0.0,0.18,0.0,0.05
0.11,0.28,1.39,0.009,0.017,0.065,0.069,0.008,0.032,0.12,0.0,50.0,0.0,180.0,0.0,50.0,650.0,33.0,1.0,1.0,3.3,300.0,SA,,,540.0,,26.0,70.0,,,Gar&K-1975-25mm-9ht,0.0,0.05,0.0,0.18,0.0,0.05
0.1,0.38,1.58,0.013,0.016,0.046,0.053,0.006,0.032,0.12,0.0,60.0,0.0,180.0,0.0,50.0,650.0,33.0,1.0,1.0,3.3,300.0,SA,0.0,0.0,540.0,,30.0,60.0,,,Gar&K-1975-25mm-10aw,0.0,0.06,0.0,0.18,0.0,0.05
0.1,0.38,1.58,0.013,0.016,0.046,0.053,0.006,0.032,0.12,0.0,60.0,0.0,180.0,0.0,50.0,650.0,33.0,1.0,1.0,3.3,300.0,SA,,,580.0,,30.0,66.0,,,Gar&K-1975-25mm-10ht,0.0,0.06,0.0,0.18,0.0,0.05
0.12,0.3,1.51,0.006,0.013,0.09,0.07,0.27,0.036,0.15,0.0,50.0,0.0,160.0,0.0,50.0,650.0,33.0,1.0,1.0,3.3,300.0,SA,0.0,0.0,592.0,,27.0,68.0,,,Gar&K-1975-25mm-11aw,0.0,0.05,0.0,0.16,0.0,0.05
0.12,0.3,1.51,0.006,0.013,0.09,0.07,0.27,0.036,0.15,0.0,50.0,0.0,160.0,0.0,50.0,650.0,33.0,1.0,1.0,3.3,300.0,SA,,,630.0,,32.0,76.0,,,Gar&K-1975-25mm-11ht,0.0,0.05,0.0,0.16,0.0,0.05
0.1,0.41,1.83,0.009,0.014,0.095,0.078,0.3,0.041,0.16,0.0,70.0,0.0,190.0,0.0,50.0,650.0,33.0,1.0,1.0,3.3,300.0,SA,0.0,0.0,610.0,,35.0,68.0,,,Gar&K-1975-25mm-12aw,0.0,0.07,0.0,0.19,0.0,0.05
0.1,0.41,1.83,0.009,0.014,0.095,0.078,0.3,0.041,0.16,0.0,70.0,0.0,190.0,0.0,50.0,650.0,33.0,1.0,1.0,3.3,300.0,SA,,,692.0,,30.0,60.0,,,Gar&K-1975-25mm-12ht,0.0,0.07,0.0,0.19,0.0,0.05
0.12,0.3,1.4,0.016,0.075,0.14,0.11,0.025,0.005,0.25,0.0,0.0,0.0,150.0,0.0,50.0,650.0,33.0,1.0,1.0,3.3,300.0,SA,0.0,0.0,426.0,,21.0,54.0,,,Gar&K-1975-25mm-13aw,0.0,0.0,0.0,0.15,0.0,0.05
0.12,0.3,1.4,0.016,0.075,0.14,0.11,0.025,0.005,0.25,0.0,0.0,0.0,150.0,0.0,50.0,650.0,33.0,1.0,1.0,3.3,300.0,SA,,,431.0,,27.0,62.0,,,Gar&K-1975-25mm-13ht,0.0,0.0,0.0,0.15,0.0,0.05
0.08,0.3,1.35,0.013,0.014,0.03,0.03,0.005,0.046,0.043,420.0,50.0,90.0,230.0,0.0,150.0,650.0,33.0,1.0,1.0,3.3,300.0,SA,0.0,0.0,500.0,707.0,23.0,55.0,,,Gar&K-1975-12mm-14aw,0.42,0.05,0.09,0.23,0.0,0.15
0.08,0.3,1.35,0.013,0.014,0.03,0.03,0.005,0.046,0.043,420.0,50.0,90.0,230.0,0.0,150.0,650.0,33.0,1.0,1.0,3.3,300.0,SA,600.0,0.75,522.0,670.0,26.0,63.0,,,Gar&K-1975-12mm-14ht,0.42,0.05,0.09,0.23,0.0,0.15
0.08,0.28,1.39,0.011,0.015,0.028,0.03,0.17,0.049,0.044,340.0,50.0,54.0,120.0,0.0,150.0,650.0,33.0,1.0,1.0,3.3,300.0,SA,0.0,0.0,562.0,694.0,22.0,55.0,,,Gar&K-1975-12mm-15aw,0.34,0.05,0.054,0.12,0.0,0.15
0.08,0.28,1.39,0.011,0.015,0.028,0.03,0.17,0.049,0.044,340.0,50.0,54.0,120.0,0.0,150.0,650.0,33.0,1.0,1.0,3.3,300.0,SA,600.0,0.75,642.0,732.0,22.0,58.0,,,Gar&K-1975-12mm-15ht,0.34,0.05,0.054,0.12,0.0,0.15
0.08,0.29,1.33,0.01,0.017,0.032,0.03,0.43,0.05,0.053,450.0,50.0,95.0,100.0,0.0,150.0,650.0,33.0,1.0,1.0,3.3,300.0,SA,0.0,0.0,562.0,692.0,21.0,59.0,,,Gar&K-1975-12mm-16aw,0.45,0.05,0.095,0.1,0.0,0.15
0.08,0.29,1.33,0.01,0.017,0.032,0.03,0.43,0.05,0.053,450.0,50.0,95.0,100.0,0.0,150.0,650.0,33.0,1.0,1.0,3.3,300.0,SA,600.0,0.75,701.0,766.0,22.0,52.0,,,Gar&K-1975-12mm-16ht,0.45,0.05,0.095,0.1,0.0,0.15
0.16,0.13,1.06,0.028,0.013,0.03,0.02,0.005,0.005,0.048,410.0,50.0,67.0,120.0,0.0,50.0,650.0,33.0,1.0,1.0,3.3,300.0,SA,0.0,0.0,355.0,524.0,27.0,50.0,,,Gar&K-1975-12mm-17aw,0.41,0.05,0.067,0.12,0.0,0.05
0.16,0.13,1.06,0.028,0.013,0.03,0.02,0.005,0.005,0.048,410.0,50.0,67.0,120.0,0.0,50.0,650.0,33.0,1.0,1.0,3.3,300.0,SA,600.0,0.75,330.0,494.0,27.0,51.0,,,Gar&K-1975-12mm-17ht,0.41,0.05,0.067,0.12,0.0,0.05
0.12,0.26,1.4,0.012,0.014,0.057,0.05,0.009,0.056,0.106,420.0,50.0,138.0,140.0,0.0,50.0,650.0,33.0,1.0,1.0,3.3,300.0,SA,0.0,0.0,522.0,689.0,28.0,60.0,,,Gar&K-1975-12mm-18aw,0.42,0.05,0.138,0.14,0.0,0.05
0.12,0.26,1.4,0.012,0.014,0.057,0.05,0.009,0.056,0.106,420.0,50.0,138.0,140.0,0.0,50.0,650.0,33.0,1.0,1.0,3.3,300.0,SA,600.0,0.75,581.0,704.0,23.0,60.0,,,Gar&K-1975-12mm-18ht,0.42,0.05,0.138,0.14,0.0,0.05
0.11,0.26,1.44,0.008,0.012,0.069,0.056,0.01,0.105,0.076,410.0,50.0,145.0,170.0,0.0,50.0,650.0,33.0,1.0,1.0,3.3,300.0,SA,0.0,0.0,577.0,716.0,26.0,61.0,,,Gar&K-1975-12mm-19aw,0.41,0.05,0.145,0.17,0.0,0.05
0.11,0.26,1.44,0.008,0.012,0.069,0.056,0.01,0.105,0.076,410.0,50.0,145.0,170.0,0.0,50.0,650.0,33.0,1.0,1.0,3.3,300.0,SA,600.0,0.75,599.0,701.0,26.0,64.0,,,Gar&K-1975-12mm-19ht,0.41,0.05,0.145,0.17,0.0,0.05
0.16,0.12,1.04,0.027,0.012,0.027,0.02,0.15,0.005,0.041,420.0,50.0,67.0,90.0,0.0,50.0,650.0,33.0,1.0,1.0,3.3,300.0,SA,0.0,0.0,405.0,577.0,20.0,32.0,,,Gar&K-1975-12mm-20aw,0.42,0.05,0.067,0.09,0.0,0.05
0.16,0.12,1.04,0.027,0.012,0.027,0.02,0.15,0.005,0.041,420.0,50.0,67.0,90.0,0.0,50.0,650.0,33.0,1.0,1.0,3.3,300.0,SA,600.0,0.75,405.0,562.0,26.0,60.0,,,Gar&K-1975-12mm-20ht,0.42,0.05,0.067,0.09,0.0,0.05
0.1,0.35,1.54,0.009,0.016,0.06,0.049,0.18,0.057,0.11,420.0,50.0,138.0,160.0,0.0,50.0,650.0,33.0,1.0,1.0,3.3,300.0,SA,0.0,0.0,556.0,704.0,25.0,58.0,,,Gar&K-1975-12mm-21aw,0.42,0.05,0.138,0.16,0.0,0.05
0.1,0.35,1.54,0.009,0.016,0.06,0.049,0.18,0.057,0.11,420.0,50.0,138.0,160.0,0.0,50.0,650.0,33.0,1.0,1.0,3.3,300.0,SA,600.0,0.75,593.0,692.0,26.0,65.0,,,Gar&K-1975-12mm-21ht,0.42,0.05,0.138,0.16,0.0,0.05
0.11,0.27,1.47,0.008,0.012,0.07,0.054,0.22,0.095,0.072,480.0,50.0,139.0,220.0,0.0,50.0,650.0,33.0,1.0,1.0,3.3,300.0,SA,0.0,0.0,556.0,716.0,25.0,63.0,,,Gar&K-1975-12mm-22aw,0.48,0.05,0.139,0.22,0.0,0.05
0.11,0.27,1.47,0.008,0.012,0.07,0.054,0.22,0.095,0.072,480.0,50.0,139.0,220.0,0.0,50.0,650.0,33.0,1.0,1.0,3.3,300.0,SA,600.0,0.75,648.0,735.0,25.0,65.0,,,Gar&K-1975-12mm-22ht,0.48,0.05,0.139,0.22,0.0,0.05
0.16,0.12,1.0,0.032,0.014,0.028,0.02,0.39,0.005,0.043,450.0,50.0,62.0,120.0,0.0,50.0,650.0,33.0,1.0,1.0,3.3,300.0,SA,0.0,0.0,599.0,670.0,25.0,55.0,,,Gar&K-1975-12mm-23aw,0.45,0.05,0.062,0.12,0.0,0.05
0.16,0.12,1.0,0.032,0.014,0.028,0.02,0.39,0.005,0.043,450.0,50.0,62.0,120.0,0.0,50.0,650.0,33.0,1.0,1.0,3.3,300.0,SA,600.0,0.75,569.0,624.0,22.0,54.0,,,Gar&K-1975-12mm-23ht,0.45,0.05,0.062,0.12,0.0,0.05
0.12,0.33,1.47,0.014,0.014,0.06,0.05,0.39,0.055,0.11,400.0,50.0,136.0,150.0,0.0,50.0,650.0,33.0,1.0,1.0,3.3,300.0,SA,0.0,0.0,574.0,744.0,24.0,55.0,,,Gar&K-1975-12mm-24aw,0.4,0.05,0.136,0.15,0.0,0.05
0.12,0.33,1.47,0.014,0.014,0.06,0.05,0.39,0.055,0.11,400.0,50.0,136.0,150.0,0.0,50.0,650.0,33.0,1.0,1.0,3.3,300.0,SA,600.0,0.75,613.0,747.0,24.0,64.0,,,Gar&K-1975-12mm-24ht,0.4,0.05,0.136,0.15,0.0,0.05
0.11,0.25,1.33,0.008,0.011,0.067,0.053,0.44,0.097,0.072,440.0,50.0,145.0,180.0,0.0,50.0,650.0,33.0,1.0,1.0,3.3,300.0,SA,0.0,0.0,559.0,735.0,25.0,62.0,,,Gar&K-1975-12mm-25aw,0.44,0.05,0.145,0.18,0.0,0.05
0.11,0.25,1.33,0.008,0.011,0.067,0.053,0.44,0.097,0.072,440.0,50.0,145.0,180.0,0.0,50.0,650.0,33.0,1.0,1.0,3.3,300.0,SA,600.0,0.75,662.0,740.0,24.0,60.0,,,Gar&K-1975-12mm-25ht,0.44,0.05,0.145,0.18,0.0,0.05
0.11,0.38,1.5,0.029,0.01295249695493301,0.0,0.0,0.0,0.004890329739657865,0.0,0.0,0.0,0.0,0.0,0.0,0.0,650.0,33.0,1.0,1.0,3.3,300.0,SA,600.0,0.75,524.0,596.0,29.0,64.0,,,Gar&K-1975-12mmE-26aw,0.0,0.0,0.0,0.0,0.0,0.0
0.11,0.37,1.52,0.03,0.01295249695493301,0.0,0.0,0.0,0.05,0.0,0.0,0.0,0.0,0.0,0.0,0.0,650.0,33.0,1.0,1.0,3.3,300.0,SA,600.0,0.75,571.0,644.0,,,,,Gar&K-1975-12mmE-27aw,0.0,0.0,0.0,0.0,0.0,0.0
0.11,0.38,1.55,0.029,0.01295249695493301,0.0,0.0,0.0,0.09,0.0,0.0,0.0,0.0,0.0,0.0,0.0,650.0,33.0,1.0,1.0,3.3,300.0,SA,600.0,0.75,631.0,689.0,,,,,Gar&K-1975-12mmE-28aw,0.0,0.0,0.0,0.0,0.0,0.0
0.14,0.38,1.65,0.028,0.01295249695493301,0.0,0.0,0.5,0.0048550732392571815,0.0,0.0,0.0,0.0,0.0,0.0,0.0,650.0,33.0,1.0,1.0,3.3,300.0,SA,600.0,0.75,644.0,714.0,34.0,63.0,,,Gar&K-1975-12mmE-29aw,0.0,0.0,0.0,0.0,0.0,0.0
0.1,0.38,1.58,0.028,0.01295249695493301,0.0,0.0,0.5,0.06,0.0,0.0,0.0,0.0,0.0,0.0,0.0,650.0,33.0,1.0,1.0,3.3,300.0,SA,600.0,0.75,663.0,718.0,,,,,Gar&K-1975-12mmE-30aw,0.0,0.0,0.0,0.0,0.0,0.0
0.1,0.39,1.68,0.027,0.01295249695493301,0.0,0.0,0.5,0.08,0.0,0.0,0.0,0.0,0.0,0.0,0.0,650.0,33.0,1.0,1.0,3.3,300.0,SA,600.0,0.75,669.0,735.0,,,,,Gar&K-1975-12mmE-31aw,0.0,0.0,0.0,0.0,0.0,0.0
0.12,0.3,1.4,0.016,0.025,0.14,0.11,0.025,0.0,0.25,210.0,0.0,50.0,150.0,0.0,50.0,650.0,33.0,1.0,1.0,3.3,300.0,SA,0.0,0.0,426.0,652.0,21.0,54.0,,,Ga&K-1975II-1aw,0.21,0.0,0.05,0.15,0.0,0.05
0.11,0.35,1.42,0.01,0.016,0.067,0.075,0.022,0.0,0.17,260.0,0.0,80.0,180.0,0.0,230.0,650.0,33.0,1.0,1.0,3.3,300.0,SA,0.0,0.0,493.0,649.0,25.0,60.0,,,Ga&K-1975II-2aw,0.26,0.0,0.08,0.18,0.0,0.23
0.11,0.33,1.41,0.019,0.023,0.065,0.082,0.016,0.0,0.19,0.0,0.0,0.0,240.0,0.0,180.0,450.0,30.0,1.0,1.0,1.9,300.0,SA,0.0,0.0,420.0,560.0,25.0,,,,Ga&K-1975II-3aw,0.0,0.0,0.0,0.24,0.0,0.18
0.11,0.31,1.37,0.013,0.019,0.09,0.06,0.018,0.0,0.18,0.0,0.0,0.0,220.0,0.0,120.0,650.0,33.0,1.0,1.0,3.3,300.0,SA,0.0,0.0,488.0,618.0,26.0,60.0,,,Ga&K-1975II-4aw,0.0,0.0,0.0,0.22,0.0,0.12
0.15,0.31,1.23,0.015,0.02,0.06,0.065,0.02,0.0,0.15,0.0,0.0,0.0,250.0,0.0,200.0,850.0,38.0,1.0,1.0,7.6,300.0,SA,0.0,0.0,432.0,598.0,16.0,40.0,,,Ga&K-1975II-5aw,0.0,0.0,0.0,0.25,0.0,0.2
0.08,0.36,1.6,0.017,0.021,0.065,0.075,0.017,0.0,0.18,0.0,0.0,0.0,300.0,0.0,170.0,450.0,30.0,1.0,1.0,1.9,300.0,SA,0.0,0.0,457.0,556.0,25.0,60.0,,,Ga&K-1975II-6aw,0.0,0.0,0.0,0.3,0.0,0.17
0.09,0.4,1.6,0.016,0.016,0.04,0.055,0.015,0.0,0.11,400.0,0.0,80.0,270.0,0.0,150.0,650.0,33.0,1.0,1.0,3.3,300.0,SA,0.0,0.0,507.0,647.0,22.0,60.0,,,Ga&K-1975II-7aw,0.4,0.0,0.08,0.27,0.0,0.15
0.1,0.38,1.5,0.02,0.021,0.055,0.065,0.017,0.0,0.14,0.0,0.0,0.0,310.0,0.0,200.0,850.0,38.0,1.0,1.0,7.6,300.0,SA,0.0,0.0,452.0,581.0,18.0,50.0,,,Ga&K-1975II-8aw,0.0,0.0,0.0,0.31,0.0,0.2
0.12,0.29,1.5,0.008,0.017,0.085,0.075,0.3,0.0,0.19,0.0,0.0,0.0,190.0,0.0,100.0,650.0,33.0,1.0,1.0,3.3,300.0,SA,0.0,0.0,544.0,717.0,21.0,60.0,,,Ga&K-1975II-9aw,0.0,0.0,0.0,0.19,0.0,0.1
0.09,0.46,1.81,0.017,0.024,0.1,0.08,0.28,0.0,0.21,340.0,0.0,100.0,260.0,0.0,140.0,650.0,33.0,1.0,1.0,3.3,300.0,SA,0.0,0.0,620.0,712.0,22.0,58.0,,,Ga&K-1975II-10aw,0.34,0.0,0.1,0.26,0.0,0.14
0.08,0.45,0.96,0.007,0.015,0.21,9.1,0.96,0.19,0.03,540.0,96.65835889356212,540.0,97.01185076096104,0.0,900.0,181.0,23.0,1.0,1.0,1.3,175.0,MMA,0.0,0.0,,,,,,,PantK-1990-w1,0.54,0.09665835889356213,0.54,0.09701185076096104,0.0,0.9
0.1,0.54,0.66,0.006,0.014,0.31,9.0,0.82,0.23,0.02,510.0,58.02186404955799,180.0,96.52674143473237,0.0,170.0,181.0,22.0,1.0,1.0,1.0,175.0,MMA,0.0,0.0,,,,,,,PantK-1990-w2,0.51,0.05802186404955799,0.18,0.09652674143473237,0.0,0.17
0.09,0.46,0.99,0.012,0.021,0.22,9.5,0.96,0.19,0.03,530.0,91.57888523068242,450.0,64.52531903221772,0.0,100.0,201.0,22.0,1.0,1.0,1.4,175.0,MMA,0.0,0.0,,,,,,,PantK-1990-w3,0.53,0.09157888523068242,0.45,0.06452531903221773,0.0,0.1
0.09,0.37,1.03,0.004,0.01,0.05,8.8,1.03,0.25,0.01,470.0,92.32066035396367,370.0,95.97230605704306,0.0,800.0,180.0,23.0,1.0,1.0,1.3,175.0,MMA,0.0,0.0,,,,,,,PantK-1990-w4.0,0.47,0.09232066035396368,0.37,0.09597230605704306,0.0,0.8
0.09,0.37,1.03,0.004,0.01,0.05,8.8,1.03,0.25,0.01,470.0,99.83138151951928,370.0,98.09573776595279,0.0,800.0,180.0,23.0,1.0,1.0,1.3,175.0,MMA,720.0,2.0,,,,,,,PantK-1990-w4.1,0.47,0.09983138151951929,0.37,0.09809573776595279,0.0,0.8
0.09,0.37,1.03,0.004,0.01,0.05,8.8,1.03,0.25,0.01,470.0,90.95873089726845,370.0,60.08468383756765,0.0,800.0,180.0,23.0,1.0,1.0,1.3,175.0,MMA,720.0,8.0,,,,,,,PantK-1990-w4.2,0.47,0.09095873089726846,0.37,0.060084683837567654,0.0,0.8
0.09,0.37,1.03,0.004,0.01,0.05,8.8,1.03,0.25,0.01,470.0,92.99121008768294,370.0,93.9142068283159,0.0,800.0,180.0,23.0,1.0,1.0,1.3,175.0,MMA,740.0,2.0,,,,,,,PantK-1990-w4.3,0.47,0.09299121008768295,0.37,0.0939142068283159,0.0,0.8
0.09,0.37,1.03,0.004,0.01,0.05,8.8,1.03,0.25,0.01,470.0,92.18020891768809,370.0,94.30114142359902,0.0,800.0,180.0,23.0,1.0,1.0,1.3,175.0,MMA,740.0,8.0,,,,,,,PantK-1990-w4.4,0.47,0.09218020891768809,0.37,0.09430114142359902,0.0,0.8
0.09,0.37,1.03,0.004,0.01,0.05,8.8,1.03,0.25,0.01,470.0,95.94572275481983,370.0,99.64177331430334,0.0,800.0,180.0,23.0,1.0,1.0,1.3,175.0,MMA,760.0,2.0,,,,,,,PantK-1990-w4.5,0.47,0.09594572275481983,0.37,0.09964177331430334,0.0,0.8
0.09,0.37,1.03,0.004,0.01,0.05,8.8,1.03,0.25,0.01,470.0,97.86844620827446,370.0,98.10654274079656,0.0,800.0,180.0,23.0,1.0,1.0,1.3,175.0,MMA,760.0,8.0,,,,,,,PantK-1990-w4.6,0.47,0.09786844620827446,0.37,0.09810654274079655,0.0,0.8
0.06,0.34,1.08,0.007,0.014,0.69,9.0,1.03,0.29,0.02,480.0,97.8938501372174,110.0,97.74265425807745,0.0,95.64767228653015,116.0,23.0,1.0,1.0,1.3,175.0,MMA,0.0,0.0,,,,,,,PantK-1990-w5.0,0.48,0.0978938501372174,0.11,0.09774265425807745,0.0,0.09564767228653015
0.06,0.34,1.08,0.007,0.014,0.69,9.0,1.03,0.29,0.02,480.0,92.94980678800508,110.0,97.75372017328522,0.0,96.52102577353226,116.0,23.0,1.0,1.0,1.3,175.0,MMA,720.0,2.0,,,,,,,PantK-1990-w5.1,0.48,0.09294980678800507,0.11,0.09775372017328522,0.0,0.09652102577353226
0.06,0.34,1.08,0.007,0.014,0.69,9.0,1.03,0.29,0.02,480.0,49.5887487519522,110.0,51.47893467281001,0.0,92.63143229528279,116.0,23.0,1.0,1.0,1.3,175.0,MMA,720.0,8.0,,,,,,,PantK-1990-w5.2,0.48,0.049588748751952204,0.11,0.05147893467281001,0.0,0.0926314322952828
0.06,0.34,1.08,0.007,0.014,0.69,9.0,1.03,0.29,0.02,480.0,52.56022243357485,110.0,61.7737087160984,0.0,94.89002768046772,116.0,23.0,1.0,1.0,1.3,175.0,MMA,740.0,2.0,,,,,,,PantK-1990-w5.3,0.48,0.05256022243357485,0.11,0.0617737087160984,0.0,0.09489002768046773
0.06,0.34,1.08,0.007,0.014,0.69,9.0,1.03,0.29,0.02,480.0,99.9708623172642,110.0,97.69659228244102,0.0,99.04166519636892,116.0,23.0,1.0,1.0,1.3,175.0,MMA,740.0,8.0,,,,,,,PantK-1990-w5.4,0.48,0.09997086231726421,0.11,0.09769659228244101,0.0,0.09904166519636892
0.06,0.34,1.08,0.007,0.014,0.69,9.0,1.03,0.29,0.02,480.0,94.34163175730612,110.0,63.4439250097815,0.0,97.23766951308441,116.0,23.0,1.0,1.0,1.3,175.0,MMA,760.0,2.0,,,,,,,PantK-1990-w5.5,0.48,0.09434163175730612,0.11,0.06344392500978151,0.0,0.09723766951308441
0.06,0.34,1.08,0.007,0.014,0.69,9.0,1.03,0.29,0.02,480.0,97.23368948262505,110.0,92.4297544354267,0.0,56.2177771844808,116.0,23.0,1.0,1.0,1.3,175.0,MMA,760.0,8.0,,,,,,,PantK-1990-w5.6,0.48,0.09723368948262505,0.11,0.0924297544354267,0.0,0.0562177771844808
0.07,0.23,1.0,0.002,0.006,0.58,8.3,0.93,0.24,0.009171310494578484,460.0,99.7117445537958,250.0,90.59939944569707,0.0,340.0,116.0,23.0,1.0,1.0,1.3,175.0,MMA,0.0,0.0,,,,,,,PantK-1990-w6.0,0.46,0.09971174455379579,0.25,0.09059939944569707,0.0,0.34
0.07,0.23,1.0,0.002,0.006,0.58,8.3,0.93,0.24,0.005443657587810203,460.0,93.50851374400818,250.0,95.43490004486657,0.0,340.0,116.0,23.0,1.0,1.0,1.3,175.0,MMA,720.0,2.0,,,,,,,PantK-1990-w6.1,0.46,0.09350851374400819,0.25,0.09543490004486657,0.0,0.34
0.07,0.23,1.0,0.002,0.006,0.58,8.3,0.93,0.24,0.009587986726988735,460.0,91.62315360392641,250.0,98.34245443252291,0.0,340.0,116.0,23.0,1.0,1.0,1.3,175.0,MMA,720.0,8.0,,,,,,,PantK-1990-w6.2,0.46,0.09162315360392641,0.25,0.09834245443252292,0.0,0.34
0.07,0.23,1.0,0.002,0.006,0.58,8.3,0.93,0.24,0.00938445388704851,460.0,42.75778964791987,250.0,94.75065607541585,0.0,340.0,116.0,23.0,1.0,1.0,1.3,175.0,MMA,740.0,2.0,,,,,,,PantK-1990-w6.3,0.46,0.04275778964791987,0.25,0.09475065607541584,0.0,0.34
0.07,0.23,1.0,0.002,0.006,0.58,8.3,0.93,0.24,0.009743491208269126,460.0,97.93158760400657,250.0,96.76062506393559,0.0,340.0,116.0,23.0,1.0,1.0,1.3,175.0,MMA,740.0,8.0,,,,,,,PantK-1990-w6.4,0.46,0.09793158760400657,0.25,0.0967606250639356,0.0,0.34
0.07,0.23,1.0,0.002,0.006,0.58,8.3,0.93,0.24,0.009876530961849731,460.0,98.39800298607496,250.0,99.9942986201051,0.0,340.0,116.0,23.0,1.0,1.0,1.3,175.0,MMA,760.0,2.0,,,,,,,PantK-1990-w6.5,0.46,0.09839800298607496,0.25,0.0999942986201051,0.0,0.34
0.07,0.23,1.0,0.002,0.006,0.58,8.3,0.93,0.24,0.005086410018433469,460.0,99.89715738023447,250.0,90.96648965134531,0.0,340.0,116.0,23.0,1.0,1.0,1.3,175.0,MMA,760.0,8.0,,,,,,,PantK-1990-w6.6,0.46,0.09989715738023447,0.25,0.09096648965134531,0.0,0.34
0.11,0.51,1.1,0.007,0.013,0.08,8.9,1.0,0.18,0.03,500.0,92.37577976654279,400.0,92.45804945570251,0.0,900.0,115.0,23.0,1.0,1.0,1.0,175.0,MMA,0.0,0.0,,,,,,,PantK-1990-w7.0,0.5,0.09237577976654279,0.4,0.0924580494557025,0.0,0.9
0.11,0.51,1.1,0.007,0.013,0.08,8.9,1.0,0.18,0.03,500.0,92.46172418883992,400.0,52.68693312085702,0.0,900.0,115.0,23.0,1.0,1.0,1.0,175.0,MMA,720.0,2.0,,,,,,,PantK-1990-w7.1,0.5,0.09246172418883992,0.4,0.05268693312085702,0.0,0.9
0.11,0.51,1.1,0.007,0.013,0.08,8.9,1.0,0.18,0.03,500.0,96.12969305444857,400.0,95.03570603244845,0.0,900.0,115.0,23.0,1.0,1.0,1.0,175.0,MMA,720.0,8.0,,,,,,,PantK-1990-w7.2,0.5,0.09612969305444857,0.4,0.09503570603244844,0.0,0.9
0.11,0.51,1.1,0.007,0.013,0.08,8.9,1.0,0.18,0.03,500.0,97.30390318756226,400.0,96.52794873211074,0.0,900.0,115.0,23.0,1.0,1.0,1.0,175.0,MMA,740.0,2.0,,,,,,,PantK-1990-w7.3,0.5,0.09730390318756225,0.4,0.09652794873211075,0.0,0.9
0.11,0.51,1.1,0.007,0.013,0.08,8.9,1.0,0.18,0.03,500.0,99.48688463897379,400.0,97.44946455728595,0.0,900.0,115.0,23.0,1.0,1.0,1.0,175.0,MMA,740.0,8.0,,,,,,,PantK-1990-w7.4,0.5,0.09948688463897379,0.4,0.09744946455728595,0.0,0.9
0.11,0.51,1.1,0.007,0.013,0.08,8.9,1.0,0.18,0.03,500.0,98.23785918727799,400.0,96.5108601548944,0.0,900.0,115.0,23.0,1.0,1.0,1.0,175.0,MMA,760.0,2.0,,,,,,,PantK-1990-w7.5,0.5,0.098237859187278,0.4,0.0965108601548944,0.0,0.9
0.11,0.51,1.1,0.007,0.013,0.08,8.9,1.0,0.18,0.03,500.0,95.05874349050438,400.0,53.71958945911613,0.0,900.0,115.0,23.0,1.0,1.0,1.0,175.0,MMA,760.0,8.0,,,,,,,PantK-1990-w7.6,0.5,0.09505874349050439,0.4,0.05371958945911613,0.0,0.9
0.06,0.32,1.23,0.0011330676176198053,0.002,1.01,8.4,0.89,0.22,0.009135214613272453,380.0,52.11107254562155,80.0,99.53737247995208,0.0,300.0,163.0,25.0,1.0,1.0,1.2,175.0,MMA,0.0,0.0,,,,,,,PantK-1990-w8.0,0.38,0.052111072545621556,0.08,0.09953737247995208,0.0,0.3
0.06,0.32,1.23,0.0019092576586786105,0.002,1.01,8.4,0.89,0.22,0.006479702106712131,380.0,94.64267680650343,80.0,55.04029347906038,0.0,300.0,163.0,25.0,1.0,1.0,1.2,175.0,MMA,720.0,2.0,,,,,,,PantK-1990-w8.1,0.38,0.09464267680650343,0.08,0.05504029347906038,0.0,0.3
0.06,0.32,1.23,0.0018207471493145188,0.002,1.01,8.4,0.89,0.22,0.009676518961252404,380.0,94.96740595954095,80.0,99.19306020099789,0.0,300.0,163.0,25.0,1.0,1.0,1.2,175.0,MMA,720.0,8.0,,,,,,,PantK-1990-w8.2,0.38,0.09496740595954095,0.08,0.09919306020099788,0.0,0.3
0.06,0.32,1.23,0.0018438058615898372,0.002,1.01,8.4,0.89,0.22,0.00980886781185159,380.0,92.38385889237533,80.0,97.48162087566774,0.0,300.0,163.0,25.0,1.0,1.0,1.2,175.0,MMA,740.0,2.0,,,,,,,PantK-1990-w8.3,0.38,0.09238385889237533,0.08,0.09748162087566774,0.0,0.3
0.06,0.32,1.23,0.0019724637885079584,0.002,1.01,8.4,0.89,0.22,0.009596438548672096,380.0,98.68801115189164,80.0,96.11148465130088,0.0,300.0,163.0,25.0,1.0,1.0,1.2,175.0,MMA,740.0,8.0,,,,,,,PantK-1990-w8.4,0.38,0.09868801115189164,0.08,0.09611148465130089,0.0,0.3
0.06,0.32,1.23,0.001064127798685584,0.002,1.01,8.4,0.89,0.22,0.009835953844203127,380.0,93.94336166549355,80.0,97.03550044261834,0.0,300.0,163.0,25.0,1.0,1.0,1.2,175.0,MMA,760.0,2.0,,,,,,,PantK-1990-w8.5,0.38,0.09394336166549355,0.08,0.09703550044261834,0.0,0.3
0.06,0.32,1.23,0.0011420984521268878,0.002,1.01,8.4,0.89,0.22,0.0057364102841190555,380.0,96.57189467672815,80.0,51.32708468618878,0.0,300.0,163.0,25.0,1.0,1.0,1.2,175.0,MMA,760.0,8.0,,,,,,,PantK-1990-w8.6,0.38,0.09657189467672815,0.08,0.05132708468618878,0.0,0.3
0.1,0.43,0.96,0.003,0.006,0.17,8.6,0.97,0.22,0.02,360.0,0.00976922499818263,430.0,0.009451610027322317,0.0,200.0,145.0,20.0,1.0,1.0,1.0,200.0,MMA,750.0,2.0,,,,,,,PantK-1990-bw1.0,0.36,9.76922499818263e-06,0.43,9.451610027322317e-06,0.0,0.2
0.1,0.43,0.96,0.003,0.006,0.17,8.6,0.97,0.22,0.02,360.0,0.009949937777241727,430.0,0.009604027158095918,0.0,200.0,145.0,20.0,1.0,1.0,1.0,200.0,MMA,750.0,2.0,,,,,-20.0,8.0,PantK-1990-bw1.1,0.36,9.949937777241726e-06,0.43,9.604027158095918e-06,0.0,0.2
0.1,0.43,0.96,0.003,0.006,0.17,8.6,0.97,0.22,0.02,360.0,0.009120567107760148,430.0,0.009432582021263418,0.0,200.0,145.0,20.0,1.0,1.0,1.0,200.0,MMA,750.0,2.0,,,,,20.0,23.0,PantK-1990-bw1.2,0.36,9.120567107760148e-06,0.43,9.432582021263418e-06,0.0,0.2
0.1,0.43,0.96,0.003,0.006,0.17,8.6,0.97,0.22,0.02,360.0,0.009656020207702684,430.0,0.009703754589584878,0.0,200.0,145.0,20.0,1.0,1.0,1.0,200.0,MMA,750.0,2.0,,,,,40.0,44.0,PantK-1990-bw1.3,0.36,9.656020207702684e-06,0.43,9.703754589584878e-06,0.0,0.2
0.1,0.4,0.98,0.004,0.008,0.17,8.7,0.98,0.22,0.03,410.0,0.009369096955150908,420.0,0.009461128014499673,0.0,300.0,145.0,21.0,1.0,1.0,1.2,200.0,MMA,750.0,2.0,,,,,,,PantK-1990-bw2.0,0.41,9.369096955150908e-06,0.42,9.461128014499672e-06,0.0,0.3
0.1,0.4,0.98,0.004,0.008,0.17,8.7,0.98,0.22,0.03,410.0,0.009410584933572445,420.0,0.009825424162082949,0.0,300.0,145.0,21.0,1.0,1.0,1.2,200.0,MMA,750.0,2.0,,,,,-20.0,8.0,PantK-1990-bw2.1,0.41,9.410584933572444e-06,0.42,9.82542416208295e-06,0.0,0.3
0.1,0.4,0.98,0.004,0.008,0.17,8.7,0.98,0.22,0.03,410.0,0.0051044493066688575,420.0,0.009613832813483332,0.0,300.0,145.0,21.0,1.0,1.0,1.2,200.0,MMA,750.0,2.0,,,,,20.0,27.0,PantK-1990-bw2.2,0.41,5.1044493066688576e-06,0.42,9.613832813483333e-06,0.0,0.3
0.1,0.4,0.98,0.004,0.008,0.17,8.7,0.98,0.22,0.03,410.0,0.0041369021629899545,420.0,0.009178286748419185,0.0,300.0,145.0,21.0,1.0,1.0,1.2,200.0,MMA,750.0,2.0,,,,,40.0,52.0,PantK-1990-bw2.3,0.41,4.136902162989955e-06,0.42,9.178286748419184e-06,0.0,0.3
0.1,0.42,0.96,0.003,0.006,0.17,8.8,1.01,0.21,0.02,400.0,0.009113478078168714,430.0,0.0051897008388632065,0.0,900.0,143.0,21.0,1.0,1.0,1.1,200.0,MMA,760.0,8.0,,,,,,,PantK-1990-bw3.0,0.4,9.113478078168713e-06,0.43,5.1897008388632065e-06,0.0,0.9
0.1,0.42,0.96,0.003,0.006,0.17,8.8,1.01,0.21,0.02,400.0,0.00949734918986305,430.0,0.009387235607136507,0.0,900.0,143.0,21.0,1.0,1.0,1.1,200.0,MMA,760.0,8.0,,,,,-20.0,10.0,PantK-1990-bw3.1,0.4,9.497349189863049e-06,0.43,9.387235607136506e-06,0.0,0.9
0.1,0.42,0.96,0.003,0.006,0.17,8.8,1.01,0.21,0.02,400.0,0.009344869005589056,430.0,0.00455437534506981,0.0,900.0,143.0,21.0,1.0,1.0,1.1,200.0,MMA,760.0,8.0,,,,,20.0,44.0,PantK-1990-bw3.2,0.4,9.344869005589055e-06,0.43,4.55437534506981e-06,0.0,0.9
0.1,0.42,0.96,0.003,0.006,0.17,8.8,1.01,0.21,0.02,400.0,0.009061787708554623,430.0,0.009790043295516263,0.0,900.0,143.0,21.0,1.0,1.0,1.1,200.0,MMA,760.0,8.0,,,,,40.0,83.0,PantK-1990-bw3.3,0.4,9.061787708554624e-06,0.43,9.790043295516262e-06,0.0,0.9
0.1,0.42,0.91,0.004,0.008,0.17,8.9,0.98,0.21,0.03,390.0,0.00928880933774031,410.0,0.009655367908578736,0.0,900.0,146.0,22.0,1.0,1.0,1.1,200.0,MMA,760.0,8.0,,,,,,,PantK-1990-bw4.0,0.39,9.28880933774031e-06,0.41,9.655367908578736e-06,0.0,0.9
0.1,0.42,0.91,0.004,0.008,0.17,8.9,0.98,0.21,0.03,390.0,0.009781157830702112,410.0,0.00929653886199767,0.0,900.0,146.0,22.0,1.0,1.0,1.1,200.0,MMA,760.0,8.0,,,,,-20.0,10.0,PantK-1990-bw4.1,0.39,9.781157830702111e-06,0.41,9.29653886199767e-06,0.0,0.9
0.1,0.42,0.91,0.004,0.008,0.17,8.9,0.98,0.21,0.03,390.0,0.009470892710480424,410.0,0.00951221797218408,0.0,900.0,146.0,22.0,1.0,1.0,1.1,200.0,MMA,760.0,8.0,,,,,20.0,44.0,PantK-1990-bw4.2,0.39,9.470892710480424e-06,0.41,9.51221797218408e-06,0.0,0.9
0.1,0.42,0.91,0.004,0.008,0.17,8.9,0.98,0.21,0.03,390.0,0.009426502444724425,410.0,0.004802023134333411,0.0,900.0,146.0,22.0,1.0,1.0,1.1,200.0,MMA,760.0,8.0,,,,,40.0,83.0,PantK-1990-bw4.3,0.39,9.426502444724426e-06,0.41,4.802023134333411e-06,0.0,0.9
0.1,0.27,0.6,0.002,0.011,0.13,8.75,1.02,0.2,0.09,0.0,20.0,390.0,160.0,9.524139603155083,0.0,400.0,31.5,0.0,1.0,1.4,177.0,SAA,746.0,4.0,650.0,747.0,19.0,63.0,,,EPRI-TR-101394s-E9SA6,0.0,0.02,0.39,0.16,0.009524139603155082,0.0
0.1,0.27,0.6,0.002,0.011,0.13,8.75,1.02,0.2,0.09,0.0,20.0,390.0,160.0,9.54749438267701,0.0,400.0,31.5,0.0,1.0,1.4,177.0,SAA,746.0,4.0,625.0,734.0,22.0,63.0,,,EPRI-TR-101394s-E9SA6,0.0,0.02,0.39,0.16,0.00954749438267701,0.0
0.11,0.27,0.6,0.002,0.01,0.14,8.77,1.01,0.2,0.1,0.0,20.0,370.0,0.014,9.235820446213474,0.0,400.0,31.5,0.0,1.0,1.4,177.0,SAA,746.0,4.0,626.0,727.0,23.0,69.0,,,EPRI-TR-101394s-E9SA8,0.0,0.02,0.37,1.4e-05,0.009235820446213473,0.0
0.11,0.27,0.6,0.002,0.01,0.14,8.77,1.01,0.2,0.1,0.0,20.0,370.0,0.014,5.114841069932559,0.0,400.0,31.5,0.0,1.0,1.4,177.0,SAA,746.0,4.0,629.0,735.0,21.0,68.0,,,EPRI-TR-101394s-E9SA8,0.0,0.02,0.37,1.4e-05,0.005114841069932558,0.0
0.09,0.34,0.48,0.004,0.011,0.08,8.6,0.98,0.22,0.05,0.0,20.0,260.0,0.005,6.3492687757551,0.0,390.0,11.5,1.0,1.0,1.9,177.0,GTAA,746.0,4.0,647.0,747.0,20.0,68.0,,,EPRI-TR-101394s-E9GT3,0.0,0.02,0.26,5e-06,0.0063492687757551,0.0
0.09,0.34,0.48,0.004,0.011,0.08,8.6,0.98,0.22,0.05,0.0,20.0,260.0,0.005,9.384797392274846,0.0,390.0,11.5,1.0,1.0,1.9,177.0,GTAA,746.0,4.0,661.0,756.0,24.0,73.0,,,EPRI-TR-101394s-E9GT3,0.0,0.02,0.26,5e-06,0.009384797392274847,0.0
0.081,0.34,0.49,0.004,0.012,0.08,8.57,0.98,0.22,0.05,0.0,20.0,240.0,0.004,9.731971308442956,0.0,300.0,12.5,1.0,1.0,1.4,177.0,GTAA,746.0,1.0,682.0,783.0,26.0,74.0,,,EPRI-TR-101394s-E9GT4,0.0,0.02,0.24,4e-06,0.009731971308442956,0.0
0.081,0.34,0.49,0.004,0.012,0.08,8.57,0.98,0.22,0.05,0.0,20.0,240.0,0.004,9.483303035504958,0.0,300.0,12.5,1.0,1.0,1.4,177.0,GTAA,746.0,1.0,728.0,817.0,21.0,73.0,,,EPRI-TR-101394s-E9GT4,0.0,0.02,0.24,4e-06,0.009483303035504959,0.0
0.11,0.3,0.44,0.004,0.011,0.08,8.58,1.0,0.22,0.05,0.0,20.0,340.0,0.004,9.79523097500159,0.0,275.0,28.5,1.0,1.0,1.2,177.0,GMAA,746.0,4.0,605.0,726.0,20.0,68.0,,,EPRI-TR-101394s-E9GM2,0.0,0.02,0.34,4e-06,0.00979523097500159,0.0
0.11,0.3,0.44,0.004,0.011,0.08,8.58,1.0,0.22,0.05,0.0,20.0,340.0,0.004,9.582440711378297,0.0,275.0,28.5,1.0,1.0,1.2,177.0,GMAA,746.0,4.0,603.0,726.0,20.0,66.0,,,EPRI-TR-101394s-E9GM2,0.0,0.02,0.34,4e-06,0.009582440711378298,0.0
0.12,0.24,0.53,0.001,0.01,0.13,8.61,1.03,0.2,0.09,0.0,20.0,430.0,0.013,5.636290615894809,0.0,285.0,28.5,1.0,1.0,1.3,177.0,GMAA,746.0,4.0,654.0,767.0,20.0,62.0,,,EPRI-TR-101394s-E9GM3,0.0,0.02,0.43,1.3e-05,0.005636290615894809,0.0
0.12,0.24,0.53,0.001,0.01,0.13,8.61,1.03,0.2,0.09,0.0,20.0,430.0,0.013,9.53494659100694,0.0,285.0,28.5,1.0,1.0,1.3,177.0,GMAA,746.0,4.0,661.0,772.0,19.0,62.0,,,EPRI-TR-101394s-E9GM3,0.0,0.02,0.43,1.3e-05,0.00953494659100694,0.0
0.1,0.22,0.55,0.009,0.013,0.21,2.68,1.05,0.0,0.0,260.0,0.0,0.0,200.0,0.0,0.0,500.0,32.0,1.0,1.0,2.0,250.0,NGSAW,690.0,10.0,492.0,610.0,27.0,,,,Chandel&-1985W1,0.26,0.0,0.0,0.2,0.0,0.0
0.1,0.22,0.55,0.009,0.013,0.21,2.68,1.05,0.0,0.0,260.0,0.0,0.0,200.0,0.0,0.0,500.0,32.0,1.0,1.0,2.0,250.0,NGSAW,690.0,10.0,,,,,24.0,193.0,Chandel&-1985W1ch1,0.26,0.0,0.0,0.2,0.0,0.0
0.1,0.22,0.55,0.009,0.013,0.21,2.68,1.05,0.0,0.0,260.0,0.0,0.0,200.0,0.0,0.0,500.0,32.0,1.0,1.0,2.0,250.0,NGSAW,690.0,10.0,,,,,0.0,164.0,Chandel&-1985W1ch2,0.26,0.0,0.0,0.2,0.0,0.0
0.1,0.22,0.55,0.009,0.013,0.21,2.68,1.05,0.0,0.0,260.0,0.0,0.0,200.0,0.0,0.0,500.0,32.0,1.0,1.0,2.0,250.0,NGSAW,690.0,10.0,,,,,-20.0,147.0,Chandel&-1985W1ch3,0.26,0.0,0.0,0.2,0.0,0.0
0.1,0.22,0.55,0.009,0.013,0.21,2.68,1.05,0.0,0.0,260.0,0.0,0.0,200.0,0.0,0.0,500.0,32.0,1.0,1.0,2.0,250.0,NGSAW,690.0,10.0,,,,,-40.0,72.0,Chandel&-1985W1ch4,0.26,0.0,0.0,0.2,0.0,0.0
0.1,0.22,0.55,0.009,0.013,0.21,2.68,1.05,0.0,0.0,260.0,0.0,0.0,200.0,0.0,0.0,500.0,32.0,1.0,1.0,2.0,250.0,NGSAW,690.0,10.0,,,,,-60.0,15.0,Chandel&-1985W1ch5,0.26,0.0,0.0,0.2,0.0,0.0
0.06,0.49,0.67,0.011,0.009,0.21,2.63,1.06,0.0,0.0,850.0,0.0,0.0,150.0,0.0,0.0,500.0,32.0,1.0,1.0,2.0,250.0,NGSAW,690.0,10.0,469.0,592.0,27.0,,,,Chandel&-1985W2,0.85,0.0,0.0,0.15,0.0,0.0
0.06,0.49,0.67,0.011,0.009,0.21,2.63,1.06,0.0,0.0,850.0,0.0,0.0,150.0,0.0,0.0,500.0,32.0,1.0,1.0,2.0,250.0,NGSAW,690.0,10.0,,,,,22.0,96.0,Chandel&-1985W2ch1,0.85,0.0,0.0,0.15,0.0,0.0
0.06,0.49,0.67,0.011,0.009,0.21,2.63,1.06,0.0,0.0,850.0,0.0,0.0,150.0,0.0,0.0,500.0,32.0,1.0,1.0,2.0,250.0,NGSAW,690.0,10.0,,,,,0.0,68.0,Chandel&-1985W2ch2,0.85,0.0,0.0,0.15,0.0,0.0
0.06,0.49,0.67,0.011,0.009,0.21,2.63,1.06,0.0,0.0,850.0,0.0,0.0,150.0,0.0,0.0,500.0,32.0,1.0,1.0,2.0,250.0,NGSAW,690.0,10.0,,,,,-20.0,38.0,Chandel&-1985W2ch3,0.85,0.0,0.0,0.15,0.0,0.0
0.06,0.49,0.67,0.011,0.009,0.21,2.63,1.06,0.0,0.0,850.0,0.0,0.0,150.0,0.0,0.0,500.0,32.0,1.0,1.0,2.0,250.0,NGSAW,690.0,10.0,,,,,-40.0,15.0,Chandel&-1985W2ch4,0.85,0.0,0.0,0.15,0.0,0.0
0.1,0.19,0.53,0.007,0.007,0.2,2.7,1.03,0.0,0.0,220.0,0.0,0.0,150.0,0.0,0.0,500.0,32.0,1.0,1.0,2.0,250.0,NGSAW,690.0,10.0,456.0,592.0,29.0,,,,Chandel&-1985W3,0.22,0.0,0.0,0.15,0.0,0.0
0.1,0.19,0.53,0.007,0.007,0.2,2.7,1.03,0.0,0.0,220.0,0.0,0.0,150.0,0.0,0.0,500.0,32.0,1.0,1.0,2.0,250.0,NGSAW,690.0,10.0,,,,,24.0,270.0,Chandel&-1985W3ch1,0.22,0.0,0.0,0.15,0.0,0.0
0.1,0.19,0.53,0.007,0.007,0.2,2.7,1.03,0.0,0.0,220.0,0.0,0.0,150.0,0.0,0.0,500.0,32.0,1.0,1.0,2.0,250.0,NGSAW,690.0,10.0,,,,,0.0,238.0,Chandel&-1985W3ch2,0.22,0.0,0.0,0.15,0.0,0.0
0.1,0.19,0.53,0.007,0.007,0.2,2.7,1.03,0.0,0.0,220.0,0.0,0.0,150.0,0.0,0.0,500.0,32.0,1.0,1.0,2.0,250.0,NGSAW,690.0,10.0,,,,,-20.0,176.0,Chandel&-1985W3ch3,0.22,0.0,0.0,0.15,0.0,0.0
0.1,0.19,0.53,0.007,0.007,0.2,2.7,1.03,0.0,0.0,220.0,0.0,0.0,150.0,0.0,0.0,500.0,32.0,1.0,1.0,2.0,250.0,NGSAW,690.0,10.0,,,,,-40.0,157.0,Chandel&-1985W3ch4,0.22,0.0,0.0,0.15,0.0,0.0
0.1,0.19,0.53,0.007,0.007,0.2,2.7,1.03,0.0,0.0,220.0,0.0,0.0,150.0,0.0,0.0,500.0,32.0,1.0,1.0,2.0,250.0,NGSAW,690.0,10.0,,,,,-60.0,53.0,Chandel&-1985W3ch5,0.22,0.0,0.0,0.15,0.0,0.0
0.09,0.24,0.68,0.013,0.006,0.2,2.22,1.03,0.0,0.0,520.0,0.0,0.0,100.0,0.0,0.0,500.0,30.0,1.0,1.0,3.6,200.0,NGGMA,690.0,10.0,535.0,627.0,23.0,,,,Chandel&-1985W4,0.52,0.0,0.0,0.1,0.0,0.0
0.09,0.24,0.68,0.013,0.006,0.2,2.22,1.03,0.0,0.0,520.0,0.0,0.0,100.0,0.0,0.0,500.0,30.0,1.0,1.0,3.6,200.0,NGGMA,690.0,10.0,,,,,27.0,144.0,Chandel&-1985W4ch1,0.52,0.0,0.0,0.1,0.0,0.0
0.09,0.24,0.68,0.013,0.006,0.2,2.22,1.03,0.0,0.0,520.0,0.0,0.0,100.0,0.0,0.0,500.0,30.0,1.0,1.0,3.6,200.0,NGGMA,690.0,10.0,,,,,2.0,127.0,Chandel&-1985W4ch2,0.52,0.0,0.0,0.1,0.0,0.0
0.09,0.24,0.68,0.013,0.006,0.2,2.22,1.03,0.0,0.0,520.0,0.0,0.0,100.0,0.0,0.0,500.0,30.0,1.0,1.0,3.6,200.0,NGGMA,690.0,10.0,,,,,-20.0,111.0,Chandel&-1985W4ch3,0.52,0.0,0.0,0.1,0.0,0.0
0.09,0.24,0.68,0.013,0.006,0.2,2.22,1.03,0.0,0.0,520.0,0.0,0.0,100.0,0.0,0.0,500.0,30.0,1.0,1.0,3.6,200.0,NGGMA,690.0,10.0,,,,,-40.0,81.0,Chandel&-1985W4ch4,0.52,0.0,0.0,0.1,0.0,0.0
0.09,0.24,0.68,0.013,0.006,0.2,2.22,1.03,0.0,0.0,520.0,0.0,0.0,100.0,0.0,0.0,500.0,30.0,1.0,1.0,3.6,200.0,NGGMA,690.0,10.0,,,,,-60.0,36.0,Chandel&-1985W4ch5,0.52,0.0,0.0,0.1,0.0,0.0
0.11,0.14,0.73,0.002,0.005,0.0,2.3,1.03,0.27,0.0,254.0,0.0,26.0,0.0,0.0,200.0,500.0,29.0,0.0,,2.9,200.0,SA,690.0,8.0,,738.0,,,,,Icici&-1992-CM1,0.254,0.0,0.026,0.0,0.0,0.2
0.11,0.14,0.73,0.002,0.005,0.0,2.3,1.03,0.27,0.0,254.0,0.0,26.0,0.0,0.0,200.0,500.0,29.0,0.0,,2.9,200.0,SA,690.0,8.0,,,,,-40.0,10.0,Icici&-1992-CM1ch1,0.254,0.0,0.026,0.0,0.0,0.2
0.11,0.14,0.73,0.002,0.005,0.0,2.3,1.03,0.27,0.0,254.0,0.0,26.0,0.0,0.0,200.0,500.0,29.0,0.0,,2.9,200.0,SA,690.0,8.0,,,,,-40.0,12.0,Icici&-1992-CM1ch2,0.254,0.0,0.026,0.0,0.0,0.2
0.11,0.14,0.73,0.002,0.005,0.0,2.3,1.03,0.27,0.0,254.0,0.0,26.0,0.0,0.0,200.0,500.0,29.0,0.0,,2.9,200.0,SA,690.0,8.0,,,,,-40.0,17.0,Icici&-1992-CM1ch3,0.254,0.0,0.026,0.0,0.0,0.2
0.11,0.14,0.73,0.002,0.005,0.0,2.3,1.03,0.27,0.0,254.0,0.0,26.0,0.0,0.0,200.0,500.0,29.0,0.0,,2.9,200.0,SA,690.0,8.0,,,,,-20.0,13.0,Icici&-1992-CM1ch4,0.254,0.0,0.026,0.0,0.0,0.2
0.11,0.14,0.73,0.002,0.005,0.0,2.3,1.03,0.27,0.0,254.0,0.0,26.0,0.0,0.0,200.0,500.0,29.0,0.0,,2.9,200.0,SA,690.0,8.0,,,,,-20.0,18.0,Icici&-1992-CM1ch5,0.254,0.0,0.026,0.0,0.0,0.2
0.11,0.14,0.73,0.002,0.005,0.0,2.3,1.03,0.27,0.0,254.0,0.0,26.0,0.0,0.0,200.0,500.0,29.0,0.0,,2.9,200.0,SA,690.0,8.0,,,,,-20.0,22.0,Icici&-1992-CM1ch6,0.254,0.0,0.026,0.0,0.0,0.2
0.11,0.14,0.73,0.002,0.005,0.0,2.3,1.03,0.27,0.0,254.0,0.0,26.0,0.0,0.0,200.0,500.0,29.0,0.0,,2.9,200.0,SA,690.0,24.0,,685.0,,,,,Icici&-1992-CM1,0.254,0.0,0.026,0.0,0.0,0.2
0.12,0.14,1.03,0.002,0.006,0.0,2.3,1.03,0.27,0.0,166.0,0.0,22.0,0.0,0.0,200.0,500.0,29.0,0.0,,2.9,200.0,SA,690.0,8.0,,745.0,,,,,Icici&-1992-CM2,0.166,0.0,0.022,0.0,0.0,0.2
0.12,0.14,1.03,0.002,0.006,0.0,2.3,1.03,0.27,0.0,166.0,0.0,22.0,0.0,0.0,200.0,500.0,29.0,0.0,,2.9,200.0,SA,690.0,8.0,,,,,-40.0,37.0,Icici&-1992-CM2ch1,0.166,0.0,0.022,0.0,0.0,0.2
0.12,0.14,1.03,0.002,0.006,0.0,2.3,1.03,0.27,0.0,166.0,0.0,22.0,0.0,0.0,200.0,500.0,29.0,0.0,,2.9,200.0,SA,690.0,8.0,,,,,-40.0,53.0,Icici&-1992-CM2ch2,0.166,0.0,0.022,0.0,0.0,0.2
0.12,0.14,1.03,0.002,0.006,0.0,2.3,1.03,0.27,0.0,166.0,0.0,22.0,0.0,0.0,200.0,500.0,29.0,0.0,,2.9,200.0,SA,690.0,8.0,,,,,-20.0,96.0,Icici&-1992-CM2ch2,0.166,0.0,0.022,0.0,0.0,0.2
0.12,0.14,1.03,0.002,0.006,0.0,2.3,1.03,0.27,0.0,166.0,0.0,22.0,0.0,0.0,200.0,500.0,29.0,0.0,,2.9,200.0,SA,690.0,8.0,,,,,-20.0,149.0,Icici&-1992-CM2ch4,0.166,0.0,0.022,0.0,0.0,0.2
0.12,0.14,1.03,0.002,0.006,0.0,2.3,1.03,0.27,0.0,166.0,0.0,22.0,0.0,0.0,200.0,500.0,29.0,0.0,,2.9,200.0,SA,690.0,8.0,,,,,-20.0,172.0,Icici&-1992-CM2ch5,0.166,0.0,0.022,0.0,0.0,0.2
0.12,0.14,1.03,0.002,0.006,0.0,2.3,1.03,0.27,0.0,166.0,0.0,22.0,0.0,0.0,200.0,500.0,29.0,0.0,,2.9,200.0,SA,690.0,24.0,,696.0,,,,,Icici&-1992-CM2,0.166,0.0,0.022,0.0,0.0,0.2
0.14,0.18,0.75,0.002,0.005,0.0,2.3,1.01,0.27,0.0,256.0,0.0,21.0,0.0,0.0,200.0,500.0,29.0,0.0,,2.9,200.0,SA,690.0,8.0,,770.0,,,,,Icici&-1992-CM3,0.256,0.0,0.021,0.0,0.0,0.2
0.14,0.18,0.75,0.002,0.005,0.0,2.3,1.01,0.27,0.0,256.0,0.0,21.0,0.0,0.0,200.0,500.0,29.0,0.0,,2.9,200.0,SA,690.0,8.0,,,,,-40.0,24.0,Icici&-1992-CM3ch1,0.256,0.0,0.021,0.0,0.0,0.2
0.14,0.18,0.75,0.002,0.005,0.0,2.3,1.01,0.27,0.0,256.0,0.0,21.0,0.0,0.0,200.0,500.0,29.0,0.0,,2.9,200.0,SA,690.0,8.0,,,,,-40.0,37.0,Icici&-1992-CM3ch2,0.256,0.0,0.021,0.0,0.0,0.2
0.14,0.18,0.75,0.002,0.005,0.0,2.3,1.01,0.27,0.0,256.0,0.0,21.0,0.0,0.0,200.0,500.0,29.0,0.0,,2.9,200.0,SA,690.0,8.0,,,,,-40.0,52.0,Icici&-1992-CM3ch3,0.256,0.0,0.021,0.0,0.0,0.2
0.14,0.18,0.75,0.002,0.005,0.0,2.3,1.01,0.27,0.0,256.0,0.0,21.0,0.0,0.0,200.0,500.0,29.0,0.0,,2.9,200.0,SA,690.0,8.0,,,,,-20.0,37.0,Icici&-1992-CM3ch4,0.256,0.0,0.021,0.0,0.0,0.2
0.14,0.18,0.75,0.002,0.005,0.0,2.3,1.01,0.27,0.0,256.0,0.0,21.0,0.0,0.0,200.0,500.0,29.0,0.0,,2.9,200.0,SA,690.0,8.0,,,,,-20.0,80.0,Icici&-1992-CM3ch5,0.256,0.0,0.021,0.0,0.0,0.2
0.14,0.18,0.75,0.002,0.005,0.0,2.3,1.01,0.27,0.0,256.0,0.0,21.0,0.0,0.0,200.0,500.0,29.0,0.0,,2.9,200.0,SA,690.0,24.0,,714.0,,,,,Icici&-1992-CM3,0.256,0.0,0.021,0.0,0.0,0.2
0.12,0.14,1.34,0.002,0.008,0.0,2.23,1.0,0.31,0.0,292.0,0.0,37.0,0.0,0.0,200.0,500.0,29.0,0.0,,2.9,200.0,SA,690.0,8.0,,,25.3,73.2,,,Icici&-1992-N1a,0.292,0.0,0.037,0.0,0.0,0.2
0.12,0.13,1.29,0.002,0.009,0.0,2.26,0.99,0.3,0.0,344.0,0.0,35.0,0.0,0.0,200.0,500.0,29.0,0.0,,2.9,200.0,SA,690.0,24.0,,,21.8,70.7,,,Icici&-1992-N1b,0.344,0.0,0.035,0.0,0.0,0.2
0.12,0.15,1.36,0.002,0.008,0.0,2.26,0.99,0.32,0.0,243.0,0.0,101.0,0.0,0.0,200.0,500.0,29.0,0.0,,2.9,200.0,SA,690.0,8.0,,,24.3,72.4,,,Icici&-1992-N2a,0.243,0.0,0.101,0.0,0.0,0.2
0.11,0.14,1.32,0.002,0.008,0.0,2.27,1.0,0.32,0.0,334.0,0.0,127.0,0.0,0.0,200.0,500.0,29.0,0.0,,2.9,200.0,SA,690.0,24.0,,,22.4,69.1,,,Icici&-1992-N2b,0.334,0.0,0.127,0.0,0.0,0.2
0.12,0.13,1.23,0.002,0.008,0.0,2.29,1.01,0.32,0.0,303.0,0.0,166.0,0.0,0.0,200.0,500.0,29.0,0.0,,2.9,200.0,SA,690.0,8.0,,,24.7,69.9,,,Icici&-1992-N3a,0.303,0.0,0.166,0.0,0.0,0.2
0.11,0.13,1.2,0.002,0.008,0.0,2.26,1.0,0.31,0.0,283.0,0.0,156.0,0.0,0.0,200.0,500.0,29.0,0.0,,2.9,200.0,SA,690.0,24.0,,,21.6,69.8,,,Icici&-1992-N3b,0.283,0.0,0.156,0.0,0.0,0.2
0.12,0.15,1.28,0.002,0.008,0.0,2.27,1.0,0.31,0.0,237.0,0.0,245.0,0.0,0.0,200.0,500.0,29.0,0.0,,2.9,200.0,SA,690.0,8.0,,,20.8,68.8,,,Icici&-1992-N4a,0.237,0.0,0.245,0.0,0.0,0.2
0.12,0.13,1.18,0.002,0.007,0.0,2.26,1.0,0.31,0.0,286.0,0.0,312.0,0.0,0.0,200.0,500.0,29.0,0.0,,2.9,200.0,SA,690.0,24.0,,,21.7,67.0,,,Icici&-1992-N4b,0.286,0.0,0.312,0.0,0.0,0.2
0.084,0.415,1.24,0.011,0.015,0.05,0.037,0.385,0.0,0.105,480.0,0.0,86.0,0.0,0.0,0.0,,,1.0,1.0,2.4,100.0,SA,550.0,1.83,529.0,635.0,25.6,70.0,,,Blond&-1984-A530a,0.48,0.0,0.086,0.0,0.0,0.0
0.084,0.415,1.24,0.011,0.015,0.05,0.037,0.385,0.0,0.105,480.0,0.0,86.0,0.0,0.0,0.0,,,1.0,1.0,2.4,100.0,SA,550.0,1.83,473.0,605.0,28.8,73.0,,,Blond&-1984-A530b,0.48,0.0,0.086,0.0,0.0,0.0
0.084,0.415,1.24,0.011,0.015,0.05,0.037,0.385,0.0,0.105,480.0,0.0,86.0,0.0,0.0,0.0,,,1.0,1.0,2.4,100.0,SA,550.0,1.83,557.0,658.0,23.8,68.5,,,Blond&-1984-A530c,0.48,0.0,0.086,0.0,0.0,0.0
0.084,0.415,1.24,0.011,0.015,0.05,0.037,0.385,0.0,0.105,480.0,0.0,86.0,0.0,0.0,0.0,,,1.0,1.0,2.4,100.0,SA,550.0,1.83,,,,,-40.0,96.0,Blond&-1984-A530d,0.48,0.0,0.086,0.0,0.0,0.0
0.084,0.415,1.24,0.011,0.015,0.05,0.037,0.385,0.0,0.105,480.0,0.0,86.0,0.0,0.0,0.0,,,1.0,1.0,2.4,100.0,SA,550.0,1.83,,,,,-79.0,40.0,Blond&-1984-A530e,0.48,0.0,0.086,0.0,0.0,0.0
0.084,0.415,1.24,0.011,0.015,0.05,0.037,0.385,0.0,0.105,480.0,0.0,86.0,0.0,0.0,0.0,,,1.0,1.0,2.4,100.0,SA,550.0,1.83,,,,,,,Blond&-1984-A530f,0.48,0.0,0.086,0.0,0.0,0.0
0.084,0.3,0.54,0.005,0.008,0.036,2.2,1.05,0.0,0.035,660.0,0.0,66.0,0.0,0.0,0.0,,,1.0,1.0,2.4,175.0,SA,690.0,2.33,496.0,638.0,23.3,73.0,,,Blond&-1984-10CD9.10a,0.66,0.0,0.066,0.0,0.0,0.0
0.084,0.3,0.54,0.005,0.008,0.036,2.2,1.05,0.0,0.035,660.0,0.0,66.0,0.0,0.0,0.0,,,1.0,1.0,2.4,175.0,SA,690.0,2.33,524.0,664.0,23.6,66.5,,,Blond&-1984-10CD9.10b,0.66,0.0,0.066,0.0,0.0,0.0
0.084,0.3,0.54,0.005,0.008,0.036,2.2,1.05,0.0,0.035,660.0,0.0,66.0,0.0,0.0,0.0,,,1.0,1.0,2.4,175.0,SA,690.0,2.33,530.0,653.0,21.5,69.0,,,Blond&-1984-10CD9.10c,0.66,0.0,0.066,0.0,0.0,0.0
0.084,0.3,0.54,0.005,0.008,0.036,2.2,1.05,0.0,0.035,660.0,0.0,66.0,0.0,0.0,0.0,,,1.0,1.0,2.4,175.0,SA,690.0,2.33,,,,,0.0,118.0,Blond&-1984-10CD9.10d,0.66,0.0,0.066,0.0,0.0,0.0
0.084,0.3,0.54,0.005,0.008,0.036,2.2,1.05,0.0,0.035,660.0,0.0,66.0,0.0,0.0,0.0,,,1.0,1.0,2.4,175.0,SA,690.0,2.33,,,,,-50.0,40.0,Blond&-1984-10CD9.10e,0.66,0.0,0.066,0.0,0.0,0.0
0.084,0.3,0.54,0.005,0.008,0.036,2.2,1.05,0.0,0.035,660.0,0.0,66.0,0.0,0.0,0.0,,,1.0,1.0,2.4,175.0,SA,690.0,2.33,,,,,,,Blond&-1984-10CD9.10f,0.66,0.0,0.066,0.0,0.0,0.0
0.06,0.2,1.15,0.007,0.017,0.16,0.052,0.45,0.0,0.128,350.0,0.0,97.0,0.0,0.0,0.0,,,1.0,1.0,2.4,125.0,SA,605.0,1.92,598.0,678.0,24.5,74.0,,,Blond&-1984-14MNDV5a,0.35,0.0,0.097,0.0,0.0,0.0
0.06,0.2,1.15,0.007,0.017,0.16,0.052,0.45,0.0,0.128,350.0,0.0,97.0,0.0,0.0,0.0,,,1.0,1.0,2.4,125.0,SA,605.0,1.92,663.0,730.0,22.5,66.5,,,Blond&-1984-14MNDV5b,0.35,0.0,0.097,0.0,0.0,0.0
0.06,0.2,1.15,0.007,0.017,0.16,0.052,0.45,0.0,0.128,350.0,0.0,97.0,0.0,0.0,0.0,,,1.0,1.0,2.4,125.0,SA,605.0,1.92,630.0,708.0,24.8,63.0,,,Blond&-1984-14MNDV5c,0.35,0.0,0.097,0.0,0.0,0.0
0.06,0.2,1.15,0.007,0.017,0.16,0.052,0.45,0.0,0.128,350.0,0.0,97.0,0.0,0.0,0.0,,,1.0,1.0,2.4,125.0,SA,605.0,1.92,,,,,-10.0,80.0,Blond&-1984-14MNDV5d,0.35,0.0,0.097,0.0,0.0,0.0
0.06,0.2,1.15,0.007,0.017,0.16,0.052,0.45,0.0,0.128,350.0,0.0,97.0,0.0,0.0,0.0,,,1.0,1.0,2.4,125.0,SA,605.0,1.92,,,,,-43.0,40.0,Blond&-1984-14MNDV5e,0.35,0.0,0.097,0.0,0.0,0.0
0.06,0.2,1.15,0.007,0.017,0.16,0.052,0.45,0.0,0.128,350.0,0.0,97.0,0.0,0.0,0.0,,,1.0,1.0,2.4,125.0,SA,605.0,1.92,,,,,,,Blond&-1984-14MNDV5f,0.35,0.0,0.097,0.0,0.0,0.0
0.11,0.18,0.7,0.009527236388547649,0.01295249695493301,0.13,2.28,0.27,0.0,0.0,0.0,0.0,62.0,0.0,0.0,200.0,535.0,63.0,0.0,,1.8,225.0,TSA,690.0,24.0,606.0,707.0,22.0,63.0,,,Natsume-1990-hl,0.0,0.0,0.062,0.0,0.0,0.2
0.1,0.17,0.67,0.009527236388547649,0.01295249695493301,0.14,2.31,0.29,0.0,0.0,0.0,0.0,240.0,0.0,0.0,240.0,535.0,63.0,0.0,,1.8,225.0,TSA,690.0,24.0,596.0,703.0,20.0,62.0,,,Natsume-1990-hh,0.0,0.0,0.24,0.0,0.0,0.24
0.11,0.17,0.65,0.009527236388547649,0.01295249695493301,0.02,2.28,0.27,0.0,0.0,0.0,0.0,68.0,0.0,0.0,68.0,535.0,63.0,0.0,,1.8,225.0,TSA,690.0,24.0,597.0,700.0,22.0,58.0,,,Natsume-1990-ll,0.0,0.0,0.068,0.0,0.0,0.068
0.1,0.16,0.61,0.009527236388547649,0.01295249695493301,0.02,2.27,0.27,0.0,0.0,0.0,0.0,260.0,0.0,0.0,260.0,535.0,63.0,0.0,,1.8,225.0,TSA,690.0,24.0,608.0,702.0,21.0,60.0,,,Natsume-1990-lh,0.0,0.0,0.26,0.0,0.0,0.26
0.07,0.08,0.98,0.01,0.01,0.27,2.07,1.07,0.015,0.0,891.0,0.0,97.0,0.0,0.0,0.0,300.0,28.0,1.0,1.0,2.04,150.0,FCA,690.0,10.0,440.0,540.0,24.0,67.0,,,Mart-A,0.891,0.0,0.097,0.0,0.0,0.0
0.07,0.08,0.98,0.01,0.01,0.27,2.07,1.07,0.015,0.0,891.0,0.0,97.0,0.0,0.0,0.0,300.0,28.0,1.0,1.0,2.04,150.0,FCA,690.0,10.0,,,,,-80.0,9.0,Mart-Aa,0.891,0.0,0.097,0.0,0.0,0.0
0.07,0.08,0.98,0.01,0.01,0.27,2.07,1.07,0.015,0.0,891.0,0.0,97.0,0.0,0.0,0.0,300.0,28.0,1.0,1.0,2.04,150.0,FCA,690.0,10.0,,,,,-70.0,9.0,Mart-Ab,0.891,0.0,0.097,0.0,0.0,0.0
0.07,0.08,0.98,0.01,0.01,0.27,2.07,1.07,0.015,0.0,891.0,0.0,97.0,0.0,0.0,0.0,300.0,28.0,1.0,1.0,2.04,150.0,FCA,690.0,10.0,,,,,-60.0,9.0,Mart-Ac,0.891,0.0,0.097,0.0,0.0,0.0
0.07,0.08,0.98,0.01,0.01,0.27,2.07,1.07,0.015,0.0,891.0,0.0,97.0,0.0,0.0,0.0,300.0,28.0,1.0,1.0,2.04,150.0,FCA,690.0,10.0,,,,,-40.0,19.0,Mart-Ad,0.891,0.0,0.097,0.0,0.0,0.0
0.07,0.08,0.98,0.01,0.01,0.27,2.07,1.07,0.015,0.0,891.0,0.0,97.0,0.0,0.0,0.0,300.0,28.0,1.0,1.0,2.04,150.0,FCA,690.0,10.0,,,,,-30.0,28.0,Mart-Ae,0.891,0.0,0.097,0.0,0.0,0.0
0.07,0.08,0.98,0.01,0.01,0.27,2.07,1.07,0.015,0.0,891.0,0.0,97.0,0.0,0.0,0.0,300.0,28.0,1.0,1.0,2.04,150.0,FCA,690.0,10.0,,,,,-20.0,43.0,Mart-Af,0.891,0.0,0.097,0.0,0.0,0.0
0.07,0.08,0.98,0.01,0.01,0.27,2.07,1.07,0.015,0.0,891.0,0.0,97.0,0.0,0.0,0.0,300.0,28.0,1.0,1.0,2.04,150.0,FCA,690.0,10.0,,,,,0.0,117.0,Mart-Ag,0.891,0.0,0.097,0.0,0.0,0.0
0.07,0.08,0.98,0.01,0.01,0.27,2.07,1.07,0.015,0.0,891.0,0.0,97.0,0.0,0.0,0.0,300.0,28.0,1.0,1.0,2.04,150.0,FCA,690.0,10.0,,,,,20.0,179.0,Mart-Ah,0.891,0.0,0.097,0.0,0.0,0.0
0.07,0.08,0.98,0.01,0.01,0.27,2.07,1.07,0.015,0.0,891.0,0.0,97.0,0.0,0.0,0.0,300.0,28.0,1.0,1.0,2.04,150.0,FCA,690.0,10.0,,,,,40.0,204.0,Mart-Ai,0.891,0.0,0.097,0.0,0.0,0.0
0.07,0.08,0.98,0.01,0.01,0.27,2.07,1.07,0.015,0.0,891.0,0.0,97.0,0.0,0.0,0.0,300.0,28.0,1.0,1.0,2.04,150.0,FCA,690.0,10.0,,,,,60.0,210.0,Mart-Aj,0.891,0.0,0.097,0.0,0.0,0.0
0.07,0.08,0.98,0.01,0.01,0.27,2.07,1.07,0.015,0.0,891.0,0.0,97.0,0.0,0.0,0.0,300.0,28.0,1.0,1.0,2.04,150.0,FCA,690.0,10.0,,,,,70.0,210.0,Mart-Ak,0.891,0.0,0.097,0.0,0.0,0.0
0.048,0.13,1.06,0.014,0.016,0.23,2.02,1.3,0.02,0.0,768.0,0.0,266.0,0.0,0.0,0.0,300.0,28.0,1.0,1.0,1.96,150.0,FCA,690.0,10.0,506.0,598.0,22.0,70.0,,,Mart-B,0.768,0.0,0.266,0.0,0.0,0.0
0.048,0.13,1.06,0.014,0.016,0.23,2.02,1.3,0.02,0.0,768.0,0.0,266.0,0.0,0.0,0.0,300.0,28.0,1.0,1.0,1.96,150.0,FCA,690.0,10.0,,,,,-70.0,6.0,Mart-Ba,0.768,0.0,0.266,0.0,0.0,0.0
0.048,0.13,1.06,0.014,0.016,0.23,2.02,1.3,0.02,0.0,768.0,0.0,266.0,0.0,0.0,0.0,300.0,28.0,1.0,1.0,1.96,150.0,FCA,690.0,10.0,,,,,-60.0,6.0,Mart-Bs,0.768,0.0,0.266,0.0,0.0,0.0
0.048,0.13,1.06,0.014,0.016,0.23,2.02,1.3,0.02,0.0,768.0,0.0,266.0,0.0,0.0,0.0,300.0,28.0,1.0,1.0,1.96,150.0,FCA,690.0,10.0,,,,,-40.0,15.0,Mart-Bc,0.768,0.0,0.266,0.0,0.0,0.0
0.048,0.13,1.06,0.014,0.016,0.23,2.02,1.3,0.02,0.0,768.0,0.0,266.0,0.0,0.0,0.0,300.0,28.0,1.0,1.0,1.96,150.0,FCA,690.0,10.0,,,,,-20.0,68.0,Mart-Bd,0.768,0.0,0.266,0.0,0.0,0.0
0.048,0.13,1.06,0.014,0.016,0.23,2.02,1.3,0.02,0.0,768.0,0.0,266.0,0.0,0.0,0.0,300.0,28.0,1.0,1.0,1.96,150.0,FCA,690.0,10.0,,,,,0.0,120.0,Mart-Be,0.768,0.0,0.266,0.0,0.0,0.0
0.048,0.13,1.06,0.014,0.016,0.23,2.02,1.3,0.02,0.0,768.0,0.0,266.0,0.0,0.0,0.0,300.0,28.0,1.0,1.0,1.96,150.0,FCA,690.0,10.0,,,,,20.0,151.0,Mart-Bf,0.768,0.0,0.266,0.0,0.0,0.0
0.048,0.13,1.06,0.014,0.016,0.23,2.02,1.3,0.02,0.0,768.0,0.0,266.0,0.0,0.0,0.0,300.0,28.0,1.0,1.0,1.96,150.0,FCA,690.0,10.0,,,,,40.0,160.0,Mart-Bg,0.768,0.0,0.266,0.0,0.0,0.0
0.048,0.13,1.06,0.014,0.016,0.23,2.02,1.3,0.02,0.0,768.0,0.0,266.0,0.0,0.0,0.0,300.0,28.0,1.0,1.0,1.96,150.0,FCA,690.0,10.0,,,,,60.0,164.0,Mart-Bh,0.768,0.0,0.266,0.0,0.0,0.0
0.043,0.12,0.86,0.011,0.017,0.2,2.01,0.93,0.02,0.0,922.0,0.0,123.0,0.0,0.0,0.0,300.0,20.0,1.0,1.0,2.08,150.0,FCA,690.0,10.0,505.0,600.0,19.0,69.0,,,Mart-C,0.922,0.0,0.123,0.0,0.0,0.0
0.043,0.12,0.86,0.011,0.017,0.2,2.01,0.93,0.02,0.0,922.0,0.0,123.0,0.0,0.0,0.0,300.0,20.0,1.0,1.0,2.08,150.0,FCA,690.0,10.0,,,,,-70.0,3.0,Mart-Ca,0.922,0.0,0.123,0.0,0.0,0.0
0.043,0.12,0.86,0.011,0.017,0.2,2.01,0.93,0.02,0.0,922.0,0.0,123.0,0.0,0.0,0.0,300.0,20.0,1.0,1.0,2.08,150.0,FCA,690.0,10.0,,,,,-60.0,3.0,Mart-Cb,0.922,0.0,0.123,0.0,0.0,0.0
0.043,0.12,0.86,0.011,0.017,0.2,2.01,0.93,0.02,0.0,922.0,0.0,123.0,0.0,0.0,0.0,300.0,20.0,1.0,1.0,2.08,150.0,FCA,690.0,10.0,,,,,-20.0,9.0,Mart-Cc,0.922,0.0,0.123,0.0,0.0,0.0
0.043,0.12,0.86,0.011,0.017,0.2,2.01,0.93,0.02,0.0,922.0,0.0,123.0,0.0,0.0,0.0,300.0,20.0,1.0,1.0,2.08,150.0,FCA,690.0,10.0,,,,,0.0,12.0,Mart-Cd,0.922,0.0,0.123,0.0,0.0,0.0
0.043,0.12,0.86,0.011,0.017,0.2,2.01,0.93,0.02,0.0,922.0,0.0,123.0,0.0,0.0,0.0,300.0,20.0,1.0,1.0,2.08,150.0,FCA,690.0,10.0,,,,,10.0,43.0,Mart-Ce,0.922,0.0,0.123,0.0,0.0,0.0
0.043,0.12,0.86,0.011,0.017,0.2,2.01,0.93,0.02,0.0,922.0,0.0,123.0,0.0,0.0,0.0,300.0,20.0,1.0,1.0,2.08,150.0,FCA,690.0,10.0,,,,,20.0,65.0,Mart-Cf,0.922,0.0,0.123,0.0,0.0,0.0
0.043,0.12,0.86,0.011,0.017,0.2,2.01,0.93,0.02,0.0,922.0,0.0,123.0,0.0,0.0,0.0,300.0,20.0,1.0,1.0,2.08,150.0,FCA,690.0,10.0,,,,,30.0,65.0,Mart-Cg,0.922,0.0,0.123,0.0,0.0,0.0
0.042,0.14,1.33,0.012,0.015,0.26,2.39,1.21,0.015,0.0,735.0,0.0,236.0,0.0,0.0,0.0,300.0,28.0,1.0,1.0,1.96,150.0,FCA,690.0,10.0,520.0,620.0,20.0,54.0,,,Mart-D,0.735,0.0,0.236,0.0,0.0,0.0
0.042,0.14,1.33,0.012,0.015,0.26,2.39,1.21,0.015,0.0,735.0,0.0,236.0,0.0,0.0,0.0,300.0,28.0,1.0,1.0,1.96,150.0,FCA,690.0,10.0,,,,,-80.0,6.0,Mart-Da,0.735,0.0,0.236,0.0,0.0,0.0
0.042,0.14,1.33,0.012,0.015,0.26,2.39,1.21,0.015,0.0,735.0,0.0,236.0,0.0,0.0,0.0,300.0,28.0,1.0,1.0,1.96,150.0,FCA,690.0,10.0,,,,,-70.0,6.0,Mart-Db,0.735,0.0,0.236,0.0,0.0,0.0
0.042,0.14,1.33,0.012,0.015,0.26,2.39,1.21,0.015,0.0,735.0,0.0,236.0,0.0,0.0,0.0,300.0,28.0,1.0,1.0,1.96,150.0,FCA,690.0,10.0,,,,,-60.0,12.0,Mart-Dc,0.735,0.0,0.236,0.0,0.0,0.0
0.042,0.14,1.33,0.012,0.015,0.26,2.39,1.21,0.015,0.0,735.0,0.0,236.0,0.0,0.0,0.0,300.0,28.0,1.0,1.0,1.96,150.0,FCA,690.0,10.0,,,,,-40.0,49.0,Mart-Dd,0.735,0.0,0.236,0.0,0.0,0.0
0.042,0.14,1.33,0.012,0.015,0.26,2.39,1.21,0.015,0.0,735.0,0.0,236.0,0.0,0.0,0.0,300.0,28.0,1.0,1.0,1.96,150.0,FCA,690.0,10.0,,,,,-20.0,96.0,Mart-De,0.735,0.0,0.236,0.0,0.0,0.0
0.042,0.14,1.33,0.012,0.015,0.26,2.39,1.21,0.015,0.0,735.0,0.0,236.0,0.0,0.0,0.0,300.0,28.0,1.0,1.0,1.96,150.0,FCA,690.0,10.0,,,,,0.0,123.0,Mart-Df,0.735,0.0,0.236,0.0,0.0,0.0
0.042,0.14,1.33,0.012,0.015,0.26,2.39,1.21,0.015,0.0,735.0,0.0,236.0,0.0,0.0,0.0,300.0,28.0,1.0,1.0,1.96,150.0,FCA,690.0,10.0,,,,,20.0,139.0,Mart-Dg,0.735,0.0,0.236,0.0,0.0,0.0
0.042,0.14,1.33,0.012,0.015,0.26,2.39,1.21,0.015,0.0,735.0,0.0,236.0,0.0,0.0,0.0,300.0,28.0,1.0,1.0,1.96,150.0,FCA,690.0,10.0,,,,,40.0,135.0,Mart-Dh,0.735,0.0,0.236,0.0,0.0,0.0
0.042,0.14,1.33,0.012,0.015,0.26,2.39,1.21,0.015,0.0,735.0,0.0,236.0,0.0,0.0,0.0,300.0,28.0,1.0,1.0,1.96,150.0,FCA,690.0,10.0,,,,,60.0,148.0,Mart-Di,0.735,0.0,0.236,0.0,0.0,0.0
0.047,0.42,1.0,0.015,0.016,0.17,2.29,1.04,0.018,0.0,695.0,0.0,165.0,0.0,0.0,0.0,300.0,28.0,1.0,1.0,2.08,150.0,FCA,690.0,10.0,537.0,620.0,11.0,24.0,,,Mart-E,0.695,0.0,0.165,0.0,0.0,0.0
0.047,0.42,1.0,0.015,0.016,0.17,2.29,1.04,0.018,0.0,695.0,0.0,165.0,0.0,0.0,0.0,300.0,28.0,1.0,1.0,2.08,150.0,FCA,690.0,10.0,,,,,-70.0,9.0,Mart-Ea,0.695,0.0,0.165,0.0,0.0,0.0
0.047,0.42,1.0,0.015,0.016,0.17,2.29,1.04,0.018,0.0,695.0,0.0,165.0,0.0,0.0,0.0,300.0,28.0,1.0,1.0,2.08,150.0,FCA,690.0,10.0,,,,,-60.0,9.0,Mart-Eb,0.695,0.0,0.165,0.0,0.0,0.0
0.047,0.42,1.0,0.015,0.016,0.17,2.29,1.04,0.018,0.0,695.0,0.0,165.0,0.0,0.0,0.0,300.0,28.0,1.0,1.0,2.08,150.0,FCA,690.0,10.0,,,,,-40.0,12.0,Mart-Ec,0.695,0.0,0.165,0.0,0.0,0.0
0.047,0.42,1.0,0.015,0.016,0.17,2.29,1.04,0.018,0.0,695.0,0.0,165.0,0.0,0.0,0.0,300.0,28.0,1.0,1.0,2.08,150.0,FCA,690.0,10.0,,,,,-20.0,22.0,Mart-Ed,0.695,0.0,0.165,0.0,0.0,0.0
0.047,0.42,1.0,0.015,0.016,0.17,2.29,1.04,0.018,0.0,695.0,0.0,165.0,0.0,0.0,0.0,300.0,28.0,1.0,1.0,2.08,150.0,FCA,690.0,10.0,,,,,0.0,46.0,Mart-Ee,0.695,0.0,0.165,0.0,0.0,0.0
0.047,0.42,1.0,0.015,0.016,0.17,2.29,1.04,0.018,0.0,695.0,0.0,165.0,0.0,0.0,0.0,300.0,28.0,1.0,1.0,2.08,150.0,FCA,690.0,10.0,,,,,20.0,96.0,Mart-Ef,0.695,0.0,0.165,0.0,0.0,0.0
0.047,0.42,1.0,0.015,0.016,0.17,2.29,1.04,0.018,0.0,695.0,0.0,165.0,0.0,0.0,0.0,300.0,28.0,1.0,1.0,2.08,150.0,FCA,690.0,10.0,,,,,40.0,154.0,Mart-Eg,0.695,0.0,0.165,0.0,0.0,0.0
0.047,0.42,1.0,0.015,0.016,0.17,2.29,1.04,0.018,0.0,695.0,0.0,165.0,0.0,0.0,0.0,300.0,28.0,1.0,1.0,2.08,150.0,FCA,690.0,10.0,,,,,60.0,164.0,Mart-Eh,0.695,0.0,0.165,0.0,0.0,0.0
0.047,0.42,1.0,0.015,0.016,0.17,2.29,1.04,0.018,0.0,695.0,0.0,165.0,0.0,0.0,0.0,300.0,28.0,1.0,1.0,2.08,150.0,FCA,690.0,10.0,,,,,70.0,167.0,Mart-Ei,0.695,0.0,0.165,0.0,0.0,0.0
0.074,0.27,1.11,0.009,0.024,0.17,2.3,0.96,0.018,0.0,556.0,0.0,113.0,0.0,0.0,0.0,290.0,29.0,1.0,1.0,2.0,150.0,FCA,690.0,10.0,595.0,675.0,24.0,69.0,,,Mart-F,0.556,0.0,0.113,0.0,0.0,0.0
0.074,0.27,1.11,0.009,0.024,0.17,2.3,0.96,0.018,0.0,556.0,0.0,113.0,0.0,0.0,0.0,290.0,29.0,1.0,1.0,2.0,150.0,FCA,690.0,10.0,,,,,-70.0,3.0,Mart-Fa,0.556,0.0,0.113,0.0,0.0,0.0
0.074,0.27,1.11,0.009,0.024,0.17,2.3,0.96,0.018,0.0,556.0,0.0,113.0,0.0,0.0,0.0,290.0,29.0,1.0,1.0,2.0,150.0,FCA,690.0,10.0,,,,,-60.0,3.0,Mart-Fb,0.556,0.0,0.113,0.0,0.0,0.0
0.074,0.27,1.11,0.009,0.024,0.17,2.3,0.96,0.018,0.0,556.0,0.0,113.0,0.0,0.0,0.0,290.0,29.0,1.0,1.0,2.0,150.0,FCA,690.0,10.0,,,,,-40.0,6.0,Mart-Fc,0.556,0.0,0.113,0.0,0.0,0.0
0.074,0.27,1.11,0.009,0.024,0.17,2.3,0.96,0.018,0.0,556.0,0.0,113.0,0.0,0.0,0.0,290.0,29.0,1.0,1.0,2.0,150.0,FCA,690.0,10.0,,,,,-20.0,12.0,Mart-Fd,0.556,0.0,0.113,0.0,0.0,0.0
0.074,0.27,1.11,0.009,0.024,0.17,2.3,0.96,0.018,0.0,556.0,0.0,113.0,0.0,0.0,0.0,290.0,29.0,1.0,1.0,2.0,150.0,FCA,690.0,10.0,,,,,0.0,31.0,Mart-Fe,0.556,0.0,0.113,0.0,0.0,0.0
0.074,0.27,1.11,0.009,0.024,0.17,2.3,0.96,0.018,0.0,556.0,0.0,113.0,0.0,0.0,0.0,290.0,29.0,1.0,1.0,2.0,150.0,FCA,690.0,10.0,,,,,20.0,52.0,Mart-Ff,0.556,0.0,0.113,0.0,0.0,0.0
0.074,0.27,1.11,0.009,0.024,0.17,2.3,0.96,0.018,0.0,556.0,0.0,113.0,0.0,0.0,0.0,290.0,29.0,1.0,1.0,2.0,150.0,FCA,690.0,10.0,,,,,40.0,80.0,Mart-Fg,0.556,0.0,0.113,0.0,0.0,0.0
0.074,0.27,1.11,0.009,0.024,0.17,2.3,0.96,0.018,0.0,556.0,0.0,113.0,0.0,0.0,0.0,290.0,29.0,1.0,1.0,2.0,150.0,FCA,690.0,10.0,,,,,50.0,93.0,Mart-Fh,0.556,0.0,0.113,0.0,0.0,0.0
0.074,0.27,1.11,0.009,0.024,0.17,2.3,0.96,0.018,0.0,556.0,0.0,113.0,0.0,0.0,0.0,290.0,29.0,1.0,1.0,2.0,150.0,FCA,690.0,10.0,,,,,60.0,99.0,Mart-Fi,0.556,0.0,0.113,0.0,0.0,0.0
0.074,0.27,1.11,0.009,0.024,0.17,2.3,0.96,0.018,0.0,556.0,0.0,113.0,0.0,0.0,0.0,290.0,29.0,1.0,1.0,2.0,150.0,FCA,690.0,10.0,,,,,70.0,105.0,Mart-Fj,0.556,0.0,0.113,0.0,0.0,0.0
0.062,0.24,1.24,0.14,0.25,0.22,2.17,0.98,0.18,0.0,408.0,0.0,269.0,0.0,0.0,0.0,290.0,29.0,1.0,1.0,2.0,150.0,FCA,690.0,10.0,643.0,708.0,16.0,32.0,,,Mart-G,0.408,0.0,0.269,0.0,0.0,0.0
0.062,0.24,1.24,0.14,0.25,0.22,2.17,0.98,0.18,0.0,408.0,0.0,269.0,0.0,0.0,0.0,290.0,29.0,1.0,1.0,2.0,150.0,FCA,690.0,10.0,,,,,-70.0,6.0,Mart-Ga,0.408,0.0,0.269,0.0,0.0,0.0
0.062,0.24,1.24,0.14,0.25,0.22,2.17,0.98,0.18,0.0,408.0,0.0,269.0,0.0,0.0,0.0,290.0,29.0,1.0,1.0,2.0,150.0,FCA,690.0,10.0,,,,,-60.0,9.0,Mart-Gb,0.408,0.0,0.269,0.0,0.0,0.0
0.062,0.24,1.24,0.14,0.25,0.22,2.17,0.98,0.18,0.0,408.0,0.0,269.0,0.0,0.0,0.0,290.0,29.0,1.0,1.0,2.0,150.0,FCA,690.0,10.0,,,,,-40.0,19.0,Mart-Gc,0.408,0.0,0.269,0.0,0.0,0.0
0.062,0.24,1.24,0.14,0.25,0.22,2.17,0.98,0.18,0.0,408.0,0.0,269.0,0.0,0.0,0.0,290.0,29.0,1.0,1.0,2.0,150.0,FCA,690.0,10.0,,,,,-20.0,37.0,Mart-Gd,0.408,0.0,0.269,0.0,0.0,0.0
0.062,0.24,1.24,0.14,0.25,0.22,2.17,0.98,0.18,0.0,408.0,0.0,269.0,0.0,0.0,0.0,290.0,29.0,1.0,1.0,2.0,150.0,FCA,690.0,10.0,,,,,0.0,56.0,Mart-Ge,0.408,0.0,0.269,0.0,0.0,0.0
0.062,0.24,1.24,0.14,0.25,0.22,2.17,0.98,0.18,0.0,408.0,0.0,269.0,0.0,0.0,0.0,290.0,29.0,1.0,1.0,2.0,150.0,FCA,690.0,10.0,,,,,20.0,62.0,Mart-Gf,0.408,0.0,0.269,0.0,0.0,0.0
0.062,0.24,1.24,0.14,0.25,0.22,2.17,0.98,0.18,0.0,408.0,0.0,269.0,0.0,0.0,0.0,290.0,29.0,1.0,1.0,2.0,150.0,FCA,690.0,10.0,,,,,40.0,68.0,Mart-Gg,0.408,0.0,0.269,0.0,0.0,0.0
0.062,0.24,1.24,0.14,0.25,0.22,2.17,0.98,0.18,0.0,408.0,0.0,269.0,0.0,0.0,0.0,290.0,29.0,1.0,1.0,2.0,150.0,FCA,690.0,10.0,,,,,60.0,68.0,Mart-Gh,0.408,0.0,0.269,0.0,0.0,0.0
0.062,0.24,1.24,0.14,0.25,0.22,2.17,0.98,0.18,0.0,408.0,0.0,269.0,0.0,0.0,0.0,290.0,29.0,1.0,1.0,2.0,150.0,FCA,690.0,10.0,,,,,70.0,71.0,Mart-Gi,0.408,0.0,0.269,0.0,0.0,0.0
0.055,0.37,0.82,0.021,0.008,0.086,2.5,0.99,0.009483578496687229,0.51,694.0,50.0,160.0,130.0,0.0,0.0,,,1.0,1.0,3.6,177.0,TSA,0.0,0.0,740.0,901.0,15.0,41.8,,,Sw&Rog-1973a,0.694,0.05,0.16,0.13,0.0,0.0
0.055,0.37,0.82,0.021,0.008,0.086,2.5,0.99,0.005920470693860453,0.51,694.0,50.0,160.0,130.0,0.0,0.0,,,1.0,1.0,3.6,177.0,TSA,482.0,4.5,776.0,909.0,16.8,43.0,,,Sw&Rog-1973b,0.694,0.05,0.16,0.13,0.0,0.0
0.055,0.37,0.82,0.021,0.008,0.086,2.5,0.99,0.009780339341455531,0.51,694.0,50.0,160.0,130.0,0.0,0.0,,,1.0,1.0,3.6,177.0,TSA,593.0,4.5,719.0,811.0,16.0,44.6,,,Sw&Rog-1973c,0.694,0.05,0.16,0.13,0.0,0.0
0.055,0.37,0.82,0.021,0.008,0.086,2.5,0.99,0.009992141451931249,0.51,694.0,50.0,160.0,130.0,0.0,0.0,,,1.0,1.0,3.6,177.0,TSA,704.0,4.5,457.0,569.0,25.8,67.0,,,Sw&Rog-1973d,0.694,0.05,0.16,0.13,0.0,0.0
0.13,0.17,0.73,0.003,0.008,0.06,2.3,1.0,0.021,0.08,0.0,9.707338380007117,0.0,140.0,0.0,10.0,450.0,26.0,1.0,1.0,2.8,225.0,NGSAW,690.0,14.0,437.0,585.0,23.0,,,,Kik-ngsaw,0.0,0.009707338380007117,0.0,0.14,0.0,0.01
0.11,0.27,0.65,0.005,0.007,0.02,2.47,1.12,0.012,0.17,0.0,4.91124719023375,0.0,60.0,0.0,30.0,277.5,27.0,1.0,1.0,1.85,175.0,NGGMA,690.0,14.0,431.0,570.0,28.0,,,,Kik-nggma,0.0,0.00491124719023375,0.0,0.06,0.0,0.03
0.069,0.53,0.58,0.018,0.014,0.0,2.6,1.1,0.0,0.0,430.0,0.0,0.0,0.0,0.0,0.0,150.0,37.5,1.0,1.0,1.0,300.0,MMA,690.0,3.0,593.0,698.0,17.0,67.0,,,Wolst-1974-A,0.43,0.0,0.0,0.0,0.0,0.0
0.05,0.45,0.73,0.015,0.018,0.0,2.8,1.1,0.0,0.0,460.0,0.0,0.0,0.0,0.0,0.0,150.0,37.5,1.0,1.0,1.0,300.0,MMA,690.0,3.0,591.0,705.0,17.0,70.0,,,Wolst-1974-B,0.46,0.0,0.0,0.0,0.0,0.0
0.051,0.43,0.76,0.024,0.019,0.0,2.8,1.1,0.0,0.0,410.0,0.0,0.0,0.0,0.0,0.0,150.0,37.5,1.0,1.0,1.0,300.0,MMA,690.0,3.0,614.0,713.0,18.0,67.0,,,Wolst-1974-C,0.41,0.0,0.0,0.0,0.0,0.0
0.067,0.13,0.94,0.017,0.026,0.0,2.9,1.4,0.0,0.0,550.0,0.0,0.0,0.0,0.0,0.0,150.0,37.5,1.0,1.0,1.0,300.0,MMA,690.0,3.0,546.0,658.0,18.0,65.0,,,Wolst-1974-E,0.55,0.0,0.0,0.0,0.0,0.0
0.058,0.2,0.55,0.027,0.027,0.0,1.8,1.2,0.0,0.0,730.0,0.0,0.0,0.0,0.0,0.0,150.0,37.5,1.0,1.0,1.0,300.0,MMA,690.0,3.0,464.0,578.0,23.0,71.0,,,Wolst-1974-F,0.73,0.0,0.0,0.0,0.0,0.0
0.125,0.39,0.88,0.025,0.028,0.0,2.5,1.4,0.0,0.0,470.0,0.0,0.0,0.0,0.0,0.0,150.0,37.5,1.0,1.0,1.0,300.0,MMA,690.0,3.0,646.0,737.0,18.0,63.0,,,Wolst-1974-G,0.47,0.0,0.0,0.0,0.0,0.0
0.053,0.3,0.84,0.019,0.012,0.0,2.1,1.3,0.0,0.0,690.0,0.0,0.0,0.0,0.0,0.0,150.0,37.5,1.0,1.0,1.0,300.0,MMA,690.0,3.0,536.0,652.0,20.0,73.0,,,Wolst-1974-K,0.69,0.0,0.0,0.0,0.0,0.0
0.075,0.35,0.8,0.02,0.017,0.0,2.3,1.5,0.0,0.0,550.0,0.0,0.0,0.0,0.0,0.0,150.0,37.5,1.0,1.0,1.0,300.0,MMA,690.0,3.0,546.0,648.0,18.0,17.0,,,Wolst-1974-N,0.55,0.0,0.0,0.0,0.0,0.0
0.065,0.39,0.77,0.029,0.016,0.0,2.4,1.4,0.0,0.0,560.0,0.0,0.0,0.0,0.0,0.0,150.0,37.5,1.0,1.0,1.0,300.0,MMA,690.0,3.0,581.0,693.0,20.0,69.0,,,Wolst-1974-Y,0.56,0.0,0.0,0.0,0.0,0.0
0.061,0.32,0.27,0.022,0.016,0.0,2.2,1.2,0.0,0.0,690.0,0.0,0.0,0.0,0.0,0.0,150.0,37.5,1.0,1.0,1.0,300.0,MMA,690.0,3.0,537.0,648.0,22.0,65.0,,,Wolst-1974-AM1,0.69,0.0,0.0,0.0,0.0,0.0
0.043,0.34,0.45,0.019,0.017,0.0,2.2,1.4,0.0,0.0,580.0,0.0,0.0,0.0,0.0,0.0,150.0,37.5,1.0,1.0,1.0,300.0,MMA,690.0,3.0,527.0,635.0,20.0,67.0,,,Wolst-1974-AM2,0.58,0.0,0.0,0.0,0.0,0.0
0.066,0.41,0.67,0.018,0.029,0.0,2.5,1.2,0.0,0.0,620.0,0.0,0.0,0.0,0.0,0.0,150.0,37.5,1.0,1.0,1.0,300.0,MMA,690.0,3.0,561.0,666.0,20.0,68.0,,,Wolst-1974-AM3,0.62,0.0,0.0,0.0,0.0,0.0
0.1,0.44,0.8,0.021,0.02,0.0,2.5,1.2,0.0,0.0,520.0,0.0,0.0,0.0,0.0,0.0,150.0,37.5,1.0,1.0,1.0,300.0,MMA,690.0,3.0,576.0,678.0,17.0,70.0,,,Wolst-1974-AM4,0.52,0.0,0.0,0.0,0.0,0.0
0.044,0.04,0.45,0.014,0.017,0.0,2.3,0.0,0.0,0.0,1650.0,0.0,0.0,0.0,0.0,0.0,150.0,37.5,1.0,1.0,1.0,300.0,MMA,690.0,3.0,392.0,524.0,22.0,67.0,,,Wolst-1974-AS0,1.65,0.0,0.0,0.0,0.0,0.0
0.05,0.07,0.48,0.007,0.018,0.0,2.2,0.0,0.0,0.0,1440.0,0.0,0.0,0.0,0.0,0.0,150.0,37.5,1.0,1.0,1.0,300.0,MMA,690.0,3.0,473.0,578.0,21.0,71.0,,,Wolst-1974-AS1,1.44,0.0,0.0,0.0,0.0,0.0
0.05,0.18,0.63,0.015,0.018,0.0,2.0,0.0,0.0,0.0,750.0,0.0,0.0,0.0,0.0,0.0,150.0,37.5,1.0,1.0,1.0,300.0,MMA,690.0,3.0,543.0,649.0,20.0,71.0,,,Wolst-1974-AS2,0.75,0.0,0.0,0.0,0.0,0.0
0.049,0.39,0.78,0.022,0.018,0.0,2.2,1.1,0.0,0.0,680.0,0.0,0.0,0.0,0.0,0.0,150.0,37.5,1.0,1.0,1.0,300.0,MMA,690.0,3.0,546.0,661.0,20.0,69.0,,,Wolst-1974-AT0.25,0.68,0.0,0.0,0.0,0.0,0.0
0.075,0.41,0.77,0.021,0.018,0.0,2.2,1.1,0.0,0.0,1150.0,0.0,0.0,0.0,0.0,0.0,150.0,37.5,1.0,1.0,1.0,300.0,MMA,690.0,3.0,562.0,669.0,20.0,70.0,,,Wolst-1974-AT0.5,1.15,0.0,0.0,0.0,0.0,0.0
0.045,0.45,0.8,0.012,0.02,0.0,2.4,1.0,0.0,0.0,1180.0,0.0,0.0,0.0,0.0,0.0,150.0,37.5,1.0,1.0,1.0,300.0,MMA,690.0,3.0,603.0,705.0,19.0,66.0,,,Wolst-1974-AT0.75,1.18,0.0,0.0,0.0,0.0,0.0
0.036,0.55,0.84,0.013,0.02,0.0,2.5,1.0,0.0,0.0,1070.0,0.0,0.0,0.0,0.0,0.0,150.0,37.5,1.0,1.0,1.0,300.0,MMA,690.0,3.0,619.0,727.0,20.0,66.0,,,Wolst-1974-AT1.5,1.07,0.0,0.0,0.0,0.0,0.0
0.058,0.61,0.93,0.014,0.017,0.0,2.5,1.1,0.0,0.0,1020.0,0.0,0.0,0.0,0.0,0.0,150.0,37.5,1.0,1.0,1.0,300.0,MMA,690.0,3.0,638.0,736.0,17.0,66.0,,,Wolst-1974-AT2.0,1.02,0.0,0.0,0.0,0.0,0.0
0.09,0.2,1.25,0.011,0.022,0.0,2.4,0.9,0.0,0.0,690.0,0.0,0.0,0.0,0.0,0.0,150.0,37.5,1.0,1.0,1.0,300.0,MMA,690.0,3.0,594.0,680.0,20.0,66.0,,,Wolst-1974-S20,0.69,0.0,0.0,0.0,0.0,0.0
0.12,0.27,1.27,0.014,0.021,0.0,2.4,0.9,0.0,0.0,680.0,0.0,0.0,0.0,0.0,0.0,150.0,37.5,1.0,1.0,1.0,300.0,MMA,690.0,3.0,,,,,,,Wolst-1974-S25,0.68,0.0,0.0,0.0,0.0,0.0
0.09,0.39,1.18,0.013,0.022,0.0,2.4,1.0,0.0,0.0,570.0,0.0,0.0,0.0,0.0,0.0,150.0,37.5,1.0,1.0,1.0,300.0,MMA,690.0,3.0,,,,,,,Wolst-1974-S30,0.57,0.0,0.0,0.0,0.0,0.0
0.11,0.48,1.13,0.015,0.018,0.0,2.4,0.9,0.0,0.0,520.0,0.0,0.0,0.0,0.0,0.0,150.0,37.5,1.0,1.0,1.0,300.0,MMA,690.0,3.0,,,,,,,Wolst-1974-S35,0.52,0.0,0.0,0.0,0.0,0.0
0.09,0.59,1.1,0.013,0.02,0.0,2.4,0.8,0.0,0.0,540.0,0.0,0.0,0.0,0.0,0.0,150.0,37.5,1.0,1.0,1.0,300.0,MMA,690.0,3.0,648.0,743.0,18.0,58.0,,,Wolst-1974-S40,0.54,0.0,0.0,0.0,0.0,0.0
0.05,0.33,0.83,0.02,0.018,0.0,2.3,1.1,0.0,0.0,0.0,0.0,0.0,0.0,0.0,0.0,150.0,37.5,1.0,1.0,1.0,300.0,MMA,690.0,3.0,,,,,,,Wolst-1974-M80,0.0,0.0,0.0,0.0,0.0,0.0
0.09,0.3,1.25,0.02,0.016,0.0,2.0,1.1,0.0,0.0,0.0,0.0,0.0,0.0,0.0,0.0,150.0,37.5,1.0,1.0,1.0,300.0,MMA,690.0,3.0,,,,,,,Wolst-1974-M110,0.0,0.0,0.0,0.0,0.0,0.0
0.06,0.26,0.94,0.011,0.018,0.0,2.3,1.2,0.0,0.0,0.0,0.0,0.0,0.0,0.0,0.0,150.0,37.5,1.0,1.0,1.0,300.0,MMA,690.0,3.0,,,,,,,Wolst-1974-AA,0.0,0.0,0.0,0.0,0.0,0.0
0.05,0.34,0.96,0.017,0.018,0.0,2.4,1.1,0.0,0.0,0.0,0.0,0.0,0.0,0.0,0.0,150.0,37.5,1.0,1.0,1.0,300.0,MMA,690.0,3.0,,,,,,,Wolst-1974-BB,0.0,0.0,0.0,0.0,0.0,0.0
0.05,0.27,0.94,0.011,0.015,0.0,2.3,1.3,0.0,0.0,0.0,0.0,0.0,0.0,0.0,0.0,150.0,37.5,1.0,1.0,1.0,300.0,MMA,690.0,3.0,,,,,,,Wolst-1974-FF,0.0,0.0,0.0,0.0,0.0,0.0
0.05,0.3,1.0,0.006,0.015,0.0,2.2,1.1,0.0,0.0,0.0,0.0,0.0,0.0,0.0,0.0,150.0,37.5,1.0,1.0,1.0,300.0,MMA,690.0,3.0,,,,,,,Wolst-1974-KK,0.0,0.0,0.0,0.0,0.0,0.0
0.08,0.25,0.8,0.01,0.01,0.03,2.3,1.05,0.00979138256373186,0.02,0.0,0.0,0.0,0.0,0.0,0.0,525.0,30.0,1.0,1.0,1.75,210.0,SA,700.0,20.0,507.0,613.0,,,,,Ditt-oat,0.0,0.0,0.0,0.0,0.0,0.0
0.08,0.25,0.8,0.01,0.01,0.03,2.3,1.05,0.009675733173113836,0.02,0.0,0.0,0.0,0.0,0.0,0.0,525.0,30.0,1.0,1.0,1.75,210.0,SA,700.0,20.0,,,,,20.0,231.0,Ditt-oatch1,0.0,0.0,0.0,0.0,0.0,0.0
0.08,0.25,0.8,0.01,0.01,0.03,2.3,1.05,0.005128891202225838,0.02,0.0,0.0,0.0,0.0,0.0,0.0,525.0,30.0,1.0,1.0,1.75,210.0,SA,700.0,20.0,,,,,-10.0,197.0,Ditt-oatch2,0.0,0.0,0.0,0.0,0.0,0.0
0.08,0.25,0.8,0.01,0.01,0.03,2.3,1.05,0.009425943231543141,0.02,0.0,0.0,0.0,0.0,0.0,0.0,525.0,30.0,1.0,1.0,1.75,210.0,SA,700.0,20.0,,,,,-30.0,170.0,Ditt-oatch3,0.0,0.0,0.0,0.0,0.0,0.0
0.08,0.25,0.8,0.01,0.01,0.03,2.3,1.05,0.005852987988876437,0.02,0.0,0.0,0.0,0.0,0.0,0.0,525.0,30.0,1.0,1.0,1.75,210.0,SA,700.0,20.0,527.0,627.0,,,,,Ditt-0.5t,0.0,0.0,0.0,0.0,0.0,0.0
0.08,0.25,0.8,0.01,0.01,0.03,2.3,1.05,0.009412904746206693,0.02,0.0,0.0,0.0,0.0,0.0,0.0,525.0,30.0,1.0,1.0,1.75,210.0,SA,700.0,20.0,,,,,20.0,224.0,Ditt-0.5tch1,0.0,0.0,0.0,0.0,0.0,0.0
0.08,0.25,0.8,0.01,0.01,0.03,2.3,1.05,0.009352827056358749,0.02,0.0,0.0,0.0,0.0,0.0,0.0,525.0,30.0,1.0,1.0,1.75,210.0,SA,700.0,20.0,,,,,-10.0,203.0,Ditt-0.5tch2,0.0,0.0,0.0,0.0,0.0,0.0
0.08,0.25,0.8,0.01,0.01,0.03,2.3,1.05,0.0054349757656959674,0.02,0.0,0.0,0.0,0.0,0.0,0.0,525.0,30.0,1.0,1.0,1.75,210.0,SA,700.0,20.0,,,,,-30.0,171.0,Ditt-0.5tch3,0.0,0.0,0.0,0.0,0.0,0.0
0.08,0.25,0.8,0.01,0.01,0.03,2.3,1.05,0.009286808873040729,0.02,0.0,0.0,0.0,0.0,0.0,0.0,525.0,30.0,1.0,1.0,1.75,210.0,SA,700.0,20.0,515.0,616.0,,,,,Ditt-0.5a,0.0,0.0,0.0,0.0,0.0,0.0
0.08,0.25,0.8,0.01,0.01,0.03,2.3,1.05,0.009225166070681278,0.02,0.0,0.0,0.0,0.0,0.0,0.0,525.0,30.0,1.0,1.0,1.75,210.0,SA,700.0,20.0,,,,,20.0,227.0,Ditt-0.5ach1,0.0,0.0,0.0,0.0,0.0,0.0
0.08,0.25,0.8,0.01,0.01,0.03,2.3,1.05,0.009994865028615778,0.02,0.0,0.0,0.0,0.0,0.0,0.0,525.0,30.0,1.0,1.0,1.75,210.0,SA,700.0,20.0,,,,,-10.0,175.0,Ditt-0.5ach2,0.0,0.0,0.0,0.0,0.0,0.0
0.08,0.25,0.8,0.01,0.01,0.03,2.3,1.05,0.005591581418828061,0.02,0.0,0.0,0.0,0.0,0.0,0.0,525.0,30.0,1.0,1.0,1.75,210.0,SA,700.0,20.0,,,,,-30.0,152.0,Ditt-0.5ach3,0.0,0.0,0.0,0.0,0.0,0.0
0.08,0.25,0.8,0.01,0.01,0.03,2.3,1.05,0.009422676785235739,0.02,0.0,0.0,0.0,0.0,0.0,0.0,525.0,30.0,1.0,1.0,1.75,210.0,SA,700.0,20.0,509.0,610.0,,,,,Ditt-0.5r,0.0,0.0,0.0,0.0,0.0,0.0
0.08,0.25,0.8,0.01,0.01,0.03,2.3,1.05,0.009369889744254423,0.02,0.0,0.0,0.0,0.0,0.0,0.0,525.0,30.0,1.0,1.0,1.75,210.0,SA,700.0,20.0,,,,,20.0,221.0,Ditt-0.5rch1,0.0,0.0,0.0,0.0,0.0,0.0
0.08,0.25,0.8,0.01,0.01,0.03,2.3,1.05,0.009793629531597719,0.02,0.0,0.0,0.0,0.0,0.0,0.0,525.0,30.0,1.0,1.0,1.75,210.0,SA,700.0,20.0,,,,,188.0,141.0,Ditt-0.5rch2,0.0,0.0,0.0,0.0,0.0,0.0
0.08,0.25,0.8,0.01,0.01,0.03,2.3,1.05,0.00929826305786172,0.02,0.0,0.0,0.0,0.0,0.0,0.0,525.0,30.0,1.0,1.0,1.75,210.0,SA,700.0,20.0,,,,,-30.0,141.0,Ditt-0.5rch3,0.0,0.0,0.0,0.0,0.0,0.0
0.08,0.25,0.8,0.01,0.01,0.03,2.3,1.05,0.0058416375373543175,0.02,0.0,0.0,0.0,0.0,0.0,0.0,525.0,30.0,1.0,1.0,1.75,210.0,SA,700.0,20.0,504.0,612.0,,,,,Ditt-iat,0.0,0.0,0.0,0.0,0.0,0.0
0.08,0.25,0.8,0.01,0.01,0.03,2.3,1.05,0.009912973879947858,0.02,0.0,0.0,0.0,0.0,0.0,0.0,525.0,30.0,1.0,1.0,1.75,210.0,SA,700.0,20.0,,,,,20.0,233.0,Ditt-iatch1,0.0,0.0,0.0,0.0,0.0,0.0
0.08,0.25,0.8,0.01,0.01,0.03,2.3,1.05,0.009698462063641358,0.02,0.0,0.0,0.0,0.0,0.0,0.0,525.0,30.0,1.0,1.0,1.75,210.0,SA,700.0,20.0,,,,,-10.0,199.0,Ditt-iatch2,0.0,0.0,0.0,0.0,0.0,0.0
0.08,0.25,0.8,0.01,0.01,0.03,2.3,1.05,0.009404774250079616,0.02,0.0,0.0,0.0,0.0,0.0,0.0,525.0,30.0,1.0,1.0,1.75,210.0,SA,700.0,20.0,,,,,-30.0,170.0,Ditt-iatch3,0.0,0.0,0.0,0.0,0.0,0.0
0.03,0.55,0.88,0.012,0.013,0.0,2.06,1.08,0.0,0.0,0.0,0.0,0.0,0.0,0.0,0.0,545.0,32.0,1.0,1.0,3.7,200.0,SA,720.0,3.5,315.0,500.0,,,,,Inag&-1966-B,0.0,0.0,0.0,0.0,0.0,0.0
0.03,0.55,0.88,0.012,0.013,0.0,2.06,1.08,0.0,0.0,0.0,0.0,0.0,0.0,0.0,0.0,545.0,32.0,1.0,1.0,3.7,200.0,SA,720.0,3.5,350.0,530.0,,,,,Inag&-1966-C,0.0,0.0,0.0,0.0,0.0,0.0
0.095,0.35,0.9,0.008,0.02,0.0,0.0,0.0,0.0,0.0,269.0,0.0,54.0,170.0,0.0,0.0,450.0,30.0,,1.0,2.025,250.0,SA,200.0,1.0,408.0,501.0,32.6,77.0,,,p9-RR82011,0.269,0.0,0.054,0.17,0.0,0.0
0.095,0.35,0.9,0.008,0.02,0.0,0.0,0.0,0.0,0.0,269.0,0.0,54.0,170.0,0.0,0.0,450.0,30.0,,1.0,2.025,250.0,SA,200.0,1.0,394.0,496.0,34.2,78.0,,,p9-RR82011,0.269,0.0,0.054,0.17,0.0,0.0
0.093,0.32,0.86,0.01,0.018,0.0,0.0,0.0,0.0,0.0,236.0,0.0,54.0,180.0,0.0,0.0,550.0,30.0,,1.0,2.475,250.0,SA,200.0,1.0,390.0,486.0,33.0,76.0,,,p10-RR82011,0.236,0.0,0.054,0.18,0.0,0.0
0.093,0.32,0.86,0.01,0.018,0.0,0.0,0.0,0.0,0.0,236.0,0.0,54.0,180.0,0.0,0.0,550.0,30.0,,1.0,2.475,250.0,SA,200.0,1.0,388.0,482.0,31.8,75.0,,,p10-RR82011,0.236,0.0,0.054,0.18,0.0,0.0
0.096,0.3,0.8,0.012,0.013,0.0,0.0,0.0,0.0,0.0,265.0,0.0,47.0,170.0,0.0,0.0,650.0,30.0,,1.0,2.925,250.0,SA,200.0,1.0,370.0,481.0,33.6,76.0,,,p11-RR82011,0.265,0.0,0.047,0.17,0.0,0.0
0.096,0.3,0.8,0.012,0.013,0.0,0.0,0.0,0.0,0.0,265.0,0.0,47.0,170.0,0.0,0.0,650.0,30.0,,1.0,2.925,250.0,SA,200.0,1.0,379.0,490.0,32.2,77.0,,,p11-RR82011,0.265,0.0,0.047,0.17,0.0,0.0
0.1,0.28,0.82,0.012,0.014,0.0,0.0,0.0,0.0,0.0,258.0,0.0,45.0,200.0,0.0,0.0,900.0,33.0,,1.0,4.8,100.0,SA,200.0,1.0,337.0,477.0,32.6,71.0,,,p12-RR82011,0.258,0.0,0.045,0.2,0.0,0.0
0.1,0.28,0.82,0.012,0.014,0.0,0.0,0.0,0.0,0.0,258.0,0.0,45.0,200.0,0.0,0.0,900.0,33.0,,1.0,4.8,100.0,SA,200.0,1.0,356.0,483.0,32.3,72.0,,,p12-RR82011,0.258,0.0,0.045,0.2,0.0,0.0
0.088,0.35,1.38,0.004,0.022,0.0,0.0,0.0,0.0,0.0,268.0,0.0,109.0,200.0,0.0,0.0,450.0,30.0,,1.0,2.025,250.0,SA,200.0,1.0,456.0,563.0,30.2,75.0,,,p13-RR82011,0.268,0.0,0.109,0.2,0.0,0.0
0.088,0.35,1.38,0.004,0.022,0.0,0.0,0.0,0.0,0.0,268.0,0.0,109.0,200.0,0.0,0.0,450.0,30.0,,1.0,2.025,250.0,SA,200.0,1.0,458.0,567.0,29.6,74.0,,,p13-RR82011,0.268,0.0,0.109,0.2,0.0,0.0
0.089,0.32,1.36,0.005,0.019,0.0,0.0,0.0,0.0,0.0,237.0,0.0,85.0,180.0,0.0,0.0,550.0,30.0,,1.0,2.475,250.0,SA,200.0,1.0,428.0,539.0,28.0,75.0,,,p14-RR82011,0.237,0.0,0.085,0.18,0.0,0.0
0.089,0.32,1.36,0.005,0.019,0.0,0.0,0.0,0.0,0.0,237.0,0.0,85.0,180.0,0.0,0.0,550.0,30.0,,1.0,2.475,250.0,SA,200.0,1.0,436.0,544.0,29.4,75.0,,,p14-RR82011,0.237,0.0,0.085,0.18,0.0,0.0
0.092,0.31,1.33,0.005,0.016,0.0,0.0,0.0,0.0,0.0,252.0,0.0,84.0,170.0,0.0,0.0,650.0,30.0,,1.0,2.925,250.0,SA,200.0,1.0,439.0,543.0,28.8,75.0,,,p15-RR82011,0.252,0.0,0.084,0.17,0.0,0.0
0.092,0.31,1.33,0.005,0.016,0.0,0.0,0.0,0.0,0.0,252.0,0.0,84.0,170.0,0.0,0.0,650.0,30.0,,1.0,2.925,250.0,SA,200.0,1.0,430.0,541.0,31.4,73.0,,,p15-RR82011,0.252,0.0,0.084,0.17,0.0,0.0
0.09,0.33,1.19,0.007,0.015,0.0,0.0,0.0,0.0,0.0,234.0,0.0,78.0,200.0,0.0,0.0,900.0,33.0,,1.0,4.8,100.0,SA,200.0,1.0,,539.0,27.1,67.0,,,p16-RR82011,0.234,0.0,0.078,0.2,0.0,0.0
0.09,0.33,1.19,0.007,0.015,0.0,0.0,0.0,0.0,0.0,234.0,0.0,78.0,200.0,0.0,0.0,900.0,33.0,,1.0,4.8,100.0,SA,200.0,1.0,413.0,540.0,28.6,69.0,,,p16-RR82011,0.234,0.0,0.078,0.2,0.0,0.0
0.075,0.47,1.31,0.014,0.02,0.0,0.0,0.0,0.0,0.0,465.0,0.0,49.0,190.0,0.0,0.0,450.0,30.0,,1.0,2.025,250.0,SA,200.0,1.0,405.0,497.0,31.6,76.0,,,p21-RR82011,0.465,0.0,0.049,0.19,0.0,0.0
0.075,0.47,1.31,0.014,0.02,0.0,0.0,0.0,0.0,0.0,465.0,0.0,49.0,190.0,0.0,0.0,450.0,30.0,,1.0,2.025,250.0,SA,200.0,1.0,404.0,503.0,32.0,77.0,,,p21-RR82011,0.465,0.0,0.049,0.19,0.0,0.0
0.078,0.44,1.24,0.012,0.018,0.0,0.0,0.0,0.0,0.0,479.0,0.0,61.0,220.0,0.0,0.0,550.0,30.0,,1.0,2.475,250.0,SA,200.0,1.0,383.0,487.0,32.4,77.0,,,p22-RR82011,0.479,0.0,0.061,0.22,0.0,0.0
0.078,0.44,1.24,0.012,0.018,0.0,0.0,0.0,0.0,0.0,479.0,0.0,61.0,220.0,0.0,0.0,550.0,30.0,,1.0,2.475,250.0,SA,200.0,1.0,394.0,490.0,31.6,75.0,,,p22-RR82011,0.479,0.0,0.061,0.22,0.0,0.0
0.08,0.36,1.02,0.014,0.014,0.0,0.0,0.0,0.0,0.0,513.0,0.0,51.0,230.0,0.0,0.0,650.0,30.0,,1.0,2.925,250.0,SA,200.0,1.0,386.0,483.0,30.8,74.0,,,p23-RR82011,0.513,0.0,0.051,0.23,0.0,0.0
0.08,0.36,1.02,0.014,0.014,0.0,0.0,0.0,0.0,0.0,513.0,0.0,51.0,230.0,0.0,0.0,650.0,30.0,,1.0,2.925,250.0,SA,200.0,1.0,378.0,477.0,31.0,75.0,,,p23-RR82011,0.513,0.0,0.051,0.23,0.0,0.0
0.077,0.44,1.61,0.012,0.021,0.0,0.0,0.0,0.0,0.0,434.0,0.0,105.0,180.0,0.0,0.0,450.0,30.0,,1.0,2.025,250.0,SA,200.0,1.0,456.0,567.0,27.6,73.0,,,p24-RR82011,0.434,0.0,0.105,0.18,0.0,0.0
0.077,0.44,1.61,0.012,0.021,0.0,0.0,0.0,0.0,0.0,434.0,0.0,105.0,180.0,0.0,0.0,450.0,30.0,,1.0,2.025,250.0,SA,200.0,1.0,455.0,563.0,29.4,73.0,,,p24-RR82011,0.434,0.0,0.105,0.18,0.0,0.0
0.071,0.4,1.55,0.013,0.019,0.0,0.0,0.0,0.0,0.0,423.0,0.0,81.0,200.0,0.0,0.0,550.0,30.0,,1.0,2.475,250.0,SA,200.0,1.0,439.0,549.0,28.8,71.0,,,p25-RR82011,0.423,0.0,0.081,0.2,0.0,0.0
0.071,0.4,1.55,0.013,0.019,0.0,0.0,0.0,0.0,0.0,423.0,0.0,81.0,200.0,0.0,0.0,550.0,30.0,,1.0,2.475,250.0,SA,200.0,1.0,442.0,547.0,28.2,73.0,,,p25-RR82011,0.423,0.0,0.081,0.2,0.0,0.0
0.029,0.55,1.08,0.011,0.008,0.0,0.0,0.0,0.0,0.0,342.0,0.0,72.0,20.0,0.0,0.0,190.0,23.0,,1.0,1.0925,250.0,MMA,200.0,1.0,437.0,509.0,31.4,80.0,,,RC81033,0.342,0.0,0.072,0.02,0.0,0.0
0.061,0.53,1.01,0.009,0.01,0.0,0.0,0.0,0.0,0.0,307.0,0.0,79.0,10.0,0.0,0.0,190.0,23.0,,1.0,1.0925,250.0,MMA,200.0,1.0,449.0,525.0,30.6,78.0,,,RC81033,0.307,0.0,0.079,0.01,0.0,0.0
0.08,0.58,1.15,0.01,0.01,0.0,0.0,0.0,0.0,0.0,310.0,0.0,52.0,10.0,0.0,0.0,190.0,23.0,,1.0,1.0925,250.0,MMA,200.0,1.0,492.0,573.0,27.6,75.0,,,RC81033,0.31,0.0,0.052,0.01,0.0,0.0
0.1,0.55,1.02,0.01,0.01,0.0,0.0,0.0,0.0,0.0,262.0,0.0,62.0,10.0,0.0,0.0,190.0,23.0,,1.0,1.0925,250.0,MMA,200.0,1.0,507.0,575.0,27.6,73.0,,,RC81033,0.262,0.0,0.062,0.01,0.0,0.0
0.073,0.39,1.55,0.012,0.018,0.0,0.0,0.0,0.0,0.0,463.0,0.0,72.0,220.0,0.0,0.0,650.0,30.0,,1.0,2.925,250.0,SA,200.0,1.0,435.0,546.0,27.0,73.0,,,p26-RR82011,0.463,0.0,0.072,0.22,0.0,0.0
0.073,0.39,1.55,0.012,0.018,0.0,0.0,0.0,0.0,0.0,463.0,0.0,72.0,220.0,0.0,0.0,650.0,30.0,,1.0,2.925,250.0,SA,200.0,1.0,441.0,553.0,28.4,72.0,,,p26-RR82011,0.463,0.0,0.072,0.22,0.0,0.0
0.068,0.9,1.2,0.016,0.024,0.0,0.0,0.0,0.0,0.0,789.0,0.0,27.0,270.0,0.0,0.0,450.0,30.0,,1.0,2.025,250.0,SA,200.0,1.0,473.0,582.0,26.8,70.0,,,p28-RR82011,0.789,0.0,0.027,0.27,0.0,0.0
0.068,0.9,1.2,0.016,0.024,0.0,0.0,0.0,0.0,0.0,789.0,0.0,27.0,270.0,0.0,0.0,450.0,30.0,,1.0,2.025,250.0,SA,200.0,1.0,490.0,581.0,28.0,70.0,,,p28-RR82011,0.789,0.0,0.027,0.27,0.0,0.0
0.066,0.8,1.12,0.017,0.021,0.0,0.0,0.0,0.0,0.0,774.0,0.0,26.0,330.0,0.0,0.0,550.0,30.0,,1.0,2.475,250.0,SA,200.0,1.0,469.0,561.0,29.0,69.0,,,p29-RR82011,0.774,0.0,0.026,0.33,0.0,0.0
0.066,0.8,1.12,0.017,0.021,0.0,0.0,0.0,0.0,0.0,774.0,0.0,26.0,330.0,0.0,0.0,550.0,30.0,,1.0,2.475,250.0,SA,200.0,1.0,455.0,558.0,28.2,69.0,,,p29-RR82011,0.774,0.0,0.026,0.33,0.0,0.0
0.06,0.68,1.0,0.016,0.017,0.0,0.0,0.0,0.0,0.0,821.0,0.0,27.0,400.0,0.0,0.0,650.0,30.0,,1.0,2.925,250.0,SA,200.0,1.0,449.0,540.0,26.8,66.0,,,p30-RR82011,0.821,0.0,0.027,0.4,0.0,0.0
0.06,0.68,1.0,0.016,0.017,0.0,0.0,0.0,0.0,0.0,821.0,0.0,27.0,400.0,0.0,0.0,650.0,30.0,,1.0,2.925,250.0,SA,200.0,1.0,453.0,543.0,26.8,65.0,,,p30-RR82011,0.821,0.0,0.027,0.4,0.0,0.0
0.07,1.14,1.45,0.015,0.027,0.0,0.0,0.0,0.0,0.0,699.0,0.0,37.0,230.0,0.0,0.0,450.0,30.0,,1.0,2.025,250.0,SA,200.0,1.0,530.0,636.0,26.6,64.0,,,p31-RR82011,0.699,0.0,0.037,0.23,0.0,0.0
0.07,1.14,1.45,0.015,0.027,0.0,0.0,0.0,0.0,0.0,699.0,0.0,37.0,230.0,0.0,0.0,450.0,30.0,,1.0,2.025,250.0,SA,200.0,1.0,530.0,633.0,26.6,65.0,,,p31-RR82011,0.699,0.0,0.037,0.23,0.0,0.0
0.064,0.95,1.33,0.013,0.024,0.0,0.0,0.0,0.0,0.0,765.0,0.0,42.0,280.0,0.0,0.0,550.0,30.0,,1.0,2.475,250.0,SA,200.0,1.0,516.0,613.0,23.6,63.0,,,p32-RR82011,0.765,0.0,0.042,0.28,0.0,0.0
0.064,0.95,1.33,0.013,0.024,0.0,0.0,0.0,0.0,0.0,765.0,0.0,42.0,280.0,0.0,0.0,550.0,30.0,,1.0,2.475,250.0,SA,200.0,1.0,516.0,619.0,26.0,62.0,,,p32-RR82011,0.765,0.0,0.042,0.28,0.0,0.0
0.073,0.76,1.14,0.015,0.018,0.0,0.0,0.0,0.0,0.0,711.0,0.0,46.0,350.0,0.0,0.0,650.0,30.0,,1.0,2.925,250.0,SA,200.0,1.0,481.0,577.0,27.8,65.0,,,p33-RR82011,0.711,0.0,0.046,0.35,0.0,0.0
0.073,0.76,1.14,0.015,0.018,0.0,0.0,0.0,0.0,0.0,711.0,0.0,46.0,350.0,0.0,0.0,650.0,30.0,,1.0,2.925,250.0,SA,200.0,1.0,479.0,581.0,26.2,65.0,,,p33-RR82011,0.711,0.0,0.046,0.35,0.0,0.0
0.072,1.08,1.71,0.015,0.028,0.0,0.0,0.0,0.0,0.0,609.0,0.0,65.0,320.0,0.0,0.0,450.0,30.0,,1.0,2.025,250.0,SA,200.0,1.0,592.0,690.0,23.4,51.0,,,p34-RR82011,0.609,0.0,0.065,0.32,0.0,0.0
0.072,1.08,1.71,0.015,0.028,0.0,0.0,0.0,0.0,0.0,609.0,0.0,65.0,320.0,0.0,0.0,450.0,30.0,,1.0,2.025,250.0,SA,200.0,1.0,584.0,686.0,21.0,47.0,,,p34-RR82011,0.609,0.0,0.065,0.32,0.0,0.0
0.071,0.84,1.53,0.012,0.022,0.0,0.0,0.0,0.0,0.0,720.0,0.0,72.0,310.0,0.0,0.0,550.0,30.0,,1.0,2.475,250.0,SA,200.0,1.0,560.0,652.0,25.0,56.0,,,p35-RR82011,0.72,0.0,0.072,0.31,0.0,0.0
0.071,0.84,1.53,0.012,0.022,0.0,0.0,0.0,0.0,0.0,720.0,0.0,72.0,310.0,0.0,0.0,550.0,30.0,,1.0,2.475,250.0,SA,200.0,1.0,577.0,651.0,22.8,54.0,,,p35-RR82011,0.72,0.0,0.072,0.31,0.0,0.0
0.077,0.64,1.43,0.013,0.017,0.0,0.0,0.0,0.0,0.0,646.0,0.0,75.0,330.0,0.0,0.0,650.0,30.0,,1.0,2.925,250.0,SA,200.0,1.0,516.0,613.0,25.4,59.0,,,p36-RR82011,0.646,0.0,0.075,0.33,0.0,0.0
0.077,0.64,1.43,0.013,0.017,0.0,0.0,0.0,0.0,0.0,646.0,0.0,75.0,330.0,0.0,0.0,650.0,30.0,,1.0,2.925,250.0,SA,200.0,1.0,520.0,617.0,24.0,58.0,,,p36-RR82011,0.646,0.0,0.075,0.33,0.0,0.0
0.073,0.34,0.64,0.008,0.007,0.0,0.0,0.0,0.0002194770605001252,0.0,450.0,7.0,63.0,4.833054672537601,4.572045787970673,4.859319182338767,,,,,1.0,200.0,MMA,250.0,14.0,404.0,494.0,32.4,76.0,,,EvansLetter-Ao+,0.45,0.007,0.063,0.004833054672537601,0.0045720457879706725,0.004859319182338767
0.073,0.34,0.64,0.008,0.007,0.0,0.0,0.0,0.0004981655519256872,0.0,450.0,7.0,63.0,4.995058300046641,2.1958691060578936,2.691975034838586,,,,,1.0,200.0,MMA,250.0,14.0,,,,,-46.0,100.0,EvansLetter-Ao+ch1,0.45,0.007,0.063,0.004995058300046641,0.002195869106057894,0.002691975034838586
0.073,0.34,0.64,0.008,0.007,0.0,0.0,0.0,0.00045469578670758175,0.0,450.0,7.0,63.0,4.704760524539257,4.992105903270739,4.679555158911588,,,,,1.0,200.0,MMA,250.0,14.0,,,,,-70.0,28.0,EvansLetter-Ao+ch2,0.45,0.007,0.063,0.004704760524539256,0.004992105903270739,0.004679555158911587
0.064,0.3,0.63,0.006,0.008,0.92,0.0,0.0,0.00048254985723228687,0.0,473.0,5.0,70.0,4.672521533831051,2.5791694743316285,4.706161017814896,,,,,1.0,200.0,MMA,250.0,14.0,423.0,501.0,31.8,77.0,,,EvansLetter-Ao+1Ni,0.473,0.005,0.07,0.004672521533831051,0.0025791694743316283,0.004706161017814896
0.064,0.3,0.63,0.006,0.008,0.92,0.0,0.0,0.00046874544929027085,0.0,473.0,5.0,70.0,4.791185454917671,4.976211037606032,4.598682097867153,,,,,1.0,200.0,MMA,250.0,14.0,,,,,-63.0,100.0,EvansLetter-Ao+1Nich1,0.473,0.005,0.07,0.004791185454917671,0.004976211037606032,0.0045986820978671525
0.064,0.3,0.63,0.006,0.008,0.92,0.0,0.0,0.00046478450374500934,0.0,473.0,5.0,70.0,4.913432074728147,4.915058501488901,4.690737722890834,,,,,1.0,200.0,MMA,250.0,14.0,,,,,-88.0,28.0,EvansLetter-Ao+1Nich2,0.473,0.005,0.07,0.004913432074728147,0.0049150585014889015,0.0046907377228908335
0.065,0.26,0.61,0.007,0.007,2.14,0.0,0.0,0.000495123377050152,0.0,488.0,5.0,86.0,4.516653760725752,2.8671129941776945,4.7804787713323655,,,,,1.0,200.0,MMA,250.0,14.0,443.0,528.0,32.4,76.0,,,EvansLetter-Ao+2Ni,0.488,0.005,0.086,0.004516653760725752,0.0028671129941776944,0.0047804787713323655
0.065,0.26,0.61,0.007,0.007,2.14,0.0,0.0,0.0004859599021640813,0.0,488.0,5.0,86.0,4.711881531518159,4.865425083988556,4.886114602123282,,,,,1.0,200.0,MMA,250.0,14.0,,,,,-65.0,100.0,EvansLetter-Ao+2Nich1,0.488,0.005,0.086,0.00471188153151816,0.004865425083988556,0.004886114602123282
0.065,0.26,0.61,0.007,0.007,2.14,0.0,0.0,0.00047531662922358354,0.0,488.0,5.0,86.0,4.7603433084452,4.8136945975271805,4.612871416819003,,,,,1.0,200.0,MMA,250.0,14.0,,,,,-95.0,28.0,EvansLetter-Ao+2Nich2,0.488,0.005,0.086,0.0047603433084452,0.004813694597527181,0.004612871416819002
0.062,0.29,0.62,0.007,0.007,3.01,0.0,0.0,0.0004645007623401257,0.0,500.0,6.0,72.0,2.652828369053031,4.589668691329563,4.739702868981045,,,,,1.0,200.0,MMA,250.0,14.0,457.0,543.0,27.6,77.0,,,EvansLetter-Ao+3Ni,0.5,0.006,0.072,0.002652828369053031,0.004589668691329563,0.004739702868981044
0.062,0.29,0.62,0.007,0.007,3.01,0.0,0.0,0.0004964100107560887,0.0,500.0,6.0,72.0,4.827337009145323,2.7576651173120457,2.493167690189659,,,,,1.0,200.0,MMA,250.0,14.0,,,,,-65.0,100.0,EvansLetter-Ao+3Nich1,0.5,0.006,0.072,0.004827337009145323,0.002757665117312046,0.002493167690189659
0.062,0.29,0.62,0.007,0.007,3.01,0.0,0.0,0.0004902111447185386,0.0,500.0,6.0,72.0,4.717108251881376,2.682886592713013,4.809670940065496,,,,,1.0,200.0,MMA,250.0,14.0,,,,,-98.0,28.0,EvansLetter-Ao+3Nich2,0.5,0.006,0.072,0.004717108251881376,0.0026828865927130134,0.004809670940065496
0.07,0.31,0.66,0.006,0.008,0.0,0.0,0.24,0.0004823815489634173,0.0,430.0,5.0,79.0,4.688955143800695,3.0791785771319633,4.792798501760188,,,,,1.0,200.0,MMA,250.0,14.0,433.0,518.0,26.0,78.9,,,EvansLetter-Ao+.25Mo,0.43,0.005,0.079,0.004688955143800695,0.0030791785771319634,0.004792798501760188
0.07,0.31,0.66,0.006,0.008,0.0,0.0,0.24,0.00046775378187220864,0.0,430.0,5.0,79.0,4.878556587980489,4.750270273074202,4.7409432679824,,,,,1.0,200.0,MMA,250.0,14.0,,,,,-61.0,100.0,EvansLetter-Ao+.25Moch1,0.43,0.005,0.079,0.004878556587980489,0.004750270273074202,0.0047409432679824
0.07,0.31,0.66,0.006,0.008,0.0,0.0,0.24,0.00046577314636122067,0.0,430.0,5.0,79.0,4.745647358867697,4.752193553030967,4.757383541230904,,,,,1.0,200.0,MMA,250.0,14.0,,,,,-87.0,28.0,EvansLetter-Ao+.25Moch2,0.43,0.005,0.079,0.004745647358867697,0.0047521935530309665,0.004757383541230903
0.073,0.34,0.66,0.007,0.007,0.0,0.0,0.5,0.0004777325837984693,0.0,454.0,5.0,75.0,4.766512883370748,2.477956508791,4.756508346063092,,,,,1.0,200.0,MMA,250.0,14.0,470.0,559.0,24.6,75.0,,,EvansLetter-Ao+.5Mo,0.454,0.005,0.075,0.004766512883370748,0.0024779565087909997,0.004756508346063092
0.073,0.34,0.66,0.007,0.007,0.0,0.0,0.5,0.0004883300474465081,0.0,454.0,5.0,75.0,4.832888192924857,4.70258804944921,2.101276500021063,,,,,1.0,200.0,MMA,250.0,14.0,,,,,-42.0,100.0,EvansLetter-Ao+.5Moch1,0.454,0.005,0.075,0.004832888192924857,0.004702588049449209,0.002101276500021063
0.073,0.34,0.66,0.007,0.007,0.0,0.0,0.5,0.000481850085332449,0.0,454.0,5.0,75.0,3.190476277139848,4.934890230985372,4.669812737006864,,,,,1.0,200.0,MMA,250.0,14.0,,,,,-76.0,28.0,EvansLetter-Ao+.5Moch2,0.454,0.005,0.075,0.0031904762771398478,0.004934890230985372,0.004669812737006864
0.075,0.3,0.63,0.008,0.008,0.0,0.0,1.03,0.00048671495589244735,0.0,438.0,5.0,80.0,4.9677741570265646,4.639963568911007,2.215719268539878,,,,,1.0,200.0,MMA,250.0,14.0,528.0,619.0,20.6,73.0,,,EvansLetter-Ao+1Mo,0.438,0.005,0.08,0.004967774157026565,0.004639963568911007,0.002215719268539878
0.075,0.3,0.63,0.008,0.008,0.0,0.0,1.03,0.0002973191491772978,0.0,438.0,5.0,80.0,3.087457082253695,4.542721484337206,4.730196636538469,,,,,1.0,200.0,MMA,250.0,14.0,,,,,7.0,100.0,EvansLetter-Ao+1Moch1,0.438,0.005,0.08,0.0030874570822536952,0.004542721484337206,0.004730196636538469
0.075,0.3,0.63,0.008,0.008,0.0,0.0,1.03,0.000496169197210797,0.0,438.0,5.0,80.0,4.781784359088242,4.845434067192905,4.682642778802245,,,,,1.0,200.0,MMA,250.0,14.0,,,,,-57.0,28.0,EvansLetter-Ao+1Moch2,0.438,0.005,0.08,0.004781784359088242,0.004845434067192905,0.004682642778802246
0.07,0.35,0.65,0.008,0.01,0.0,1.01,0.0,0.000485978006334798,0.0,504.0,5.0,78.0,2.99425451035143,4.629080435551276,4.773971040220175,,,,,1.0,200.0,MMA,250.0,14.0,481.0,559.0,22.0,75.0,,,EvansLetter-Ao+1Cr,0.504,0.005,0.078,0.0029942545103514304,0.004629080435551276,0.004773971040220175
0.07,0.35,0.65,0.008,0.01,0.0,1.01,0.0,0.0003213486279322735,0.0,504.0,5.0,78.0,4.685462359512638,4.9316901994495845,4.879166373822658,,,,,1.0,200.0,MMA,250.0,14.0,,,,,-40.0,100.0,EvansLetter-Ao+1Crch1,0.504,0.005,0.078,0.004685462359512638,0.004931690199449584,0.004879166373822658
0.07,0.35,0.65,0.008,0.01,0.0,1.01,0.0,0.00046257122616514466,0.0,504.0,5.0,78.0,4.672007711563387,4.832024808907363,4.776552746801735,,,,,1.0,200.0,MMA,250.0,14.0,,,,,-68.0,28.0,EvansLetter-Ao+1Crch2,0.504,0.005,0.078,0.004672007711563387,0.004832024808907363,0.004776552746801735
0.074,0.25,0.58,0.008,0.01,0.0,1.59,0.0,0.0004981748096743271,0.0,500.0,4.0,89.0,4.995375434752917,4.662799501654494,4.682111733996737,,,,,1.0,200.0,MMA,250.0,14.0,494.0,593.0,19.0,71.9,,,EvansLetter-Ao+1.5Cr,0.5,0.004,0.089,0.0049953754347529175,0.004662799501654494,0.004682111733996737
0.074,0.25,0.58,0.008,0.01,0.0,1.59,0.0,0.0004898957184886671,0.0,500.0,4.0,89.0,4.905481655130384,4.98335231395161,4.9294575064232875,,,,,1.0,200.0,MMA,250.0,14.0,,,,,-22.0,100.0,EvansLetter-Ao+1.5Crch1,0.5,0.004,0.089,0.004905481655130384,0.004983352313951609,0.004929457506423288
0.074,0.25,0.58,0.008,0.01,0.0,1.59,0.0,0.0004695007316927022,0.0,500.0,4.0,89.0,4.705959322354687,3.0770752062617346,1.835953406796782,,,,,1.0,200.0,MMA,250.0,14.0,,,,,-48.0,28.0,EvansLetter-Ao+1.5Crch2,0.5,0.004,0.089,0.004705959322354687,0.0030770752062617346,0.001835953406796782
0.076,0.28,0.64,0.008,0.008,0.0,2.1,0.0,0.00046952885520538625,0.0,492.0,8.0,81.0,4.779835021149007,4.751115493682565,4.9288518451865855,,,,,1.0,200.0,MMA,250.0,14.0,565.0,660.0,,68.6,,,EvansLetter-Ao+2Cr,0.492,0.008,0.081,0.0047798350211490075,0.004751115493682565,0.004928851845186585
0.076,0.28,0.64,0.008,0.008,0.0,2.1,0.0,0.00028239987026941325,0.0,492.0,8.0,81.0,2.209782181389321,3.0825790573198253,4.557787944819227,,,,,1.0,200.0,MMA,250.0,14.0,,,,,26.0,100.0,EvansLetter-Ao+2Crch1,0.492,0.008,0.081,0.002209782181389321,0.0030825790573198253,0.004557787944819227
0.076,0.28,0.64,0.008,0.008,0.0,2.1,0.0,0.0004958648458814664,0.0,492.0,8.0,81.0,2.4857972124570056,4.651530416526207,4.952869116421703,,,,,1.0,200.0,MMA,250.0,14.0,,,,,-40.0,28.0,EvansLetter-Ao+2Crch2,0.492,0.008,0.081,0.0024857972124570056,0.004651530416526207,0.004952869116421703
0.068,0.28,0.62,0.008,0.007,0.0,0.0,0.0,0.0004471563260355,0.5,477.0,5.0,73.0,2.8752885832754376,4.77166089958549,3.0204788023588733,,,,,1.0,200.0,MMA,250.0,14.0,391.0,468.0,29.4,77.0,,,EvansLetter-Ao+.5Cu,0.477,0.005,0.073,0.0028752885832754376,0.00477166089958549,0.0030204788023588734
0.068,0.28,0.62,0.008,0.007,0.0,0.0,0.0,0.0004993081053710288,0.5,477.0,5.0,73.0,4.987573343034972,3.0393007983561438,4.7704739380239385,,,,,1.0,200.0,MMA,250.0,14.0,,,,,-63.0,100.0,EvansLetter-Ao+.5Cuch1,0.477,0.005,0.073,0.004987573343034972,0.0030393007983561438,0.004770473938023939
0.068,0.28,0.62,0.008,0.007,0.0,0.0,0.0,0.00028555203381027154,0.5,477.0,5.0,73.0,4.8324865439529585,4.793060829124299,4.815653006267013,,,,,1.0,200.0,MMA,250.0,14.0,,,,,-86.0,28.0,EvansLetter-Ao+.5Cuch2,0.477,0.005,0.073,0.004832486543952959,0.004793060829124299,0.0048156530062670126
0.065,0.3,0.62,0.007,0.009,0.0,0.0,0.0,0.0004691613908121252,1.03,519.0,4.0,72.0,4.848419608053019,2.960531571085124,4.713073492934209,,,,,1.0,200.0,MMA,250.0,14.0,439.0,509.0,31.6,78.9,,,EvansLetter-Ao+1Cu,0.519,0.004,0.072,0.004848419608053019,0.0029605315710851243,0.004713073492934209
0.065,0.3,0.62,0.007,0.009,0.0,0.0,0.0,0.0004505468578190895,1.03,519.0,4.0,72.0,2.7549442999131384,4.63484287623777,4.719017632670008,,,,,1.0,200.0,MMA,250.0,14.0,,,,,-54.0,100.0,EvansLetter-Ao+1Cuch1,0.519,0.004,0.072,0.0027549442999131382,0.00463484287623777,0.004719017632670008
0.065,0.3,0.62,0.007,0.009,0.0,0.0,0.0,0.00047464199573383424,1.03,519.0,4.0,72.0,4.7756994619389355,4.884781096812901,4.568088165947273,,,,,1.0,200.0,MMA,250.0,14.0,,,,,-87.0,28.0,EvansLetter-Ao+1Cuch2,0.519,0.004,0.072,0.0047756994619389355,0.004884781096812901,0.004568088165947273
0.064,0.32,0.64,0.007,0.008,0.0,0.0,0.0,0.00047898072616920354,1.6,498.0,4.0,60.0,4.65891810507142,4.887976914306383,2.831958689878647,,,,,1.0,200.0,MMA,250.0,14.0,504.0,565.0,26.6,73.0,,,EvansLetter-Ao+1.6Cu,0.498,0.004,0.06,0.00465891810507142,0.004887976914306383,0.0028319586898786467
0.064,0.32,0.64,0.007,0.008,0.0,0.0,0.0,0.00048298656677603455,1.6,498.0,4.0,60.0,4.993827529957436,2.7521215834702177,4.598777896897977,,,,,1.0,200.0,MMA,250.0,14.0,,,,,-24.0,100.0,EvansLetter-Ao+1.6Cuch1,0.498,0.004,0.06,0.004993827529957436,0.0027521215834702176,0.004598777896897977
0.064,0.32,0.64,0.007,0.008,0.0,0.0,0.0,0.0004769773208967049,1.6,498.0,4.0,60.0,4.711882971724713,2.8070366280506622,4.658348421802329,,,,,1.0,200.0,MMA,250.0,14.0,,,,,-70.0,28.0,EvansLetter-Ao+1.6Cuch2,0.498,0.004,0.06,0.004711882971724713,0.0028070366280506624,0.004658348421802329
0.073,0.35,0.64,0.005,0.004,0.0,0.0,0.0,0.0004538579011409174,0.0,428.0,38.0,77.0,2.4198955674623472,4.809329298268212,4.600025574723673,,,,,1.0,200.0,MMA,250.0,14.0,402.0,494.0,33.3,77.5,,,EvansLetter-A+,0.428,0.038,0.077,0.002419895567462347,0.0048093292982682116,0.004600025574723673
0.073,0.35,0.64,0.005,0.004,0.0,0.0,0.0,0.0004636706032923702,0.0,428.0,38.0,77.0,2.884482909270131,3.174143129826219,4.677156220678972,,,,,1.0,200.0,MMA,250.0,14.0,,,,,-45.0,100.0,EvansLetter-A+ch1,0.428,0.038,0.077,0.002884482909270131,0.003174143129826219,0.004677156220678972
0.073,0.35,0.64,0.005,0.004,0.0,0.0,0.0,0.0004899502435328247,0.0,428.0,38.0,77.0,4.795577927294298,4.679181402347351,2.7233147834052387,,,,,1.0,200.0,MMA,250.0,14.0,,,,,-70.0,28.0,EvansLetter-A+ch2,0.428,0.038,0.077,0.004795577927294298,0.004679181402347351,0.002723314783405239
0.063,0.31,0.65,0.006,0.009,0.88,0.0,0.0,0.0004950980749004671,0.0,472.0,38.0,85.0,4.728004778591277,4.789542136379067,4.768818430408757,,,,,1.0,200.0,MMA,250.0,14.0,423.0,501.0,31.8,77.0,,,EvansLetter-A+1Ni,0.472,0.038,0.085,0.0047280047785912774,0.004789542136379067,0.0047688184304087574
0.063,0.31,0.65,0.006,0.009,0.88,0.0,0.0,0.0004831284308636669,0.0,472.0,38.0,85.0,4.614373284597544,4.813731864778441,4.906787269428048,,,,,1.0,200.0,MMA,250.0,14.0,,,,,-63.0,100.0,EvansLetter-A+1Nich1,0.472,0.038,0.085,0.004614373284597544,0.004813731864778441,0.004906787269428049
0.063,0.31,0.65,0.006,0.009,0.88,0.0,0.0,0.00046356495877413986,0.0,472.0,38.0,85.0,4.725441634457989,2.650081668464868,4.666377036198168,,,,,1.0,200.0,MMA,250.0,14.0,,,,,-88.0,28.0,EvansLetter-A+1Nich2,0.472,0.038,0.085,0.004725441634457989,0.002650081668464868,0.004666377036198168
0.064,0.27,0.61,0.007,0.007,2.17,0.0,0.0,0.0004896689718443872,0.0,454.0,32.0,91.0,4.655400110123059,4.981920740610546,4.76089276147629,,,,,1.0,200.0,MMA,250.0,14.0,461.0,537.0,28.0,78.9,,,EvansLetter-A+2Ni,0.454,0.032,0.091,0.00465540011012306,0.004981920740610546,0.00476089276147629
0.064,0.27,0.61,0.007,0.007,2.17,0.0,0.0,0.00022447109080893238,0.0,454.0,32.0,91.0,4.948603640349072,4.695206294301739,4.958656595379475,,,,,1.0,200.0,MMA,250.0,14.0,,,,,-83.0,100.0,EvansLetter-A+2Nich1,0.454,0.032,0.091,0.004948603640349072,0.00469520629430174,0.004958656595379475
0.064,0.27,0.61,0.007,0.007,2.17,0.0,0.0,0.0002330715814493799,0.0,454.0,32.0,91.0,4.753000877152669,2.626609485874053,2.4609345863157985,,,,,1.0,200.0,MMA,250.0,14.0,,,,,-113.0,28.0,EvansLetter-A+2Nich2,0.454,0.032,0.091,0.0047530008771526685,0.002626609485874053,0.0024609345863157986
0.067,0.3,0.65,0.007,0.007,3.03,0.0,0.0,0.0004933960056287087,0.0,460.0,36.0,72.0,4.910396336676764,3.0684461771991627,4.818131489159882,,,,,1.0,200.0,MMA,250.0,14.0,477.0,557.0,29.4,78.0,,,EvansLetter-A+3Ni,0.46,0.036,0.072,0.004910396336676765,0.0030684461771991627,0.004818131489159882
0.067,0.3,0.65,0.007,0.007,3.03,0.0,0.0,0.0003109271936628845,0.0,460.0,36.0,72.0,4.754376267914751,4.901149418210424,4.9408721024253035,,,,,1.0,200.0,MMA,250.0,14.0,,,,,-85.0,100.0,EvansLetter-A+3Nich1,0.46,0.036,0.072,0.004754376267914751,0.004901149418210424,0.004940872102425303
0.067,0.3,0.65,0.007,0.007,3.03,0.0,0.0,0.0004724117613392287,0.0,460.0,36.0,72.0,4.616073838424314,4.52662744683542,2.657593290684756,,,,,1.0,200.0,MMA,250.0,14.0,,,,,-114.0,28.0,EvansLetter-A+3Nich2,0.46,0.036,0.072,0.004616073838424314,0.0045266274468354194,0.002657593290684756
0.069,0.33,0.68,0.006,0.008,0.0,0.0,0.24,0.00028112304213049504,0.0,395.0,36.0,67.0,4.603689742910021,4.752994055156549,2.581719124008518,,,,,1.0,200.0,MMA,250.0,14.0,436.0,519.0,24.6,78.6,,,EvansLetter-A+.25Mo,0.395,0.036,0.067,0.004603689742910021,0.004752994055156549,0.0025817191240085184
0.069,0.33,0.68,0.006,0.008,0.0,0.0,0.24,0.00032110965101246234,0.0,395.0,36.0,67.0,4.854764106502728,4.753942189132427,4.784859231748259,,,,,1.0,200.0,MMA,250.0,14.0,,,,,-58.0,100.0,EvansLetter-A+.25Moch1,0.395,0.036,0.067,0.004854764106502728,0.004753942189132427,0.004784859231748258
0.069,0.33,0.68,0.006,0.008,0.0,0.0,0.24,0.00030020951234250925,0.0,395.0,36.0,67.0,4.773510777169891,4.964927827503115,4.847074779480252,,,,,1.0,200.0,MMA,250.0,14.0,,,,,-82.0,28.0,EvansLetter-A+.25Moch2,0.395,0.036,0.067,0.004773510777169891,0.0049649278275031156,0.004847074779480252
0.073,0.34,0.66,0.007,0.007,0.0,0.0,0.5,0.0004999623687745421,0.0,433.0,42.0,70.0,2.494109000356313,4.911285216309153,2.0612129222130084,,,,,1.0,200.0,MMA,250.0,14.0,483.0,565.0,27.2,78.0,,,EvansLetter-A+.5Mo,0.433,0.042,0.07,0.002494109000356313,0.004911285216309153,0.0020612129222130084
0.073,0.34,0.66,0.007,0.007,0.0,0.0,0.5,0.00026479617662347667,0.0,433.0,42.0,70.0,4.517198025730314,4.853829109279682,4.526337927740698,,,,,1.0,200.0,MMA,250.0,14.0,,,,,-48.0,100.0,EvansLetter-A+.5Moch1,0.433,0.042,0.07,0.004517198025730315,0.004853829109279682,0.004526337927740699
0.073,0.34,0.66,0.007,0.007,0.0,0.0,0.5,0.0004997565110158616,0.0,433.0,42.0,70.0,4.490510179726241,4.523719607376988,4.961526909069431,,,,,1.0,200.0,MMA,250.0,14.0,,,,,-65.0,28.0,EvansLetter-A+.5Moch2,0.433,0.042,0.07,0.0044905101797262405,0.004523719607376988,0.004961526909069432
0.072,0.32,0.66,0.007,0.007,0.0,0.0,1.03,0.0004816435239335588,0.0,411.0,40.0,76.0,4.550446686968795,4.536265449566243,4.616897736089312,,,,,1.0,200.0,MMA,250.0,14.0,565.0,644.0,23.6,76.0,,,EvansLetter-A+1Mo,0.411,0.04,0.076,0.004550446686968795,0.004536265449566243,0.004616897736089312
0.072,0.32,0.66,0.007,0.007,0.0,0.0,1.03,0.0004986859636962343,0.0,411.0,40.0,76.0,2.419400539768576,4.864979883604709,4.983865828568065,,,,,1.0,200.0,MMA,250.0,14.0,,,,,-33.0,100.0,EvansLetter-A+1Moch1,0.411,0.04,0.076,0.002419400539768576,0.0048649798836047095,0.0049838658285680645
0.072,0.32,0.66,0.007,0.007,0.0,0.0,1.03,0.00024957297011943887,0.0,411.0,40.0,76.0,2.356223311991365,2.5213569455038565,4.981204161839044,,,,,1.0,200.0,MMA,250.0,14.0,,,,,-66.0,28.0,EvansLetter-A+1Moch2,0.411,0.04,0.076,0.002356223311991365,0.0025213569455038564,0.004981204161839044
0.077,0.32,0.66,0.008,0.01,0.0,1.03,0.0,0.00046469271289735183,0.0,457.0,34.0,75.0,2.918408725358156,4.794696959030342,4.736751932924568,,,,,1.0,200.0,MMA,250.0,14.0,490.0,558.0,21.0,77.9,,,EvansLetter-A+1Cr,0.457,0.034,0.075,0.0029184087253581563,0.004794696959030342,0.0047367519329245674
0.077,0.32,0.66,0.008,0.01,0.0,1.03,0.0,0.00024412779102215854,0.0,457.0,34.0,75.0,4.909145746387075,4.5868892004801545,4.786322004008547,,,,,1.0,200.0,MMA,250.0,14.0,,,,,-35.0,100.0,EvansLetter-A+1Crch1,0.457,0.034,0.075,0.004909145746387076,0.004586889200480154,0.004786322004008547
0.077,0.32,0.66,0.008,0.01,0.0,1.03,0.0,0.00030501423332432757,0.0,457.0,34.0,75.0,4.960110986383558,4.8016655806660475,4.844439516544669,,,,,1.0,200.0,MMA,250.0,14.0,,,,,-54.0,28.0,EvansLetter-A+1Crch2,0.457,0.034,0.075,0.004960110986383558,0.0048016655806660475,0.004844439516544669
0.078,0.26,0.62,0.007,0.005,0.0,1.6,0.0,0.0004981407645760337,0.0,472.0,29.0,100.0,4.981427175370485,4.8885504942102,2.321784546965794,,,,,1.0,200.0,MMA,250.0,14.0,509.0,596.0,17.0,74.0,,,EvansLetter-A+1.5Cr,0.472,0.029,0.1,0.004981427175370486,0.0048885504942102,0.002321784546965794
0.078,0.26,0.62,0.007,0.005,0.0,1.6,0.0,0.00031964792727202327,0.0,472.0,29.0,100.0,2.880925968401888,3.0213066748365294,4.861058786140649,,,,,1.0,200.0,MMA,250.0,14.0,,,,,-8.0,100.0,EvansLetter-A+1.5Crch1,0.472,0.029,0.1,0.002880925968401888,0.003021306674836529,0.00486105878614065
0.078,0.26,0.62,0.007,0.005,0.0,1.6,0.0,0.00025960505810718415,0.0,472.0,29.0,100.0,2.503676483190379,4.907804060295983,4.860924720891745,,,,,1.0,200.0,MMA,250.0,14.0,,,,,-35.0,28.0,EvansLetter-A+1.5Crch2,0.472,0.029,0.1,0.002503676483190379,0.004907804060295983,0.004860924720891746
0.078,0.28,0.64,0.008,0.007,0.0,2.15,0.0,0.00048244215872654685,0.0,482.0,42.0,95.0,4.6440641343766424,4.678855990024539,4.679351041952727,,,,,1.0,200.0,MMA,250.0,14.0,598.0,685.0,18.0,68.6,,,EvansLetter-A+2Cr,0.482,0.042,0.095,0.0046440641343766425,0.004678855990024539,0.004679351041952727
0.078,0.28,0.64,0.008,0.007,0.0,2.15,0.0,0.0004991912036004597,0.0,482.0,42.0,95.0,4.761719388954349,4.632155766261906,4.6384197684544555,,,,,1.0,200.0,MMA,250.0,14.0,,,,,8.0,100.0,EvansLetter-A+2Crch1,0.482,0.042,0.095,0.004761719388954349,0.004632155766261906,0.004638419768454456
0.078,0.28,0.64,0.008,0.007,0.0,2.15,0.0,0.00027697549889598214,0.0,482.0,42.0,95.0,4.944677820076636,4.762305381070393,4.713131324206658,,,,,1.0,200.0,MMA,250.0,14.0,,,,,-33.0,28.0,EvansLetter-A+2Crch2,0.482,0.042,0.095,0.0049446778200766366,0.004762305381070393,0.004713131324206658
0.063,0.3,0.64,0.008,0.008,0.0,0.0,0.0,0.0004713829439272694,0.53,453.0,43.0,74.0,4.688743851774972,4.7829052280004865,4.676618191867214,,,,,1.0,200.0,MMA,250.0,14.0,417.0,498.0,29.2,78.9,,,EvansLetter-A+0.5Cu,0.453,0.043,0.074,0.004688743851774972,0.004782905228000486,0.004676618191867214
0.063,0.3,0.64,0.008,0.008,0.0,0.0,0.0,0.0004679420210118487,0.53,453.0,43.0,74.0,4.814867271089087,4.7061718722071895,2.67222536756608,,,,,1.0,200.0,MMA,250.0,14.0,,,,,-62.0,100.0,EvansLetter-A+0.5Cuch1,0.453,0.043,0.074,0.0048148672710890865,0.00470617187220719,0.00267222536756608
0.063,0.3,0.64,0.008,0.008,0.0,0.0,0.0,0.0002677254887562605,0.53,453.0,43.0,74.0,4.659439634173724,4.969443707808794,4.760481128952096,,,,,1.0,200.0,MMA,250.0,14.0,,,,,-94.0,28.0,EvansLetter-A+0.5Cuch2,0.453,0.043,0.074,0.004659439634173724,0.004969443707808794,0.004760481128952096
0.064,0.3,0.63,0.007,0.007,0.0,0.0,0.0,0.0004800212785204201,1.05,456.0,42.0,65.0,4.859744444407042,4.888844984100008,4.839553615559079,,,,,1.0,200.0,MMA,250.0,14.0,429.0,497.0,26.6,77.0,,,EvansLetter-A+1Cu,0.456,0.042,0.065,0.004859744444407042,0.004888844984100008,0.0048395536155590784
0.064,0.3,0.63,0.007,0.007,0.0,0.0,0.0,0.00048711235521195257,1.05,456.0,42.0,65.0,2.723224728054699,4.658155829364444,4.577769081885255,,,,,1.0,200.0,MMA,250.0,14.0,,,,,-58.0,100.0,EvansLetter-A+1Cuch1,0.456,0.042,0.065,0.0027232247280546988,0.004658155829364443,0.004577769081885255
0.064,0.3,0.63,0.007,0.007,0.0,0.0,0.0,0.0002754822916080703,1.05,456.0,42.0,65.0,4.932877663907801,2.857399812311546,4.722259161770016,,,,,1.0,200.0,MMA,250.0,14.0,,,,,-94.0,28.0,EvansLetter-A+1Cuch2,0.456,0.042,0.065,0.004932877663907801,0.002857399812311546,0.004722259161770016
0.066,0.37,0.67,0.006,0.008,0.0,0.0,0.0,0.0004634931465478098,1.44,453.0,51.0,55.0,4.8032950012495155,2.392976005653825,4.661371841409567,,,,,1.0,200.0,MMA,250.0,14.0,516.0,568.0,28.8,75.0,,,EvansLetter-A+1.5Cu,0.453,0.051,0.055,0.004803295001249515,0.002392976005653825,0.004661371841409567
0.066,0.37,0.67,0.006,0.008,0.0,0.0,0.0,0.00046096877612300226,1.44,453.0,51.0,55.0,4.607698843315883,4.750576462268718,2.8240389243017887,,,,,1.0,200.0,MMA,250.0,14.0,,,,,-43.0,100.0,EvansLetter-A+1.5Cuch1,0.453,0.051,0.055,0.004607698843315883,0.004750576462268718,0.002824038924301789
0.066,0.37,0.67,0.006,0.008,0.0,0.0,0.0,0.0004577751355547229,1.44,453.0,51.0,55.0,4.860500584197462,4.6730767453043045,4.829755502670737,,,,,1.0,200.0,MMA,250.0,14.0,,,,,-77.0,28.0,EvansLetter-A+1.5Cuch2,0.453,0.051,0.055,0.004860500584197462,0.004673076745304304,0.0048297555026707364
0.078,0.26,1.43,0.006,0.006,0.0,0.0,0.0,0.00046522362618527124,0.0,481.0,5.0,86.0,4.711228321907319,4.8206195359858715,3.0540755466065703,,,,,1.0,200.0,MMA,250.0,14.0,434.0,526.0,29.2,78.0,,,EvansLetterCo+,0.481,0.005,0.086,0.004711228321907319,0.004820619535985871,0.00305407554660657
0.078,0.26,1.43,0.006,0.006,0.0,0.0,0.0,0.00031541693402697605,0.0,481.0,5.0,86.0,4.625558810684937,3.1568285323335696,4.94057787466074,,,,,1.0,200.0,MMA,250.0,14.0,,,,,-18.0,100.0,EvansLetterCo+ch1,0.481,0.005,0.086,0.004625558810684937,0.0031568285323335696,0.0049405778746607395
0.078,0.26,1.43,0.006,0.006,0.0,0.0,0.0,0.0004981530288493861,0.0,481.0,5.0,86.0,4.691369972838966,4.87196697477484,4.613016503811736,,,,,1.0,200.0,MMA,250.0,14.0,,,,,-43.0,28.0,EvansLetterCo+ch2,0.481,0.005,0.086,0.0046913699728389656,0.00487196697477484,0.004613016503811736
0.073,0.28,1.39,0.007,0.007,0.95,0.0,0.0,0.0004666578822631394,0.0,454.0,5.0,76.0,4.898233868581751,4.6887407211231595,4.549698207587958,,,,,1.0,200.0,MMA,250.0,14.0,470.0,550.0,26.0,78.0,,,EvansLetterCo+1Ni,0.454,0.005,0.076,0.004898233868581751,0.00468874072112316,0.004549698207587958
0.073,0.28,1.39,0.007,0.007,0.95,0.0,0.0,0.00047793872731326085,0.0,454.0,5.0,76.0,2.5850022292139316,2.293371557743016,4.764740587423715,,,,,1.0,200.0,MMA,250.0,14.0,,,,,-13.0,100.0,EvansLetterCo+1Nich1,0.454,0.005,0.076,0.0025850022292139316,0.0022933715577430156,0.004764740587423715
0.073,0.28,1.39,0.007,0.007,0.95,0.0,0.0,0.00046971293475940953,0.0,454.0,5.0,76.0,2.75316130404296,4.550725960160254,4.695777036635984,,,,,1.0,200.0,MMA,250.0,14.0,,,,,-48.0,28.0,EvansLetterCo+1Nich2,0.454,0.005,0.076,0.00275316130404296,0.0045507259601602545,0.004695777036635983
0.071,0.26,1.48,0.007,0.012,2.28,0.0,0.0,0.00024401031754285593,0.0,460.0,5.0,87.0,4.685227086207703,3.058541257255952,4.726793628176227,,,,,1.0,200.0,MMA,250.0,14.0,512.0,605.0,21.7,75.0,,,EvansLetterCo+2Ni,0.46,0.005,0.087,0.004685227086207703,0.003058541257255952,0.004726793628176227
0.071,0.26,1.48,0.007,0.012,2.28,0.0,0.0,0.00022085101848023385,0.0,460.0,5.0,87.0,4.9650405136368105,4.755140912388766,4.691713702629648,,,,,1.0,200.0,MMA,250.0,14.0,,,,,-20.0,100.0,EvansLetterCo+2Nich1,0.46,0.005,0.087,0.004965040513636811,0.004755140912388766,0.004691713702629648
0.071,0.26,1.48,0.007,0.012,2.28,0.0,0.0,0.0002891516758014163,0.0,460.0,5.0,87.0,4.907781368031291,4.828798517587735,2.8558547143786326,,,,,1.0,200.0,MMA,250.0,14.0,,,,,-61.0,28.0,EvansLetterCo+2Nich2,0.46,0.005,0.087,0.004907781368031291,0.004828798517587735,0.0028558547143786328
0.073,0.24,1.43,0.008,0.006,3.12,0.0,0.0,0.000484416359222071,0.0,460.0,5.0,77.0,2.803248458806766,2.265094926517179,2.908018585487282,,,,,1.0,200.0,MMA,250.0,14.0,573.0,666.0,16.0,70.8,,,EvansLetterCo+3Ni,0.46,0.005,0.077,0.002803248458806766,0.002265094926517179,0.002908018585487282
0.073,0.24,1.43,0.008,0.006,3.12,0.0,0.0,0.0004926121182888206,0.0,460.0,5.0,77.0,4.820246871342687,4.962739209211211,4.6436405873499,,,,,1.0,200.0,MMA,250.0,14.0,,,,,-12.0,100.0,EvansLetterCo+3Nich1,0.46,0.005,0.077,0.004820246871342687,0.004962739209211211,0.0046436405873499
0.073,0.24,1.43,0.008,0.006,3.12,0.0,0.0,0.00047610645780947616,0.0,460.0,5.0,77.0,4.6163760759773504,4.583653677703287,4.625119584378902,,,,,1.0,200.0,MMA,250.0,14.0,,,,,-64.0,28.0,EvansLetterCo+3Nich2,0.46,0.005,0.077,0.0046163760759773504,0.004583653677703288,0.0046251195843789025
0.076,0.28,1.53,0.008,0.006,0.0,0.0,0.25,0.00046513873741689174,0.0,444.0,5.0,84.0,3.1672193727384284,4.8778187105277055,4.7717993453070235,,,,,1.0,200.0,MMA,250.0,14.0,474.0,570.0,20.4,77.0,,,EvansLetterCo+.25Mo,0.444,0.005,0.084,0.0031672193727384284,0.004877818710527705,0.004771799345307024
0.076,0.28,1.53,0.008,0.006,0.0,0.0,0.25,0.0004946320671494291,0.0,444.0,5.0,84.0,4.830965923031437,4.566201673811286,4.7890993445671715,,,,,1.0,200.0,MMA,250.0,14.0,,,,,-24.0,100.0,EvansLetterCo+.25Moch1,0.444,0.005,0.084,0.004830965923031437,0.004566201673811286,0.0047890993445671715
0.076,0.28,1.53,0.008,0.006,0.0,0.0,0.25,0.000461988119006104,0.0,444.0,5.0,84.0,4.9250040524270045,2.299773816237079,4.953151932669343,,,,,1.0,200.0,MMA,250.0,14.0,,,,,-61.0,28.0,EvansLetterCo+.25Moch2,0.444,0.005,0.084,0.004925004052427005,0.002299773816237079,0.004953151932669343
0.076,0.25,1.45,0.008,0.006,0.0,0.0,0.5,0.0004675228428119463,0.0,457.0,5.0,78.0,4.442853780853671,4.735393589946998,4.854453835545687,,,,,1.0,200.0,MMA,250.0,14.0,523.0,610.0,19.4,75.0,,,EvansLetterCo+.5Mo,0.457,0.005,0.078,0.004442853780853671,0.0047353935899469984,0.004854453835545687
0.076,0.25,1.45,0.008,0.006,0.0,0.0,0.5,0.0003100587639022103,0.0,457.0,5.0,78.0,2.538383986786525,4.882575756047135,4.683299259326338,,,,,1.0,200.0,MMA,250.0,14.0,,,,,-4.0,100.0,EvansLetterCo+.5Moch1,0.457,0.005,0.078,0.002538383986786525,0.004882575756047136,0.004683299259326338
0.076,0.25,1.45,0.008,0.006,0.0,0.0,0.5,0.00046988510297007313,0.0,457.0,5.0,78.0,2.7383276984432783,2.5541970406103576,4.737812755089523,,,,,1.0,200.0,MMA,250.0,14.0,,,,,-50.0,28.0,EvansLetterCo+.5Moch2,0.457,0.005,0.078,0.002738327698443278,0.0025541970406103578,0.004737812755089523
0.076,0.24,1.41,0.008,0.006,0.0,0.0,1.11,0.0004867147184226956,0.0,447.0,5.0,85.0,4.955048069111808,4.737475551453222,2.3511148217874696,,,,,1.0,200.0,MMA,250.0,14.0,594.0,699.0,19.2,68.6,,,EvansLetterCo+1Mo,0.447,0.005,0.085,0.004955048069111808,0.004737475551453221,0.0023511148217874697
0.076,0.24,1.41,0.008,0.006,0.0,0.0,1.11,0.00047928740711073646,0.0,447.0,5.0,85.0,4.671771659851539,4.8116443124098245,2.5722062561230326,,,,,1.0,200.0,MMA,250.0,14.0,,,,,26.0,100.0,EvansLetterCo+1Moch1,0.447,0.005,0.085,0.00467177165985154,0.004811644312409825,0.0025722062561230326
0.076,0.24,1.41,0.008,0.006,0.0,0.0,1.11,0.00047457579173363994,0.0,447.0,5.0,85.0,4.972343771708863,3.0705577917341342,4.655321555294679,,,,,1.0,200.0,MMA,250.0,14.0,,,,,-50.0,28.0,EvansLetterCo+1Moch2,0.447,0.005,0.085,0.004972343771708863,0.0030705577917341342,0.00465532155529468
0.08,0.28,1.48,0.007,0.006,0.0,1.07,0.0,0.00028842771322472424,0.0,436.0,5.0,94.0,4.633267169901648,4.763437001668414,4.576207063286679,,,,,1.0,200.0,MMA,250.0,14.0,570.0,658.0,18.0,68.6,,,EvansLetterCo+1Cr,0.436,0.005,0.094,0.004633267169901648,0.004763437001668414,0.004576207063286679
0.08,0.28,1.48,0.007,0.006,0.0,1.07,0.0,0.00024759310309933424,0.0,436.0,5.0,94.0,3.141000272116211,4.705610990936608,4.738457257304823,,,,,1.0,200.0,MMA,250.0,14.0,,,,,-20.0,100.0,EvansLetterCo+1Crch1,0.436,0.005,0.094,0.0031410002721162108,0.004705610990936609,0.004738457257304823
0.08,0.28,1.48,0.007,0.006,0.0,1.07,0.0,0.000490242909748603,0.0,436.0,5.0,94.0,3.164227677358686,4.777800255713241,4.66227557448906,,,,,1.0,200.0,MMA,250.0,14.0,,,,,-70.0,28.0,EvansLetterCo+1Crch2,0.436,0.005,0.094,0.003164227677358686,0.004777800255713241,0.00466227557448906
0.075,0.28,1.48,0.007,0.005,0.0,1.55,0.0,0.00047398062160637004,0.0,466.0,5.0,86.0,4.718941808664382,4.7923994388609765,4.685201068763522,,,,,1.0,200.0,MMA,250.0,14.0,591.0,687.0,17.8,69.7,,,EvansLetterCo+1.5Cr,0.466,0.005,0.086,0.004718941808664382,0.004792399438860976,0.004685201068763522
0.075,0.28,1.48,0.007,0.005,0.0,1.55,0.0,0.00046478990940192276,0.0,466.0,5.0,86.0,4.577171240184304,4.8225323150029,4.576904064150443,,,,,1.0,200.0,MMA,250.0,14.0,,,,,6.0,100.0,EvansLetterCo+1.5Crch1,0.466,0.005,0.086,0.004577171240184304,0.0048225323150029,0.004576904064150443
0.075,0.28,1.48,0.007,0.005,0.0,1.55,0.0,0.0004806431229927694,0.0,466.0,5.0,86.0,4.92312439793976,4.628939289989907,4.957482836260117,,,,,1.0,200.0,MMA,250.0,14.0,,,,,-55.0,28.0,EvansLetterCo+1.5Crch2,0.466,0.005,0.086,0.00492312439793976,0.0046289392899899065,0.004957482836260117
0.076,0.28,1.44,0.007,0.007,0.0,1.96,0.0,0.00046992416527075236,0.0,476.0,5.0,84.0,4.640378992780684,4.766739010319791,4.617018523202294,,,,,1.0,200.0,MMA,250.0,14.0,637.0,730.0,18.5,68.6,,,EvansLetterCo+2Cr,0.476,0.005,0.084,0.004640378992780685,0.004766739010319791,0.004617018523202294
0.076,0.28,1.44,0.007,0.007,0.0,1.96,0.0,0.00047705223625618416,0.0,476.0,5.0,84.0,4.85458858191714,3.188422136892395,4.791080111964168,,,,,1.0,200.0,MMA,250.0,14.0,,,,,24.0,100.0,EvansLetterCo+2Crch1,0.476,0.005,0.084,0.00485458858191714,0.0031884221368923948,0.004791080111964168
0.076,0.28,1.44,0.007,0.007,0.0,1.96,0.0,0.00047416601322923665,0.0,476.0,5.0,84.0,4.886334192139722,4.748322032246011,2.792370054641639,,,,,1.0,200.0,MMA,250.0,14.0,,,,,-50.0,28.0,EvansLetterCo+2Crch2,0.476,0.005,0.084,0.004886334192139722,0.0047483220322460115,0.0027923700546416386
0.08,0.24,1.47,0.007,0.007,0.0,0.0,0.0,0.00047185478627126133,0.55,455.0,5.0,96.0,2.626124505288322,2.5281123386347435,4.87230137891666,,,,,1.0,200.0,MMA,250.0,14.0,453.0,535.0,26.6,78.9,,,EvansLetterCo+0.5Cu,0.455,0.005,0.096,0.002626124505288322,0.0025281123386347434,0.00487230137891666
0.08,0.24,1.47,0.007,0.007,0.0,0.0,0.0,0.0004883966126953845,0.55,455.0,5.0,96.0,4.8297801788561445,2.5785695519015137,4.850382811490547,,,,,1.0,200.0,MMA,250.0,14.0,,,,,-10.0,100.0,EvansLetterCo+0.5Cuch1,0.455,0.005,0.096,0.004829780178856145,0.002578569551901514,0.004850382811490548
0.08,0.24,1.47,0.007,0.007,0.0,0.0,0.0,0.00048727120743947516,0.55,455.0,5.0,96.0,4.698148825395092,3.124970362664099,2.772519979223005,,,,,1.0,200.0,MMA,250.0,14.0,,,,,-36.0,28.0,EvansLetterCo+0.5Cuch2,0.455,0.005,0.096,0.004698148825395092,0.003124970362664099,0.002772519979223005
0.075,0.24,1.41,0.006,0.008,0.0,0.0,0.0,0.00023614769362016627,1.06,484.0,5.0,89.0,4.789684508639161,4.891059877690798,4.9581568994514305,,,,,1.0,200.0,MMA,250.0,14.0,492.0,566.0,25.0,75.0,,,EvansLetterCo+1Cu,0.484,0.005,0.089,0.004789684508639161,0.004891059877690797,0.00495815689945143
0.075,0.24,1.41,0.006,0.008,0.0,0.0,0.0,0.00045106932279718163,1.06,484.0,5.0,89.0,4.892665242695364,4.657500742226589,4.939487378107502,,,,,1.0,200.0,MMA,250.0,14.0,,,,,-4.0,100.0,EvansLetterCo+1Chch1,0.484,0.005,0.089,0.004892665242695365,0.004657500742226589,0.004939487378107502
0.075,0.24,1.41,0.006,0.008,0.0,0.0,0.0,0.00031910466861781775,1.06,484.0,5.0,89.0,4.661586844573121,3.0446559925330496,2.265102410139055,,,,,1.0,200.0,MMA,250.0,14.0,,,,,-48.0,28.0,EvansLetterCo+1Cuch2,0.484,0.005,0.089,0.00466158684457312,0.0030446559925330495,0.002265102410139055
0.074,0.22,1.36,0.008,0.01,0.0,0.0,0.0,0.00023883901399675143,1.63,484.0,5.0,110.0,4.936458140823894,2.3226331119069483,4.80474855201028,,,,,1.0,200.0,MMA,250.0,14.0,559.0,638.0,23.2,70.8,,,EvansLetterCo+1.5Cu,0.484,0.005,0.11,0.004936458140823894,0.0023226331119069483,0.0048047485520102805
0.074,0.22,1.36,0.008,0.01,0.0,0.0,0.0,0.00044989322107507766,1.63,484.0,5.0,110.0,2.69921901223025,4.611527735470429,4.789507664757207,,,,,1.0,200.0,MMA,250.0,14.0,,,,,23.0,100.0,EvansLetterCo+1.5Cuch1,0.484,0.005,0.11,0.00269921901223025,0.004611527735470429,0.004789507664757207
0.074,0.22,1.36,0.008,0.01,0.0,0.0,0.0,0.00047891271612316767,1.63,484.0,5.0,110.0,4.830838316952889,4.909589775810011,4.8153550044681355,,,,,1.0,200.0,MMA,250.0,14.0,,,,,-30.0,28.0,EvansLetterCo+1.5Cuch2,0.484,0.005,0.11,0.004830838316952889,0.0049095897758100115,0.004815355004468135
0.074,0.28,1.46,0.008,0.008,0.0,0.0,0.0,0.000496215304987179,0.0,443.0,35.0,79.0,4.663214080515907,4.951948880580533,2.713842786117575,,,,,1.0,200.0,MMA,250.0,14.0,460.0,533.0,27.6,78.9,,,EvansLetterC+,0.443,0.035,0.079,0.004663214080515907,0.004951948880580532,0.0027138427861175753
0.074,0.28,1.46,0.008,0.008,0.0,0.0,0.0,0.0004912499269136676,0.0,443.0,35.0,79.0,2.7274884599335927,4.960715628113112,4.865992602959988,,,,,1.0,200.0,MMA,250.0,14.0,,,,,-68.0,100.0,EvansLetterC+ch1,0.443,0.035,0.079,0.0027274884599335926,0.004960715628113112,0.004865992602959988
0.074,0.28,1.46,0.008,0.008,0.0,0.0,0.0,0.000468841585546767,0.0,443.0,35.0,79.0,4.969318711979212,4.970212793764699,4.709081437330804,,,,,1.0,200.0,MMA,250.0,14.0,,,,,-88.0,28.0,EvansLetterC+ch2,0.443,0.035,0.079,0.004969318711979212,0.0049702127937647,0.004709081437330804
0.076,0.25,1.48,0.008,0.006,0.95,0.0,0.0,0.0004695836815500429,0.0,417.0,33.0,81.0,2.6869833357943405,4.944052158309302,4.750412561430425,,,,,1.0,200.0,MMA,250.0,14.0,498.0,551.0,27.2,78.9,,,EvansLetterC+1Ni,0.417,0.033,0.081,0.0026869833357943402,0.004944052158309301,0.004750412561430425
0.076,0.25,1.48,0.008,0.006,0.95,0.0,0.0,0.0004702443043122724,0.0,417.0,33.0,81.0,4.8179940459239745,4.645027343300821,4.929885348425624,,,,,1.0,200.0,MMA,250.0,14.0,,,,,-62.0,100.0,EvansLetterC+1Nich1,0.417,0.033,0.081,0.004817994045923975,0.004645027343300821,0.004929885348425624
0.076,0.25,1.48,0.008,0.006,0.95,0.0,0.0,0.0004963375267390403,0.0,417.0,33.0,81.0,4.759089478062076,4.920983389114588,2.4360802073642036,,,,,1.0,200.0,MMA,250.0,14.0,,,,,-94.0,28.0,EvansLetterC+1Nich2,0.417,0.033,0.081,0.004759089478062075,0.004920983389114588,0.0024360802073642037
0.068,0.27,1.46,0.008,0.007,2.24,0.0,0.0,0.000252406326366534,0.0,436.0,34.0,78.0,4.831852760119788,4.823384034754017,1.7945033600182798,,,,,1.0,200.0,MMA,250.0,14.0,555.0,622.0,25.6,78.0,,,EvansLetterC+2Ni,0.436,0.034,0.078,0.004831852760119788,0.004823384034754017,0.0017945033600182798
0.068,0.27,1.46,0.008,0.007,2.24,0.0,0.0,0.00028396452882344667,0.0,436.0,34.0,78.0,2.776465183080046,4.692833137394923,4.969237256726285,,,,,1.0,200.0,MMA,250.0,14.0,,,,,-58.0,100.0,EvansLetterC+2Nich1,0.436,0.034,0.078,0.002776465183080046,0.004692833137394923,0.004969237256726286
0.068,0.27,1.46,0.008,0.007,2.24,0.0,0.0,0.00025496748504373905,0.0,436.0,34.0,78.0,2.89974234830948,2.4311902313663234,4.760441654676078,,,,,1.0,200.0,MMA,250.0,14.0,,,,,-102.0,28.0,EvansLetterC+2Nich2,0.436,0.034,0.078,0.00289974234830948,0.0024311902313663234,0.004760441654676078
0.075,0.26,1.46,0.008,0.006,3.15,0.0,0.0,0.000491427046875788,0.0,418.0,32.0,72.0,4.997479946673675,4.969861666127439,2.932323305603222,,,,,1.0,200.0,MMA,250.0,14.0,604.0,680.0,20.0,71.9,,,EvansLetterC+3Ni,0.418,0.032,0.072,0.004997479946673675,0.0049698616661274396,0.002932323305603222
0.075,0.26,1.46,0.008,0.006,3.15,0.0,0.0,0.00021508131585357094,0.0,418.0,32.0,72.0,4.787132055979202,4.54796578924341,4.6827769429138915,,,,,1.0,200.0,MMA,250.0,14.0,,,,,-49.0,100.0,EvansLetterC+3Nich1,0.418,0.032,0.072,0.0047871320559792025,0.0045479657892434095,0.0046827769429138915
0.075,0.26,1.46,0.008,0.006,3.15,0.0,0.0,0.00047306198003066913,0.0,418.0,32.0,72.0,4.954029161586937,4.868623170616038,4.806625242831828,,,,,1.0,200.0,MMA,250.0,14.0,,,,,-95.0,28.0,EvansLetterC+3Nich2,0.418,0.032,0.072,0.004954029161586937,0.0048686231706160385,0.004806625242831828
0.076,0.26,1.49,0.008,0.008,0.0,0.0,0.25,4.9828277876700175,0.0,412.0,34.0,89.0,4.8400167093903175,4.921981118570048,2.6462220807157433,,,,,1.0,200.0,MMA,250.0,14.0,560.0,600.0,25.0,77.0,,,EvansLetterC+.25Mo,0.412,0.034,0.089,0.004840016709390317,0.004921981118570048,0.0026462220807157433
0.076,0.26,1.49,0.008,0.008,0.0,0.0,0.25,4.86386809130886,0.0,412.0,34.0,89.0,2.9615947660483206,4.875165163866613,4.885028331847452,,,,,1.0,200.0,MMA,250.0,14.0,,,,,-69.0,100.0,EvansLetterC+.25Moch1,0.412,0.034,0.089,0.002961594766048321,0.004875165163866613,0.004885028331847452
0.076,0.26,1.49,0.008,0.008,0.0,0.0,0.25,2.9272119961535457,0.0,412.0,34.0,89.0,4.799846844694382,4.661941690395854,4.822021287347602,,,,,1.0,200.0,MMA,250.0,14.0,,,,,-86.0,28.0,EvansLetterC+.25Moch2,0.412,0.034,0.089,0.004799846844694381,0.0046619416903958535,0.004822021287347602
0.075,0.26,1.46,0.008,0.007,0.0,0.0,0.5,4.543795977537741,0.0,429.0,31.0,86.0,4.922837808720012,4.973483005576757,4.639164794984255,,,,,1.0,200.0,MMA,250.0,14.0,596.0,642.0,21.0,74.0,,,EvansLetterC+.5Mo,0.429,0.031,0.086,0.004922837808720012,0.004973483005576757,0.004639164794984255
0.075,0.26,1.46,0.008,0.007,0.0,0.0,0.5,4.78930539668945,0.0,429.0,31.0,86.0,4.825347821045055,3.0486677978481245,4.687293803730954,,,,,1.0,200.0,MMA,250.0,14.0,,,,,-56.0,100.0,EvansLetterC+.5Moch1,0.429,0.031,0.086,0.004825347821045055,0.0030486677978481245,0.0046872938037309545
0.075,0.26,1.46,0.008,0.007,0.0,0.0,0.5,4.836054391929098,0.0,429.0,31.0,86.0,4.768971099346175,4.768820983714555,2.4358327988571853,,,,,1.0,200.0,MMA,250.0,14.0,,,,,-90.0,28.0,EvansLetterC+.5Moch2,0.429,0.031,0.086,0.004768971099346176,0.004768820983714555,0.0024358327988571855
0.075,0.25,1.44,0.008,0.008,0.0,0.0,1.07,4.930013282024413,0.0,432.0,31.0,83.0,4.683348637018596,2.90429195222824,4.995663912355585,,,,,1.0,200.0,MMA,250.0,14.0,650.0,720.0,20.0,70.8,,,EvansLetterC+1Mo,0.432,0.031,0.083,0.004683348637018595,0.00290429195222824,0.004995663912355585
0.075,0.25,1.44,0.008,0.008,0.0,0.0,1.07,2.5935917259331616,0.0,432.0,31.0,83.0,4.7442434068672465,4.853376630064718,4.8822122005320665,,,,,1.0,200.0,MMA,250.0,14.0,,,,,-39.0,100.0,EvansLetterC+1Moch1,0.432,0.031,0.083,0.004744243406867247,0.004853376630064718,0.004882212200532066
0.075,0.25,1.44,0.008,0.008,0.0,0.0,1.07,4.8516855609131575,0.0,432.0,31.0,83.0,4.814889482381879,2.757245303734722,4.916750536990335,,,,,1.0,200.0,MMA,250.0,14.0,,,,,-85.0,28.0,EvansLetterC+1Moch2,0.432,0.031,0.083,0.004814889482381879,0.002757245303734722,0.004916750536990335
0.079,0.3,1.56,0.007,0.011,0.0,1.03,0.0,0.00027173586655459837,0.0,431.0,27.0,98.0,4.801576075920402,2.4398463098749334,4.587367046684835,,,,,1.0,200.0,MMA,250.0,14.0,624.0,672.0,20.0,73.0,,,EvansLetterC+1Cr,0.431,0.027,0.098,0.004801576075920402,0.0024398463098749333,0.004587367046684835
0.079,0.3,1.56,0.007,0.011,0.0,1.03,0.0,0.00046261097770404274,0.0,431.0,27.0,98.0,3.077579157099411,4.864698967802117,2.9239268212199843,,,,,1.0,200.0,MMA,250.0,14.0,,,,,-58.0,100.0,EvansLetterC+1Crch1,0.431,0.027,0.098,0.0030775791570994107,0.004864698967802118,0.0029239268212199842
0.079,0.3,1.56,0.007,0.011,0.0,1.03,0.0,0.00030363620042939403,0.0,431.0,27.0,98.0,4.8517391564569525,4.861784213044302,2.9033007526966705,,,,,1.0,200.0,MMA,250.0,14.0,,,,,-84.0,28.0,EvansLetterC+1Crch2,0.431,0.027,0.098,0.004851739156456952,0.004861784213044302,0.0029033007526966703
0.073,0.29,1.53,0.007,0.01,0.0,1.53,0.0,0.0004657016565502413,0.0,438.0,27.0,79.0,4.924696252409652,2.8762709410733516,4.814830288412306,,,,,1.0,200.0,MMA,250.0,14.0,650.0,710.0,18.4,73.0,,,EvansLetterC+1.5Cr,0.438,0.027,0.079,0.004924696252409652,0.0028762709410733514,0.004814830288412306
0.073,0.29,1.53,0.007,0.01,0.0,1.53,0.0,0.0003209123295567812,0.0,438.0,27.0,79.0,4.7267601513410025,4.670476801175658,2.2428954176356584,,,,,1.0,200.0,MMA,250.0,14.0,,,,,-38.0,100.0,EvansLetterC+1.5Crch1,0.438,0.027,0.079,0.004726760151341002,0.004670476801175658,0.0022428954176356582
0.073,0.29,1.53,0.007,0.01,0.0,1.53,0.0,0.00045770976926306524,0.0,438.0,27.0,79.0,4.956589811175108,4.662552706854324,4.7035562410104825,,,,,1.0,200.0,MMA,250.0,14.0,,,,,-79.0,28.0,EvansLetterC+1.5Crch2,0.438,0.027,0.079,0.004956589811175108,0.004662552706854325,0.004703556241010483
0.078,0.29,1.48,0.007,0.01,0.0,1.96,0.0,0.0004971300339346112,0.0,438.0,28.0,82.0,4.922867333599957,4.790898860137073,4.784370808541127,,,,,1.0,200.0,MMA,250.0,14.0,706.0,772.0,16.0,67.5,,,EvansLetterC+2Cr,0.438,0.028,0.082,0.004922867333599957,0.004790898860137073,0.004784370808541128
0.078,0.29,1.48,0.007,0.01,0.0,1.96,0.0,0.0004689053060105018,0.0,438.0,28.0,82.0,4.995163604530799,2.6971994423782855,4.720403198411428,,,,,1.0,200.0,MMA,250.0,14.0,,,,,-6.0,100.0,EvansLetterC+2Crch1,0.438,0.028,0.082,0.004995163604530799,0.0026971994423782854,0.004720403198411428
0.078,0.29,1.48,0.007,0.01,0.0,1.96,0.0,0.00048492645434706035,0.0,438.0,28.0,82.0,4.647881963188765,3.016554219513165,4.777075186180272,,,,,1.0,200.0,MMA,250.0,14.0,,,,,-70.0,28.0,EvansLetterC+2Crch2,0.438,0.028,0.082,0.004647881963188765,0.0030165542195131653,0.004777075186180272
0.076,0.27,1.48,0.007,0.008,0.0,0.0,0.0,0.00047386596122221604,0.53,454.0,22.0,81.0,4.680023503481018,2.7884181674299806,4.583813809911424,,,,,1.0,200.0,MMA,250.0,14.0,495.0,557.0,27.6,78.9,,,EvansLetterC+.5Cu,0.454,0.022,0.081,0.004680023503481018,0.0027884181674299804,0.004583813809911424
0.076,0.27,1.48,0.007,0.008,0.0,0.0,0.0,0.00046165993735051763,0.53,454.0,22.0,81.0,4.910073081174581,4.937668639383704,3.212866311588919,,,,,1.0,200.0,MMA,250.0,14.0,,,,,-57.0,100.0,EvansLetterC+.5Cuch1,0.454,0.022,0.081,0.004910073081174581,0.004937668639383704,0.003212866311588919
0.076,0.27,1.48,0.007,0.008,0.0,0.0,0.0,0.00032402962948083273,0.53,454.0,22.0,81.0,4.960846568003105,4.754667338896318,4.656064134973493,,,,,1.0,200.0,MMA,250.0,14.0,,,,,-93.0,28.0,EvansLetterC+.5Cuch2,0.454,0.022,0.081,0.004960846568003105,0.004754667338896318,0.004656064134973493
0.077,0.25,1.43,0.007,0.008,0.0,0.0,0.0,0.0004813034617651448,1.08,456.0,19.0,92.0,4.847091567951181,4.856413922127656,4.588704027989868,,,,,1.0,200.0,MMA,250.0,14.0,487.0,563.0,27.4,77.4,,,EvansLetterC+1Cu,0.456,0.019,0.092,0.004847091567951181,0.004856413922127656,0.004588704027989868
0.077,0.25,1.43,0.007,0.008,0.0,0.0,0.0,0.000454385851229315,1.08,456.0,19.0,92.0,4.656658776753104,4.828190103764795,4.800217784176819,,,,,1.0,200.0,MMA,250.0,14.0,,,,,-48.0,100.0,EvansLetterC+1Cuch1,0.456,0.019,0.092,0.004656658776753104,0.004828190103764795,0.00480021778417682
0.077,0.25,1.43,0.007,0.008,0.0,0.0,0.0,0.00046916555457010193,1.08,456.0,19.0,92.0,3.066407356840265,3.0437916102361844,4.60379418013115,,,,,1.0,200.0,MMA,250.0,14.0,,,,,-85.0,28.0,EvansLetterC+1Cuch2,0.456,0.019,0.092,0.0030664073568402654,0.003043791610236184,0.00460379418013115
0.069,0.25,1.37,0.007,0.009,0.0,0.0,0.0,0.00046684467535380896,1.6,475.0,23.0,75.0,4.47300840800862,2.6896688132698063,4.848253391430332,,,,,1.0,200.0,MMA,250.0,14.0,570.0,625.0,25.8,75.0,,,EvansLetterC+1.5Cu,0.475,0.023,0.075,0.00447300840800862,0.002689668813269806,0.004848253391430332
0.069,0.25,1.37,0.007,0.009,0.0,0.0,0.0,0.0004636068004765176,1.6,475.0,23.0,75.0,4.586271270508233,4.963068525794882,4.667174586174965,,,,,1.0,200.0,MMA,250.0,14.0,,,,,-15.0,100.0,EvansLetterC+1.5Cuch1,0.475,0.023,0.075,0.004586271270508232,0.004963068525794882,0.004667174586174965
0.069,0.25,1.37,0.007,0.009,0.0,0.0,0.0,0.0004733546215083876,1.6,475.0,23.0,75.0,4.840310318685185,4.892956526282181,2.2487912648675885,,,,,1.0,200.0,MMA,250.0,14.0,,,,,-67.0,28.0,EvansLetterC+1.5Cuch2,0.475,0.023,0.075,0.004840310318685185,0.004892956526282181,0.0022487912648675883
0.088,0.39,0.89,0.008,0.017,0.57,8.2,0.96,0.18,0.0,361.0,0.0,373.0,0.0,0.0,500.0,450.0,30.0,,1.0,2.0,200.0,SA,760.0,2.0,830.0,,,,,,Birmingham-MAX31,0.361,0.0,0.373,0.0,0.0,0.5
0.088,0.38,0.55,0.008,0.017,0.52,8.6,0.98,0.19,0.0,363.0,0.0,376.0,0.0,0.0,500.0,450.0,30.0,,1.0,2.0,200.0,SA,760.0,2.0,830.0,,,,,,Birmingham-MAX32,0.363,0.0,0.376,0.0,0.0,0.5
0.098,0.39,1.63,0.008,0.017,0.79,8.6,0.98,0.2,0.0,330.0,0.0,390.0,0.0,0.0,500.0,450.0,30.0,,1.0,2.0,200.0,SA,760.0,2.0,825.0,,,,,,Birmingham-MAX33,0.33,0.0,0.39,0.0,0.0,0.5
0.1,0.36,0.93,0.008,0.016,0.23,8.9,1.02,0.2,0.0,372.0,0.0,416.0,0.0,0.0,500.0,450.0,30.0,,1.0,2.0,200.0,SA,760.0,2.0,734.0,,,,,,Birmingham-MAX34,0.372,0.0,0.416,0.0,0.0,0.5
0.1,0.35,0.9,0.008,0.016,0.6,8.6,0.98,0.18,0.0,368.0,0.0,398.0,0.0,0.0,24.33887936085095,450.0,30.0,,1.0,2.0,200.0,SA,760.0,2.0,834.0,,,,,,Birmingham-MAX35,0.368,0.0,0.398,0.0,0.0,0.02433887936085095
0.088,0.36,0.88,0.008,0.017,0.57,8.4,0.94,0.19,0.0,441.0,0.0,394.0,0.0,0.0,1000.0,450.0,30.0,,1.0,2.0,200.0,SA,760.0,2.0,822.0,,,,,,Birmingham-MAX36,0.441,0.0,0.394,0.0,0.0,1.0
0.09,0.34,0.89,0.008,0.016,0.17,8.2,0.94,0.02,0.0,396.0,0.0,96.0,0.0,0.0,46.51453443893187,450.0,30.0,,1.0,2.0,200.0,SA,760.0,2.0,660.0,,,,,,Birmingham-MAX37,0.396,0.0,0.096,0.0,0.0,0.046514534438931866
0.092,0.35,0.9,0.008,0.016,0.54,8.4,0.97,0.17,0.0,426.0,0.0,99.0,0.0,0.0,500.0,450.0,30.0,,1.0,2.0,200.0,SA,760.0,2.0,832.0,,,,,,Birmingham-MAX38,0.426,0.0,0.099,0.0,0.0,0.5
0.18,0.39,0.88,0.008,0.017,0.18,10.2,0.94,0.28,0.0,327.0,0.0,103.0,0.0,0.0,49.26284014549983,450.0,30.0,,1.0,2.0,200.0,SA,760.0,2.0,,,,,,,Birmingham-MAX39,0.327,0.0,0.103,0.0,0.0,0.04926284014549983
